EXPLAIN
TAG	CV
TITLE	LABEL	Cyclic Voltammetry	Test Identifier
DATE	LABEL	2/6/2024	Date
TIME	LABEL	13:50:25	Time
NOTES	NOTES	1	Notes...
	
PSTAT	PSTAT	IFC1010-20135 JB	Potentiostat
VINIT	POTEN	0.00000E+000	T	Initial E (V)
VLIMIT1	POTEN	3.00000E-001	T	Scan Limit 1 (V)
VLIMIT2	POTEN	-3.00000E-001	T	Scan Limit 2 (V)
VFINAL	POTEN	0.00000E+000	T	Final E (V)
SCANRATE	QUANT	2.00000E+001	Scan Rate (mV/s)
STEPSIZE	QUANT	1.00000E+000	Step Size (mV)
CYCLES	IQUANT	3	Cycles (#)
IMODE	SELECTOR	1	I/E Range Mode
IRANGE	QUANT	3.00000E-002	Max Current (mA)
AREA	QUANT	1.00000E+000	Sample Area (cm^2)
EQDELAY	QUANT	0.00000E+000	Equil. Time (s)
IRCOMP	SELECTOR	0	IRComp
PFCOR	QUANT	5.00000E+001	PF Corr. (ohm)
SAMPLINGMODE	SELECTOR	2	Sampling Mode
EOC	QUANT	-3.61446E-005	Open Circuit (V)
ELECTRODETYPE	SELECTOR	0	Electrode Type
STRIPPING	TOGGLE	F	Used for Stripping
SEQUENCER	TOGGLE	TRUE	Run as Sequence
PSTATMODEL	IQUANT	64	Pstat Model
PSTATSECTION	LABEL	IFC1010-20135	Pstat Section
PSTATSERIALNO	LABEL	20135	Pstat Serial Number
CTRLMODE	IQUANT	1	Control Mode
ELECTROMETER	IQUANT	0	RE=0 or CS=1
IESTAB	IQUANT	2	I/E Stability
CASPEED	IQUANT	4	Control Amp Speed
CONVENTION	IQUANT	1	Current Convention
ICHRANGE	IQUANT	2	Ich Range
ICHRANGEMODE	TOGGLE	F	Ich Auto Range
ICHOFFSETENABLE	TOGGLE	F	Ich Offset Enable
ICHOFFSET	QUANT	0	Ich Offset (V)
ICHFILTER	IQUANT	3	Ich Filter
VCHRANGE	IQUANT	2	Vch Range
VCHRANGEMODE	TOGGLE	F	Vch Auto Range
VCHOFFSETENABLE	TOGGLE	F	Vch Offset Enable
VCHOFFSET	QUANT	0	Vch Offset (V)
VCHFILTER	IQUANT	3	Vch Filter
IERANGELOWERLIMIT	IQUANT	4	I/E Range Lower Limit
IERANGEMODE	TOGGLE	F	I/E AutoRange
IERANGE	IQUANT	8	I/E Range
ACHSELECT	IQUANT	0	Ach Select
ACHRANGE	IQUANT	2	Ach Range
ACHOFFSETENABLE	TOGGLE	F	Ach Offset Enable
ACHOFFSET	QUANT	0	Ach Offset (V)
ACHFILTER	IQUANT	1	Ach Filter
SENSECABLEID	IQUANT	13	Sense Cable ID
PWRCABLEID	IQUANT	13	Power Cable ID
DCCALDATE	LABEL	1/30/2024	DC Calibration Date
ACCALDATE	LABEL	1/10/2018	AC Calibration Date
FRAMEWORKVERSION	LABEL	7.10.3	Framework Version
INSTRUMENTVERSION	LABEL	4.91	Instrument Version
COMMVERSION	LABEL	3.10	Communications Version
CPUPLDVERSION	LABEL	2.22	CPU PLD Version
CTRLPLDVERSION	LABEL	0.00	CTRL PLD Version
PSTATPLDVERSION	LABEL	0.00	PSTAT PLD Version
CURVE1	TABLE
	Pt	T	Vf	Im	Vu	Sig	Ach	IERange	Over	Temp
	#	s	V vs. Ref.	A	V	V	V	#	bits	deg C
	0	0.05	-7.70766E-005	5.77020E-006	0.00000E+000	-3.74870E-005	0.00000E+000	8	...........	1467.07
	1	0.1	9.43079E-004	8.40120E-006	0.00000E+000	9.62167E-004	0.00000E+000	8	...........	1467.07
	2	0.15	1.93950E-003	9.51271E-006	0.00000E+000	1.96182E-003	0.00000E+000	8	...........	1467.07
	3	0.2	2.91498E-003	1.03676E-005	0.00000E+000	2.96147E-003	0.00000E+000	8	...........	1467.07
	4	0.25	3.90989E-003	1.10802E-005	0.00000E+000	3.96113E-003	0.00000E+000	8	...........	1467.07
	5	0.3	4.90254E-003	1.17063E-005	0.00000E+000	4.96078E-003	0.00000E+000	8	...........	1467.07
	6	0.35	5.89839E-003	1.22573E-005	0.00000E+000	5.96044E-003	0.00000E+000	8	...........	1467.07
	7	0.4	6.90592E-003	1.27557E-005	0.00000E+000	6.96009E-003	0.00000E+000	8	...........	1467.07
	8	0.45	7.90040E-003	1.32147E-005	0.00000E+000	7.95974E-003	0.00000E+000	8	...........	1467.07
	9	0.5	8.90243E-003	1.36303E-005	0.00000E+000	8.95940E-003	0.00000E+000	8	...........	1467.05
	10	0.55	9.92095E-003	1.40120E-005	0.00000E+000	9.95905E-003	0.00000E+000	8	...........	1466.89
	11	0.6	1.09216E-002	1.43624E-005	0.00000E+000	1.09587E-002	0.00000E+000	8	...........	1466.89
	12	0.65	1.19063E-002	1.46875E-005	0.00000E+000	1.19584E-002	0.00000E+000	8	...........	1466.89
	13	0.7	1.29300E-002	1.49865E-005	0.00000E+000	1.29580E-002	0.00000E+000	8	...........	1466.89
	14	0.75	1.39370E-002	1.52721E-005	0.00000E+000	1.39577E-002	0.00000E+000	8	...........	1466.89
	15	0.8	1.49300E-002	1.55654E-005	0.00000E+000	1.49698E-002	0.00000E+000	8	...........	1466.89
	16	0.85	1.59261E-002	1.57833E-005	0.00000E+000	1.59695E-002	0.00000E+000	8	...........	1466.89
	17	0.9	1.69316E-002	1.59977E-005	0.00000E+000	1.69691E-002	0.00000E+000	8	...........	1466.89
	18	0.95	1.79354E-002	1.62002E-005	0.00000E+000	1.79688E-002	0.00000E+000	8	...........	1466.89
	19	1	1.89391E-002	1.63811E-005	0.00000E+000	1.89684E-002	0.00000E+000	8	...........	1466.89
	20	1.05	1.99455E-002	1.65519E-005	0.00000E+000	1.99681E-002	0.00000E+000	8	...........	1466.89
	21	1.1	2.09271E-002	1.67133E-005	0.00000E+000	2.09677E-002	0.00000E+000	8	...........	1466.89
	22	1.15	2.19272E-002	1.68530E-005	0.00000E+000	2.19674E-002	0.00000E+000	8	...........	1466.89
	23	1.2	2.29281E-002	1.69798E-005	0.00000E+000	2.29670E-002	0.00000E+000	8	...........	1466.89
	24	1.25	2.39267E-002	1.70922E-005	0.00000E+000	2.39667E-002	0.00000E+000	8	...........	1466.89
	25	1.3	2.49294E-002	1.71925E-005	0.00000E+000	2.49664E-002	0.00000E+000	8	...........	1466.89
	26	1.35	2.59519E-002	1.72798E-005	0.00000E+000	2.59660E-002	0.00000E+000	8	...........	1466.89
	27	1.4	2.69422E-002	1.73622E-005	0.00000E+000	2.69657E-002	0.00000E+000	8	...........	1466.89
	28	1.45	2.79347E-002	1.74271E-005	0.00000E+000	2.79653E-002	0.00000E+000	8	...........	1466.89
	29	1.5	2.89447E-002	1.74818E-005	0.00000E+000	2.89650E-002	0.00000E+000	8	...........	1466.89
	30	1.55	2.99377E-002	1.75278E-005	0.00000E+000	2.99646E-002	0.00000E+000	8	...........	1466.89
	31	1.6	3.09192E-002	1.75619E-005	0.00000E+000	3.09643E-002	0.00000E+000	8	...........	1466.89
	32	1.65	3.19205E-002	1.75880E-005	0.00000E+000	3.19639E-002	0.00000E+000	8	...........	1466.89
	33	1.7	3.29286E-002	1.76075E-005	0.00000E+000	3.29636E-002	0.00000E+000	8	...........	1466.89
	34	1.75	3.39296E-002	1.76136E-005	0.00000E+000	3.39632E-002	0.00000E+000	8	...........	1466.89
	35	1.8	3.49234E-002	1.76177E-005	0.00000E+000	3.49629E-002	0.00000E+000	8	...........	1466.89
	36	1.85	3.59139E-002	1.76058E-005	0.00000E+000	3.59626E-002	0.00000E+000	8	...........	1466.89
	37	1.9	3.69036E-002	1.75924E-005	0.00000E+000	3.69622E-002	0.00000E+000	8	...........	1466.89
	38	1.95	3.79075E-002	1.75700E-005	0.00000E+000	3.79619E-002	0.00000E+000	8	...........	1466.89
	39	2	3.89202E-002	1.75435E-005	0.00000E+000	3.89615E-002	0.00000E+000	8	...........	1466.89
	40	2.05	3.99302E-002	1.75096E-005	0.00000E+000	3.99612E-002	0.00000E+000	8	...........	1466.89
	41	2.1	4.09240E-002	1.74685E-005	0.00000E+000	4.09608E-002	0.00000E+000	8	...........	1466.89
	42	2.15	4.19251E-002	1.74200E-005	0.00000E+000	4.19605E-002	0.00000E+000	8	...........	1466.89
	43	2.2	4.29171E-002	1.73676E-005	0.00000E+000	4.29601E-002	0.00000E+000	8	...........	1466.89
	44	2.25	4.39184E-002	1.73104E-005	0.00000E+000	4.39598E-002	0.00000E+000	8	...........	1466.89
	45	2.3	4.49227E-002	1.72469E-005	0.00000E+000	4.49594E-002	0.00000E+000	8	...........	1466.89
	46	2.35	4.59136E-002	1.71846E-005	0.00000E+000	4.59591E-002	0.00000E+000	8	...........	1466.89
	47	2.4	4.69116E-002	1.71153E-005	0.00000E+000	4.69587E-002	0.00000E+000	8	...........	1466.89
	48	2.45	4.78959E-002	1.70391E-005	0.00000E+000	4.79584E-002	0.00000E+000	8	...........	1466.89
	49	2.5	4.89125E-002	1.69602E-005	0.00000E+000	4.89581E-002	0.00000E+000	8	...........	1466.85
	50	2.55	4.99028E-002	1.68799E-005	0.00000E+000	4.99577E-002	0.00000E+000	8	...........	1466.62
	51	2.6	5.09237E-002	1.68135E-005	0.00000E+000	5.09699E-002	0.00000E+000	8	...........	1466.62
	52	2.65	5.19432E-002	1.67077E-005	0.00000E+000	5.19695E-002	0.00000E+000	8	...........	1466.62
	53	2.7	5.29405E-002	1.66252E-005	0.00000E+000	5.29692E-002	0.00000E+000	8	...........	1466.62
	54	2.75	5.39313E-002	1.65309E-005	0.00000E+000	5.39688E-002	0.00000E+000	8	...........	1466.62
	55	2.8	5.49321E-002	1.64374E-005	0.00000E+000	5.49685E-002	0.00000E+000	8	...........	1466.62
	56	2.85	5.59158E-002	1.63410E-005	0.00000E+000	5.59681E-002	0.00000E+000	8	...........	1466.62
	57	2.9	5.69190E-002	1.62416E-005	0.00000E+000	5.69678E-002	0.00000E+000	8	...........	1466.62
	58	2.95	5.79332E-002	1.61432E-005	0.00000E+000	5.79674E-002	0.00000E+000	8	...........	1466.62
	59	3	5.89203E-002	1.60439E-005	0.00000E+000	5.89671E-002	0.00000E+000	8	...........	1466.62
	60	3.05	5.99159E-002	1.59410E-005	0.00000E+000	5.99667E-002	0.00000E+000	8	...........	1466.62
	61	3.1	6.09294E-002	1.58383E-005	0.00000E+000	6.09664E-002	0.00000E+000	8	...........	1466.62
	62	3.15	6.19273E-002	1.57346E-005	0.00000E+000	6.19661E-002	0.00000E+000	8	...........	1466.62
	63	3.2	6.29187E-002	1.56287E-005	0.00000E+000	6.29657E-002	0.00000E+000	8	...........	1466.62
	64	3.25	6.39178E-002	1.55221E-005	0.00000E+000	6.39654E-002	0.00000E+000	8	...........	1466.62
	65	3.3	6.49334E-002	1.54186E-005	0.00000E+000	6.49650E-002	0.00000E+000	8	...........	1466.62
	66	3.35	6.59335E-002	1.53124E-005	0.00000E+000	6.59647E-002	0.00000E+000	8	...........	1466.62
	67	3.4	6.69195E-002	1.52072E-005	0.00000E+000	6.69643E-002	0.00000E+000	8	...........	1466.62
	68	3.45	6.79324E-002	1.51000E-005	0.00000E+000	6.79640E-002	0.00000E+000	8	...........	1466.62
	69	3.5	6.89337E-002	1.49925E-005	0.00000E+000	6.89636E-002	0.00000E+000	8	...........	1466.65
	70	3.55	6.99300E-002	1.48873E-005	0.00000E+000	6.99633E-002	0.00000E+000	8	...........	1466.80
	71	3.6	7.09303E-002	1.47800E-005	0.00000E+000	7.09629E-002	0.00000E+000	8	...........	1466.80
	72	3.65	7.19193E-002	1.46755E-005	0.00000E+000	7.19626E-002	0.00000E+000	8	...........	1466.80
	73	3.7	7.29180E-002	1.45688E-005	0.00000E+000	7.29622E-002	0.00000E+000	8	...........	1466.80
	74	3.75	7.39271E-002	1.44637E-005	0.00000E+000	7.39619E-002	0.00000E+000	8	...........	1466.80
	75	3.8	7.49160E-002	1.43581E-005	0.00000E+000	7.49616E-002	0.00000E+000	8	...........	1466.80
	76	3.85	7.59101E-002	1.42538E-005	0.00000E+000	7.59612E-002	0.00000E+000	8	...........	1466.80
	77	3.9	7.69341E-002	1.41497E-005	0.00000E+000	7.69609E-002	0.00000E+000	8	...........	1466.80
	78	3.95	7.79419E-002	1.40482E-005	0.00000E+000	7.79605E-002	0.00000E+000	8	...........	1466.80
	79	4	7.89300E-002	1.39460E-005	0.00000E+000	7.89602E-002	0.00000E+000	8	...........	1466.80
	80	4.05	7.99324E-002	1.38436E-005	0.00000E+000	7.99598E-002	0.00000E+000	8	...........	1466.80
	81	4.1	8.09303E-002	1.37420E-005	0.00000E+000	8.09595E-002	0.00000E+000	8	...........	1466.80
	82	4.15	8.19160E-002	1.36434E-005	0.00000E+000	8.19591E-002	0.00000E+000	8	...........	1466.80
	83	4.2	8.29185E-002	1.35438E-005	0.00000E+000	8.29588E-002	0.00000E+000	8	...........	1466.80
	84	4.25	8.39206E-002	1.34451E-005	0.00000E+000	8.39584E-002	0.00000E+000	8	...........	1466.80
	85	4.3	8.49243E-002	1.33480E-005	0.00000E+000	8.49581E-002	0.00000E+000	8	...........	1466.80
	86	4.35	8.59264E-002	1.32520E-005	0.00000E+000	8.59578E-002	0.00000E+000	8	...........	1466.80
	87	4.4	8.69310E-002	1.31610E-005	0.00000E+000	8.69699E-002	0.00000E+000	8	...........	1466.80
	88	4.45	8.79226E-002	1.30620E-005	0.00000E+000	8.79695E-002	0.00000E+000	8	...........	1466.80
	89	4.5	8.89221E-002	1.29677E-005	0.00000E+000	8.89692E-002	0.00000E+000	8	...........	1466.74
	90	4.55	8.99429E-002	1.28756E-005	0.00000E+000	8.99689E-002	0.00000E+000	8	...........	1466.44
	91	4.6	9.09429E-002	1.27842E-005	0.00000E+000	9.09685E-002	0.00000E+000	8	...........	1466.44
	92	4.65	9.19402E-002	1.26938E-005	0.00000E+000	9.19682E-002	0.00000E+000	8	...........	1466.44
	93	4.7	9.29403E-002	1.26029E-005	0.00000E+000	9.29678E-002	0.00000E+000	8	...........	1466.44
	94	4.75	9.39374E-002	1.25149E-005	0.00000E+000	9.39675E-002	0.00000E+000	8	...........	1466.44
	95	4.8	9.49303E-002	1.24271E-005	0.00000E+000	9.49671E-002	0.00000E+000	8	...........	1466.44
	96	4.85	9.59303E-002	1.23405E-005	0.00000E+000	9.59668E-002	0.00000E+000	8	...........	1466.44
	97	4.9	9.69316E-002	1.22551E-005	0.00000E+000	9.69664E-002	0.00000E+000	8	...........	1466.44
	98	4.95	9.79343E-002	1.21704E-005	0.00000E+000	9.79661E-002	0.00000E+000	8	...........	1466.44
	99	5	9.89171E-002	1.20873E-005	0.00000E+000	9.89657E-002	0.00000E+000	8	...........	1466.44
	100	5.05	9.99209E-002	1.20041E-005	0.00000E+000	9.99654E-002	0.00000E+000	8	...........	1466.44
	101	5.1	1.00930E-001	1.19225E-005	0.00000E+000	1.00965E-001	0.00000E+000	8	...........	1466.44
	102	5.15	1.01930E-001	1.18431E-005	0.00000E+000	1.01965E-001	0.00000E+000	8	...........	1466.44
	103	5.2	1.02929E-001	1.17617E-005	0.00000E+000	1.02964E-001	0.00000E+000	8	...........	1466.44
	104	5.25	1.03936E-001	1.16850E-005	0.00000E+000	1.03964E-001	0.00000E+000	8	...........	1466.44
	105	5.3	1.04936E-001	1.16083E-005	0.00000E+000	1.04964E-001	0.00000E+000	8	...........	1466.44
	106	5.35	1.05939E-001	1.15325E-005	0.00000E+000	1.05963E-001	0.00000E+000	8	...........	1466.44
	107	5.4	1.06922E-001	1.14572E-005	0.00000E+000	1.06963E-001	0.00000E+000	8	...........	1466.44
	108	5.45	1.07925E-001	1.13832E-005	0.00000E+000	1.07963E-001	0.00000E+000	8	...........	1466.44
	109	5.5	1.08919E-001	1.13097E-005	0.00000E+000	1.08962E-001	0.00000E+000	8	...........	1466.50
	110	5.55	1.09929E-001	1.12389E-005	0.00000E+000	1.09962E-001	0.00000E+000	8	...........	1466.80
	111	5.6	1.10917E-001	1.11670E-005	0.00000E+000	1.10962E-001	0.00000E+000	8	...........	1466.80
	112	5.65	1.11912E-001	1.10982E-005	0.00000E+000	1.11961E-001	0.00000E+000	8	...........	1466.80
	113	5.7	1.12918E-001	1.10283E-005	0.00000E+000	1.12961E-001	0.00000E+000	8	...........	1466.80
	114	5.75	1.13910E-001	1.09610E-005	0.00000E+000	1.13961E-001	0.00000E+000	8	...........	1466.80
	115	5.8	1.14916E-001	1.08928E-005	0.00000E+000	1.14960E-001	0.00000E+000	8	...........	1466.80
	116	5.85	1.15925E-001	1.08273E-005	0.00000E+000	1.15960E-001	0.00000E+000	8	...........	1466.80
	117	5.9	1.16928E-001	1.07625E-005	0.00000E+000	1.16960E-001	0.00000E+000	8	...........	1466.80
	118	5.95	1.17928E-001	1.06976E-005	0.00000E+000	1.17959E-001	0.00000E+000	8	...........	1466.80
	119	6	1.18925E-001	1.06344E-005	0.00000E+000	1.18959E-001	0.00000E+000	8	...........	1466.80
	120	6.05	1.19916E-001	1.05704E-005	0.00000E+000	1.19958E-001	0.00000E+000	8	...........	1466.80
	121	6.1	1.20917E-001	1.05082E-005	0.00000E+000	1.20958E-001	0.00000E+000	8	...........	1466.80
	122	6.15	1.21922E-001	1.04487E-005	0.00000E+000	1.21958E-001	0.00000E+000	8	...........	1466.80
	123	6.2	1.22915E-001	1.03883E-005	0.00000E+000	1.22957E-001	0.00000E+000	8	...........	1466.80
	124	6.25	1.23923E-001	1.03310E-005	0.00000E+000	1.23970E-001	0.00000E+000	8	...........	1466.80
	125	6.3	1.24911E-001	1.02706E-005	0.00000E+000	1.24969E-001	0.00000E+000	8	...........	1466.80
	126	6.35	1.25924E-001	1.02128E-005	0.00000E+000	1.25969E-001	0.00000E+000	8	...........	1466.80
	127	6.4	1.26920E-001	1.01555E-005	0.00000E+000	1.26969E-001	0.00000E+000	8	...........	1466.80
	128	6.45	1.27913E-001	1.01003E-005	0.00000E+000	1.27968E-001	0.00000E+000	8	...........	1466.80
	129	6.5	1.28947E-001	1.00460E-005	0.00000E+000	1.28968E-001	0.00000E+000	8	...........	1466.80
	130	6.55	1.29943E-001	9.99120E-006	0.00000E+000	1.29968E-001	0.00000E+000	8	...........	1466.80
	131	6.6	1.30934E-001	9.93714E-006	0.00000E+000	1.30967E-001	0.00000E+000	8	...........	1466.80
	132	6.65	1.31933E-001	9.88282E-006	0.00000E+000	1.31967E-001	0.00000E+000	8	...........	1466.80
	133	6.7	1.32932E-001	9.83101E-006	0.00000E+000	1.32966E-001	0.00000E+000	8	...........	1466.80
	134	6.75	1.33920E-001	9.77981E-006	0.00000E+000	1.33966E-001	0.00000E+000	8	...........	1466.80
	135	6.8	1.34934E-001	9.72867E-006	0.00000E+000	1.34966E-001	0.00000E+000	8	...........	1466.80
	136	6.85	1.35908E-001	9.68001E-006	0.00000E+000	1.35965E-001	0.00000E+000	8	...........	1466.80
	137	6.9	1.36916E-001	9.63040E-006	0.00000E+000	1.36965E-001	0.00000E+000	8	...........	1466.80
	138	6.95	1.37922E-001	9.58105E-006	0.00000E+000	1.37965E-001	0.00000E+000	8	...........	1466.80
	139	7	1.38932E-001	9.53163E-006	0.00000E+000	1.38964E-001	0.00000E+000	8	...........	1466.80
	140	7.05	1.39924E-001	9.48530E-006	0.00000E+000	1.39964E-001	0.00000E+000	8	...........	1466.80
	141	7.1	1.40922E-001	9.43811E-006	0.00000E+000	1.40964E-001	0.00000E+000	8	...........	1466.80
	142	7.15	1.41925E-001	9.39298E-006	0.00000E+000	1.41963E-001	0.00000E+000	8	...........	1466.80
	143	7.2	1.42928E-001	9.34730E-006	0.00000E+000	1.42963E-001	0.00000E+000	8	...........	1466.80
	144	7.25	1.43923E-001	9.30215E-006	0.00000E+000	1.43963E-001	0.00000E+000	8	...........	1466.80
	145	7.3	1.44933E-001	9.25810E-006	0.00000E+000	1.44962E-001	0.00000E+000	8	...........	1466.80
	146	7.35	1.45928E-001	9.21423E-006	0.00000E+000	1.45962E-001	0.00000E+000	8	...........	1466.80
	147	7.4	1.46918E-001	9.17126E-006	0.00000E+000	1.46962E-001	0.00000E+000	8	...........	1466.80
	148	7.45	1.47923E-001	9.12956E-006	0.00000E+000	1.47961E-001	0.00000E+000	8	...........	1466.80
	149	7.5	1.48925E-001	9.08748E-006	0.00000E+000	1.48961E-001	0.00000E+000	8	...........	1466.77
	150	7.55	1.49924E-001	9.04631E-006	0.00000E+000	1.49961E-001	0.00000E+000	8	...........	1466.62
	151	7.6	1.50924E-001	9.00519E-006	0.00000E+000	1.50960E-001	0.00000E+000	8	...........	1466.62
	152	7.65	1.51913E-001	8.96506E-006	0.00000E+000	1.51960E-001	0.00000E+000	8	...........	1466.62
	153	7.7	1.52902E-001	8.92488E-006	0.00000E+000	1.52960E-001	0.00000E+000	8	...........	1466.62
	154	7.75	1.53924E-001	8.88507E-006	0.00000E+000	1.53959E-001	0.00000E+000	8	...........	1466.62
	155	7.8	1.54928E-001	8.84702E-006	0.00000E+000	1.54959E-001	0.00000E+000	8	...........	1466.62
	156	7.85	1.55924E-001	8.80891E-006	0.00000E+000	1.55959E-001	0.00000E+000	8	...........	1466.62
	157	7.9	1.56921E-001	8.77133E-006	0.00000E+000	1.56958E-001	0.00000E+000	8	...........	1466.62
	158	7.95	1.57910E-001	8.73403E-006	0.00000E+000	1.57958E-001	0.00000E+000	8	...........	1466.62
	159	8	1.58896E-001	8.69760E-006	0.00000E+000	1.58957E-001	0.00000E+000	8	...........	1466.62
	160	8.05	1.59904E-001	8.66275E-006	0.00000E+000	1.59970E-001	0.00000E+000	8	...........	1466.62
	161	8.1	1.60917E-001	8.62568E-006	0.00000E+000	1.60969E-001	0.00000E+000	8	...........	1466.62
	162	8.15	1.61917E-001	8.59023E-006	0.00000E+000	1.61969E-001	0.00000E+000	8	...........	1466.62
	163	8.2	1.62903E-001	8.55552E-006	0.00000E+000	1.62969E-001	0.00000E+000	8	...........	1466.62
	164	8.25	1.63910E-001	8.52018E-006	0.00000E+000	1.63968E-001	0.00000E+000	8	...........	1466.62
	165	8.3	1.64915E-001	8.48653E-006	0.00000E+000	1.64968E-001	0.00000E+000	8	...........	1466.62
	166	8.35	1.65918E-001	8.45348E-006	0.00000E+000	1.65968E-001	0.00000E+000	8	...........	1466.62
	167	8.4	1.66934E-001	8.42029E-006	0.00000E+000	1.66967E-001	0.00000E+000	8	...........	1466.62
	168	8.45	1.67933E-001	8.38850E-006	0.00000E+000	1.67967E-001	0.00000E+000	8	...........	1466.62
	169	8.5	1.68936E-001	8.35618E-006	0.00000E+000	1.68967E-001	0.00000E+000	8	...........	1466.65
	170	8.55	1.69933E-001	8.32415E-006	0.00000E+000	1.69966E-001	0.00000E+000	8	...........	1466.80
	171	8.6	1.70930E-001	8.29273E-006	0.00000E+000	1.70966E-001	0.00000E+000	8	...........	1466.80
	172	8.65	1.71925E-001	8.26194E-006	0.00000E+000	1.71965E-001	0.00000E+000	8	...........	1466.80
	173	8.7	1.72919E-001	8.23083E-006	0.00000E+000	1.72965E-001	0.00000E+000	8	...........	1466.80
	174	8.75	1.73932E-001	8.20029E-006	0.00000E+000	1.73965E-001	0.00000E+000	8	...........	1466.80
	175	8.8	1.74928E-001	8.17125E-006	0.00000E+000	1.74964E-001	0.00000E+000	8	...........	1466.80
	176	8.85	1.75920E-001	8.14087E-006	0.00000E+000	1.75964E-001	0.00000E+000	8	...........	1466.80
	177	8.9	1.76922E-001	8.11311E-006	0.00000E+000	1.76964E-001	0.00000E+000	8	...........	1466.80
	178	8.95	1.77911E-001	8.08375E-006	0.00000E+000	1.77963E-001	0.00000E+000	8	...........	1466.80
	179	9	1.78918E-001	8.05496E-006	0.00000E+000	1.78963E-001	0.00000E+000	8	...........	1466.80
	180	9.05	1.79942E-001	8.02722E-006	0.00000E+000	1.79963E-001	0.00000E+000	8	...........	1466.80
	181	9.1	1.80919E-001	8.00007E-006	0.00000E+000	1.80962E-001	0.00000E+000	8	...........	1466.80
	182	9.15	1.81930E-001	7.97271E-006	0.00000E+000	1.81962E-001	0.00000E+000	8	...........	1466.80
	183	9.2	1.82928E-001	7.94614E-006	0.00000E+000	1.82962E-001	0.00000E+000	8	...........	1466.80
	184	9.25	1.83930E-001	7.91858E-006	0.00000E+000	1.83961E-001	0.00000E+000	8	...........	1466.80
	185	9.3	1.84933E-001	7.89243E-006	0.00000E+000	1.84961E-001	0.00000E+000	8	...........	1466.80
	186	9.35	1.85934E-001	7.86665E-006	0.00000E+000	1.85961E-001	0.00000E+000	8	...........	1466.80
	187	9.4	1.86930E-001	7.84114E-006	0.00000E+000	1.86960E-001	0.00000E+000	8	...........	1466.80
	188	9.45	1.87922E-001	7.81514E-006	0.00000E+000	1.87960E-001	0.00000E+000	8	...........	1466.80
	189	9.5	1.88920E-001	7.78991E-006	0.00000E+000	1.88960E-001	0.00000E+000	8	...........	1466.80
	190	9.55	1.89930E-001	7.76501E-006	0.00000E+000	1.89959E-001	0.00000E+000	8	...........	1466.80
	191	9.6	1.90924E-001	7.74078E-006	0.00000E+000	1.90959E-001	0.00000E+000	8	...........	1466.80
	192	9.65	1.91906E-001	7.71718E-006	0.00000E+000	1.91959E-001	0.00000E+000	8	...........	1466.80
	193	9.7	1.92952E-001	7.69310E-006	0.00000E+000	1.92958E-001	0.00000E+000	8	...........	1466.80
	194	9.75	1.93939E-001	7.66894E-006	0.00000E+000	1.93958E-001	0.00000E+000	8	...........	1466.80
	195	9.8	1.94930E-001	7.64573E-006	0.00000E+000	1.94958E-001	0.00000E+000	8	...........	1466.80
	196	9.85	1.95950E-001	7.62462E-006	0.00000E+000	1.95970E-001	0.00000E+000	8	...........	1466.80
	197	9.9	1.96945E-001	7.60050E-006	0.00000E+000	1.96969E-001	0.00000E+000	8	...........	1466.80
	198	9.95	1.97942E-001	7.57773E-006	0.00000E+000	1.97969E-001	0.00000E+000	8	...........	1466.80
	199	10	1.98940E-001	7.55454E-006	0.00000E+000	1.98969E-001	0.00000E+000	8	...........	1466.80
	200	10.05	1.99930E-001	7.53458E-006	0.00000E+000	1.99968E-001	0.00000E+000	8	...........	1466.80
	201	10.1	2.00928E-001	7.51106E-006	0.00000E+000	2.00968E-001	0.00000E+000	8	...........	1466.80
	202	10.15	2.01933E-001	7.48970E-006	0.00000E+000	2.01968E-001	0.00000E+000	8	...........	1466.80
	203	10.2	2.02932E-001	7.46814E-006	0.00000E+000	2.02967E-001	0.00000E+000	8	...........	1466.80
	204	10.25	2.03924E-001	7.44779E-006	0.00000E+000	2.03967E-001	0.00000E+000	8	...........	1466.80
	205	10.3	2.04905E-001	7.42655E-006	0.00000E+000	2.04967E-001	0.00000E+000	8	...........	1466.80
	206	10.35	2.05922E-001	7.40706E-006	0.00000E+000	2.05966E-001	0.00000E+000	8	...........	1466.80
	207	10.4	2.06916E-001	7.38623E-006	0.00000E+000	2.06966E-001	0.00000E+000	8	...........	1466.80
	208	10.45	2.07905E-001	7.36645E-006	0.00000E+000	2.07966E-001	0.00000E+000	8	...........	1466.80
	209	10.5	2.08908E-001	7.34675E-006	0.00000E+000	2.08965E-001	0.00000E+000	8	...........	1466.80
	210	10.55	2.09916E-001	7.32660E-006	0.00000E+000	2.09965E-001	0.00000E+000	8	...........	1466.80
	211	10.6	2.10917E-001	7.30756E-006	0.00000E+000	2.10964E-001	0.00000E+000	8	...........	1466.80
	212	10.65	2.11926E-001	7.28854E-006	0.00000E+000	2.11964E-001	0.00000E+000	8	...........	1466.80
	213	10.7	2.12912E-001	7.26982E-006	0.00000E+000	2.12964E-001	0.00000E+000	8	...........	1466.80
	214	10.75	2.13912E-001	7.25067E-006	0.00000E+000	2.13963E-001	0.00000E+000	8	...........	1466.80
	215	10.8	2.14917E-001	7.23218E-006	0.00000E+000	2.14963E-001	0.00000E+000	8	...........	1466.80
	216	10.85	2.15917E-001	7.21462E-006	0.00000E+000	2.15963E-001	0.00000E+000	8	...........	1466.80
	217	10.9	2.16904E-001	7.19582E-006	0.00000E+000	2.16962E-001	0.00000E+000	8	...........	1466.80
	218	10.95	2.17920E-001	7.17767E-006	0.00000E+000	2.17962E-001	0.00000E+000	8	...........	1466.80
	219	11	2.18921E-001	7.16052E-006	0.00000E+000	2.18962E-001	0.00000E+000	8	...........	1466.80
	220	11.05	2.19918E-001	7.14254E-006	0.00000E+000	2.19961E-001	0.00000E+000	8	...........	1466.80
	221	11.1	2.20898E-001	7.12491E-006	0.00000E+000	2.20961E-001	0.00000E+000	8	...........	1466.80
	222	11.15	2.21915E-001	7.10726E-006	0.00000E+000	2.21961E-001	0.00000E+000	8	...........	1466.80
	223	11.2	2.22910E-001	7.09083E-006	0.00000E+000	2.22960E-001	0.00000E+000	8	...........	1466.80
	224	11.25	2.23905E-001	7.07361E-006	0.00000E+000	2.23960E-001	0.00000E+000	8	...........	1466.80
	225	11.3	2.24923E-001	7.05769E-006	0.00000E+000	2.24960E-001	0.00000E+000	8	...........	1466.80
	226	11.35	2.25900E-001	7.04072E-006	0.00000E+000	2.25959E-001	0.00000E+000	8	...........	1466.80
	227	11.4	2.26895E-001	7.02570E-006	0.00000E+000	2.26959E-001	0.00000E+000	8	...........	1466.80
	228	11.45	2.27902E-001	7.00824E-006	0.00000E+000	2.27959E-001	0.00000E+000	8	...........	1466.80
	229	11.5	2.28897E-001	6.99244E-006	0.00000E+000	2.28958E-001	0.00000E+000	8	...........	1466.74
	230	11.55	2.29903E-001	6.97722E-006	0.00000E+000	2.29958E-001	0.00000E+000	8	...........	1466.53
	231	11.6	2.30937E-001	6.96135E-006	0.00000E+000	2.30958E-001	0.00000E+000	8	...........	1466.53
	232	11.65	2.31923E-001	6.94613E-006	0.00000E+000	2.31957E-001	0.00000E+000	8	...........	1466.53
	233	11.7	2.32933E-001	6.93309E-006	0.00000E+000	2.32969E-001	0.00000E+000	8	...........	1466.53
	234	11.75	2.33947E-001	6.91465E-006	0.00000E+000	2.33969E-001	0.00000E+000	8	...........	1466.53
	235	11.8	2.34945E-001	6.90057E-006	0.00000E+000	2.34969E-001	0.00000E+000	8	...........	1466.53
	236	11.85	2.35929E-001	6.88656E-006	0.00000E+000	2.35968E-001	0.00000E+000	8	...........	1466.53
	237	11.9	2.36926E-001	6.87099E-006	0.00000E+000	2.36968E-001	0.00000E+000	8	...........	1466.53
	238	11.95	2.37937E-001	6.85765E-006	0.00000E+000	2.37968E-001	0.00000E+000	8	...........	1466.53
	239	12	2.38931E-001	6.84252E-006	0.00000E+000	2.38967E-001	0.00000E+000	8	...........	1466.53
	240	12.05	2.39932E-001	6.82770E-006	0.00000E+000	2.39967E-001	0.00000E+000	8	...........	1466.53
	241	12.1	2.40924E-001	6.81488E-006	0.00000E+000	2.40967E-001	0.00000E+000	8	...........	1466.53
	242	12.15	2.41919E-001	6.80023E-006	0.00000E+000	2.41966E-001	0.00000E+000	8	...........	1466.53
	243	12.2	2.42919E-001	6.78637E-006	0.00000E+000	2.42966E-001	0.00000E+000	8	...........	1466.53
	244	12.25	2.43933E-001	6.77303E-006	0.00000E+000	2.43966E-001	0.00000E+000	8	...........	1466.53
	245	12.3	2.44937E-001	6.75799E-006	0.00000E+000	2.44965E-001	0.00000E+000	8	...........	1466.53
	246	12.35	2.45932E-001	6.74620E-006	0.00000E+000	2.45965E-001	0.00000E+000	8	...........	1466.53
	247	12.4	2.46918E-001	6.73286E-006	0.00000E+000	2.46965E-001	0.00000E+000	8	...........	1466.53
	248	12.45	2.47917E-001	6.72001E-006	0.00000E+000	2.47964E-001	0.00000E+000	8	...........	1466.53
	249	12.5	2.48911E-001	6.70770E-006	0.00000E+000	2.48964E-001	0.00000E+000	8	...........	1466.59
	250	12.55	2.49914E-001	6.69377E-006	0.00000E+000	2.49963E-001	0.00000E+000	8	...........	1466.80
	251	12.6	2.50915E-001	6.68167E-006	0.00000E+000	2.50963E-001	0.00000E+000	8	...........	1466.80
	252	12.65	2.51912E-001	6.66948E-006	0.00000E+000	2.51963E-001	0.00000E+000	8	...........	1466.80
	253	12.7	2.52890E-001	6.65635E-006	0.00000E+000	2.52962E-001	0.00000E+000	8	...........	1466.80
	254	12.75	2.53903E-001	6.64387E-006	0.00000E+000	2.53962E-001	0.00000E+000	8	...........	1466.80
	255	12.8	2.54908E-001	6.63230E-006	0.00000E+000	2.54962E-001	0.00000E+000	8	...........	1466.80
	256	12.85	2.55904E-001	6.61882E-006	0.00000E+000	2.55961E-001	0.00000E+000	8	...........	1466.80
	257	12.9	2.56924E-001	6.60840E-006	0.00000E+000	2.56961E-001	0.00000E+000	8	...........	1466.80
	258	12.95	2.57904E-001	6.59686E-006	0.00000E+000	2.57961E-001	0.00000E+000	8	...........	1466.80
	259	13	2.58911E-001	6.58463E-006	0.00000E+000	2.58960E-001	0.00000E+000	8	...........	1466.80
	260	13.05	2.59913E-001	6.57340E-006	0.00000E+000	2.59960E-001	0.00000E+000	8	...........	1466.80
	261	13.1	2.60923E-001	6.56084E-006	0.00000E+000	2.60960E-001	0.00000E+000	8	...........	1466.80
	262	13.15	2.61914E-001	6.55104E-006	0.00000E+000	2.61959E-001	0.00000E+000	8	...........	1466.80
	263	13.2	2.62922E-001	6.53878E-006	0.00000E+000	2.62959E-001	0.00000E+000	8	...........	1466.80
	264	13.25	2.63904E-001	6.52880E-006	0.00000E+000	2.63959E-001	0.00000E+000	8	...........	1466.80
	265	13.3	2.64904E-001	6.51695E-006	0.00000E+000	2.64958E-001	0.00000E+000	8	...........	1466.80
	266	13.35	2.65904E-001	6.50642E-006	0.00000E+000	2.65958E-001	0.00000E+000	8	...........	1466.80
	267	13.4	2.66913E-001	6.49642E-006	0.00000E+000	2.66958E-001	0.00000E+000	8	...........	1466.80
	268	13.45	2.67912E-001	6.48432E-006	0.00000E+000	2.67957E-001	0.00000E+000	8	...........	1466.80
	269	13.5	2.68910E-001	6.47614E-006	0.00000E+000	2.68969E-001	0.00000E+000	8	...........	1466.82
	270	13.55	2.69945E-001	6.46346E-006	0.00000E+000	2.69969E-001	0.00000E+000	8	...........	1466.89
	271	13.6	2.70939E-001	6.45348E-006	0.00000E+000	2.70969E-001	0.00000E+000	8	...........	1466.89
	272	13.65	2.71924E-001	6.44341E-006	0.00000E+000	2.71968E-001	0.00000E+000	8	...........	1466.89
	273	13.7	2.72932E-001	6.43406E-006	0.00000E+000	2.72968E-001	0.00000E+000	8	...........	1466.89
	274	13.75	2.73930E-001	6.42217E-006	0.00000E+000	2.73968E-001	0.00000E+000	8	...........	1466.89
	275	13.8	2.74927E-001	6.41349E-006	0.00000E+000	2.74967E-001	0.00000E+000	8	...........	1466.89
	276	13.85	2.75925E-001	6.40258E-006	0.00000E+000	2.75967E-001	0.00000E+000	8	...........	1466.89
	277	13.9	2.76916E-001	6.39340E-006	0.00000E+000	2.76967E-001	0.00000E+000	8	...........	1466.89
	278	13.95	2.77916E-001	6.38365E-006	0.00000E+000	2.77966E-001	0.00000E+000	8	...........	1466.89
	279	14	2.78921E-001	6.37442E-006	0.00000E+000	2.78966E-001	0.00000E+000	8	...........	1466.89
	280	14.05	2.79911E-001	6.36552E-006	0.00000E+000	2.79966E-001	0.00000E+000	8	...........	1466.89
	281	14.1	2.80899E-001	6.35597E-006	0.00000E+000	2.80965E-001	0.00000E+000	8	...........	1466.89
	282	14.15	2.81915E-001	6.34740E-006	0.00000E+000	2.81965E-001	0.00000E+000	8	...........	1466.89
	283	14.2	2.82935E-001	6.33891E-006	0.00000E+000	2.82965E-001	0.00000E+000	8	...........	1466.89
	284	14.25	2.83935E-001	6.32985E-006	0.00000E+000	2.83964E-001	0.00000E+000	8	...........	1466.89
	285	14.3	2.84933E-001	6.32031E-006	0.00000E+000	2.84964E-001	0.00000E+000	8	...........	1466.89
	286	14.35	2.85928E-001	6.31214E-006	0.00000E+000	2.85964E-001	0.00000E+000	8	...........	1466.89
	287	14.4	2.86931E-001	6.30326E-006	0.00000E+000	2.86963E-001	0.00000E+000	8	...........	1466.89
	288	14.45	2.87917E-001	6.29554E-006	0.00000E+000	2.87963E-001	0.00000E+000	8	...........	1466.89
	289	14.5	2.88931E-001	6.28749E-006	0.00000E+000	2.88962E-001	0.00000E+000	8	...........	1466.87
	290	14.55	2.89924E-001	6.27874E-006	0.00000E+000	2.89962E-001	0.00000E+000	8	...........	1466.80
	291	14.6	2.90932E-001	6.26912E-006	0.00000E+000	2.90962E-001	0.00000E+000	8	...........	1466.80
	292	14.65	2.91918E-001	6.26132E-006	0.00000E+000	2.91961E-001	0.00000E+000	8	...........	1466.80
	293	14.7	2.92906E-001	6.25326E-006	0.00000E+000	2.92961E-001	0.00000E+000	8	...........	1466.80
	294	14.75	2.93912E-001	6.24457E-006	0.00000E+000	2.93961E-001	0.00000E+000	8	...........	1466.80
	295	14.8	2.94930E-001	6.23777E-006	0.00000E+000	2.94960E-001	0.00000E+000	8	...........	1466.80
	296	14.85	2.95925E-001	6.23054E-006	0.00000E+000	2.95960E-001	0.00000E+000	8	...........	1466.80
	297	14.9	2.96926E-001	6.22267E-006	0.00000E+000	2.96960E-001	0.00000E+000	8	...........	1466.80
	298	14.95	2.97935E-001	6.21539E-006	0.00000E+000	2.97959E-001	0.00000E+000	8	...........	1466.80
	299	15	2.98927E-001	6.20742E-006	0.00000E+000	2.98959E-001	0.00000E+000	8	...........	1466.80
	300	15.05	2.99922E-001	6.19968E-006	0.00000E+000	2.99959E-001	0.00000E+000	8	...........	1466.80
	301	15.1	2.98938E-001	5.86904E-006	0.00000E+000	2.98959E-001	0.00000E+000	8	...........	1466.80
	302	15.15	2.97941E-001	5.82681E-006	0.00000E+000	2.97959E-001	0.00000E+000	8	...........	1466.80
	303	15.2	2.96935E-001	5.79259E-006	0.00000E+000	2.96960E-001	0.00000E+000	8	...........	1466.80
	304	15.25	2.95943E-001	5.76154E-006	0.00000E+000	2.95960E-001	0.00000E+000	8	...........	1466.80
	305	15.3	2.94941E-001	5.73536E-006	0.00000E+000	2.94960E-001	0.00000E+000	8	...........	1466.80
	306	15.35	2.93909E-001	5.71076E-006	0.00000E+000	2.93961E-001	0.00000E+000	8	...........	1466.80
	307	15.4	2.92912E-001	5.68758E-006	0.00000E+000	2.92961E-001	0.00000E+000	8	...........	1466.80
	308	15.45	2.91921E-001	5.66424E-006	0.00000E+000	2.91961E-001	0.00000E+000	8	...........	1466.80
	309	15.5	2.90919E-001	5.64364E-006	0.00000E+000	2.90962E-001	0.00000E+000	8	...........	1466.71
	310	15.55	2.89928E-001	5.62284E-006	0.00000E+000	2.89962E-001	0.00000E+000	8	...........	1466.44
	311	15.6	2.88928E-001	5.60323E-006	0.00000E+000	2.88962E-001	0.00000E+000	8	...........	1466.44
	312	15.65	2.87930E-001	5.58370E-006	0.00000E+000	2.87963E-001	0.00000E+000	8	...........	1466.44
	313	15.7	2.86936E-001	5.56643E-006	0.00000E+000	2.86963E-001	0.00000E+000	8	...........	1466.44
	314	15.75	2.85940E-001	5.54812E-006	0.00000E+000	2.85964E-001	0.00000E+000	8	...........	1466.44
	315	15.8	2.84931E-001	5.53125E-006	0.00000E+000	2.84964E-001	0.00000E+000	8	...........	1466.44
	316	15.85	2.83928E-001	5.51538E-006	0.00000E+000	2.83964E-001	0.00000E+000	8	...........	1466.44
	317	15.9	2.82928E-001	5.49807E-006	0.00000E+000	2.82965E-001	0.00000E+000	8	...........	1466.44
	318	15.95	2.81921E-001	5.48306E-006	0.00000E+000	2.81965E-001	0.00000E+000	8	...........	1466.44
	319	16	2.80914E-001	5.46635E-006	0.00000E+000	2.80965E-001	0.00000E+000	8	...........	1466.44
	320	16.05	2.79925E-001	5.45182E-006	0.00000E+000	2.79966E-001	0.00000E+000	8	...........	1466.44
	321	16.1	2.78927E-001	5.43751E-006	0.00000E+000	2.78966E-001	0.00000E+000	8	...........	1466.44
	322	16.15	2.77915E-001	5.42365E-006	0.00000E+000	2.77966E-001	0.00000E+000	8	...........	1466.44
	323	16.2	2.76923E-001	5.40789E-006	0.00000E+000	2.76967E-001	0.00000E+000	8	...........	1466.44
	324	16.25	2.75929E-001	5.39556E-006	0.00000E+000	2.75967E-001	0.00000E+000	8	...........	1466.44
	325	16.3	2.74931E-001	5.38167E-006	0.00000E+000	2.74967E-001	0.00000E+000	8	...........	1466.44
	326	16.35	2.73936E-001	5.36926E-006	0.00000E+000	2.73968E-001	0.00000E+000	8	...........	1466.44
	327	16.4	2.72939E-001	5.35479E-006	0.00000E+000	2.72968E-001	0.00000E+000	8	...........	1466.44
	328	16.45	2.71929E-001	5.34243E-006	0.00000E+000	2.71968E-001	0.00000E+000	8	...........	1466.44
	329	16.5	2.70947E-001	5.32958E-006	0.00000E+000	2.70969E-001	0.00000E+000	8	...........	1466.50
	330	16.55	2.69951E-001	5.31734E-006	0.00000E+000	2.69969E-001	0.00000E+000	8	...........	1466.71
	331	16.6	2.68917E-001	5.30462E-006	0.00000E+000	2.68969E-001	0.00000E+000	8	...........	1466.71
	332	16.65	2.67909E-001	5.29116E-006	0.00000E+000	2.67957E-001	0.00000E+000	8	...........	1466.71
	333	16.7	2.66919E-001	5.27967E-006	0.00000E+000	2.66958E-001	0.00000E+000	8	...........	1466.71
	334	16.75	2.65914E-001	5.26838E-006	0.00000E+000	2.65958E-001	0.00000E+000	8	...........	1466.71
	335	16.8	2.64914E-001	5.25660E-006	0.00000E+000	2.64958E-001	0.00000E+000	8	...........	1466.71
	336	16.85	2.63921E-001	5.24595E-006	0.00000E+000	2.63959E-001	0.00000E+000	8	...........	1466.71
	337	16.9	2.62935E-001	5.23312E-006	0.00000E+000	2.62959E-001	0.00000E+000	8	...........	1466.71
	338	16.95	2.61930E-001	5.22177E-006	0.00000E+000	2.61959E-001	0.00000E+000	8	...........	1466.71
	339	17	2.60931E-001	5.21208E-006	0.00000E+000	2.60960E-001	0.00000E+000	8	...........	1466.71
	340	17.05	2.59928E-001	5.20045E-006	0.00000E+000	2.59960E-001	0.00000E+000	8	...........	1466.71
	341	17.1	2.58926E-001	5.18984E-006	0.00000E+000	2.58960E-001	0.00000E+000	8	...........	1466.71
	342	17.15	2.57935E-001	5.17800E-006	0.00000E+000	2.57961E-001	0.00000E+000	8	...........	1466.71
	343	17.2	2.56937E-001	5.16794E-006	0.00000E+000	2.56961E-001	0.00000E+000	8	...........	1466.71
	344	17.25	2.55912E-001	5.15734E-006	0.00000E+000	2.55961E-001	0.00000E+000	8	...........	1466.71
	345	17.3	2.54913E-001	5.14786E-006	0.00000E+000	2.54962E-001	0.00000E+000	8	...........	1466.71
	346	17.35	2.53916E-001	5.13647E-006	0.00000E+000	2.53962E-001	0.00000E+000	8	...........	1466.71
	347	17.4	2.52911E-001	5.12647E-006	0.00000E+000	2.52962E-001	0.00000E+000	8	...........	1466.71
	348	17.45	2.51928E-001	5.11651E-006	0.00000E+000	2.51963E-001	0.00000E+000	8	...........	1466.71
	349	17.5	2.50931E-001	5.10611E-006	0.00000E+000	2.50963E-001	0.00000E+000	8	...........	1466.75
	350	17.55	2.49931E-001	5.09622E-006	0.00000E+000	2.49963E-001	0.00000E+000	8	...........	1466.89
	351	17.6	2.48924E-001	5.08708E-006	0.00000E+000	2.48964E-001	0.00000E+000	8	...........	1466.89
	352	17.65	2.47929E-001	5.07625E-006	0.00000E+000	2.47964E-001	0.00000E+000	8	...........	1466.89
	353	17.7	2.46934E-001	5.06744E-006	0.00000E+000	2.46965E-001	0.00000E+000	8	...........	1466.89
	354	17.75	2.45938E-001	5.05708E-006	0.00000E+000	2.45965E-001	0.00000E+000	8	...........	1466.89
	355	17.8	2.44936E-001	5.04788E-006	0.00000E+000	2.44965E-001	0.00000E+000	8	...........	1466.89
	356	17.85	2.43939E-001	5.03872E-006	0.00000E+000	2.43966E-001	0.00000E+000	8	...........	1466.89
	357	17.9	2.42923E-001	5.02887E-006	0.00000E+000	2.42966E-001	0.00000E+000	8	...........	1466.89
	358	17.95	2.41920E-001	5.02012E-006	0.00000E+000	2.41966E-001	0.00000E+000	8	...........	1466.89
	359	18	2.40922E-001	5.00929E-006	0.00000E+000	2.40967E-001	0.00000E+000	8	...........	1466.89
	360	18.05	2.39931E-001	5.00161E-006	0.00000E+000	2.39967E-001	0.00000E+000	8	...........	1466.89
	361	18.1	2.38935E-001	4.99214E-006	0.00000E+000	2.38967E-001	0.00000E+000	8	...........	1466.89
	362	18.15	2.37933E-001	4.98280E-006	0.00000E+000	2.37968E-001	0.00000E+000	8	...........	1466.89
	363	18.2	2.36920E-001	4.97401E-006	0.00000E+000	2.36968E-001	0.00000E+000	8	...........	1466.89
	364	18.25	2.35919E-001	4.96509E-006	0.00000E+000	2.35968E-001	0.00000E+000	8	...........	1466.89
	365	18.3	2.34926E-001	4.95660E-006	0.00000E+000	2.34969E-001	0.00000E+000	8	...........	1466.89
	366	18.35	2.33933E-001	4.94795E-006	0.00000E+000	2.33969E-001	0.00000E+000	8	...........	1466.89
	367	18.4	2.32933E-001	4.93837E-006	0.00000E+000	2.32969E-001	0.00000E+000	8	...........	1466.89
	368	18.45	2.31925E-001	4.92847E-006	0.00000E+000	2.31957E-001	0.00000E+000	8	...........	1466.89
	369	18.5	2.30935E-001	4.92119E-006	0.00000E+000	2.30958E-001	0.00000E+000	8	...........	1466.89
	370	18.55	2.29901E-001	4.91287E-006	0.00000E+000	2.29958E-001	0.00000E+000	8	...........	1466.89
	371	18.6	2.28912E-001	4.90460E-006	0.00000E+000	2.28958E-001	0.00000E+000	8	...........	1466.89
	372	18.65	2.27912E-001	4.89582E-006	0.00000E+000	2.27959E-001	0.00000E+000	8	...........	1466.89
	373	18.7	2.26911E-001	4.88759E-006	0.00000E+000	2.26959E-001	0.00000E+000	8	...........	1466.89
	374	18.75	2.25918E-001	4.87911E-006	0.00000E+000	2.25959E-001	0.00000E+000	8	...........	1466.89
	375	18.8	2.24923E-001	4.87095E-006	0.00000E+000	2.24960E-001	0.00000E+000	8	...........	1466.89
	376	18.85	2.23920E-001	4.86161E-006	0.00000E+000	2.23960E-001	0.00000E+000	8	...........	1466.89
	377	18.9	2.22924E-001	4.85489E-006	0.00000E+000	2.22960E-001	0.00000E+000	8	...........	1466.89
	378	18.95	2.21928E-001	4.84536E-006	0.00000E+000	2.21961E-001	0.00000E+000	8	...........	1466.89
	379	19	2.20911E-001	4.83700E-006	0.00000E+000	2.20961E-001	0.00000E+000	8	...........	1466.89
	380	19.05	2.19919E-001	4.82856E-006	0.00000E+000	2.19961E-001	0.00000E+000	8	...........	1466.89
	381	19.1	2.18926E-001	4.82106E-006	0.00000E+000	2.18962E-001	0.00000E+000	8	...........	1466.89
	382	19.15	2.17926E-001	4.81254E-006	0.00000E+000	2.17962E-001	0.00000E+000	8	...........	1466.89
	383	19.2	2.16917E-001	4.80547E-006	0.00000E+000	2.16962E-001	0.00000E+000	8	...........	1466.89
	384	19.25	2.15922E-001	4.79575E-006	0.00000E+000	2.15963E-001	0.00000E+000	8	...........	1466.89
	385	19.3	2.14927E-001	4.78891E-006	0.00000E+000	2.14963E-001	0.00000E+000	8	...........	1466.89
	386	19.35	2.13918E-001	4.78164E-006	0.00000E+000	2.13963E-001	0.00000E+000	8	...........	1466.89
	387	19.4	2.12926E-001	4.77263E-006	0.00000E+000	2.12964E-001	0.00000E+000	8	...........	1466.89
	388	19.45	2.11933E-001	4.76617E-006	0.00000E+000	2.11964E-001	0.00000E+000	8	...........	1466.89
	389	19.5	2.10940E-001	4.75698E-006	0.00000E+000	2.10964E-001	0.00000E+000	8	...........	1466.80
	390	19.55	2.09936E-001	4.75064E-006	0.00000E+000	2.09965E-001	0.00000E+000	8	...........	1466.53
	391	19.6	2.08928E-001	4.74154E-006	0.00000E+000	2.08965E-001	0.00000E+000	8	...........	1466.53
	392	19.65	2.07939E-001	4.73385E-006	0.00000E+000	2.07966E-001	0.00000E+000	8	...........	1466.53
	393	19.7	2.06942E-001	4.72718E-006	0.00000E+000	2.06966E-001	0.00000E+000	8	...........	1466.53
	394	19.75	2.05946E-001	4.71883E-006	0.00000E+000	2.05966E-001	0.00000E+000	8	...........	1466.53
	395	19.8	2.04915E-001	4.71137E-006	0.00000E+000	2.04967E-001	0.00000E+000	8	...........	1466.53
	396	19.85	2.03925E-001	4.70347E-006	0.00000E+000	2.03967E-001	0.00000E+000	8	...........	1466.53
	397	19.9	2.02932E-001	4.69615E-006	0.00000E+000	2.02967E-001	0.00000E+000	8	...........	1466.53
	398	19.95	2.01938E-001	4.68689E-006	0.00000E+000	2.01968E-001	0.00000E+000	8	...........	1466.53
	399	20	2.00930E-001	4.68030E-006	0.00000E+000	2.00968E-001	0.00000E+000	8	...........	1466.53
	400	20.05	1.99933E-001	4.67215E-006	0.00000E+000	1.99968E-001	0.00000E+000	8	...........	1466.53
	401	20.1	1.98952E-001	4.66501E-006	0.00000E+000	1.98969E-001	0.00000E+000	8	...........	1466.53
	402	20.15	1.97934E-001	4.65753E-006	0.00000E+000	1.97969E-001	0.00000E+000	8	...........	1466.53
	403	20.2	1.96949E-001	4.64915E-006	0.00000E+000	1.96969E-001	0.00000E+000	8	...........	1466.53
	404	20.25	1.95941E-001	4.64160E-006	0.00000E+000	1.95970E-001	0.00000E+000	8	...........	1466.53
	405	20.3	1.94937E-001	4.63300E-006	0.00000E+000	1.94958E-001	0.00000E+000	8	...........	1466.53
	406	20.35	1.93942E-001	4.62670E-006	0.00000E+000	1.93958E-001	0.00000E+000	8	...........	1466.53
	407	20.4	1.92950E-001	4.61925E-006	0.00000E+000	1.92958E-001	0.00000E+000	8	...........	1466.53
	408	20.45	1.91925E-001	4.61079E-006	0.00000E+000	1.91959E-001	0.00000E+000	8	...........	1466.53
	409	20.5	1.90936E-001	4.60301E-006	0.00000E+000	1.90959E-001	0.00000E+000	8	...........	1466.58
	410	20.55	1.89944E-001	4.59563E-006	0.00000E+000	1.89959E-001	0.00000E+000	8	...........	1466.71
	411	20.6	1.88934E-001	4.58851E-006	0.00000E+000	1.88960E-001	0.00000E+000	8	...........	1466.71
	412	20.65	1.87938E-001	4.58042E-006	0.00000E+000	1.87960E-001	0.00000E+000	8	...........	1466.71
	413	20.7	1.86940E-001	4.57193E-006	0.00000E+000	1.86960E-001	0.00000E+000	8	...........	1466.71
	414	20.75	1.85945E-001	4.56410E-006	0.00000E+000	1.85961E-001	0.00000E+000	8	...........	1466.71
	415	20.8	1.84942E-001	4.55624E-006	0.00000E+000	1.84961E-001	0.00000E+000	8	...........	1466.71
	416	20.85	1.83936E-001	4.54881E-006	0.00000E+000	1.83961E-001	0.00000E+000	8	...........	1466.71
	417	20.9	1.82942E-001	4.54144E-006	0.00000E+000	1.82962E-001	0.00000E+000	8	...........	1466.71
	418	20.95	1.81941E-001	4.53242E-006	0.00000E+000	1.81962E-001	0.00000E+000	8	...........	1466.71
	419	21	1.80949E-001	4.52492E-006	0.00000E+000	1.80962E-001	0.00000E+000	8	...........	1466.71
	420	21.05	1.79948E-001	4.51629E-006	0.00000E+000	1.79963E-001	0.00000E+000	8	...........	1466.71
	421	21.1	1.78923E-001	4.50854E-006	0.00000E+000	1.78963E-001	0.00000E+000	8	...........	1466.71
	422	21.15	1.77925E-001	4.49959E-006	0.00000E+000	1.77963E-001	0.00000E+000	8	...........	1466.71
	423	21.2	1.76922E-001	4.49162E-006	0.00000E+000	1.76964E-001	0.00000E+000	8	...........	1466.71
	424	21.25	1.75920E-001	4.48409E-006	0.00000E+000	1.75964E-001	0.00000E+000	8	...........	1466.71
	425	21.3	1.74944E-001	4.47591E-006	0.00000E+000	1.74964E-001	0.00000E+000	8	...........	1466.71
	426	21.35	1.73948E-001	4.46761E-006	0.00000E+000	1.73965E-001	0.00000E+000	8	...........	1466.71
	427	21.4	1.72941E-001	4.45870E-006	0.00000E+000	1.72965E-001	0.00000E+000	8	...........	1466.71
	428	21.45	1.71941E-001	4.45043E-006	0.00000E+000	1.71965E-001	0.00000E+000	8	...........	1466.71
	429	21.5	1.70943E-001	4.44208E-006	0.00000E+000	1.70966E-001	0.00000E+000	8	...........	1466.76
	430	21.55	1.69948E-001	4.43354E-006	0.00000E+000	1.69966E-001	0.00000E+000	8	...........	1466.89
	431	21.6	1.68958E-001	4.42483E-006	0.00000E+000	1.68967E-001	0.00000E+000	8	...........	1466.89
	432	21.65	1.67956E-001	4.41604E-006	0.00000E+000	1.67967E-001	0.00000E+000	8	...........	1466.89
	433	21.7	1.66956E-001	4.40609E-006	0.00000E+000	1.66967E-001	0.00000E+000	8	...........	1466.89
	434	21.75	1.65940E-001	4.39878E-006	0.00000E+000	1.65968E-001	0.00000E+000	8	...........	1466.89
	435	21.8	1.64941E-001	4.38891E-006	0.00000E+000	1.64968E-001	0.00000E+000	8	...........	1466.89
	436	21.85	1.63947E-001	4.37975E-006	0.00000E+000	1.63968E-001	0.00000E+000	8	...........	1466.89
	437	21.9	1.62939E-001	4.37031E-006	0.00000E+000	1.62969E-001	0.00000E+000	8	...........	1466.89
	438	21.95	1.61950E-001	4.36050E-006	0.00000E+000	1.61969E-001	0.00000E+000	8	...........	1466.89
	439	22	1.60940E-001	4.35128E-006	0.00000E+000	1.60969E-001	0.00000E+000	8	...........	1466.89
	440	22.05	1.59935E-001	4.34148E-006	0.00000E+000	1.59970E-001	0.00000E+000	8	...........	1466.89
	441	22.1	1.58928E-001	4.33018E-006	0.00000E+000	1.58957E-001	0.00000E+000	8	...........	1466.89
	442	22.15	1.57933E-001	4.32226E-006	0.00000E+000	1.57958E-001	0.00000E+000	8	...........	1466.89
	443	22.2	1.56934E-001	4.31183E-006	0.00000E+000	1.56958E-001	0.00000E+000	8	...........	1466.89
	444	22.25	1.55939E-001	4.30191E-006	0.00000E+000	1.55959E-001	0.00000E+000	8	...........	1466.89
	445	22.3	1.54941E-001	4.29115E-006	0.00000E+000	1.54959E-001	0.00000E+000	8	...........	1466.89
	446	22.35	1.53947E-001	4.28003E-006	0.00000E+000	1.53959E-001	0.00000E+000	8	...........	1466.89
	447	22.4	1.52914E-001	4.27016E-006	0.00000E+000	1.52960E-001	0.00000E+000	8	...........	1466.89
	448	22.45	1.51915E-001	4.25886E-006	0.00000E+000	1.51960E-001	0.00000E+000	8	...........	1466.89
	449	22.5	1.50922E-001	4.24759E-006	0.00000E+000	1.50960E-001	0.00000E+000	8	...........	1466.91
	450	22.55	1.49919E-001	4.23638E-006	0.00000E+000	1.49961E-001	0.00000E+000	8	...........	1466.98
	451	22.6	1.48920E-001	4.22464E-006	0.00000E+000	1.48961E-001	0.00000E+000	8	...........	1466.98
	452	22.65	1.47936E-001	4.21315E-006	0.00000E+000	1.47961E-001	0.00000E+000	8	...........	1466.98
	453	22.7	1.46928E-001	4.20156E-006	0.00000E+000	1.46962E-001	0.00000E+000	8	...........	1466.98
	454	22.75	1.45945E-001	4.18850E-006	0.00000E+000	1.45962E-001	0.00000E+000	8	...........	1466.98
	455	22.8	1.44951E-001	4.17626E-006	0.00000E+000	1.44962E-001	0.00000E+000	8	...........	1466.98
	456	22.85	1.43939E-001	4.16417E-006	0.00000E+000	1.43963E-001	0.00000E+000	8	...........	1466.98
	457	22.9	1.42937E-001	4.15142E-006	0.00000E+000	1.42963E-001	0.00000E+000	8	...........	1466.98
	458	22.95	1.41937E-001	4.13717E-006	0.00000E+000	1.41963E-001	0.00000E+000	8	...........	1466.98
	459	23	1.40936E-001	4.12446E-006	0.00000E+000	1.40964E-001	0.00000E+000	8	...........	1466.98
	460	23.05	1.39927E-001	4.11106E-006	0.00000E+000	1.39964E-001	0.00000E+000	8	...........	1466.98
	461	23.1	1.38936E-001	4.09699E-006	0.00000E+000	1.38964E-001	0.00000E+000	8	...........	1466.98
	462	23.15	1.37934E-001	4.08225E-006	0.00000E+000	1.37965E-001	0.00000E+000	8	...........	1466.98
	463	23.2	1.36931E-001	4.06694E-006	0.00000E+000	1.36965E-001	0.00000E+000	8	...........	1466.98
	464	23.25	1.35938E-001	4.05219E-006	0.00000E+000	1.35965E-001	0.00000E+000	8	...........	1466.98
	465	23.3	1.34954E-001	4.03624E-006	0.00000E+000	1.34966E-001	0.00000E+000	8	...........	1466.98
	466	23.35	1.33948E-001	4.02145E-006	0.00000E+000	1.33966E-001	0.00000E+000	8	...........	1466.98
	467	23.4	1.32945E-001	4.00400E-006	0.00000E+000	1.32966E-001	0.00000E+000	8	...........	1466.98
	468	23.45	1.31939E-001	3.98793E-006	0.00000E+000	1.31967E-001	0.00000E+000	8	...........	1466.98
	469	23.5	1.30935E-001	3.97133E-006	0.00000E+000	1.30967E-001	0.00000E+000	8	...........	1466.85
	470	23.55	1.29952E-001	3.95379E-006	0.00000E+000	1.29968E-001	0.00000E+000	8	...........	1466.53
	471	23.6	1.28955E-001	3.93564E-006	0.00000E+000	1.28968E-001	0.00000E+000	8	...........	1466.53
	472	23.65	1.27928E-001	3.91724E-006	0.00000E+000	1.27968E-001	0.00000E+000	8	...........	1466.53
	473	23.7	1.26932E-001	3.89918E-006	0.00000E+000	1.26969E-001	0.00000E+000	8	...........	1466.53
	474	23.75	1.25933E-001	3.87933E-006	0.00000E+000	1.25969E-001	0.00000E+000	8	...........	1466.53
	475	23.8	1.24922E-001	3.85964E-006	0.00000E+000	1.24969E-001	0.00000E+000	8	...........	1466.53
	476	23.85	1.23934E-001	3.83898E-006	0.00000E+000	1.23970E-001	0.00000E+000	8	...........	1466.53
	477	23.9	1.22925E-001	3.81568E-006	0.00000E+000	1.22957E-001	0.00000E+000	8	...........	1466.53
	478	23.95	1.21923E-001	3.79597E-006	0.00000E+000	1.21958E-001	0.00000E+000	8	...........	1466.53
	479	24	1.20927E-001	3.77394E-006	0.00000E+000	1.20958E-001	0.00000E+000	8	...........	1466.53
	480	24.05	1.19927E-001	3.75103E-006	0.00000E+000	1.19958E-001	0.00000E+000	8	...........	1466.53
	481	24.1	1.18948E-001	3.72807E-006	0.00000E+000	1.18959E-001	0.00000E+000	8	...........	1466.53
	482	24.15	1.17937E-001	3.70326E-006	0.00000E+000	1.17959E-001	0.00000E+000	8	...........	1466.53
	483	24.2	1.16938E-001	3.67895E-006	0.00000E+000	1.16960E-001	0.00000E+000	8	...........	1466.53
	484	24.25	1.15940E-001	3.65411E-006	0.00000E+000	1.15960E-001	0.00000E+000	8	...........	1466.53
	485	24.3	1.14917E-001	3.62715E-006	0.00000E+000	1.14960E-001	0.00000E+000	8	...........	1466.53
	486	24.35	1.13924E-001	3.60050E-006	0.00000E+000	1.13961E-001	0.00000E+000	8	...........	1466.53
	487	24.4	1.12930E-001	3.57278E-006	0.00000E+000	1.12961E-001	0.00000E+000	8	...........	1466.53
	488	24.45	1.11919E-001	3.54408E-006	0.00000E+000	1.11961E-001	0.00000E+000	8	...........	1466.53
	489	24.5	1.10940E-001	3.51431E-006	0.00000E+000	1.10962E-001	0.00000E+000	8	...........	1466.58
	490	24.55	1.09946E-001	3.48402E-006	0.00000E+000	1.09962E-001	0.00000E+000	8	...........	1466.71
	491	24.6	1.08935E-001	3.45181E-006	0.00000E+000	1.08962E-001	0.00000E+000	8	...........	1466.71
	492	24.65	1.07927E-001	3.41923E-006	0.00000E+000	1.07963E-001	0.00000E+000	8	...........	1466.71
	493	24.7	1.06932E-001	3.38599E-006	0.00000E+000	1.06963E-001	0.00000E+000	8	...........	1466.71
	494	24.75	1.05952E-001	3.35063E-006	0.00000E+000	1.05963E-001	0.00000E+000	8	...........	1466.71
	495	24.8	1.04941E-001	3.31465E-006	0.00000E+000	1.04964E-001	0.00000E+000	8	...........	1466.71
	496	24.85	1.03942E-001	3.27759E-006	0.00000E+000	1.03964E-001	0.00000E+000	8	...........	1466.71
	497	24.9	1.02941E-001	3.23834E-006	0.00000E+000	1.02964E-001	0.00000E+000	8	...........	1466.71
	498	24.95	1.01929E-001	3.20223E-006	0.00000E+000	1.01965E-001	0.00000E+000	8	...........	1466.71
	499	25	1.00934E-001	3.15939E-006	0.00000E+000	1.00965E-001	0.00000E+000	8	...........	1466.71
	500	25.05	9.99286E-002	3.11762E-006	0.00000E+000	9.99654E-002	0.00000E+000	8	...........	1466.71
	501	25.1	9.89292E-002	3.07411E-006	0.00000E+000	9.89657E-002	0.00000E+000	8	...........	1466.71
	502	25.15	9.79500E-002	3.02952E-006	0.00000E+000	9.79661E-002	0.00000E+000	8	...........	1466.71
	503	25.2	9.69549E-002	2.98228E-006	0.00000E+000	9.69664E-002	0.00000E+000	8	...........	1466.71
	504	25.25	9.59403E-002	2.93331E-006	0.00000E+000	9.59668E-002	0.00000E+000	8	...........	1466.71
	505	25.3	9.49376E-002	2.88542E-006	0.00000E+000	9.49671E-002	0.00000E+000	8	...........	1466.71
	506	25.35	9.39517E-002	2.83274E-006	0.00000E+000	9.39675E-002	0.00000E+000	8	...........	1466.71
	507	25.4	9.29423E-002	2.78071E-006	0.00000E+000	9.29678E-002	0.00000E+000	8	...........	1466.71
	508	25.45	9.19545E-002	2.72511E-006	0.00000E+000	9.19682E-002	0.00000E+000	8	...........	1466.71
	509	25.5	9.09598E-002	2.66754E-006	0.00000E+000	9.09685E-002	0.00000E+000	8	...........	1466.79
	510	25.55	8.99602E-002	2.60713E-006	0.00000E+000	8.99689E-002	0.00000E+000	8	...........	1466.98
	511	25.6	8.89397E-002	2.54713E-006	0.00000E+000	8.89692E-002	0.00000E+000	8	...........	1466.98
	512	25.65	8.79383E-002	2.48524E-006	0.00000E+000	8.79695E-002	0.00000E+000	8	...........	1466.98
	513	25.7	8.69404E-002	2.42054E-006	0.00000E+000	8.69699E-002	0.00000E+000	8	...........	1466.98
	514	25.75	8.59345E-002	2.34648E-006	0.00000E+000	8.59578E-002	0.00000E+000	8	...........	1466.98
	515	25.8	8.49393E-002	2.28027E-006	0.00000E+000	8.49581E-002	0.00000E+000	8	...........	1466.98
	516	25.85	8.39292E-002	2.20801E-006	0.00000E+000	8.39584E-002	0.00000E+000	8	...........	1466.98
	517	25.9	8.29308E-002	2.13494E-006	0.00000E+000	8.29588E-002	0.00000E+000	8	...........	1466.98
	518	25.95	8.19401E-002	2.05773E-006	0.00000E+000	8.19591E-002	0.00000E+000	8	...........	1466.98
	519	26	8.09410E-002	1.97868E-006	0.00000E+000	8.09595E-002	0.00000E+000	8	...........	1466.98
	520	26.05	7.99460E-002	1.89688E-006	0.00000E+000	7.99598E-002	0.00000E+000	8	...........	1466.98
	521	26.1	7.89438E-002	1.81189E-006	0.00000E+000	7.89602E-002	0.00000E+000	8	...........	1466.98
	522	26.15	7.79500E-002	1.72270E-006	0.00000E+000	7.79605E-002	0.00000E+000	8	...........	1466.98
	523	26.2	7.69384E-002	1.63267E-006	0.00000E+000	7.69609E-002	0.00000E+000	8	...........	1466.98
	524	26.25	7.59163E-002	1.53906E-006	0.00000E+000	7.59612E-002	0.00000E+000	8	...........	1466.98
	525	26.3	7.49192E-002	1.44256E-006	0.00000E+000	7.49616E-002	0.00000E+000	8	...........	1466.98
	526	26.35	7.39325E-002	1.34160E-006	0.00000E+000	7.39619E-002	0.00000E+000	8	...........	1466.98
	527	26.4	7.29245E-002	1.23808E-006	0.00000E+000	7.29622E-002	0.00000E+000	8	...........	1466.98
	528	26.45	7.19241E-002	1.12999E-006	0.00000E+000	7.19626E-002	0.00000E+000	8	...........	1466.98
	529	26.5	7.09340E-002	1.01926E-006	0.00000E+000	7.09629E-002	0.00000E+000	8	...........	1466.98
	530	26.55	6.99363E-002	9.05288E-007	0.00000E+000	6.99633E-002	0.00000E+000	8	...........	1466.98
	531	26.6	6.89396E-002	7.87567E-007	0.00000E+000	6.89636E-002	0.00000E+000	8	...........	1466.98
	532	26.65	6.79408E-002	6.66359E-007	0.00000E+000	6.79640E-002	0.00000E+000	8	...........	1466.98
	533	26.7	6.69442E-002	5.40127E-007	0.00000E+000	6.69643E-002	0.00000E+000	8	...........	1466.98
	534	26.75	6.59604E-002	4.09826E-007	0.00000E+000	6.59647E-002	0.00000E+000	8	...........	1466.98
	535	26.8	6.49484E-002	2.75707E-007	0.00000E+000	6.49650E-002	0.00000E+000	8	...........	1466.98
	536	26.85	6.39113E-002	1.35331E-007	0.00000E+000	6.39654E-002	0.00000E+000	8	...........	1466.98
	537	26.9	6.29140E-002	-4.71322E-009	0.00000E+000	6.29657E-002	0.00000E+000	8	...........	1466.98
	538	26.95	6.19236E-002	-1.51450E-007	0.00000E+000	6.19661E-002	0.00000E+000	8	...........	1466.98
	539	27	6.09208E-002	-3.04842E-007	0.00000E+000	6.09664E-002	0.00000E+000	8	...........	1466.98
	540	27.05	5.99271E-002	-4.61157E-007	0.00000E+000	5.99667E-002	0.00000E+000	8	...........	1466.98
	541	27.1	5.89423E-002	-6.21808E-007	0.00000E+000	5.89671E-002	0.00000E+000	8	...........	1466.98
	542	27.15	5.79599E-002	-7.90406E-007	0.00000E+000	5.79674E-002	0.00000E+000	8	...........	1466.98
	543	27.2	5.69429E-002	-9.59360E-007	0.00000E+000	5.69678E-002	0.00000E+000	8	...........	1466.98
	544	27.25	5.59504E-002	-1.13392E-006	0.00000E+000	5.59681E-002	0.00000E+000	8	...........	1466.98
	545	27.3	5.49541E-002	-1.31558E-006	0.00000E+000	5.49685E-002	0.00000E+000	8	...........	1466.98
	546	27.35	5.39427E-002	-1.50336E-006	0.00000E+000	5.39688E-002	0.00000E+000	8	...........	1466.98
	547	27.4	5.29538E-002	-1.69430E-006	0.00000E+000	5.29692E-002	0.00000E+000	8	...........	1466.98
	548	27.45	5.19568E-002	-1.89328E-006	0.00000E+000	5.19695E-002	0.00000E+000	8	...........	1466.98
	549	27.5	5.09432E-002	-2.08866E-006	0.00000E+000	5.09699E-002	0.00000E+000	8	...........	1466.81
	550	27.55	4.99230E-002	-2.31510E-006	0.00000E+000	4.99577E-002	0.00000E+000	8	...........	1466.44
	551	27.6	4.89345E-002	-2.52003E-006	0.00000E+000	4.89581E-002	0.00000E+000	8	...........	1466.44
	552	27.65	4.79113E-002	-2.73777E-006	0.00000E+000	4.79584E-002	0.00000E+000	8	...........	1466.44
	553	27.7	4.69232E-002	-2.96192E-006	0.00000E+000	4.69587E-002	0.00000E+000	8	...........	1466.44
	554	27.75	4.59312E-002	-3.19543E-006	0.00000E+000	4.59591E-002	0.00000E+000	8	...........	1466.44
	555	27.8	4.49310E-002	-3.43081E-006	0.00000E+000	4.49594E-002	0.00000E+000	8	...........	1466.44
	556	27.85	4.39231E-002	-3.66891E-006	0.00000E+000	4.39598E-002	0.00000E+000	8	...........	1466.44
	557	27.9	4.29258E-002	-3.91771E-006	0.00000E+000	4.29601E-002	0.00000E+000	8	...........	1466.44
	558	27.95	4.19207E-002	-4.17177E-006	0.00000E+000	4.19605E-002	0.00000E+000	8	...........	1466.44
	559	28	4.09258E-002	-4.43128E-006	0.00000E+000	4.09608E-002	0.00000E+000	8	...........	1466.44
	560	28.05	3.99276E-002	-4.69596E-006	0.00000E+000	3.99612E-002	0.00000E+000	8	...........	1466.44
	561	28.1	3.89313E-002	-4.97080E-006	0.00000E+000	3.89615E-002	0.00000E+000	8	...........	1466.44
	562	28.15	3.79174E-002	-5.24402E-006	0.00000E+000	3.79619E-002	0.00000E+000	8	...........	1466.44
	563	28.2	3.69245E-002	-5.52554E-006	0.00000E+000	3.69622E-002	0.00000E+000	8	...........	1466.44
	564	28.25	3.59266E-002	-5.81211E-006	0.00000E+000	3.59626E-002	0.00000E+000	8	...........	1466.44
	565	28.3	3.49382E-002	-6.10615E-006	0.00000E+000	3.49629E-002	0.00000E+000	8	...........	1466.44
	566	28.35	3.39285E-002	-6.40197E-006	0.00000E+000	3.39632E-002	0.00000E+000	8	...........	1466.44
	567	28.4	3.29472E-002	-6.70959E-006	0.00000E+000	3.29636E-002	0.00000E+000	8	...........	1466.44
	568	28.45	3.19347E-002	-7.01868E-006	0.00000E+000	3.19639E-002	0.00000E+000	8	...........	1466.44
	569	28.5	3.09368E-002	-7.32722E-006	0.00000E+000	3.09643E-002	0.00000E+000	8	...........	1466.50
	570	28.55	2.99573E-002	-7.64575E-006	0.00000E+000	2.99646E-002	0.00000E+000	8	...........	1466.62
	571	28.6	2.89681E-002	-7.97113E-006	0.00000E+000	2.89650E-002	0.00000E+000	8	...........	1466.62
	572	28.65	2.79479E-002	-8.29550E-006	0.00000E+000	2.79653E-002	0.00000E+000	8	...........	1466.62
	573	28.7	2.69546E-002	-8.62673E-006	0.00000E+000	2.69657E-002	0.00000E+000	8	...........	1466.62
	574	28.75	2.59592E-002	-8.96376E-006	0.00000E+000	2.59660E-002	0.00000E+000	8	...........	1466.62
	575	28.8	2.49410E-002	-9.30099E-006	0.00000E+000	2.49664E-002	0.00000E+000	8	...........	1466.62
	576	28.85	2.39295E-002	-9.63883E-006	0.00000E+000	2.39667E-002	0.00000E+000	8	...........	1466.62
	577	28.9	2.29323E-002	-9.98517E-006	0.00000E+000	2.29670E-002	0.00000E+000	8	...........	1466.62
	578	28.95	2.19245E-002	-1.03333E-005	0.00000E+000	2.19674E-002	0.00000E+000	8	...........	1466.62
	579	29	2.09272E-002	-1.06852E-005	0.00000E+000	2.09677E-002	0.00000E+000	8	...........	1466.62
	580	29.05	1.99287E-002	-1.10444E-005	0.00000E+000	1.99681E-002	0.00000E+000	8	...........	1466.62
	581	29.1	1.89231E-002	-1.13926E-005	0.00000E+000	1.89684E-002	0.00000E+000	8	...........	1466.62
	582	29.15	1.79322E-002	-1.17444E-005	0.00000E+000	1.79688E-002	0.00000E+000	8	...........	1466.62
	583	29.2	1.69396E-002	-1.21026E-005	0.00000E+000	1.69691E-002	0.00000E+000	8	...........	1466.62
	584	29.25	1.59448E-002	-1.24590E-005	0.00000E+000	1.59695E-002	0.00000E+000	8	...........	1466.62
	585	29.3	1.49433E-002	-1.28188E-005	0.00000E+000	1.49698E-002	0.00000E+000	8	...........	1466.62
	586	29.35	1.39319E-002	-1.32097E-005	0.00000E+000	1.39577E-002	0.00000E+000	8	...........	1466.62
	587	29.4	1.29299E-002	-1.35543E-005	0.00000E+000	1.29580E-002	0.00000E+000	8	...........	1466.62
	588	29.45	1.19148E-002	-1.38945E-005	0.00000E+000	1.19584E-002	0.00000E+000	8	...........	1466.62
	589	29.5	1.09247E-002	-1.42467E-005	0.00000E+000	1.09587E-002	0.00000E+000	8	...........	1466.74
	590	29.55	9.93036E-003	-1.45996E-005	0.00000E+000	9.95905E-003	0.00000E+000	8	...........	1466.98
	591	29.6	8.93007E-003	-1.49482E-005	0.00000E+000	8.95940E-003	0.00000E+000	8	...........	1466.98
	592	29.65	7.92765E-003	-1.52975E-005	0.00000E+000	7.95974E-003	0.00000E+000	8	...........	1466.98
	593	29.7	6.94405E-003	-1.56403E-005	0.00000E+000	6.96009E-003	0.00000E+000	8	...........	1466.98
	594	29.75	5.94079E-003	-1.59767E-005	0.00000E+000	5.96044E-003	0.00000E+000	8	...........	1466.98
	595	29.8	4.93649E-003	-1.63104E-005	0.00000E+000	4.96078E-003	0.00000E+000	8	...........	1466.98
	596	29.85	3.93670E-003	-1.66396E-005	0.00000E+000	3.96113E-003	0.00000E+000	8	...........	1466.98
	597	29.9	2.93548E-003	-1.69635E-005	0.00000E+000	2.96147E-003	0.00000E+000	8	...........	1466.98
	598	29.95	1.96187E-003	-1.72825E-005	0.00000E+000	1.96182E-003	0.00000E+000	8	...........	1466.98
	599	30	9.49891E-004	-1.75967E-005	0.00000E+000	9.62167E-004	0.00000E+000	8	...........	1466.98
	600	30.05	-7.15675E-005	-1.78993E-005	0.00000E+000	-3.74870E-005	0.00000E+000	8	...........	1466.98
	601	30.1	-1.08057E-003	-1.81983E-005	0.00000E+000	-1.03714E-003	0.00000E+000	8	...........	1466.98
	602	30.15	-2.07438E-003	-1.84903E-005	0.00000E+000	-2.03680E-003	0.00000E+000	8	...........	1466.98
	603	30.2	-3.08149E-003	-1.87766E-005	0.00000E+000	-3.03645E-003	0.00000E+000	8	...........	1466.98
	604	30.25	-4.07269E-003	-1.90544E-005	0.00000E+000	-4.03610E-003	0.00000E+000	8	...........	1466.98
	605	30.3	-5.07175E-003	-1.93228E-005	0.00000E+000	-5.03576E-003	0.00000E+000	8	...........	1466.98
	606	30.35	-6.05194E-003	-1.95873E-005	0.00000E+000	-6.03541E-003	0.00000E+000	8	...........	1466.98
	607	30.4	-7.05760E-003	-1.98323E-005	0.00000E+000	-7.03506E-003	0.00000E+000	8	...........	1466.98
	608	30.45	-8.05395E-003	-2.00714E-005	0.00000E+000	-8.03472E-003	0.00000E+000	8	...........	1466.98
	609	30.5	-9.05371E-003	-2.03040E-005	0.00000E+000	-9.03437E-003	0.00000E+000	8	...........	1466.98
	610	30.55	-1.00593E-002	-2.05282E-005	0.00000E+000	-1.00340E-002	0.00000E+000	8	...........	1466.98
	611	30.6	-1.10482E-002	-2.07407E-005	0.00000E+000	-1.10337E-002	0.00000E+000	8	...........	1466.98
	612	30.65	-1.20438E-002	-2.09515E-005	0.00000E+000	-1.20333E-002	0.00000E+000	8	...........	1466.98
	613	30.7	-1.30658E-002	-2.11374E-005	0.00000E+000	-1.30330E-002	0.00000E+000	8	...........	1466.98
	614	30.75	-1.40538E-002	-2.13200E-005	0.00000E+000	-1.40326E-002	0.00000E+000	8	...........	1466.98
	615	30.8	-1.50509E-002	-2.14880E-005	0.00000E+000	-1.50323E-002	0.00000E+000	8	...........	1466.98
	616	30.85	-1.60613E-002	-2.16510E-005	0.00000E+000	-1.60320E-002	0.00000E+000	8	...........	1466.98
	617	30.9	-1.70562E-002	-2.18037E-005	0.00000E+000	-1.70316E-002	0.00000E+000	8	...........	1466.98
	618	30.95	-1.80550E-002	-2.19465E-005	0.00000E+000	-1.80313E-002	0.00000E+000	8	...........	1466.98
	619	31	-1.90635E-002	-2.20804E-005	0.00000E+000	-1.90309E-002	0.00000E+000	8	...........	1466.98
	620	31.05	-2.00561E-002	-2.21952E-005	0.00000E+000	-2.00306E-002	0.00000E+000	8	...........	1466.98
	621	31.1	-2.10516E-002	-2.23017E-005	0.00000E+000	-2.10302E-002	0.00000E+000	8	...........	1466.98
	622	31.15	-2.20478E-002	-2.24021E-005	0.00000E+000	-2.20299E-002	0.00000E+000	8	...........	1466.98
	623	31.2	-2.30725E-002	-2.25221E-005	0.00000E+000	-2.30420E-002	0.00000E+000	8	...........	1466.98
	624	31.25	-2.40678E-002	-2.25869E-005	0.00000E+000	-2.40417E-002	0.00000E+000	8	...........	1466.98
	625	31.3	-2.50727E-002	-2.26542E-005	0.00000E+000	-2.50413E-002	0.00000E+000	8	...........	1466.98
	626	31.35	-2.60855E-002	-2.27062E-005	0.00000E+000	-2.60410E-002	0.00000E+000	8	...........	1466.98
	627	31.4	-2.70842E-002	-2.27575E-005	0.00000E+000	-2.70406E-002	0.00000E+000	8	...........	1466.98
	628	31.45	-2.80732E-002	-2.27961E-005	0.00000E+000	-2.80403E-002	0.00000E+000	8	...........	1466.98
	629	31.5	-2.90784E-002	-2.28243E-005	0.00000E+000	-2.90399E-002	0.00000E+000	8	...........	1466.98
	630	31.55	-3.00640E-002	-2.28486E-005	0.00000E+000	-3.00396E-002	0.00000E+000	8	...........	1466.98
	631	31.6	-3.10526E-002	-2.28596E-005	0.00000E+000	-3.10393E-002	0.00000E+000	8	...........	1466.98
	632	31.65	-3.20744E-002	-2.28688E-005	0.00000E+000	-3.20389E-002	0.00000E+000	8	...........	1466.98
	633	31.7	-3.30736E-002	-2.28602E-005	0.00000E+000	-3.30386E-002	0.00000E+000	8	...........	1466.98
	634	31.75	-3.40720E-002	-2.28495E-005	0.00000E+000	-3.40382E-002	0.00000E+000	8	...........	1466.98
	635	31.8	-3.50679E-002	-2.28313E-005	0.00000E+000	-3.50379E-002	0.00000E+000	8	...........	1466.98
	636	31.85	-3.60618E-002	-2.28057E-005	0.00000E+000	-3.60375E-002	0.00000E+000	8	...........	1466.98
	637	31.9	-3.70546E-002	-2.27707E-005	0.00000E+000	-3.70372E-002	0.00000E+000	8	...........	1466.98
	638	31.95	-3.80541E-002	-2.27323E-005	0.00000E+000	-3.80368E-002	0.00000E+000	8	...........	1466.98
	639	32	-3.90787E-002	-2.26827E-005	0.00000E+000	-3.90365E-002	0.00000E+000	8	...........	1466.98
	640	32.05	-4.00726E-002	-2.26268E-005	0.00000E+000	-4.00361E-002	0.00000E+000	8	...........	1466.98
	641	32.1	-4.10759E-002	-2.25685E-005	0.00000E+000	-4.10358E-002	0.00000E+000	8	...........	1466.98
	642	32.15	-4.20810E-002	-2.25004E-005	0.00000E+000	-4.20354E-002	0.00000E+000	8	...........	1466.98
	643	32.2	-4.30704E-002	-2.24331E-005	0.00000E+000	-4.30351E-002	0.00000E+000	8	...........	1466.98
	644	32.25	-4.40672E-002	-2.23590E-005	0.00000E+000	-4.40348E-002	0.00000E+000	8	...........	1466.98
	645	32.3	-4.50696E-002	-2.22731E-005	0.00000E+000	-4.50344E-002	0.00000E+000	8	...........	1466.98
	646	32.35	-4.60675E-002	-2.21885E-005	0.00000E+000	-4.60341E-002	0.00000E+000	8	...........	1466.98
	647	32.4	-4.70607E-002	-2.20974E-005	0.00000E+000	-4.70337E-002	0.00000E+000	8	...........	1466.98
	648	32.45	-4.80546E-002	-2.20029E-005	0.00000E+000	-4.80334E-002	0.00000E+000	8	...........	1466.98
	649	32.5	-4.90615E-002	-2.19080E-005	0.00000E+000	-4.90330E-002	0.00000E+000	8	...........	1466.82
	650	32.55	-5.00696E-002	-2.18045E-005	0.00000E+000	-5.00327E-002	0.00000E+000	8	...........	1466.53
	651	32.6	-5.10813E-002	-2.17022E-005	0.00000E+000	-5.10323E-002	0.00000E+000	8	...........	1466.53
	652	32.65	-5.20762E-002	-2.15843E-005	0.00000E+000	-5.20320E-002	0.00000E+000	8	...........	1466.53
	653	32.7	-5.30744E-002	-2.14783E-005	0.00000E+000	-5.30316E-002	0.00000E+000	8	...........	1466.53
	654	32.75	-5.40568E-002	-2.13654E-005	0.00000E+000	-5.40313E-002	0.00000E+000	8	...........	1466.53
	655	32.8	-5.50653E-002	-2.12492E-005	0.00000E+000	-5.50310E-002	0.00000E+000	8	...........	1466.53
	656	32.85	-5.60647E-002	-2.11332E-005	0.00000E+000	-5.60306E-002	0.00000E+000	8	...........	1466.53
	657	32.9	-5.70630E-002	-2.10142E-005	0.00000E+000	-5.70303E-002	0.00000E+000	8	...........	1466.53
	658	32.95	-5.80606E-002	-2.08903E-005	0.00000E+000	-5.80299E-002	0.00000E+000	8	...........	1466.53
	659	33	-5.90771E-002	-2.07816E-005	0.00000E+000	-5.90421E-002	0.00000E+000	8	...........	1466.53
	660	33.05	-6.00645E-002	-2.06476E-005	0.00000E+000	-6.00417E-002	0.00000E+000	8	...........	1466.53
	661	33.1	-6.10672E-002	-2.05199E-005	0.00000E+000	-6.10414E-002	0.00000E+000	8	...........	1466.53
	662	33.15	-6.20615E-002	-2.03932E-005	0.00000E+000	-6.20410E-002	0.00000E+000	8	...........	1466.53
	663	33.2	-6.30664E-002	-2.02649E-005	0.00000E+000	-6.30407E-002	0.00000E+000	8	...........	1466.53
	664	33.25	-6.40866E-002	-2.01369E-005	0.00000E+000	-6.40403E-002	0.00000E+000	8	...........	1466.53
	665	33.3	-6.50752E-002	-2.00057E-005	0.00000E+000	-6.50400E-002	0.00000E+000	8	...........	1466.53
	666	33.35	-6.60686E-002	-1.98755E-005	0.00000E+000	-6.60396E-002	0.00000E+000	8	...........	1466.53
	667	33.4	-6.70713E-002	-1.97443E-005	0.00000E+000	-6.70393E-002	0.00000E+000	8	...........	1466.53
	668	33.45	-6.80770E-002	-1.96143E-005	0.00000E+000	-6.80389E-002	0.00000E+000	8	...........	1466.53
	669	33.5	-6.90686E-002	-1.94826E-005	0.00000E+000	-6.90386E-002	0.00000E+000	8	...........	1466.66
	670	33.55	-7.00645E-002	-1.93542E-005	0.00000E+000	-7.00383E-002	0.00000E+000	8	...........	1466.89
	671	33.6	-7.10629E-002	-1.92216E-005	0.00000E+000	-7.10379E-002	0.00000E+000	8	...........	1466.89
	672	33.65	-7.20616E-002	-1.90911E-005	0.00000E+000	-7.20376E-002	0.00000E+000	8	...........	1466.89
	673	33.7	-7.30586E-002	-1.89603E-005	0.00000E+000	-7.30372E-002	0.00000E+000	8	...........	1466.89
	674	33.75	-7.40645E-002	-1.88306E-005	0.00000E+000	-7.40369E-002	0.00000E+000	8	...........	1466.89
	675	33.8	-7.50445E-002	-1.87018E-005	0.00000E+000	-7.50365E-002	0.00000E+000	8	...........	1466.89
	676	33.85	-7.60634E-002	-1.85749E-005	0.00000E+000	-7.60362E-002	0.00000E+000	8	...........	1466.89
	677	33.9	-7.70772E-002	-1.84444E-005	0.00000E+000	-7.70358E-002	0.00000E+000	8	...........	1466.89
	678	33.95	-7.80733E-002	-1.83171E-005	0.00000E+000	-7.80355E-002	0.00000E+000	8	...........	1466.89
	679	34	-7.90767E-002	-1.81910E-005	0.00000E+000	-7.90351E-002	0.00000E+000	8	...........	1466.89
	680	34.05	-8.00789E-002	-1.80647E-005	0.00000E+000	-8.00348E-002	0.00000E+000	8	...........	1466.89
	681	34.1	-8.10704E-002	-1.79399E-005	0.00000E+000	-8.10345E-002	0.00000E+000	8	...........	1466.89
	682	34.15	-8.20732E-002	-1.78147E-005	0.00000E+000	-8.20341E-002	0.00000E+000	8	...........	1466.89
	683	34.2	-8.30762E-002	-1.76929E-005	0.00000E+000	-8.30338E-002	0.00000E+000	8	...........	1466.89
	684	34.25	-8.40759E-002	-1.75689E-005	0.00000E+000	-8.40334E-002	0.00000E+000	8	...........	1466.89
	685	34.3	-8.50732E-002	-1.74474E-005	0.00000E+000	-8.50331E-002	0.00000E+000	8	...........	1466.89
	686	34.35	-8.60574E-002	-1.73275E-005	0.00000E+000	-8.60327E-002	0.00000E+000	8	...........	1466.89
	687	34.4	-8.70668E-002	-1.72098E-005	0.00000E+000	-8.70324E-002	0.00000E+000	8	...........	1466.89
	688	34.45	-8.80622E-002	-1.70924E-005	0.00000E+000	-8.80320E-002	0.00000E+000	8	...........	1466.89
	689	34.5	-8.90637E-002	-1.69760E-005	0.00000E+000	-8.90317E-002	0.00000E+000	8	...........	1466.92
	690	34.55	-9.00694E-002	-1.68585E-005	0.00000E+000	-9.00313E-002	0.00000E+000	8	...........	1466.98
	691	34.6	-9.10713E-002	-1.67445E-005	0.00000E+000	-9.10310E-002	0.00000E+000	8	...........	1466.98
	692	34.65	-9.20736E-002	-1.66309E-005	0.00000E+000	-9.20306E-002	0.00000E+000	8	...........	1466.98
	693	34.7	-9.30679E-002	-1.65193E-005	0.00000E+000	-9.30303E-002	0.00000E+000	8	...........	1466.98
	694	34.75	-9.40591E-002	-1.64084E-005	0.00000E+000	-9.40300E-002	0.00000E+000	8	...........	1466.98
	695	34.8	-9.50680E-002	-1.63032E-005	0.00000E+000	-9.50421E-002	0.00000E+000	8	...........	1466.98
	696	34.85	-9.60840E-002	-1.61931E-005	0.00000E+000	-9.60418E-002	0.00000E+000	8	...........	1466.98
	697	34.9	-9.70698E-002	-1.60848E-005	0.00000E+000	-9.70414E-002	0.00000E+000	8	...........	1466.98
	698	34.95	-9.80753E-002	-1.59797E-005	0.00000E+000	-9.80411E-002	0.00000E+000	8	...........	1466.98
	699	35	-9.90649E-002	-1.58751E-005	0.00000E+000	-9.90407E-002	0.00000E+000	8	...........	1466.98
	700	35.05	-1.00063E-001	-1.57717E-005	0.00000E+000	-1.00040E-001	0.00000E+000	8	...........	1466.98
	701	35.1	-1.01068E-001	-1.56687E-005	0.00000E+000	-1.01040E-001	0.00000E+000	8	...........	1466.98
	702	35.15	-1.02074E-001	-1.55686E-005	0.00000E+000	-1.02040E-001	0.00000E+000	8	...........	1466.98
	703	35.2	-1.03073E-001	-1.54665E-005	0.00000E+000	-1.03039E-001	0.00000E+000	8	...........	1466.98
	704	35.25	-1.04078E-001	-1.53694E-005	0.00000E+000	-1.04039E-001	0.00000E+000	8	...........	1466.98
	705	35.3	-1.05078E-001	-1.52727E-005	0.00000E+000	-1.05039E-001	0.00000E+000	8	...........	1466.98
	706	35.35	-1.06081E-001	-1.51761E-005	0.00000E+000	-1.06038E-001	0.00000E+000	8	...........	1466.98
	707	35.4	-1.07068E-001	-1.50818E-005	0.00000E+000	-1.07038E-001	0.00000E+000	8	...........	1466.98
	708	35.45	-1.08065E-001	-1.49888E-005	0.00000E+000	-1.08038E-001	0.00000E+000	8	...........	1466.98
	709	35.5	-1.09070E-001	-1.48958E-005	0.00000E+000	-1.09037E-001	0.00000E+000	8	...........	1466.98
	710	35.55	-1.10067E-001	-1.48056E-005	0.00000E+000	-1.10037E-001	0.00000E+000	8	...........	1466.98
	711	35.6	-1.11071E-001	-1.47158E-005	0.00000E+000	-1.11037E-001	0.00000E+000	8	...........	1466.98
	712	35.65	-1.12070E-001	-1.46273E-005	0.00000E+000	-1.12036E-001	0.00000E+000	8	...........	1466.98
	713	35.7	-1.13067E-001	-1.45403E-005	0.00000E+000	-1.13036E-001	0.00000E+000	8	...........	1466.98
	714	35.75	-1.14060E-001	-1.44541E-005	0.00000E+000	-1.14036E-001	0.00000E+000	8	...........	1466.98
	715	35.8	-1.15072E-001	-1.43703E-005	0.00000E+000	-1.15035E-001	0.00000E+000	8	...........	1466.98
	716	35.85	-1.16084E-001	-1.42855E-005	0.00000E+000	-1.16035E-001	0.00000E+000	8	...........	1466.98
	717	35.9	-1.17073E-001	-1.42025E-005	0.00000E+000	-1.17034E-001	0.00000E+000	8	...........	1466.98
	718	35.95	-1.18064E-001	-1.41209E-005	0.00000E+000	-1.18034E-001	0.00000E+000	8	...........	1466.98
	719	36	-1.19059E-001	-1.40404E-005	0.00000E+000	-1.19034E-001	0.00000E+000	8	...........	1466.98
	720	36.05	-1.20063E-001	-1.39616E-005	0.00000E+000	-1.20033E-001	0.00000E+000	8	...........	1466.98
	721	36.1	-1.21068E-001	-1.38831E-005	0.00000E+000	-1.21033E-001	0.00000E+000	8	...........	1466.98
	722	36.15	-1.22063E-001	-1.38056E-005	0.00000E+000	-1.22033E-001	0.00000E+000	8	...........	1466.98
	723	36.2	-1.23055E-001	-1.37296E-005	0.00000E+000	-1.23032E-001	0.00000E+000	8	...........	1466.98
	724	36.25	-1.24046E-001	-1.36539E-005	0.00000E+000	-1.24032E-001	0.00000E+000	8	...........	1466.98
	725	36.3	-1.25052E-001	-1.35790E-005	0.00000E+000	-1.25032E-001	0.00000E+000	8	...........	1466.98
	726	36.35	-1.26049E-001	-1.35063E-005	0.00000E+000	-1.26031E-001	0.00000E+000	8	...........	1466.98
	727	36.4	-1.27049E-001	-1.34344E-005	0.00000E+000	-1.27031E-001	0.00000E+000	8	...........	1466.98
	728	36.45	-1.28080E-001	-1.33630E-005	0.00000E+000	-1.28031E-001	0.00000E+000	8	...........	1466.98
	729	36.5	-1.29072E-001	-1.32923E-005	0.00000E+000	-1.29030E-001	0.00000E+000	8	...........	1466.81
	730	36.55	-1.30056E-001	-1.32231E-005	0.00000E+000	-1.30030E-001	0.00000E+000	8	...........	1466.53
	731	36.6	-1.31069E-001	-1.31570E-005	0.00000E+000	-1.31042E-001	0.00000E+000	8	...........	1466.53
	732	36.65	-1.32075E-001	-1.30882E-005	0.00000E+000	-1.32042E-001	0.00000E+000	8	...........	1466.53
	733	36.7	-1.33075E-001	-1.30216E-005	0.00000E+000	-1.33041E-001	0.00000E+000	8	...........	1466.53
	734	36.75	-1.34061E-001	-1.29564E-005	0.00000E+000	-1.34041E-001	0.00000E+000	8	...........	1466.53
	735	36.8	-1.35065E-001	-1.28914E-005	0.00000E+000	-1.35041E-001	0.00000E+000	8	...........	1466.53
	736	36.85	-1.36060E-001	-1.28264E-005	0.00000E+000	-1.36040E-001	0.00000E+000	8	...........	1466.53
	737	36.9	-1.37061E-001	-1.27645E-005	0.00000E+000	-1.37040E-001	0.00000E+000	8	...........	1466.53
	738	36.95	-1.38073E-001	-1.27029E-005	0.00000E+000	-1.38040E-001	0.00000E+000	8	...........	1466.53
	739	37	-1.39063E-001	-1.26414E-005	0.00000E+000	-1.39039E-001	0.00000E+000	8	...........	1466.53
	740	37.05	-1.40062E-001	-1.25809E-005	0.00000E+000	-1.40039E-001	0.00000E+000	8	...........	1466.53
	741	37.1	-1.41081E-001	-1.25204E-005	0.00000E+000	-1.41039E-001	0.00000E+000	8	...........	1466.53
	742	37.15	-1.42073E-001	-1.24619E-005	0.00000E+000	-1.42038E-001	0.00000E+000	8	...........	1466.53
	743	37.2	-1.43074E-001	-1.24042E-005	0.00000E+000	-1.43038E-001	0.00000E+000	8	...........	1466.53
	744	37.25	-1.44081E-001	-1.23473E-005	0.00000E+000	-1.44038E-001	0.00000E+000	8	...........	1466.53
	745	37.3	-1.45069E-001	-1.22899E-005	0.00000E+000	-1.45037E-001	0.00000E+000	8	...........	1466.53
	746	37.35	-1.46074E-001	-1.22346E-005	0.00000E+000	-1.46037E-001	0.00000E+000	8	...........	1466.53
	747	37.4	-1.47064E-001	-1.21798E-005	0.00000E+000	-1.47037E-001	0.00000E+000	8	...........	1466.53
	748	37.45	-1.48051E-001	-1.21248E-005	0.00000E+000	-1.48036E-001	0.00000E+000	8	...........	1466.53
	749	37.5	-1.49056E-001	-1.20711E-005	0.00000E+000	-1.49036E-001	0.00000E+000	8	...........	1466.63
	750	37.55	-1.50045E-001	-1.20179E-005	0.00000E+000	-1.50036E-001	0.00000E+000	8	...........	1466.80
	751	37.6	-1.51064E-001	-1.19666E-005	0.00000E+000	-1.51035E-001	0.00000E+000	8	...........	1466.80
	752	37.65	-1.52053E-001	-1.19147E-005	0.00000E+000	-1.52035E-001	0.00000E+000	8	...........	1466.80
	753	37.7	-1.53042E-001	-1.18637E-005	0.00000E+000	-1.53035E-001	0.00000E+000	8	...........	1466.80
	754	37.75	-1.54065E-001	-1.18124E-005	0.00000E+000	-1.54034E-001	0.00000E+000	8	...........	1466.80
	755	37.8	-1.55068E-001	-1.17636E-005	0.00000E+000	-1.55034E-001	0.00000E+000	8	...........	1466.80
	756	37.85	-1.56066E-001	-1.17147E-005	0.00000E+000	-1.56034E-001	0.00000E+000	8	...........	1466.80
	757	37.9	-1.57075E-001	-1.16664E-005	0.00000E+000	-1.57033E-001	0.00000E+000	8	...........	1466.80
	758	37.95	-1.58059E-001	-1.16186E-005	0.00000E+000	-1.58033E-001	0.00000E+000	8	...........	1466.80
	759	38	-1.59055E-001	-1.15708E-005	0.00000E+000	-1.59032E-001	0.00000E+000	8	...........	1466.80
	760	38.05	-1.60064E-001	-1.15248E-005	0.00000E+000	-1.60032E-001	0.00000E+000	8	...........	1466.80
	761	38.1	-1.61059E-001	-1.14786E-005	0.00000E+000	-1.61032E-001	0.00000E+000	8	...........	1466.80
	762	38.15	-1.62051E-001	-1.14331E-005	0.00000E+000	-1.62031E-001	0.00000E+000	8	...........	1466.80
	763	38.2	-1.63051E-001	-1.13891E-005	0.00000E+000	-1.63031E-001	0.00000E+000	8	...........	1466.80
	764	38.25	-1.64055E-001	-1.13449E-005	0.00000E+000	-1.64031E-001	0.00000E+000	8	...........	1466.80
	765	38.3	-1.65055E-001	-1.13012E-005	0.00000E+000	-1.65030E-001	0.00000E+000	8	...........	1466.80
	766	38.35	-1.66047E-001	-1.12579E-005	0.00000E+000	-1.66030E-001	0.00000E+000	8	...........	1466.80
	767	38.4	-1.67061E-001	-1.12160E-005	0.00000E+000	-1.67030E-001	0.00000E+000	8	...........	1466.80
	768	38.45	-1.68071E-001	-1.11746E-005	0.00000E+000	-1.68042E-001	0.00000E+000	8	...........	1466.80
	769	38.5	-1.69072E-001	-1.11315E-005	0.00000E+000	-1.69041E-001	0.00000E+000	8	...........	1466.87
	770	38.55	-1.70082E-001	-1.10905E-005	0.00000E+000	-1.70041E-001	0.00000E+000	8	...........	1466.98
	771	38.6	-1.71070E-001	-1.10493E-005	0.00000E+000	-1.71041E-001	0.00000E+000	8	...........	1466.98
	772	38.65	-1.72079E-001	-1.10103E-005	0.00000E+000	-1.72040E-001	0.00000E+000	8	...........	1466.98
	773	38.7	-1.73088E-001	-1.09708E-005	0.00000E+000	-1.73040E-001	0.00000E+000	8	...........	1466.98
	774	38.75	-1.74067E-001	-1.09315E-005	0.00000E+000	-1.74040E-001	0.00000E+000	8	...........	1466.98
	775	38.8	-1.75055E-001	-1.08922E-005	0.00000E+000	-1.75039E-001	0.00000E+000	8	...........	1466.98
	776	38.85	-1.76070E-001	-1.08551E-005	0.00000E+000	-1.76039E-001	0.00000E+000	8	...........	1466.98
	777	38.9	-1.77066E-001	-1.08172E-005	0.00000E+000	-1.77039E-001	0.00000E+000	8	...........	1466.98
	778	38.95	-1.78055E-001	-1.07797E-005	0.00000E+000	-1.78038E-001	0.00000E+000	8	...........	1466.98
	779	39	-1.79060E-001	-1.07440E-005	0.00000E+000	-1.79038E-001	0.00000E+000	8	...........	1466.98
	780	39.05	-1.80071E-001	-1.07067E-005	0.00000E+000	-1.80038E-001	0.00000E+000	8	...........	1466.98
	781	39.1	-1.81079E-001	-1.06720E-005	0.00000E+000	-1.81037E-001	0.00000E+000	8	...........	1466.98
	782	39.15	-1.82068E-001	-1.06352E-005	0.00000E+000	-1.82037E-001	0.00000E+000	8	...........	1466.98
	783	39.2	-1.83064E-001	-1.06006E-005	0.00000E+000	-1.83037E-001	0.00000E+000	8	...........	1466.98
	784	39.25	-1.84071E-001	-1.05664E-005	0.00000E+000	-1.84036E-001	0.00000E+000	8	...........	1466.98
	785	39.3	-1.85058E-001	-1.05323E-005	0.00000E+000	-1.85036E-001	0.00000E+000	8	...........	1466.98
	786	39.35	-1.86061E-001	-1.04982E-005	0.00000E+000	-1.86036E-001	0.00000E+000	8	...........	1466.98
	787	39.4	-1.87057E-001	-1.04642E-005	0.00000E+000	-1.87035E-001	0.00000E+000	8	...........	1466.98
	788	39.45	-1.88056E-001	-1.04316E-005	0.00000E+000	-1.88035E-001	0.00000E+000	8	...........	1466.98
	789	39.5	-1.89059E-001	-1.03987E-005	0.00000E+000	-1.89035E-001	0.00000E+000	8	...........	1466.98
	790	39.55	-1.90047E-001	-1.03667E-005	0.00000E+000	-1.90034E-001	0.00000E+000	8	...........	1466.98
	791	39.6	-1.91043E-001	-1.03347E-005	0.00000E+000	-1.91034E-001	0.00000E+000	8	...........	1466.98
	792	39.65	-1.92076E-001	-1.03034E-005	0.00000E+000	-1.92034E-001	0.00000E+000	8	...........	1466.98
	793	39.7	-1.93057E-001	-1.02720E-005	0.00000E+000	-1.93033E-001	0.00000E+000	8	...........	1466.98
	794	39.75	-1.94057E-001	-1.02418E-005	0.00000E+000	-1.94033E-001	0.00000E+000	8	...........	1466.98
	795	39.8	-1.95061E-001	-1.02119E-005	0.00000E+000	-1.95032E-001	0.00000E+000	8	...........	1466.98
	796	39.85	-1.96062E-001	-1.01811E-005	0.00000E+000	-1.96032E-001	0.00000E+000	8	...........	1466.98
	797	39.9	-1.97060E-001	-1.01520E-005	0.00000E+000	-1.97032E-001	0.00000E+000	8	...........	1466.98
	798	39.95	-1.98053E-001	-1.01235E-005	0.00000E+000	-1.98031E-001	0.00000E+000	8	...........	1466.98
	799	40	-1.99055E-001	-1.00948E-005	0.00000E+000	-1.99031E-001	0.00000E+000	8	...........	1466.98
	800	40.05	-2.00060E-001	-1.00659E-005	0.00000E+000	-2.00031E-001	0.00000E+000	8	...........	1466.98
	801	40.1	-2.01058E-001	-1.00377E-005	0.00000E+000	-2.01030E-001	0.00000E+000	8	...........	1466.98
	802	40.15	-2.02068E-001	-1.00101E-005	0.00000E+000	-2.02030E-001	0.00000E+000	8	...........	1466.98
	803	40.2	-2.03046E-001	-9.98272E-006	0.00000E+000	-2.03030E-001	0.00000E+000	8	...........	1466.98
	804	40.25	-2.04053E-001	-9.95584E-006	0.00000E+000	-2.04042E-001	0.00000E+000	8	...........	1466.98
	805	40.3	-2.05074E-001	-9.92760E-006	0.00000E+000	-2.05042E-001	0.00000E+000	8	...........	1466.98
	806	40.35	-2.06066E-001	-9.90134E-006	0.00000E+000	-2.06041E-001	0.00000E+000	8	...........	1466.98
	807	40.4	-2.07060E-001	-9.87442E-006	0.00000E+000	-2.07041E-001	0.00000E+000	8	...........	1466.98
	808	40.45	-2.08061E-001	-9.84811E-006	0.00000E+000	-2.08040E-001	0.00000E+000	8	...........	1466.98
	809	40.5	-2.09070E-001	-9.82282E-006	0.00000E+000	-2.09040E-001	0.00000E+000	8	...........	1466.80
	810	40.55	-2.10062E-001	-9.79753E-006	0.00000E+000	-2.10040E-001	0.00000E+000	8	...........	1466.53
	811	40.6	-2.11048E-001	-9.77266E-006	0.00000E+000	-2.11039E-001	0.00000E+000	8	...........	1466.53
	812	40.65	-2.12051E-001	-9.74683E-006	0.00000E+000	-2.12039E-001	0.00000E+000	8	...........	1466.53
	813	40.7	-2.13051E-001	-9.72295E-006	0.00000E+000	-2.13039E-001	0.00000E+000	8	...........	1466.53
	814	40.75	-2.14041E-001	-9.69804E-006	0.00000E+000	-2.14038E-001	0.00000E+000	8	...........	1466.53
	815	40.8	-2.15043E-001	-9.67391E-006	0.00000E+000	-2.15038E-001	0.00000E+000	8	...........	1466.53
	816	40.85	-2.16022E-001	-9.64967E-006	0.00000E+000	-2.16038E-001	0.00000E+000	8	...........	1466.53
	817	40.9	-2.17027E-001	-9.62635E-006	0.00000E+000	-2.17037E-001	0.00000E+000	8	...........	1466.53
	818	40.95	-2.18056E-001	-9.60286E-006	0.00000E+000	-2.18037E-001	0.00000E+000	8	...........	1466.53
	819	41	-2.19036E-001	-9.58014E-006	0.00000E+000	-2.19037E-001	0.00000E+000	8	...........	1466.53
	820	41.05	-2.20047E-001	-9.55764E-006	0.00000E+000	-2.20036E-001	0.00000E+000	8	...........	1466.53
	821	41.1	-2.21049E-001	-9.53421E-006	0.00000E+000	-2.21036E-001	0.00000E+000	8	...........	1466.53
	822	41.15	-2.22059E-001	-9.51266E-006	0.00000E+000	-2.22036E-001	0.00000E+000	8	...........	1466.53
	823	41.2	-2.23046E-001	-9.49012E-006	0.00000E+000	-2.23035E-001	0.00000E+000	8	...........	1466.53
	824	41.25	-2.24042E-001	-9.46813E-006	0.00000E+000	-2.24035E-001	0.00000E+000	8	...........	1466.53
	825	41.3	-2.25041E-001	-9.44746E-006	0.00000E+000	-2.25035E-001	0.00000E+000	8	...........	1466.53
	826	41.35	-2.26032E-001	-9.42595E-006	0.00000E+000	-2.26034E-001	0.00000E+000	8	...........	1466.53
	827	41.4	-2.27035E-001	-9.40413E-006	0.00000E+000	-2.27034E-001	0.00000E+000	8	...........	1466.53
	828	41.45	-2.28046E-001	-9.38367E-006	0.00000E+000	-2.28034E-001	0.00000E+000	8	...........	1466.53
	829	41.5	-2.29044E-001	-9.36246E-006	0.00000E+000	-2.29033E-001	0.00000E+000	8	...........	1466.64
	830	41.55	-2.30052E-001	-9.34210E-006	0.00000E+000	-2.30033E-001	0.00000E+000	8	...........	1466.80
	831	41.6	-2.31071E-001	-9.32311E-006	0.00000E+000	-2.31033E-001	0.00000E+000	8	...........	1466.80
	832	41.65	-2.32056E-001	-9.30301E-006	0.00000E+000	-2.32032E-001	0.00000E+000	8	...........	1466.80
	833	41.7	-2.33044E-001	-9.28302E-006	0.00000E+000	-2.33032E-001	0.00000E+000	8	...........	1466.80
	834	41.75	-2.34049E-001	-9.26327E-006	0.00000E+000	-2.34031E-001	0.00000E+000	8	...........	1466.80
	835	41.8	-2.35029E-001	-9.24382E-006	0.00000E+000	-2.35031E-001	0.00000E+000	8	...........	1466.80
	836	41.85	-2.36029E-001	-9.22452E-006	0.00000E+000	-2.36031E-001	0.00000E+000	8	...........	1466.80
	837	41.9	-2.37035E-001	-9.20600E-006	0.00000E+000	-2.37030E-001	0.00000E+000	8	...........	1466.80
	838	41.95	-2.38031E-001	-9.18793E-006	0.00000E+000	-2.38030E-001	0.00000E+000	8	...........	1466.80
	839	42	-2.39031E-001	-9.16923E-006	0.00000E+000	-2.39030E-001	0.00000E+000	8	...........	1466.80
	840	42.05	-2.40040E-001	-9.15163E-006	0.00000E+000	-2.40042E-001	0.00000E+000	8	...........	1466.80
	841	42.1	-2.41044E-001	-9.13356E-006	0.00000E+000	-2.41042E-001	0.00000E+000	8	...........	1466.80
	842	42.15	-2.42036E-001	-9.11538E-006	0.00000E+000	-2.42041E-001	0.00000E+000	8	...........	1466.80
	843	42.2	-2.43044E-001	-9.09831E-006	0.00000E+000	-2.43041E-001	0.00000E+000	8	...........	1466.80
	844	42.25	-2.44058E-001	-9.08075E-006	0.00000E+000	-2.44041E-001	0.00000E+000	8	...........	1466.80
	845	42.3	-2.45065E-001	-9.06425E-006	0.00000E+000	-2.45040E-001	0.00000E+000	8	...........	1466.80
	846	42.35	-2.46052E-001	-9.04675E-006	0.00000E+000	-2.46040E-001	0.00000E+000	8	...........	1466.80
	847	42.4	-2.47059E-001	-9.03030E-006	0.00000E+000	-2.47039E-001	0.00000E+000	8	...........	1466.80
	848	42.45	-2.48042E-001	-9.01334E-006	0.00000E+000	-2.48039E-001	0.00000E+000	8	...........	1466.80
	849	42.5	-2.49044E-001	-8.99673E-006	0.00000E+000	-2.49039E-001	0.00000E+000	8	...........	1466.87
	850	42.55	-2.50050E-001	-8.98024E-006	0.00000E+000	-2.50038E-001	0.00000E+000	8	...........	1466.98
	851	42.6	-2.51044E-001	-8.96441E-006	0.00000E+000	-2.51038E-001	0.00000E+000	8	...........	1466.98
	852	42.65	-2.52046E-001	-8.94841E-006	0.00000E+000	-2.52038E-001	0.00000E+000	8	...........	1466.98
	853	42.7	-2.53041E-001	-8.93299E-006	0.00000E+000	-2.53037E-001	0.00000E+000	8	...........	1466.98
	854	42.75	-2.54035E-001	-8.91781E-006	0.00000E+000	-2.54037E-001	0.00000E+000	8	...........	1466.98
	855	42.8	-2.55029E-001	-8.90215E-006	0.00000E+000	-2.55037E-001	0.00000E+000	8	...........	1466.98
	856	42.85	-2.56044E-001	-8.88683E-006	0.00000E+000	-2.56036E-001	0.00000E+000	8	...........	1466.98
	857	42.9	-2.57061E-001	-8.87282E-006	0.00000E+000	-2.57036E-001	0.00000E+000	8	...........	1466.98
	858	42.95	-2.58066E-001	-8.85928E-006	0.00000E+000	-2.58036E-001	0.00000E+000	8	...........	1466.98
	859	43	-2.59048E-001	-8.84374E-006	0.00000E+000	-2.59035E-001	0.00000E+000	8	...........	1466.98
	860	43.05	-2.60046E-001	-8.82863E-006	0.00000E+000	-2.60035E-001	0.00000E+000	8	...........	1466.98
	861	43.1	-2.61059E-001	-8.81527E-006	0.00000E+000	-2.61035E-001	0.00000E+000	8	...........	1466.98
	862	43.15	-2.62056E-001	-8.80071E-006	0.00000E+000	-2.62034E-001	0.00000E+000	8	...........	1466.98
	863	43.2	-2.63061E-001	-8.78722E-006	0.00000E+000	-2.63034E-001	0.00000E+000	8	...........	1466.98
	864	43.25	-2.64048E-001	-8.77345E-006	0.00000E+000	-2.64034E-001	0.00000E+000	8	...........	1466.98
	865	43.3	-2.65034E-001	-8.75947E-006	0.00000E+000	-2.65033E-001	0.00000E+000	8	...........	1466.98
	866	43.35	-2.66053E-001	-8.74638E-006	0.00000E+000	-2.66033E-001	0.00000E+000	8	...........	1466.98
	867	43.4	-2.67050E-001	-8.73359E-006	0.00000E+000	-2.67033E-001	0.00000E+000	8	...........	1466.98
	868	43.45	-2.68053E-001	-8.72149E-006	0.00000E+000	-2.68032E-001	0.00000E+000	8	...........	1466.98
	869	43.5	-2.69067E-001	-8.70817E-006	0.00000E+000	-2.69032E-001	0.00000E+000	8	...........	1466.98
	870	43.55	-2.70046E-001	-8.69458E-006	0.00000E+000	-2.70032E-001	0.00000E+000	8	...........	1466.98
	871	43.6	-2.71045E-001	-8.68323E-006	0.00000E+000	-2.71031E-001	0.00000E+000	8	...........	1466.98
	872	43.65	-2.72041E-001	-8.67045E-006	0.00000E+000	-2.72031E-001	0.00000E+000	8	...........	1466.98
	873	43.7	-2.73044E-001	-8.65777E-006	0.00000E+000	-2.73030E-001	0.00000E+000	8	...........	1466.98
	874	43.75	-2.74044E-001	-8.64728E-006	0.00000E+000	-2.74030E-001	0.00000E+000	8	...........	1466.98
	875	43.8	-2.75025E-001	-8.63528E-006	0.00000E+000	-2.75030E-001	0.00000E+000	8	...........	1466.98
	876	43.85	-2.76025E-001	-8.62269E-006	0.00000E+000	-2.76029E-001	0.00000E+000	8	...........	1466.98
	877	43.9	-2.77035E-001	-8.61188E-006	0.00000E+000	-2.77042E-001	0.00000E+000	8	...........	1466.98
	878	43.95	-2.78032E-001	-8.60000E-006	0.00000E+000	-2.78041E-001	0.00000E+000	8	...........	1466.98
	879	44	-2.79039E-001	-8.58866E-006	0.00000E+000	-2.79041E-001	0.00000E+000	8	...........	1466.98
	880	44.05	-2.80026E-001	-8.57797E-006	0.00000E+000	-2.80041E-001	0.00000E+000	8	...........	1466.98
	881	44.1	-2.81025E-001	-8.56762E-006	0.00000E+000	-2.81040E-001	0.00000E+000	8	...........	1466.98
	882	44.15	-2.82058E-001	-8.55639E-006	0.00000E+000	-2.82040E-001	0.00000E+000	8	...........	1466.98
	883	44.2	-2.83052E-001	-8.54528E-006	0.00000E+000	-2.83040E-001	0.00000E+000	8	...........	1466.98
	884	44.25	-2.84052E-001	-8.53564E-006	0.00000E+000	-2.84039E-001	0.00000E+000	8	...........	1466.98
	885	44.3	-2.85057E-001	-8.52600E-006	0.00000E+000	-2.85039E-001	0.00000E+000	8	...........	1466.98
	886	44.35	-2.86040E-001	-8.51545E-006	0.00000E+000	-2.86038E-001	0.00000E+000	8	...........	1466.98
	887	44.4	-2.87038E-001	-8.50599E-006	0.00000E+000	-2.87038E-001	0.00000E+000	8	...........	1466.98
	888	44.45	-2.88047E-001	-8.49663E-006	0.00000E+000	-2.88038E-001	0.00000E+000	8	...........	1466.98
	889	44.5	-2.89054E-001	-8.48724E-006	0.00000E+000	-2.89037E-001	0.00000E+000	8	...........	1466.79
	890	44.55	-2.90052E-001	-8.47815E-006	0.00000E+000	-2.90037E-001	0.00000E+000	8	...........	1466.53
	891	44.6	-2.91037E-001	-8.46951E-006	0.00000E+000	-2.91037E-001	0.00000E+000	8	...........	1466.53
	892	44.65	-2.92036E-001	-8.45943E-006	0.00000E+000	-2.92036E-001	0.00000E+000	8	...........	1466.53
	893	44.7	-2.93039E-001	-8.45158E-006	0.00000E+000	-2.93036E-001	0.00000E+000	8	...........	1466.53
	894	44.75	-2.94036E-001	-8.44155E-006	0.00000E+000	-2.94036E-001	0.00000E+000	8	...........	1466.53
	895	44.8	-2.95052E-001	-8.43376E-006	0.00000E+000	-2.95035E-001	0.00000E+000	8	...........	1466.53
	896	44.85	-2.96059E-001	-8.42520E-006	0.00000E+000	-2.96035E-001	0.00000E+000	8	...........	1466.53
	897	44.9	-2.97051E-001	-8.41728E-006	0.00000E+000	-2.97035E-001	0.00000E+000	8	...........	1466.53
	898	44.95	-2.98047E-001	-8.40923E-006	0.00000E+000	-2.98034E-001	0.00000E+000	8	...........	1466.53
	899	45	-2.99037E-001	-8.40134E-006	0.00000E+000	-2.99034E-001	0.00000E+000	8	...........	1466.53
	900	45.05	-3.00035E-001	-8.39372E-006	0.00000E+000	-3.00034E-001	0.00000E+000	8	...........	1466.53
CURVE2	TABLE
	Pt	T	Vf	Im	Vu	Sig	Ach	IERange	Over	Temp
	#	s	V vs. Ref.	A	V	V	V	#	bits	deg C
	901	45.1	-2.99049E-001	-8.22971E-006	0.00000E+000	-2.99034E-001	0.00000E+000	8	...........	1466.53
	902	45.15	-2.98057E-001	-8.18191E-006	0.00000E+000	-2.98034E-001	0.00000E+000	8	...........	1466.53
	903	45.2	-2.97058E-001	-8.13823E-006	0.00000E+000	-2.97035E-001	0.00000E+000	8	...........	1466.53
	904	45.25	-2.96063E-001	-8.09718E-006	0.00000E+000	-2.96035E-001	0.00000E+000	8	...........	1466.53
	905	45.3	-2.95062E-001	-8.05876E-006	0.00000E+000	-2.95035E-001	0.00000E+000	8	...........	1466.53
	906	45.35	-2.94052E-001	-8.02146E-006	0.00000E+000	-2.94036E-001	0.00000E+000	8	...........	1466.53
	907	45.4	-2.93045E-001	-7.98469E-006	0.00000E+000	-2.93036E-001	0.00000E+000	8	...........	1466.53
	908	45.45	-2.92053E-001	-7.95042E-006	0.00000E+000	-2.92036E-001	0.00000E+000	8	...........	1466.53
	909	45.5	-2.91051E-001	-7.91621E-006	0.00000E+000	-2.91037E-001	0.00000E+000	8	...........	1466.61
	910	45.55	-2.90069E-001	-7.88349E-006	0.00000E+000	-2.90037E-001	0.00000E+000	8	...........	1466.71
	911	45.6	-2.89078E-001	-7.85161E-006	0.00000E+000	-2.89037E-001	0.00000E+000	8	...........	1466.71
	912	45.65	-2.88081E-001	-7.82137E-006	0.00000E+000	-2.88038E-001	0.00000E+000	8	...........	1466.71
	913	45.7	-2.87071E-001	-7.79056E-006	0.00000E+000	-2.87038E-001	0.00000E+000	8	...........	1466.71
	914	45.75	-2.86072E-001	-7.76092E-006	0.00000E+000	-2.86038E-001	0.00000E+000	8	...........	1466.71
	915	45.8	-2.85073E-001	-7.73143E-006	0.00000E+000	-2.85039E-001	0.00000E+000	8	...........	1466.71
	916	45.85	-2.84067E-001	-7.70408E-006	0.00000E+000	-2.84039E-001	0.00000E+000	8	...........	1466.71
	917	45.9	-2.83060E-001	-7.67484E-006	0.00000E+000	-2.83040E-001	0.00000E+000	8	...........	1466.71
	918	45.95	-2.82067E-001	-7.64907E-006	0.00000E+000	-2.82040E-001	0.00000E+000	8	...........	1466.71
	919	46	-2.81039E-001	-7.62140E-006	0.00000E+000	-2.81040E-001	0.00000E+000	8	...........	1466.71
	920	46.05	-2.80044E-001	-7.59544E-006	0.00000E+000	-2.80041E-001	0.00000E+000	8	...........	1466.71
	921	46.1	-2.79049E-001	-7.56933E-006	0.00000E+000	-2.79041E-001	0.00000E+000	8	...........	1466.71
	922	46.15	-2.78052E-001	-7.54425E-006	0.00000E+000	-2.78041E-001	0.00000E+000	8	...........	1466.71
	923	46.2	-2.77053E-001	-7.51996E-006	0.00000E+000	-2.77042E-001	0.00000E+000	8	...........	1466.71
	924	46.25	-2.76049E-001	-7.49461E-006	0.00000E+000	-2.76042E-001	0.00000E+000	8	...........	1466.71
	925	46.3	-2.75047E-001	-7.47031E-006	0.00000E+000	-2.75042E-001	0.00000E+000	8	...........	1466.71
	926	46.35	-2.74048E-001	-7.44551E-006	0.00000E+000	-2.74030E-001	0.00000E+000	8	...........	1466.71
	927	46.4	-2.73055E-001	-7.42319E-006	0.00000E+000	-2.73030E-001	0.00000E+000	8	...........	1466.71
	928	46.45	-2.72042E-001	-7.39928E-006	0.00000E+000	-2.72031E-001	0.00000E+000	8	...........	1466.71
	929	46.5	-2.71048E-001	-7.37714E-006	0.00000E+000	-2.71031E-001	0.00000E+000	8	...........	1466.83
	930	46.55	-2.70062E-001	-7.35501E-006	0.00000E+000	-2.70032E-001	0.00000E+000	8	...........	1466.98
	931	46.6	-2.69076E-001	-7.33263E-006	0.00000E+000	-2.69032E-001	0.00000E+000	8	...........	1466.98
	932	46.65	-2.68053E-001	-7.31084E-006	0.00000E+000	-2.68032E-001	0.00000E+000	8	...........	1466.98
	933	46.7	-2.67053E-001	-7.28948E-006	0.00000E+000	-2.67033E-001	0.00000E+000	8	...........	1466.98
	934	46.75	-2.66063E-001	-7.26814E-006	0.00000E+000	-2.66033E-001	0.00000E+000	8	...........	1466.98
	935	46.8	-2.65058E-001	-7.24755E-006	0.00000E+000	-2.65033E-001	0.00000E+000	8	...........	1466.98
	936	46.85	-2.64051E-001	-7.22703E-006	0.00000E+000	-2.64034E-001	0.00000E+000	8	...........	1466.98
	937	46.9	-2.63063E-001	-7.20635E-006	0.00000E+000	-2.63034E-001	0.00000E+000	8	...........	1466.98
	938	46.95	-2.62058E-001	-7.18617E-006	0.00000E+000	-2.62034E-001	0.00000E+000	8	...........	1466.98
	939	47	-2.61068E-001	-7.16645E-006	0.00000E+000	-2.61035E-001	0.00000E+000	8	...........	1466.98
	940	47.05	-2.60063E-001	-7.14702E-006	0.00000E+000	-2.60035E-001	0.00000E+000	8	...........	1466.98
	941	47.1	-2.59059E-001	-7.12747E-006	0.00000E+000	-2.59035E-001	0.00000E+000	8	...........	1466.98
	942	47.15	-2.58073E-001	-7.10809E-006	0.00000E+000	-2.58036E-001	0.00000E+000	8	...........	1466.98
	943	47.2	-2.57072E-001	-7.08959E-006	0.00000E+000	-2.57036E-001	0.00000E+000	8	...........	1466.98
	944	47.25	-2.56058E-001	-7.07118E-006	0.00000E+000	-2.56036E-001	0.00000E+000	8	...........	1466.98
	945	47.3	-2.55039E-001	-7.05263E-006	0.00000E+000	-2.55037E-001	0.00000E+000	8	...........	1466.98
	946	47.35	-2.54044E-001	-7.03447E-006	0.00000E+000	-2.54037E-001	0.00000E+000	8	...........	1466.98
	947	47.4	-2.53046E-001	-7.01613E-006	0.00000E+000	-2.53037E-001	0.00000E+000	8	...........	1466.98
	948	47.45	-2.52053E-001	-6.99800E-006	0.00000E+000	-2.52038E-001	0.00000E+000	8	...........	1466.98
	949	47.5	-2.51059E-001	-6.98046E-006	0.00000E+000	-2.51038E-001	0.00000E+000	8	...........	1466.98
	950	47.55	-2.50063E-001	-6.96331E-006	0.00000E+000	-2.50038E-001	0.00000E+000	8	...........	1466.98
	951	47.6	-2.49060E-001	-6.94607E-006	0.00000E+000	-2.49039E-001	0.00000E+000	8	...........	1466.98
	952	47.65	-2.48050E-001	-6.92849E-006	0.00000E+000	-2.48039E-001	0.00000E+000	8	...........	1466.98
	953	47.7	-2.47066E-001	-6.91139E-006	0.00000E+000	-2.47039E-001	0.00000E+000	8	...........	1466.98
	954	47.75	-2.46061E-001	-6.89528E-006	0.00000E+000	-2.46040E-001	0.00000E+000	8	...........	1466.98
	955	47.8	-2.45061E-001	-6.87817E-006	0.00000E+000	-2.45040E-001	0.00000E+000	8	...........	1466.98
	956	47.85	-2.44056E-001	-6.86129E-006	0.00000E+000	-2.44041E-001	0.00000E+000	8	...........	1466.98
	957	47.9	-2.43046E-001	-6.84547E-006	0.00000E+000	-2.43041E-001	0.00000E+000	8	...........	1466.98
	958	47.95	-2.42046E-001	-6.82867E-006	0.00000E+000	-2.42041E-001	0.00000E+000	8	...........	1466.98
	959	48	-2.41053E-001	-6.81276E-006	0.00000E+000	-2.41042E-001	0.00000E+000	8	...........	1466.98
	960	48.05	-2.40057E-001	-6.79622E-006	0.00000E+000	-2.40042E-001	0.00000E+000	8	...........	1466.98
	961	48.1	-2.39051E-001	-6.77937E-006	0.00000E+000	-2.39042E-001	0.00000E+000	8	...........	1466.98
	962	48.15	-2.38051E-001	-6.76316E-006	0.00000E+000	-2.38030E-001	0.00000E+000	8	...........	1466.98
	963	48.2	-2.37054E-001	-6.74811E-006	0.00000E+000	-2.37030E-001	0.00000E+000	8	...........	1466.98
	964	48.25	-2.36050E-001	-6.73238E-006	0.00000E+000	-2.36031E-001	0.00000E+000	8	...........	1466.98
	965	48.3	-2.35055E-001	-6.71672E-006	0.00000E+000	-2.35031E-001	0.00000E+000	8	...........	1466.98
	966	48.35	-2.34069E-001	-6.70205E-006	0.00000E+000	-2.34031E-001	0.00000E+000	8	...........	1466.98
	967	48.4	-2.33065E-001	-6.68731E-006	0.00000E+000	-2.33032E-001	0.00000E+000	8	...........	1466.98
	968	48.45	-2.32067E-001	-6.67228E-006	0.00000E+000	-2.32032E-001	0.00000E+000	8	...........	1466.98
	969	48.5	-2.31068E-001	-6.65741E-006	0.00000E+000	-2.31033E-001	0.00000E+000	8	...........	1466.78
	970	48.55	-2.30057E-001	-6.64266E-006	0.00000E+000	-2.30033E-001	0.00000E+000	8	...........	1466.53
	971	48.6	-2.29051E-001	-6.62867E-006	0.00000E+000	-2.29033E-001	0.00000E+000	8	...........	1466.53
	972	48.65	-2.28052E-001	-6.61365E-006	0.00000E+000	-2.28034E-001	0.00000E+000	8	...........	1466.53
	973	48.7	-2.27045E-001	-6.59951E-006	0.00000E+000	-2.27034E-001	0.00000E+000	8	...........	1466.53
	974	48.75	-2.26046E-001	-6.58457E-006	0.00000E+000	-2.26034E-001	0.00000E+000	8	...........	1466.53
	975	48.8	-2.25058E-001	-6.57115E-006	0.00000E+000	-2.25035E-001	0.00000E+000	8	...........	1466.53
	976	48.85	-2.24068E-001	-6.55683E-006	0.00000E+000	-2.24035E-001	0.00000E+000	8	...........	1466.53
	977	48.9	-2.23065E-001	-6.54237E-006	0.00000E+000	-2.23035E-001	0.00000E+000	8	...........	1466.53
	978	48.95	-2.22063E-001	-6.52829E-006	0.00000E+000	-2.22036E-001	0.00000E+000	8	...........	1466.53
	979	49	-2.21067E-001	-6.51423E-006	0.00000E+000	-2.21036E-001	0.00000E+000	8	...........	1466.53
	980	49.05	-2.20049E-001	-6.49990E-006	0.00000E+000	-2.20036E-001	0.00000E+000	8	...........	1466.53
	981	49.1	-2.19063E-001	-6.48664E-006	0.00000E+000	-2.19037E-001	0.00000E+000	8	...........	1466.53
	982	49.15	-2.18081E-001	-6.47381E-006	0.00000E+000	-2.18037E-001	0.00000E+000	8	...........	1466.53
	983	49.2	-2.17049E-001	-6.45941E-006	0.00000E+000	-2.17037E-001	0.00000E+000	8	...........	1466.53
	984	49.25	-2.16055E-001	-6.44537E-006	0.00000E+000	-2.16038E-001	0.00000E+000	8	...........	1466.53
	985	49.3	-2.15074E-001	-6.43277E-006	0.00000E+000	-2.15038E-001	0.00000E+000	8	...........	1466.53
	986	49.35	-2.14070E-001	-6.41990E-006	0.00000E+000	-2.14038E-001	0.00000E+000	8	...........	1466.53
	987	49.4	-2.13068E-001	-6.40583E-006	0.00000E+000	-2.13039E-001	0.00000E+000	8	...........	1466.53
	988	49.45	-2.12068E-001	-6.39261E-006	0.00000E+000	-2.12039E-001	0.00000E+000	8	...........	1466.53
	989	49.5	-2.11057E-001	-6.37898E-006	0.00000E+000	-2.11039E-001	0.00000E+000	8	...........	1466.57
	990	49.55	-2.10071E-001	-6.36607E-006	0.00000E+000	-2.10040E-001	0.00000E+000	8	...........	1466.62
	991	49.6	-2.09066E-001	-6.35287E-006	0.00000E+000	-2.09040E-001	0.00000E+000	8	...........	1466.62
	992	49.65	-2.08071E-001	-6.34032E-006	0.00000E+000	-2.08040E-001	0.00000E+000	8	...........	1466.62
	993	49.7	-2.07064E-001	-6.32754E-006	0.00000E+000	-2.07041E-001	0.00000E+000	8	...........	1466.62
	994	49.75	-2.06067E-001	-6.31451E-006	0.00000E+000	-2.06041E-001	0.00000E+000	8	...........	1466.62
	995	49.8	-2.05084E-001	-6.30241E-006	0.00000E+000	-2.05042E-001	0.00000E+000	8	...........	1466.62
	996	49.85	-2.04052E-001	-6.28922E-006	0.00000E+000	-2.04042E-001	0.00000E+000	8	...........	1466.62
	997	49.9	-2.03064E-001	-6.27595E-006	0.00000E+000	-2.03042E-001	0.00000E+000	8	...........	1466.62
	998	49.95	-2.02079E-001	-6.26300E-006	0.00000E+000	-2.02043E-001	0.00000E+000	8	...........	1466.62
	999	50	-2.01055E-001	-6.24989E-006	0.00000E+000	-2.01030E-001	0.00000E+000	8	...........	1466.62
	1000	50.05	-2.00064E-001	-6.23781E-006	0.00000E+000	-2.00031E-001	0.00000E+000	8	...........	1466.62
	1001	50.1	-1.99060E-001	-6.22552E-006	0.00000E+000	-1.99031E-001	0.00000E+000	8	...........	1466.62
	1002	50.15	-1.98054E-001	-6.21309E-006	0.00000E+000	-1.98031E-001	0.00000E+000	8	...........	1466.62
	1003	50.2	-1.97065E-001	-6.20047E-006	0.00000E+000	-1.97032E-001	0.00000E+000	8	...........	1466.62
	1004	50.25	-1.96068E-001	-6.18764E-006	0.00000E+000	-1.96032E-001	0.00000E+000	8	...........	1466.62
	1005	50.3	-1.95057E-001	-6.17491E-006	0.00000E+000	-1.95032E-001	0.00000E+000	8	...........	1466.62
	1006	50.35	-1.94068E-001	-6.16259E-006	0.00000E+000	-1.94033E-001	0.00000E+000	8	...........	1466.62
	1007	50.4	-1.93069E-001	-6.15042E-006	0.00000E+000	-1.93033E-001	0.00000E+000	8	...........	1466.62
	1008	50.45	-1.92085E-001	-6.13779E-006	0.00000E+000	-1.92034E-001	0.00000E+000	8	...........	1466.62
	1009	50.5	-1.91047E-001	-6.12522E-006	0.00000E+000	-1.91034E-001	0.00000E+000	8	...........	1466.79
	1010	50.55	-1.90060E-001	-6.11304E-006	0.00000E+000	-1.90034E-001	0.00000E+000	8	...........	1466.98
	1011	50.6	-1.89083E-001	-6.10112E-006	0.00000E+000	-1.89035E-001	0.00000E+000	8	...........	1466.98
	1012	50.65	-1.88077E-001	-6.08863E-006	0.00000E+000	-1.88035E-001	0.00000E+000	8	...........	1466.98
	1013	50.7	-1.87074E-001	-6.07553E-006	0.00000E+000	-1.87035E-001	0.00000E+000	8	...........	1466.98
	1014	50.75	-1.86079E-001	-6.06301E-006	0.00000E+000	-1.86036E-001	0.00000E+000	8	...........	1466.98
	1015	50.8	-1.85072E-001	-6.05093E-006	0.00000E+000	-1.85036E-001	0.00000E+000	8	...........	1466.98
	1016	50.85	-1.84083E-001	-6.03850E-006	0.00000E+000	-1.84036E-001	0.00000E+000	8	...........	1466.98
	1017	50.9	-1.83080E-001	-6.02571E-006	0.00000E+000	-1.83037E-001	0.00000E+000	8	...........	1466.98
	1018	50.95	-1.82074E-001	-6.01276E-006	0.00000E+000	-1.82037E-001	0.00000E+000	8	...........	1466.98
	1019	51	-1.81072E-001	-5.99990E-006	0.00000E+000	-1.81037E-001	0.00000E+000	8	...........	1466.98
	1020	51.05	-1.80076E-001	-5.98803E-006	0.00000E+000	-1.80038E-001	0.00000E+000	8	...........	1466.98
	1021	51.1	-1.79057E-001	-5.97559E-006	0.00000E+000	-1.79038E-001	0.00000E+000	8	...........	1466.98
	1022	51.15	-1.78059E-001	-5.96276E-006	0.00000E+000	-1.78038E-001	0.00000E+000	8	...........	1466.98
	1023	51.2	-1.77070E-001	-5.95090E-006	0.00000E+000	-1.77039E-001	0.00000E+000	8	...........	1466.98
	1024	51.25	-1.76064E-001	-5.93707E-006	0.00000E+000	-1.76039E-001	0.00000E+000	8	...........	1466.98
	1025	51.3	-1.75052E-001	-5.92350E-006	0.00000E+000	-1.75039E-001	0.00000E+000	8	...........	1466.98
	1026	51.35	-1.74068E-001	-5.91060E-006	0.00000E+000	-1.74040E-001	0.00000E+000	8	...........	1466.98
	1027	51.4	-1.73083E-001	-5.89847E-006	0.00000E+000	-1.73040E-001	0.00000E+000	8	...........	1466.98
	1028	51.45	-1.72083E-001	-5.88590E-006	0.00000E+000	-1.72040E-001	0.00000E+000	8	...........	1466.98
	1029	51.5	-1.71074E-001	-5.87237E-006	0.00000E+000	-1.71041E-001	0.00000E+000	8	...........	1466.94
	1030	51.55	-1.70080E-001	-5.85986E-006	0.00000E+000	-1.70041E-001	0.00000E+000	8	...........	1466.89
	1031	51.6	-1.69090E-001	-5.84667E-006	0.00000E+000	-1.69041E-001	0.00000E+000	8	...........	1466.89
	1032	51.65	-1.68099E-001	-5.83335E-006	0.00000E+000	-1.68042E-001	0.00000E+000	8	...........	1466.89
	1033	51.7	-1.67090E-001	-5.81933E-006	0.00000E+000	-1.67042E-001	0.00000E+000	8	...........	1466.89
	1034	51.75	-1.66075E-001	-5.80639E-006	0.00000E+000	-1.66043E-001	0.00000E+000	8	...........	1466.89
	1035	51.8	-1.65053E-001	-5.79114E-006	0.00000E+000	-1.65030E-001	0.00000E+000	8	...........	1466.89
	1036	51.85	-1.64069E-001	-5.77893E-006	0.00000E+000	-1.64031E-001	0.00000E+000	8	...........	1466.89
	1037	51.9	-1.63071E-001	-5.76496E-006	0.00000E+000	-1.63031E-001	0.00000E+000	8	...........	1466.89
	1038	51.95	-1.62072E-001	-5.75127E-006	0.00000E+000	-1.62031E-001	0.00000E+000	8	...........	1466.89
	1039	52	-1.61077E-001	-5.73787E-006	0.00000E+000	-1.61032E-001	0.00000E+000	8	...........	1466.89
	1040	52.05	-1.60078E-001	-5.72413E-006	0.00000E+000	-1.60032E-001	0.00000E+000	8	...........	1466.89
	1041	52.1	-1.59063E-001	-5.71000E-006	0.00000E+000	-1.59032E-001	0.00000E+000	8	...........	1466.89
	1042	52.15	-1.58065E-001	-5.69560E-006	0.00000E+000	-1.58033E-001	0.00000E+000	8	...........	1466.89
	1043	52.2	-1.57085E-001	-5.68073E-006	0.00000E+000	-1.57033E-001	0.00000E+000	8	...........	1466.89
	1044	52.25	-1.56077E-001	-5.66680E-006	0.00000E+000	-1.56034E-001	0.00000E+000	8	...........	1466.89
	1045	52.3	-1.55074E-001	-5.65138E-006	0.00000E+000	-1.55034E-001	0.00000E+000	8	...........	1466.89
	1046	52.35	-1.54081E-001	-5.63723E-006	0.00000E+000	-1.54034E-001	0.00000E+000	8	...........	1466.89
	1047	52.4	-1.53065E-001	-5.62279E-006	0.00000E+000	-1.53035E-001	0.00000E+000	8	...........	1466.89
	1048	52.45	-1.52070E-001	-5.60617E-006	0.00000E+000	-1.52035E-001	0.00000E+000	8	...........	1466.89
	1049	52.5	-1.51069E-001	-5.59066E-006	0.00000E+000	-1.51035E-001	0.00000E+000	8	...........	1466.72
	1050	52.55	-1.50068E-001	-5.57507E-006	0.00000E+000	-1.50036E-001	0.00000E+000	8	...........	1466.53
	1051	52.6	-1.49066E-001	-5.55916E-006	0.00000E+000	-1.49036E-001	0.00000E+000	8	...........	1466.53
	1052	52.65	-1.48068E-001	-5.54285E-006	0.00000E+000	-1.48036E-001	0.00000E+000	8	...........	1466.53
	1053	52.7	-1.47074E-001	-5.52682E-006	0.00000E+000	-1.47037E-001	0.00000E+000	8	...........	1466.53
	1054	52.75	-1.46082E-001	-5.50969E-006	0.00000E+000	-1.46037E-001	0.00000E+000	8	...........	1466.53
	1055	52.8	-1.45079E-001	-5.49246E-006	0.00000E+000	-1.45037E-001	0.00000E+000	8	...........	1466.53
	1056	52.85	-1.44086E-001	-5.47537E-006	0.00000E+000	-1.44038E-001	0.00000E+000	8	...........	1466.53
	1057	52.9	-1.43073E-001	-5.45793E-006	0.00000E+000	-1.43038E-001	0.00000E+000	8	...........	1466.53
	1058	52.95	-1.42077E-001	-5.44039E-006	0.00000E+000	-1.42038E-001	0.00000E+000	8	...........	1466.53
	1059	53	-1.41096E-001	-5.42184E-006	0.00000E+000	-1.41039E-001	0.00000E+000	8	...........	1466.53
	1060	53.05	-1.40064E-001	-5.40372E-006	0.00000E+000	-1.40039E-001	0.00000E+000	8	...........	1466.53
	1061	53.1	-1.39069E-001	-5.38522E-006	0.00000E+000	-1.39039E-001	0.00000E+000	8	...........	1466.53
	1062	53.15	-1.38082E-001	-5.36663E-006	0.00000E+000	-1.38040E-001	0.00000E+000	8	...........	1466.53
	1063	53.2	-1.37076E-001	-5.34720E-006	0.00000E+000	-1.37040E-001	0.00000E+000	8	...........	1466.53
	1064	53.25	-1.36078E-001	-5.32753E-006	0.00000E+000	-1.36040E-001	0.00000E+000	8	...........	1466.53
	1065	53.3	-1.35078E-001	-5.30666E-006	0.00000E+000	-1.35041E-001	0.00000E+000	8	...........	1466.53
	1066	53.35	-1.34074E-001	-5.28622E-006	0.00000E+000	-1.34041E-001	0.00000E+000	8	...........	1466.53
	1067	53.4	-1.33091E-001	-5.26382E-006	0.00000E+000	-1.33041E-001	0.00000E+000	8	...........	1466.53
	1068	53.45	-1.32101E-001	-5.24288E-006	0.00000E+000	-1.32042E-001	0.00000E+000	8	...........	1466.53
	1069	53.5	-1.31098E-001	-5.22093E-006	0.00000E+000	-1.31042E-001	0.00000E+000	8	...........	1466.53
	1070	53.55	-1.30088E-001	-5.19825E-006	0.00000E+000	-1.30042E-001	0.00000E+000	8	...........	1466.53
	1071	53.6	-1.29085E-001	-5.17330E-006	0.00000E+000	-1.29030E-001	0.00000E+000	8	...........	1466.53
	1072	53.65	-1.28093E-001	-5.15089E-006	0.00000E+000	-1.28031E-001	0.00000E+000	8	...........	1466.53
	1073	53.7	-1.27060E-001	-5.12673E-006	0.00000E+000	-1.27031E-001	0.00000E+000	8	...........	1466.53
	1074	53.75	-1.26060E-001	-5.10237E-006	0.00000E+000	-1.26031E-001	0.00000E+000	8	...........	1466.53
	1075	53.8	-1.25065E-001	-5.07678E-006	0.00000E+000	-1.25032E-001	0.00000E+000	8	...........	1466.53
	1076	53.85	-1.24062E-001	-5.05143E-006	0.00000E+000	-1.24032E-001	0.00000E+000	8	...........	1466.53
	1077	53.9	-1.23074E-001	-5.02475E-006	0.00000E+000	-1.23032E-001	0.00000E+000	8	...........	1466.53
	1078	53.95	-1.22073E-001	-4.99783E-006	0.00000E+000	-1.22033E-001	0.00000E+000	8	...........	1466.53
	1079	54	-1.21066E-001	-4.96893E-006	0.00000E+000	-1.21033E-001	0.00000E+000	8	...........	1466.53
	1080	54.05	-1.20061E-001	-4.93963E-006	0.00000E+000	-1.20033E-001	0.00000E+000	8	...........	1466.53
	1081	54.1	-1.19063E-001	-4.91146E-006	0.00000E+000	-1.19034E-001	0.00000E+000	8	...........	1466.53
	1082	54.15	-1.18078E-001	-4.88041E-006	0.00000E+000	-1.18034E-001	0.00000E+000	8	...........	1466.53
	1083	54.2	-1.17084E-001	-4.84955E-006	0.00000E+000	-1.17034E-001	0.00000E+000	8	...........	1466.53
	1084	54.25	-1.16083E-001	-4.81697E-006	0.00000E+000	-1.16035E-001	0.00000E+000	8	...........	1466.53
	1085	54.3	-1.15060E-001	-4.78369E-006	0.00000E+000	-1.15035E-001	0.00000E+000	8	...........	1466.53
	1086	54.35	-1.14064E-001	-4.75001E-006	0.00000E+000	-1.14036E-001	0.00000E+000	8	...........	1466.53
	1087	54.4	-1.13058E-001	-4.71516E-006	0.00000E+000	-1.13036E-001	0.00000E+000	8	...........	1466.53
	1088	54.45	-1.12067E-001	-4.67926E-006	0.00000E+000	-1.12036E-001	0.00000E+000	8	...........	1466.53
	1089	54.5	-1.11066E-001	-4.64302E-006	0.00000E+000	-1.11037E-001	0.00000E+000	8	...........	1466.75
	1090	54.55	-1.10062E-001	-4.60423E-006	0.00000E+000	-1.10037E-001	0.00000E+000	8	...........	1466.98
	1091	54.6	-1.09069E-001	-4.56540E-006	0.00000E+000	-1.09037E-001	0.00000E+000	8	...........	1466.98
	1092	54.65	-1.08077E-001	-4.52547E-006	0.00000E+000	-1.08038E-001	0.00000E+000	8	...........	1466.98
	1093	54.7	-1.07073E-001	-4.48284E-006	0.00000E+000	-1.07038E-001	0.00000E+000	8	...........	1466.98
	1094	54.75	-1.06093E-001	-4.44072E-006	0.00000E+000	-1.06038E-001	0.00000E+000	8	...........	1466.98
	1095	54.8	-1.05084E-001	-4.39657E-006	0.00000E+000	-1.05039E-001	0.00000E+000	8	...........	1466.98
	1096	54.85	-1.04083E-001	-4.35004E-006	0.00000E+000	-1.04039E-001	0.00000E+000	8	...........	1466.98
	1097	54.9	-1.03090E-001	-4.30479E-006	0.00000E+000	-1.03039E-001	0.00000E+000	8	...........	1466.98
	1098	54.95	-1.02084E-001	-4.25709E-006	0.00000E+000	-1.02040E-001	0.00000E+000	8	...........	1466.98
	1099	55	-1.01084E-001	-4.20554E-006	0.00000E+000	-1.01040E-001	0.00000E+000	8	...........	1466.98
	1100	55.05	-1.00087E-001	-4.15481E-006	0.00000E+000	-1.00040E-001	0.00000E+000	8	...........	1466.98
	1101	55.1	-9.90739E-002	-4.10082E-006	0.00000E+000	-9.90407E-002	0.00000E+000	8	...........	1466.98
	1102	55.15	-9.80791E-002	-4.04572E-006	0.00000E+000	-9.80411E-002	0.00000E+000	8	...........	1466.98
	1103	55.2	-9.70757E-002	-3.98961E-006	0.00000E+000	-9.70414E-002	0.00000E+000	8	...........	1466.98
	1104	55.25	-9.60890E-002	-3.93169E-006	0.00000E+000	-9.60418E-002	0.00000E+000	8	...........	1466.98
	1105	55.3	-9.50837E-002	-3.87077E-006	0.00000E+000	-9.50421E-002	0.00000E+000	8	...........	1466.98
	1106	55.35	-9.40914E-002	-3.80754E-006	0.00000E+000	-9.40425E-002	0.00000E+000	8	...........	1466.98
	1107	55.4	-9.30861E-002	-3.73842E-006	0.00000E+000	-9.30303E-002	0.00000E+000	8	...........	1466.98
	1108	55.45	-9.20825E-002	-3.67469E-006	0.00000E+000	-9.20306E-002	0.00000E+000	8	...........	1466.98
	1109	55.5	-9.10857E-002	-3.60669E-006	0.00000E+000	-9.10310E-002	0.00000E+000	8	...........	1466.98
	1110	55.55	-9.00847E-002	-3.53588E-006	0.00000E+000	-9.00313E-002	0.00000E+000	8	...........	1466.98
	1111	55.6	-8.90672E-002	-3.46306E-006	0.00000E+000	-8.90317E-002	0.00000E+000	8	...........	1466.98
	1112	55.65	-8.80686E-002	-3.38639E-006	0.00000E+000	-8.80320E-002	0.00000E+000	8	...........	1466.98
	1113	55.7	-8.70668E-002	-3.30830E-006	0.00000E+000	-8.70324E-002	0.00000E+000	8	...........	1466.98
	1114	55.75	-8.60560E-002	-3.22673E-006	0.00000E+000	-8.60327E-002	0.00000E+000	8	...........	1466.98
	1115	55.8	-8.50806E-002	-3.14484E-006	0.00000E+000	-8.50331E-002	0.00000E+000	8	...........	1466.98
	1116	55.85	-8.40771E-002	-3.05799E-006	0.00000E+000	-8.40334E-002	0.00000E+000	8	...........	1466.98
	1117	55.9	-8.30817E-002	-2.96972E-006	0.00000E+000	-8.30338E-002	0.00000E+000	8	...........	1466.98
	1118	55.95	-8.20799E-002	-2.87699E-006	0.00000E+000	-8.20341E-002	0.00000E+000	8	...........	1466.98
	1119	56	-8.10752E-002	-2.78067E-006	0.00000E+000	-8.10345E-002	0.00000E+000	8	...........	1466.98
	1120	56.05	-8.00995E-002	-2.68411E-006	0.00000E+000	-8.00348E-002	0.00000E+000	8	...........	1466.98
	1121	56.1	-7.90818E-002	-2.58188E-006	0.00000E+000	-7.90351E-002	0.00000E+000	8	...........	1466.98
	1122	56.15	-7.80989E-002	-2.47968E-006	0.00000E+000	-7.80355E-002	0.00000E+000	8	...........	1466.98
	1123	56.2	-7.70871E-002	-2.37066E-006	0.00000E+000	-7.70358E-002	0.00000E+000	8	...........	1466.98
	1124	56.25	-7.60688E-002	-2.26078E-006	0.00000E+000	-7.60362E-002	0.00000E+000	8	...........	1466.98
	1125	56.3	-7.50612E-002	-2.14204E-006	0.00000E+000	-7.50365E-002	0.00000E+000	8	...........	1466.98
	1126	56.35	-7.40826E-002	-2.02375E-006	0.00000E+000	-7.40369E-002	0.00000E+000	8	...........	1466.98
	1127	56.4	-7.30799E-002	-1.90226E-006	0.00000E+000	-7.30372E-002	0.00000E+000	8	...........	1466.98
	1128	56.45	-7.20746E-002	-1.77663E-006	0.00000E+000	-7.20376E-002	0.00000E+000	8	...........	1466.98
	1129	56.5	-7.10732E-002	-1.64526E-006	0.00000E+000	-7.10379E-002	0.00000E+000	8	...........	1466.71
	1130	56.55	-7.00646E-002	-1.51054E-006	0.00000E+000	-7.00383E-002	0.00000E+000	8	...........	1466.44
	1131	56.6	-6.90800E-002	-1.37040E-006	0.00000E+000	-6.90386E-002	0.00000E+000	8	...........	1466.44
	1132	56.65	-6.80909E-002	-1.22839E-006	0.00000E+000	-6.80389E-002	0.00000E+000	8	...........	1466.44
	1133	56.7	-6.70889E-002	-1.08156E-006	0.00000E+000	-6.70393E-002	0.00000E+000	8	...........	1466.44
	1134	56.75	-6.60843E-002	-9.29524E-007	0.00000E+000	-6.60396E-002	0.00000E+000	8	...........	1466.44
	1135	56.8	-6.50841E-002	-7.72273E-007	0.00000E+000	-6.50400E-002	0.00000E+000	8	...........	1466.44
	1136	56.85	-6.41054E-002	-6.12288E-007	0.00000E+000	-6.40403E-002	0.00000E+000	8	...........	1466.44
	1137	56.9	-6.30750E-002	-4.42541E-007	0.00000E+000	-6.30407E-002	0.00000E+000	8	...........	1466.44
	1138	56.95	-6.20854E-002	-2.72733E-007	0.00000E+000	-6.20410E-002	0.00000E+000	8	...........	1466.44
	1139	57	-6.10824E-002	-9.64787E-008	0.00000E+000	-6.10414E-002	0.00000E+000	8	...........	1466.44
	1140	57.05	-6.00829E-002	8.38128E-008	0.00000E+000	-6.00417E-002	0.00000E+000	8	...........	1466.44
	1141	57.1	-5.90895E-002	2.69373E-007	0.00000E+000	-5.90421E-002	0.00000E+000	8	...........	1466.44
	1142	57.15	-5.80970E-002	4.60793E-007	0.00000E+000	-5.80424E-002	0.00000E+000	8	...........	1466.44
	1143	57.2	-5.70833E-002	6.58288E-007	0.00000E+000	-5.70428E-002	0.00000E+000	8	...........	1466.44
	1144	57.25	-5.60913E-002	8.76622E-007	0.00000E+000	-5.60306E-002	0.00000E+000	8	...........	1466.44
	1145	57.3	-5.50826E-002	1.07588E-006	0.00000E+000	-5.50310E-002	0.00000E+000	8	...........	1466.44
	1146	57.35	-5.40742E-002	1.28749E-006	0.00000E+000	-5.40313E-002	0.00000E+000	8	...........	1466.44
	1147	57.4	-5.30889E-002	1.50547E-006	0.00000E+000	-5.30316E-002	0.00000E+000	8	...........	1466.44
	1148	57.45	-5.20885E-002	1.72992E-006	0.00000E+000	-5.20320E-002	0.00000E+000	8	...........	1466.44
	1149	57.5	-5.10926E-002	1.95221E-006	0.00000E+000	-5.10323E-002	0.00000E+000	8	...........	1466.48
	1150	57.55	-5.00758E-002	2.19545E-006	0.00000E+000	-5.00327E-002	0.00000E+000	8	...........	1466.53
	1151	57.6	-4.90660E-002	2.43661E-006	0.00000E+000	-4.90330E-002	0.00000E+000	8	...........	1466.53
	1152	57.65	-4.80667E-002	2.68467E-006	0.00000E+000	-4.80334E-002	0.00000E+000	8	...........	1466.53
	1153	57.7	-4.70708E-002	2.93696E-006	0.00000E+000	-4.70337E-002	0.00000E+000	8	...........	1466.53
	1154	57.75	-4.60802E-002	3.19425E-006	0.00000E+000	-4.60341E-002	0.00000E+000	8	...........	1466.53
	1155	57.8	-4.50789E-002	3.45852E-006	0.00000E+000	-4.50344E-002	0.00000E+000	8	...........	1466.53
	1156	57.85	-4.40656E-002	3.72813E-006	0.00000E+000	-4.40348E-002	0.00000E+000	8	...........	1466.53
	1157	57.9	-4.30727E-002	4.01055E-006	0.00000E+000	-4.30351E-002	0.00000E+000	8	...........	1466.53
	1158	57.95	-4.20886E-002	4.29021E-006	0.00000E+000	-4.20354E-002	0.00000E+000	8	...........	1466.53
	1159	58	-4.10891E-002	4.57586E-006	0.00000E+000	-4.10358E-002	0.00000E+000	8	...........	1466.53
	1160	58.05	-4.00895E-002	4.87025E-006	0.00000E+000	-4.00361E-002	0.00000E+000	8	...........	1466.53
	1161	58.1	-3.91011E-002	5.16321E-006	0.00000E+000	-3.90365E-002	0.00000E+000	8	...........	1466.53
	1162	58.15	-3.80857E-002	5.46748E-006	0.00000E+000	-3.80368E-002	0.00000E+000	8	...........	1466.53
	1163	58.2	-3.70878E-002	5.78163E-006	0.00000E+000	-3.70372E-002	0.00000E+000	8	...........	1466.53
	1164	58.25	-3.60922E-002	6.09320E-006	0.00000E+000	-3.60375E-002	0.00000E+000	8	...........	1466.53
	1165	58.3	-3.50845E-002	6.41432E-006	0.00000E+000	-3.50379E-002	0.00000E+000	8	...........	1466.53
	1166	58.35	-3.40963E-002	6.73488E-006	0.00000E+000	-3.40382E-002	0.00000E+000	8	...........	1466.53
	1167	58.4	-3.30921E-002	7.06393E-006	0.00000E+000	-3.30386E-002	0.00000E+000	8	...........	1466.53
	1168	58.45	-3.21020E-002	7.38982E-006	0.00000E+000	-3.20389E-002	0.00000E+000	8	...........	1466.53
	1169	58.5	-3.10861E-002	7.73075E-006	0.00000E+000	-3.10393E-002	0.00000E+000	8	...........	1466.67
	1170	58.55	-3.00796E-002	8.07187E-006	0.00000E+000	-3.00396E-002	0.00000E+000	8	...........	1466.80
	1171	58.6	-2.90962E-002	8.41795E-006	0.00000E+000	-2.90399E-002	0.00000E+000	8	...........	1466.80
	1172	58.65	-2.81095E-002	8.75792E-006	0.00000E+000	-2.80403E-002	0.00000E+000	8	...........	1466.80
	1173	58.7	-2.71022E-002	9.10736E-006	0.00000E+000	-2.70406E-002	0.00000E+000	8	...........	1466.80
	1174	58.75	-2.61031E-002	9.46091E-006	0.00000E+000	-2.60410E-002	0.00000E+000	8	...........	1466.80
	1175	58.8	-2.50959E-002	9.81040E-006	0.00000E+000	-2.50413E-002	0.00000E+000	8	...........	1466.80
	1176	58.85	-2.40844E-002	1.01738E-005	0.00000E+000	-2.40417E-002	0.00000E+000	8	...........	1466.80
	1177	58.9	-2.30839E-002	1.05336E-005	0.00000E+000	-2.30420E-002	0.00000E+000	8	...........	1466.80
	1178	58.95	-2.20802E-002	1.08890E-005	0.00000E+000	-2.20424E-002	0.00000E+000	8	...........	1466.80
	1179	59	-2.10817E-002	1.12501E-005	0.00000E+000	-2.10427E-002	0.00000E+000	8	...........	1466.80
	1180	59.05	-2.00680E-002	1.16453E-005	0.00000E+000	-2.00306E-002	0.00000E+000	8	...........	1466.80
	1181	59.1	-1.90853E-002	1.19835E-005	0.00000E+000	-1.90309E-002	0.00000E+000	8	...........	1466.80
	1182	59.15	-1.80785E-002	1.23452E-005	0.00000E+000	-1.80313E-002	0.00000E+000	8	...........	1466.80
	1183	59.2	-1.70750E-002	1.27013E-005	0.00000E+000	-1.70316E-002	0.00000E+000	8	...........	1466.80
	1184	59.25	-1.60746E-002	1.30585E-005	0.00000E+000	-1.60320E-002	0.00000E+000	8	...........	1466.80
	1185	59.3	-1.50678E-002	1.34118E-005	0.00000E+000	-1.50323E-002	0.00000E+000	8	...........	1466.80
	1186	59.35	-1.40791E-002	1.37652E-005	0.00000E+000	-1.40326E-002	0.00000E+000	8	...........	1466.80
	1187	59.4	-1.30886E-002	1.41136E-005	0.00000E+000	-1.30330E-002	0.00000E+000	8	...........	1466.80
	1188	59.45	-1.20585E-002	1.44619E-005	0.00000E+000	-1.20333E-002	0.00000E+000	8	...........	1466.80
	1189	59.5	-1.10584E-002	1.48147E-005	0.00000E+000	-1.10337E-002	0.00000E+000	8	...........	1466.89
	1190	59.55	-1.00771E-002	1.51526E-005	0.00000E+000	-1.00340E-002	0.00000E+000	8	...........	1466.98
	1191	59.6	-9.07287E-003	1.54848E-005	0.00000E+000	-9.03437E-003	0.00000E+000	8	...........	1466.98
	1192	59.65	-8.07666E-003	1.58145E-005	0.00000E+000	-8.03472E-003	0.00000E+000	8	...........	1466.98
	1193	59.7	-7.07219E-003	1.61347E-005	0.00000E+000	-7.03506E-003	0.00000E+000	8	...........	1466.98
	1194	59.75	-6.06356E-003	1.64569E-005	0.00000E+000	-6.03541E-003	0.00000E+000	8	...........	1466.98
	1195	59.8	-5.08400E-003	1.67740E-005	0.00000E+000	-5.03576E-003	0.00000E+000	8	...........	1466.98
	1196	59.85	-4.08972E-003	1.70784E-005	0.00000E+000	-4.03610E-003	0.00000E+000	8	...........	1466.98
	1197	59.9	-3.09057E-003	1.73763E-005	0.00000E+000	-3.03645E-003	0.00000E+000	8	...........	1466.98
	1198	59.95	-2.08106E-003	1.76724E-005	0.00000E+000	-2.03680E-003	0.00000E+000	8	...........	1466.98
	1199	60	-1.08732E-003	1.79524E-005	0.00000E+000	-1.03714E-003	0.00000E+000	8	...........	1466.98
	1200	60.05	-7.78112E-005	1.82239E-005	0.00000E+000	-3.74870E-005	0.00000E+000	8	...........	1466.98
	1201	60.1	9.39340E-004	1.84917E-005	0.00000E+000	9.62167E-004	0.00000E+000	8	...........	1466.98
	1202	60.15	1.95352E-003	1.87553E-005	0.00000E+000	1.96182E-003	0.00000E+000	8	...........	1466.98
	1203	60.2	2.92623E-003	1.90067E-005	0.00000E+000	2.96147E-003	0.00000E+000	8	...........	1466.98
	1204	60.25	3.93797E-003	1.92439E-005	0.00000E+000	3.96113E-003	0.00000E+000	8	...........	1466.98
	1205	60.3	4.93158E-003	1.94718E-005	0.00000E+000	4.96078E-003	0.00000E+000	8	...........	1466.98
	1206	60.35	5.92900E-003	1.96958E-005	0.00000E+000	5.96044E-003	0.00000E+000	8	...........	1466.98
	1207	60.4	6.92475E-003	1.99038E-005	0.00000E+000	6.96009E-003	0.00000E+000	8	...........	1466.98
	1208	60.45	7.91285E-003	2.01090E-005	0.00000E+000	7.95974E-003	0.00000E+000	8	...........	1466.98
	1209	60.5	8.91214E-003	2.03013E-005	0.00000E+000	8.95940E-003	0.00000E+000	8	...........	1466.69
	1210	60.55	9.92302E-003	2.04795E-005	0.00000E+000	9.95905E-003	0.00000E+000	8	...........	1466.44
	1211	60.6	1.09169E-002	2.06495E-005	0.00000E+000	1.09587E-002	0.00000E+000	8	...........	1466.44
	1212	60.65	1.19109E-002	2.08077E-005	0.00000E+000	1.19584E-002	0.00000E+000	8	...........	1466.44
	1213	60.7	1.29334E-002	2.09513E-005	0.00000E+000	1.29580E-002	0.00000E+000	8	...........	1466.44
	1214	60.75	1.39350E-002	2.10977E-005	0.00000E+000	1.39577E-002	0.00000E+000	8	...........	1466.44
	1215	60.8	1.49221E-002	2.12231E-005	0.00000E+000	1.49573E-002	0.00000E+000	8	...........	1466.44
	1216	60.85	1.59178E-002	2.13766E-005	0.00000E+000	1.59695E-002	0.00000E+000	8	...........	1466.44
	1217	60.9	1.69265E-002	2.14606E-005	0.00000E+000	1.69691E-002	0.00000E+000	8	...........	1466.44
	1218	60.95	1.79260E-002	2.15533E-005	0.00000E+000	1.79688E-002	0.00000E+000	8	...........	1466.44
	1219	61	1.89242E-002	2.16386E-005	0.00000E+000	1.89684E-002	0.00000E+000	8	...........	1466.44
	1220	61.05	1.99248E-002	2.17101E-005	0.00000E+000	1.99681E-002	0.00000E+000	8	...........	1466.44
	1221	61.1	2.09146E-002	2.17860E-005	0.00000E+000	2.09677E-002	0.00000E+000	8	...........	1466.44
	1222	61.15	2.19168E-002	2.18379E-005	0.00000E+000	2.19674E-002	0.00000E+000	8	...........	1466.44
	1223	61.2	2.29217E-002	2.18836E-005	0.00000E+000	2.29670E-002	0.00000E+000	8	...........	1466.44
	1224	61.25	2.39202E-002	2.19205E-005	0.00000E+000	2.39667E-002	0.00000E+000	8	...........	1466.44
	1225	61.3	2.49293E-002	2.19445E-005	0.00000E+000	2.49664E-002	0.00000E+000	8	...........	1466.44
	1226	61.35	2.59517E-002	2.19645E-005	0.00000E+000	2.59660E-002	0.00000E+000	8	...........	1466.44
	1227	61.4	2.69392E-002	2.19821E-005	0.00000E+000	2.69657E-002	0.00000E+000	8	...........	1466.44
	1228	61.45	2.79368E-002	2.19800E-005	0.00000E+000	2.79653E-002	0.00000E+000	8	...........	1466.44
	1229	61.5	2.89477E-002	2.19751E-005	0.00000E+000	2.89650E-002	0.00000E+000	8	...........	1466.49
	1230	61.55	2.99334E-002	2.19628E-005	0.00000E+000	2.99646E-002	0.00000E+000	8	...........	1466.53
	1231	61.6	3.09149E-002	2.19391E-005	0.00000E+000	3.09643E-002	0.00000E+000	8	...........	1466.53
	1232	61.65	3.19174E-002	2.19085E-005	0.00000E+000	3.19639E-002	0.00000E+000	8	...........	1466.53
	1233	61.7	3.29180E-002	2.18785E-005	0.00000E+000	3.29636E-002	0.00000E+000	8	...........	1466.53
	1234	61.75	3.39220E-002	2.18349E-005	0.00000E+000	3.39632E-002	0.00000E+000	8	...........	1466.53
	1235	61.8	3.49168E-002	2.17849E-005	0.00000E+000	3.49629E-002	0.00000E+000	8	...........	1466.53
	1236	61.85	3.59166E-002	2.17278E-005	0.00000E+000	3.59626E-002	0.00000E+000	8	...........	1466.53
	1237	61.9	3.69128E-002	2.16669E-005	0.00000E+000	3.69622E-002	0.00000E+000	8	...........	1466.53
	1238	61.95	3.79071E-002	2.15992E-005	0.00000E+000	3.79619E-002	0.00000E+000	8	...........	1466.53
	1239	62	3.89232E-002	2.15299E-005	0.00000E+000	3.89615E-002	0.00000E+000	8	...........	1466.53
	1240	62.05	3.99242E-002	2.14534E-005	0.00000E+000	3.99612E-002	0.00000E+000	8	...........	1466.53
	1241	62.1	4.09217E-002	2.13714E-005	0.00000E+000	4.09608E-002	0.00000E+000	8	...........	1466.53
	1242	62.15	4.19126E-002	2.12832E-005	0.00000E+000	4.19605E-002	0.00000E+000	8	...........	1466.53
	1243	62.2	4.29159E-002	2.11916E-005	0.00000E+000	4.29601E-002	0.00000E+000	8	...........	1466.53
	1244	62.25	4.39092E-002	2.10951E-005	0.00000E+000	4.39598E-002	0.00000E+000	8	...........	1466.53
	1245	62.3	4.49174E-002	2.09970E-005	0.00000E+000	4.49594E-002	0.00000E+000	8	...........	1466.53
	1246	62.35	4.59189E-002	2.08983E-005	0.00000E+000	4.59591E-002	0.00000E+000	8	...........	1466.53
	1247	62.4	4.69119E-002	2.07933E-005	0.00000E+000	4.69587E-002	0.00000E+000	8	...........	1466.53
	1248	62.45	4.79059E-002	2.06839E-005	0.00000E+000	4.79584E-002	0.00000E+000	8	...........	1466.53
	1249	62.5	4.89172E-002	2.05705E-005	0.00000E+000	4.89581E-002	0.00000E+000	8	...........	1466.63
	1250	62.55	4.99132E-002	2.04570E-005	0.00000E+000	4.99577E-002	0.00000E+000	8	...........	1466.71
	1251	62.6	5.09209E-002	2.03386E-005	0.00000E+000	5.09574E-002	0.00000E+000	8	...........	1466.71
	1252	62.65	5.19303E-002	2.02153E-005	0.00000E+000	5.19570E-002	0.00000E+000	8	...........	1466.71
	1253	62.7	5.29219E-002	2.01177E-005	0.00000E+000	5.29692E-002	0.00000E+000	8	...........	1466.71
	1254	62.75	5.39241E-002	1.99870E-005	0.00000E+000	5.39688E-002	0.00000E+000	8	...........	1466.71
	1255	62.8	5.49246E-002	1.98612E-005	0.00000E+000	5.49685E-002	0.00000E+000	8	...........	1466.71
	1256	62.85	5.59290E-002	1.97349E-005	0.00000E+000	5.59681E-002	0.00000E+000	8	...........	1466.71
	1257	62.9	5.69314E-002	1.96087E-005	0.00000E+000	5.69678E-002	0.00000E+000	8	...........	1466.71
	1258	62.95	5.79483E-002	1.94808E-005	0.00000E+000	5.79674E-002	0.00000E+000	8	...........	1466.71
	1259	63	5.89274E-002	1.93544E-005	0.00000E+000	5.89671E-002	0.00000E+000	8	...........	1466.71
	1260	63.05	5.99258E-002	1.92250E-005	0.00000E+000	5.99667E-002	0.00000E+000	8	...........	1466.71
	1261	63.1	6.09218E-002	1.90966E-005	0.00000E+000	6.09664E-002	0.00000E+000	8	...........	1466.71
	1262	63.15	6.19342E-002	1.89657E-005	0.00000E+000	6.19661E-002	0.00000E+000	8	...........	1466.71
	1263	63.2	6.29198E-002	1.88354E-005	0.00000E+000	6.29657E-002	0.00000E+000	8	...........	1466.71
	1264	63.25	6.39122E-002	1.87050E-005	0.00000E+000	6.39654E-002	0.00000E+000	8	...........	1466.71
	1265	63.3	6.49451E-002	1.85762E-005	0.00000E+000	6.49650E-002	0.00000E+000	8	...........	1466.71
	1266	63.35	6.59491E-002	1.84456E-005	0.00000E+000	6.59647E-002	0.00000E+000	8	...........	1466.71
	1267	63.4	6.69368E-002	1.83158E-005	0.00000E+000	6.69643E-002	0.00000E+000	8	...........	1466.71
	1268	63.45	6.79410E-002	1.81863E-005	0.00000E+000	6.79640E-002	0.00000E+000	8	...........	1466.71
	1269	63.5	6.89354E-002	1.80555E-005	0.00000E+000	6.89636E-002	0.00000E+000	8	...........	1466.81
	1270	63.55	6.99333E-002	1.79272E-005	0.00000E+000	6.99633E-002	0.00000E+000	8	...........	1466.89
	1271	63.6	7.09244E-002	1.77979E-005	0.00000E+000	7.09629E-002	0.00000E+000	8	...........	1466.89
	1272	63.65	7.19106E-002	1.76716E-005	0.00000E+000	7.19626E-002	0.00000E+000	8	...........	1466.89
	1273	63.7	7.29132E-002	1.75444E-005	0.00000E+000	7.29622E-002	0.00000E+000	8	...........	1466.89
	1274	63.75	7.39231E-002	1.74176E-005	0.00000E+000	7.39619E-002	0.00000E+000	8	...........	1466.89
	1275	63.8	7.49096E-002	1.72921E-005	0.00000E+000	7.49616E-002	0.00000E+000	8	...........	1466.89
	1276	63.85	7.58966E-002	1.71668E-005	0.00000E+000	7.59612E-002	0.00000E+000	8	...........	1466.89
	1277	63.9	7.69266E-002	1.70426E-005	0.00000E+000	7.69609E-002	0.00000E+000	8	...........	1466.89
	1278	63.95	7.79298E-002	1.69208E-005	0.00000E+000	7.79605E-002	0.00000E+000	8	...........	1466.89
	1279	64	7.89295E-002	1.67979E-005	0.00000E+000	7.89602E-002	0.00000E+000	8	...........	1466.89
	1280	64.05	7.99274E-002	1.66761E-005	0.00000E+000	7.99598E-002	0.00000E+000	8	...........	1466.89
	1281	64.1	8.09244E-002	1.65556E-005	0.00000E+000	8.09595E-002	0.00000E+000	8	...........	1466.89
	1282	64.15	8.19230E-002	1.64376E-005	0.00000E+000	8.19591E-002	0.00000E+000	8	...........	1466.89
	1283	64.2	8.29220E-002	1.63183E-005	0.00000E+000	8.29588E-002	0.00000E+000	8	...........	1466.89
	1284	64.25	8.39221E-002	1.62021E-005	0.00000E+000	8.39584E-002	0.00000E+000	8	...........	1466.89
	1285	64.3	8.49178E-002	1.60872E-005	0.00000E+000	8.49581E-002	0.00000E+000	8	...........	1466.89
	1286	64.35	8.59256E-002	1.59729E-005	0.00000E+000	8.59578E-002	0.00000E+000	8	...........	1466.89
	1287	64.4	8.69105E-002	1.58591E-005	0.00000E+000	8.69574E-002	0.00000E+000	8	...........	1466.89
	1288	64.45	8.79090E-002	1.57472E-005	0.00000E+000	8.79571E-002	0.00000E+000	8	...........	1466.89
	1289	64.5	8.89215E-002	1.56408E-005	0.00000E+000	8.89692E-002	0.00000E+000	8	...........	1466.64
	1290	64.55	8.99399E-002	1.55284E-005	0.00000E+000	8.99689E-002	0.00000E+000	8	...........	1466.44
	1291	64.6	9.09309E-002	1.54197E-005	0.00000E+000	9.09685E-002	0.00000E+000	8	...........	1466.44
	1292	64.65	9.19265E-002	1.53115E-005	0.00000E+000	9.19682E-002	0.00000E+000	8	...........	1466.44
	1293	64.7	9.29186E-002	1.52046E-005	0.00000E+000	9.29678E-002	0.00000E+000	8	...........	1466.44
	1294	64.75	9.39163E-002	1.51002E-005	0.00000E+000	9.39675E-002	0.00000E+000	8	...........	1466.44
	1295	64.8	9.49150E-002	1.49964E-005	0.00000E+000	9.49671E-002	0.00000E+000	8	...........	1466.44
	1296	64.85	9.59221E-002	1.48938E-005	0.00000E+000	9.59668E-002	0.00000E+000	8	...........	1466.44
	1297	64.9	9.69273E-002	1.47937E-005	0.00000E+000	9.69664E-002	0.00000E+000	8	...........	1466.44
	1298	64.95	9.79299E-002	1.46937E-005	0.00000E+000	9.79661E-002	0.00000E+000	8	...........	1466.44
	1299	65	9.89258E-002	1.45950E-005	0.00000E+000	9.89657E-002	0.00000E+000	8	...........	1466.44
	1300	65.05	9.99264E-002	1.44968E-005	0.00000E+000	9.99654E-002	0.00000E+000	8	...........	1466.44
	1301	65.1	1.00926E-001	1.44008E-005	0.00000E+000	1.00965E-001	0.00000E+000	8	...........	1466.44
	1302	65.15	1.01936E-001	1.43056E-005	0.00000E+000	1.01965E-001	0.00000E+000	8	...........	1466.44
	1303	65.2	1.02930E-001	1.42104E-005	0.00000E+000	1.02964E-001	0.00000E+000	8	...........	1466.44
	1304	65.25	1.03932E-001	1.41194E-005	0.00000E+000	1.03964E-001	0.00000E+000	8	...........	1466.44
	1305	65.3	1.04926E-001	1.40272E-005	0.00000E+000	1.04964E-001	0.00000E+000	8	...........	1466.44
	1306	65.35	1.05941E-001	1.39373E-005	0.00000E+000	1.05963E-001	0.00000E+000	8	...........	1466.44
	1307	65.4	1.06933E-001	1.38477E-005	0.00000E+000	1.06963E-001	0.00000E+000	8	...........	1466.44
	1308	65.45	1.07925E-001	1.37600E-005	0.00000E+000	1.07963E-001	0.00000E+000	8	...........	1466.44
	1309	65.5	1.08920E-001	1.36731E-005	0.00000E+000	1.08962E-001	0.00000E+000	8	...........	1466.49
	1310	65.55	1.09918E-001	1.35880E-005	0.00000E+000	1.09962E-001	0.00000E+000	8	...........	1466.53
	1311	65.6	1.10921E-001	1.35028E-005	0.00000E+000	1.10962E-001	0.00000E+000	8	...........	1466.53
	1312	65.65	1.11910E-001	1.34200E-005	0.00000E+000	1.11961E-001	0.00000E+000	8	...........	1466.53
	1313	65.7	1.12914E-001	1.33382E-005	0.00000E+000	1.12961E-001	0.00000E+000	8	...........	1466.53
	1314	65.75	1.13913E-001	1.32558E-005	0.00000E+000	1.13961E-001	0.00000E+000	8	...........	1466.53
	1315	65.8	1.14915E-001	1.31764E-005	0.00000E+000	1.14960E-001	0.00000E+000	8	...........	1466.53
	1316	65.85	1.15939E-001	1.30967E-005	0.00000E+000	1.15960E-001	0.00000E+000	8	...........	1466.53
	1317	65.9	1.16931E-001	1.30194E-005	0.00000E+000	1.16960E-001	0.00000E+000	8	...........	1466.53
	1318	65.95	1.17925E-001	1.29426E-005	0.00000E+000	1.17959E-001	0.00000E+000	8	...........	1466.53
	1319	66	1.18932E-001	1.28667E-005	0.00000E+000	1.18959E-001	0.00000E+000	8	...........	1466.53
	1320	66.05	1.19920E-001	1.27915E-005	0.00000E+000	1.19958E-001	0.00000E+000	8	...........	1466.53
	1321	66.1	1.20917E-001	1.27185E-005	0.00000E+000	1.20958E-001	0.00000E+000	8	...........	1466.53
	1322	66.15	1.21921E-001	1.26447E-005	0.00000E+000	1.21958E-001	0.00000E+000	8	...........	1466.53
	1323	66.2	1.22916E-001	1.25728E-005	0.00000E+000	1.22957E-001	0.00000E+000	8	...........	1466.53
	1324	66.25	1.23911E-001	1.25015E-005	0.00000E+000	1.23957E-001	0.00000E+000	8	...........	1466.53
	1325	66.3	1.24916E-001	1.24339E-005	0.00000E+000	1.24969E-001	0.00000E+000	8	...........	1466.53
	1326	66.35	1.25923E-001	1.23626E-005	0.00000E+000	1.25969E-001	0.00000E+000	8	...........	1466.53
	1327	66.4	1.26919E-001	1.22946E-005	0.00000E+000	1.26969E-001	0.00000E+000	8	...........	1466.53
	1328	66.45	1.27923E-001	1.22258E-005	0.00000E+000	1.27968E-001	0.00000E+000	8	...........	1466.53
	1329	66.5	1.28953E-001	1.21603E-005	0.00000E+000	1.28968E-001	0.00000E+000	8	...........	1466.58
	1330	66.55	1.29949E-001	1.20946E-005	0.00000E+000	1.29968E-001	0.00000E+000	8	...........	1466.62
	1331	66.6	1.30937E-001	1.20292E-005	0.00000E+000	1.30967E-001	0.00000E+000	8	...........	1466.62
	1332	66.65	1.31945E-001	1.19650E-005	0.00000E+000	1.31967E-001	0.00000E+000	8	...........	1466.62
	1333	66.7	1.32932E-001	1.19027E-005	0.00000E+000	1.32966E-001	0.00000E+000	8	...........	1466.62
	1334	66.75	1.33924E-001	1.18404E-005	0.00000E+000	1.33966E-001	0.00000E+000	8	...........	1466.62
	1335	66.8	1.34932E-001	1.17780E-005	0.00000E+000	1.34966E-001	0.00000E+000	8	...........	1466.62
	1336	66.85	1.35916E-001	1.17179E-005	0.00000E+000	1.35965E-001	0.00000E+000	8	...........	1466.62
	1337	66.9	1.36914E-001	1.16578E-005	0.00000E+000	1.36965E-001	0.00000E+000	8	...........	1466.62
	1338	66.95	1.37926E-001	1.15988E-005	0.00000E+000	1.37965E-001	0.00000E+000	8	...........	1466.62
	1339	67	1.38922E-001	1.15410E-005	0.00000E+000	1.38964E-001	0.00000E+000	8	...........	1466.62
	1340	67.05	1.39916E-001	1.14829E-005	0.00000E+000	1.39964E-001	0.00000E+000	8	...........	1466.62
	1341	67.1	1.40935E-001	1.14258E-005	0.00000E+000	1.40964E-001	0.00000E+000	8	...........	1466.62
	1342	67.15	1.41934E-001	1.13704E-005	0.00000E+000	1.41963E-001	0.00000E+000	8	...........	1466.62
	1343	67.2	1.42932E-001	1.13144E-005	0.00000E+000	1.42963E-001	0.00000E+000	8	...........	1466.62
	1344	67.25	1.43926E-001	1.12590E-005	0.00000E+000	1.43963E-001	0.00000E+000	8	...........	1466.62
	1345	67.3	1.44932E-001	1.12053E-005	0.00000E+000	1.44962E-001	0.00000E+000	8	...........	1466.62
	1346	67.35	1.45933E-001	1.11515E-005	0.00000E+000	1.45962E-001	0.00000E+000	8	...........	1466.62
	1347	67.4	1.46916E-001	1.10988E-005	0.00000E+000	1.46962E-001	0.00000E+000	8	...........	1466.62
	1348	67.45	1.47914E-001	1.10465E-005	0.00000E+000	1.47961E-001	0.00000E+000	8	...........	1466.62
	1349	67.5	1.48917E-001	1.09948E-005	0.00000E+000	1.48961E-001	0.00000E+000	8	...........	1466.78
	1350	67.55	1.49924E-001	1.09446E-005	0.00000E+000	1.49961E-001	0.00000E+000	8	...........	1466.89
	1351	67.6	1.50921E-001	1.08941E-005	0.00000E+000	1.50960E-001	0.00000E+000	8	...........	1466.89
	1352	67.65	1.51911E-001	1.08447E-005	0.00000E+000	1.51960E-001	0.00000E+000	8	...........	1466.89
	1353	67.7	1.52906E-001	1.07961E-005	0.00000E+000	1.52960E-001	0.00000E+000	8	...........	1466.89
	1354	67.75	1.53927E-001	1.07461E-005	0.00000E+000	1.53959E-001	0.00000E+000	8	...........	1466.89
	1355	67.8	1.54929E-001	1.06997E-005	0.00000E+000	1.54959E-001	0.00000E+000	8	...........	1466.89
	1356	67.85	1.55931E-001	1.06517E-005	0.00000E+000	1.55959E-001	0.00000E+000	8	...........	1466.89
	1357	67.9	1.56929E-001	1.06059E-005	0.00000E+000	1.56958E-001	0.00000E+000	8	...........	1466.89
	1358	67.95	1.57917E-001	1.05606E-005	0.00000E+000	1.57958E-001	0.00000E+000	8	...........	1466.89
	1359	68	1.58917E-001	1.05143E-005	0.00000E+000	1.58957E-001	0.00000E+000	8	...........	1466.89
	1360	68.05	1.59912E-001	1.04689E-005	0.00000E+000	1.59957E-001	0.00000E+000	8	...........	1466.89
	1361	68.1	1.60918E-001	1.04253E-005	0.00000E+000	1.60957E-001	0.00000E+000	8	...........	1466.89
	1362	68.15	1.61936E-001	1.03832E-005	0.00000E+000	1.61969E-001	0.00000E+000	8	...........	1466.89
	1363	68.2	1.62914E-001	1.03391E-005	0.00000E+000	1.62969E-001	0.00000E+000	8	...........	1466.89
	1364	68.25	1.63928E-001	1.02950E-005	0.00000E+000	1.63968E-001	0.00000E+000	8	...........	1466.89
	1365	68.3	1.64922E-001	1.02524E-005	0.00000E+000	1.64968E-001	0.00000E+000	8	...........	1466.89
	1366	68.35	1.65919E-001	1.02118E-005	0.00000E+000	1.65968E-001	0.00000E+000	8	...........	1466.89
	1367	68.4	1.66928E-001	1.01682E-005	0.00000E+000	1.66967E-001	0.00000E+000	8	...........	1466.89
	1368	68.45	1.67933E-001	1.01296E-005	0.00000E+000	1.67967E-001	0.00000E+000	8	...........	1466.89
	1369	68.5	1.68925E-001	1.00884E-005	0.00000E+000	1.68967E-001	0.00000E+000	8	...........	1466.94
	1370	68.55	1.69933E-001	1.00482E-005	0.00000E+000	1.69966E-001	0.00000E+000	8	...........	1466.98
	1371	68.6	1.70936E-001	1.00088E-005	0.00000E+000	1.70966E-001	0.00000E+000	8	...........	1466.98
	1372	68.65	1.71914E-001	9.97040E-006	0.00000E+000	1.71965E-001	0.00000E+000	8	...........	1466.98
	1373	68.7	1.72925E-001	9.93180E-006	0.00000E+000	1.72965E-001	0.00000E+000	8	...........	1466.98
	1374	68.75	1.73932E-001	9.89373E-006	0.00000E+000	1.73965E-001	0.00000E+000	8	...........	1466.98
	1375	68.8	1.74931E-001	9.85566E-006	0.00000E+000	1.74964E-001	0.00000E+000	8	...........	1466.98
	1376	68.85	1.75910E-001	9.81846E-006	0.00000E+000	1.75964E-001	0.00000E+000	8	...........	1466.98
	1377	68.9	1.76914E-001	9.78145E-006	0.00000E+000	1.76964E-001	0.00000E+000	8	...........	1466.98
	1378	68.95	1.77911E-001	9.74535E-006	0.00000E+000	1.77963E-001	0.00000E+000	8	...........	1466.98
	1379	69	1.78908E-001	9.70903E-006	0.00000E+000	1.78963E-001	0.00000E+000	8	...........	1466.98
	1380	69.05	1.79942E-001	9.67385E-006	0.00000E+000	1.79963E-001	0.00000E+000	8	...........	1466.98
	1381	69.1	1.80927E-001	9.63876E-006	0.00000E+000	1.80962E-001	0.00000E+000	8	...........	1466.98
	1382	69.15	1.81930E-001	9.60363E-006	0.00000E+000	1.81962E-001	0.00000E+000	8	...........	1466.98
	1383	69.2	1.82918E-001	9.56929E-006	0.00000E+000	1.82962E-001	0.00000E+000	8	...........	1466.98
	1384	69.25	1.83926E-001	9.53539E-006	0.00000E+000	1.83961E-001	0.00000E+000	8	...........	1466.98
	1385	69.3	1.84923E-001	9.50025E-006	0.00000E+000	1.84961E-001	0.00000E+000	8	...........	1466.98
	1386	69.35	1.85927E-001	9.46837E-006	0.00000E+000	1.85961E-001	0.00000E+000	8	...........	1466.98
	1387	69.4	1.86919E-001	9.43462E-006	0.00000E+000	1.86960E-001	0.00000E+000	8	...........	1466.98
	1388	69.45	1.87921E-001	9.40201E-006	0.00000E+000	1.87960E-001	0.00000E+000	8	...........	1466.98
	1389	69.5	1.88921E-001	9.36998E-006	0.00000E+000	1.88960E-001	0.00000E+000	8	...........	1466.71
	1390	69.55	1.89914E-001	9.33859E-006	0.00000E+000	1.89959E-001	0.00000E+000	8	...........	1466.53
	1391	69.6	1.90915E-001	9.30797E-006	0.00000E+000	1.90959E-001	0.00000E+000	8	...........	1466.53
	1392	69.65	1.91900E-001	9.27509E-006	0.00000E+000	1.91959E-001	0.00000E+000	8	...........	1466.53
	1393	69.7	1.92932E-001	9.24522E-006	0.00000E+000	1.92958E-001	0.00000E+000	8	...........	1466.53
	1394	69.75	1.93938E-001	9.21390E-006	0.00000E+000	1.93958E-001	0.00000E+000	8	...........	1466.53
	1395	69.8	1.94925E-001	9.18391E-006	0.00000E+000	1.94958E-001	0.00000E+000	8	...........	1466.53
	1396	69.85	1.95928E-001	9.15426E-006	0.00000E+000	1.95957E-001	0.00000E+000	8	...........	1466.53
	1397	69.9	1.96927E-001	9.12373E-006	0.00000E+000	1.96957E-001	0.00000E+000	8	...........	1466.53
	1398	69.95	1.97935E-001	9.09701E-006	0.00000E+000	1.97969E-001	0.00000E+000	8	...........	1466.53
	1399	70	1.98941E-001	9.06658E-006	0.00000E+000	1.98969E-001	0.00000E+000	8	...........	1466.53
	1400	70.05	1.99932E-001	9.03734E-006	0.00000E+000	1.99968E-001	0.00000E+000	8	...........	1466.53
	1401	70.1	2.00930E-001	9.00925E-006	0.00000E+000	2.00968E-001	0.00000E+000	8	...........	1466.53
	1402	70.15	2.01936E-001	8.98059E-006	0.00000E+000	2.01968E-001	0.00000E+000	8	...........	1466.53
	1403	70.2	2.02934E-001	8.95241E-006	0.00000E+000	2.02967E-001	0.00000E+000	8	...........	1466.53
	1404	70.25	2.03917E-001	8.92517E-006	0.00000E+000	2.03967E-001	0.00000E+000	8	...........	1466.53
	1405	70.3	2.04906E-001	8.89697E-006	0.00000E+000	2.04967E-001	0.00000E+000	8	...........	1466.53
	1406	70.35	2.05939E-001	8.87168E-006	0.00000E+000	2.05966E-001	0.00000E+000	8	...........	1466.53
	1407	70.4	2.06933E-001	8.84461E-006	0.00000E+000	2.06966E-001	0.00000E+000	8	...........	1466.53
	1408	70.45	2.07918E-001	8.81809E-006	0.00000E+000	2.07966E-001	0.00000E+000	8	...........	1466.53
	1409	70.5	2.08922E-001	8.79207E-006	0.00000E+000	2.08965E-001	0.00000E+000	8	...........	1466.53
	1410	70.55	2.09927E-001	8.76532E-006	0.00000E+000	2.09965E-001	0.00000E+000	8	...........	1466.53
	1411	70.6	2.10922E-001	8.74070E-006	0.00000E+000	2.10964E-001	0.00000E+000	8	...........	1466.53
	1412	70.65	2.11931E-001	8.71509E-006	0.00000E+000	2.11964E-001	0.00000E+000	8	...........	1466.53
	1413	70.7	2.12913E-001	8.69000E-006	0.00000E+000	2.12964E-001	0.00000E+000	8	...........	1466.53
	1414	70.75	2.13913E-001	8.66491E-006	0.00000E+000	2.13963E-001	0.00000E+000	8	...........	1466.53
	1415	70.8	2.14917E-001	8.63992E-006	0.00000E+000	2.14963E-001	0.00000E+000	8	...........	1466.53
	1416	70.85	2.15919E-001	8.61506E-006	0.00000E+000	2.15963E-001	0.00000E+000	8	...........	1466.53
	1417	70.9	2.16908E-001	8.59155E-006	0.00000E+000	2.16962E-001	0.00000E+000	8	...........	1466.53
	1418	70.95	2.17928E-001	8.56737E-006	0.00000E+000	2.17962E-001	0.00000E+000	8	...........	1466.53
	1419	71	2.18926E-001	8.54425E-006	0.00000E+000	2.18962E-001	0.00000E+000	8	...........	1466.53
	1420	71.05	2.19918E-001	8.51989E-006	0.00000E+000	2.19961E-001	0.00000E+000	8	...........	1466.53
	1421	71.1	2.20907E-001	8.49707E-006	0.00000E+000	2.20961E-001	0.00000E+000	8	...........	1466.53
	1422	71.15	2.21914E-001	8.47409E-006	0.00000E+000	2.21961E-001	0.00000E+000	8	...........	1466.53
	1423	71.2	2.22908E-001	8.45157E-006	0.00000E+000	2.22960E-001	0.00000E+000	8	...........	1466.53
	1424	71.25	2.23911E-001	8.42861E-006	0.00000E+000	2.23960E-001	0.00000E+000	8	...........	1466.53
	1425	71.3	2.24917E-001	8.40634E-006	0.00000E+000	2.24960E-001	0.00000E+000	8	...........	1466.53
	1426	71.35	2.25902E-001	8.38486E-006	0.00000E+000	2.25959E-001	0.00000E+000	8	...........	1466.53
	1427	71.4	2.26901E-001	8.36287E-006	0.00000E+000	2.26959E-001	0.00000E+000	8	...........	1466.53
	1428	71.45	2.27907E-001	8.34104E-006	0.00000E+000	2.27959E-001	0.00000E+000	8	...........	1466.53
	1429	71.5	2.28904E-001	8.31888E-006	0.00000E+000	2.28958E-001	0.00000E+000	8	...........	1466.75
	1430	71.55	2.29896E-001	8.29807E-006	0.00000E+000	2.29958E-001	0.00000E+000	8	...........	1466.89
	1431	71.6	2.30924E-001	8.27624E-006	0.00000E+000	2.30958E-001	0.00000E+000	8	...........	1466.89
	1432	71.65	2.31914E-001	8.25631E-006	0.00000E+000	2.31957E-001	0.00000E+000	8	...........	1466.89
	1433	71.7	2.32915E-001	8.23441E-006	0.00000E+000	2.32957E-001	0.00000E+000	8	...........	1466.89
	1434	71.75	2.33936E-001	8.21583E-006	0.00000E+000	2.33969E-001	0.00000E+000	8	...........	1466.89
	1435	71.8	2.34937E-001	8.19370E-006	0.00000E+000	2.34969E-001	0.00000E+000	8	...........	1466.89
	1436	71.85	2.35924E-001	8.17415E-006	0.00000E+000	2.35968E-001	0.00000E+000	8	...........	1466.89
	1437	71.9	2.36922E-001	8.15369E-006	0.00000E+000	2.36968E-001	0.00000E+000	8	...........	1466.89
	1438	71.95	2.37926E-001	8.13533E-006	0.00000E+000	2.37968E-001	0.00000E+000	8	...........	1466.89
	1439	72	2.38919E-001	8.11410E-006	0.00000E+000	2.38967E-001	0.00000E+000	8	...........	1466.89
	1440	72.05	2.39924E-001	8.09572E-006	0.00000E+000	2.39967E-001	0.00000E+000	8	...........	1466.89
	1441	72.1	2.40909E-001	8.07572E-006	0.00000E+000	2.40967E-001	0.00000E+000	8	...........	1466.89
	1442	72.15	2.41916E-001	8.05670E-006	0.00000E+000	2.41966E-001	0.00000E+000	8	...........	1466.89
	1443	72.2	2.42913E-001	8.03785E-006	0.00000E+000	2.42966E-001	0.00000E+000	8	...........	1466.89
	1444	72.25	2.43936E-001	8.01951E-006	0.00000E+000	2.43966E-001	0.00000E+000	8	...........	1466.89
	1445	72.3	2.44920E-001	8.00067E-006	0.00000E+000	2.44965E-001	0.00000E+000	8	...........	1466.89
	1446	72.35	2.45918E-001	7.98193E-006	0.00000E+000	2.45965E-001	0.00000E+000	8	...........	1466.89
	1447	72.4	2.46912E-001	7.96484E-006	0.00000E+000	2.46965E-001	0.00000E+000	8	...........	1466.89
	1448	72.45	2.47912E-001	7.94518E-006	0.00000E+000	2.47964E-001	0.00000E+000	8	...........	1466.89
	1449	72.5	2.48914E-001	7.92810E-006	0.00000E+000	2.48964E-001	0.00000E+000	8	...........	1466.89
	1450	72.55	2.49909E-001	7.91028E-006	0.00000E+000	2.49963E-001	0.00000E+000	8	...........	1466.89
	1451	72.6	2.50908E-001	7.89233E-006	0.00000E+000	2.50963E-001	0.00000E+000	8	...........	1466.89
	1452	72.65	2.51912E-001	7.87500E-006	0.00000E+000	2.51963E-001	0.00000E+000	8	...........	1466.89
	1453	72.7	2.52891E-001	7.85814E-006	0.00000E+000	2.52962E-001	0.00000E+000	8	...........	1466.89
	1454	72.75	2.53902E-001	7.84024E-006	0.00000E+000	2.53962E-001	0.00000E+000	8	...........	1466.89
	1455	72.8	2.54901E-001	7.82290E-006	0.00000E+000	2.54962E-001	0.00000E+000	8	...........	1466.89
	1456	72.85	2.55903E-001	7.80588E-006	0.00000E+000	2.55961E-001	0.00000E+000	8	...........	1466.89
	1457	72.9	2.56929E-001	7.78995E-006	0.00000E+000	2.56961E-001	0.00000E+000	8	...........	1466.89
	1458	72.95	2.57925E-001	7.77376E-006	0.00000E+000	2.57961E-001	0.00000E+000	8	...........	1466.89
	1459	73	2.58924E-001	7.75663E-006	0.00000E+000	2.58960E-001	0.00000E+000	8	...........	1466.89
	1460	73.05	2.59928E-001	7.74020E-006	0.00000E+000	2.59960E-001	0.00000E+000	8	...........	1466.89
	1461	73.1	2.60920E-001	7.72503E-006	0.00000E+000	2.60960E-001	0.00000E+000	8	...........	1466.89
	1462	73.15	2.61920E-001	7.70838E-006	0.00000E+000	2.61959E-001	0.00000E+000	8	...........	1466.89
	1463	73.2	2.62921E-001	7.69306E-006	0.00000E+000	2.62959E-001	0.00000E+000	8	...........	1466.89
	1464	73.25	2.63905E-001	7.67717E-006	0.00000E+000	2.63959E-001	0.00000E+000	8	...........	1466.89
	1465	73.3	2.64896E-001	7.66280E-006	0.00000E+000	2.64958E-001	0.00000E+000	8	...........	1466.89
	1466	73.35	2.65904E-001	7.64658E-006	0.00000E+000	2.65958E-001	0.00000E+000	8	...........	1466.89
	1467	73.4	2.66912E-001	7.63218E-006	0.00000E+000	2.66958E-001	0.00000E+000	8	...........	1466.89
	1468	73.45	2.67896E-001	7.61498E-006	0.00000E+000	2.67957E-001	0.00000E+000	8	...........	1466.89
	1469	73.5	2.68883E-001	7.60109E-006	0.00000E+000	2.68957E-001	0.00000E+000	8	...........	1466.61
	1470	73.55	2.69933E-001	7.58774E-006	0.00000E+000	2.69969E-001	0.00000E+000	8	...........	1466.44
	1471	73.6	2.70935E-001	7.57190E-006	0.00000E+000	2.70969E-001	0.00000E+000	8	...........	1466.44
	1472	73.65	2.71913E-001	7.55864E-006	0.00000E+000	2.71968E-001	0.00000E+000	8	...........	1466.44
	1473	73.7	2.72920E-001	7.54309E-006	0.00000E+000	2.72968E-001	0.00000E+000	8	...........	1466.44
	1474	73.75	2.73914E-001	7.52855E-006	0.00000E+000	2.73968E-001	0.00000E+000	8	...........	1466.44
	1475	73.8	2.74914E-001	7.51439E-006	0.00000E+000	2.74967E-001	0.00000E+000	8	...........	1466.44
	1476	73.85	2.75923E-001	7.50029E-006	0.00000E+000	2.75967E-001	0.00000E+000	8	...........	1466.44
	1477	73.9	2.76896E-001	7.48778E-006	0.00000E+000	2.76967E-001	0.00000E+000	8	...........	1466.44
	1478	73.95	2.77909E-001	7.47187E-006	0.00000E+000	2.77966E-001	0.00000E+000	8	...........	1466.44
	1479	74	2.78911E-001	7.45982E-006	0.00000E+000	2.78966E-001	0.00000E+000	8	...........	1466.44
	1480	74.05	2.79909E-001	7.44670E-006	0.00000E+000	2.79966E-001	0.00000E+000	8	...........	1466.44
	1481	74.1	2.80904E-001	7.43358E-006	0.00000E+000	2.80965E-001	0.00000E+000	8	...........	1466.44
	1482	74.15	2.81927E-001	7.42012E-006	0.00000E+000	2.81965E-001	0.00000E+000	8	...........	1466.44
	1483	74.2	2.82935E-001	7.40760E-006	0.00000E+000	2.82965E-001	0.00000E+000	8	...........	1466.44
	1484	74.25	2.83939E-001	7.39377E-006	0.00000E+000	2.83964E-001	0.00000E+000	8	...........	1466.44
	1485	74.3	2.84928E-001	7.38167E-006	0.00000E+000	2.84964E-001	0.00000E+000	8	...........	1466.44
	1486	74.35	2.85931E-001	7.36828E-006	0.00000E+000	2.85964E-001	0.00000E+000	8	...........	1466.44
	1487	74.4	2.86925E-001	7.35533E-006	0.00000E+000	2.86963E-001	0.00000E+000	8	...........	1466.44
	1488	74.45	2.87916E-001	7.34255E-006	0.00000E+000	2.87963E-001	0.00000E+000	8	...........	1466.44
	1489	74.5	2.88924E-001	7.33142E-006	0.00000E+000	2.88962E-001	0.00000E+000	8	...........	1466.49
	1490	74.55	2.89930E-001	7.31925E-006	0.00000E+000	2.89962E-001	0.00000E+000	8	...........	1466.53
	1491	74.6	2.90926E-001	7.30723E-006	0.00000E+000	2.90962E-001	0.00000E+000	8	...........	1466.53
	1492	74.65	2.91911E-001	7.29558E-006	0.00000E+000	2.91961E-001	0.00000E+000	8	...........	1466.53
	1493	74.7	2.92913E-001	7.28346E-006	0.00000E+000	2.92961E-001	0.00000E+000	8	...........	1466.53
	1494	74.75	2.93907E-001	7.27138E-006	0.00000E+000	2.93961E-001	0.00000E+000	8	...........	1466.53
	1495	74.8	2.94933E-001	7.26146E-006	0.00000E+000	2.94960E-001	0.00000E+000	8	...........	1466.53
	1496	74.85	2.95936E-001	7.24824E-006	0.00000E+000	2.95960E-001	0.00000E+000	8	...........	1466.53
	1497	74.9	2.96931E-001	7.23780E-006	0.00000E+000	2.96960E-001	0.00000E+000	8	...........	1466.53
	1498	74.95	2.97938E-001	7.22657E-006	0.00000E+000	2.97959E-001	0.00000E+000	8	...........	1466.53
	1499	75	2.98914E-001	7.21475E-006	0.00000E+000	2.98959E-001	0.00000E+000	8	...........	1466.53
	1500	75.05	2.99920E-001	7.20354E-006	0.00000E+000	2.99959E-001	0.00000E+000	8	...........	1466.53
	1501	75.1	2.98928E-001	6.87134E-006	0.00000E+000	2.98959E-001	0.00000E+000	8	...........	1466.53
	1502	75.15	2.97947E-001	6.82573E-006	0.00000E+000	2.97959E-001	0.00000E+000	8	...........	1466.53
	1503	75.2	2.96950E-001	6.78842E-006	0.00000E+000	2.96960E-001	0.00000E+000	8	...........	1466.53
	1504	75.25	2.95939E-001	6.75705E-006	0.00000E+000	2.95960E-001	0.00000E+000	8	...........	1466.53
	1505	75.3	2.94950E-001	6.72536E-006	0.00000E+000	2.94960E-001	0.00000E+000	8	...........	1466.53
	1506	75.35	2.93923E-001	6.69907E-006	0.00000E+000	2.93961E-001	0.00000E+000	8	...........	1466.53
	1507	75.4	2.92925E-001	6.67065E-006	0.00000E+000	2.92961E-001	0.00000E+000	8	...........	1466.53
	1508	75.45	2.91920E-001	6.64657E-006	0.00000E+000	2.91961E-001	0.00000E+000	8	...........	1466.53
	1509	75.5	2.90928E-001	6.62172E-006	0.00000E+000	2.90962E-001	0.00000E+000	8	...........	1466.76
	1510	75.55	2.89921E-001	6.59907E-006	0.00000E+000	2.89962E-001	0.00000E+000	8	...........	1466.89
	1511	75.6	2.88928E-001	6.57510E-006	0.00000E+000	2.88962E-001	0.00000E+000	8	...........	1466.89
	1512	75.65	2.87923E-001	6.55336E-006	0.00000E+000	2.87963E-001	0.00000E+000	8	...........	1466.89
	1513	75.7	2.86926E-001	6.53260E-006	0.00000E+000	2.86963E-001	0.00000E+000	8	...........	1466.89
	1514	75.75	2.85942E-001	6.51063E-006	0.00000E+000	2.85964E-001	0.00000E+000	8	...........	1466.89
	1515	75.8	2.84937E-001	6.49063E-006	0.00000E+000	2.84964E-001	0.00000E+000	8	...........	1466.89
	1516	75.85	2.83933E-001	6.47149E-006	0.00000E+000	2.83964E-001	0.00000E+000	8	...........	1466.89
	1517	75.9	2.82944E-001	6.45123E-006	0.00000E+000	2.82965E-001	0.00000E+000	8	...........	1466.89
	1518	75.95	2.81926E-001	6.43336E-006	0.00000E+000	2.81965E-001	0.00000E+000	8	...........	1466.89
	1519	76	2.80908E-001	6.41382E-006	0.00000E+000	2.80965E-001	0.00000E+000	8	...........	1466.89
	1520	76.05	2.79923E-001	6.39625E-006	0.00000E+000	2.79966E-001	0.00000E+000	8	...........	1466.89
	1521	76.1	2.78937E-001	6.37749E-006	0.00000E+000	2.78966E-001	0.00000E+000	8	...........	1466.89
	1522	76.15	2.77917E-001	6.36182E-006	0.00000E+000	2.77966E-001	0.00000E+000	8	...........	1466.89
	1523	76.2	2.76915E-001	6.34413E-006	0.00000E+000	2.76967E-001	0.00000E+000	8	...........	1466.89
	1524	76.25	2.75936E-001	6.32675E-006	0.00000E+000	2.75967E-001	0.00000E+000	8	...........	1466.89
	1525	76.3	2.74939E-001	6.30926E-006	0.00000E+000	2.74967E-001	0.00000E+000	8	...........	1466.89
	1526	76.35	2.73940E-001	6.29241E-006	0.00000E+000	2.73968E-001	0.00000E+000	8	...........	1466.89
	1527	76.4	2.72937E-001	6.27777E-006	0.00000E+000	2.72968E-001	0.00000E+000	8	...........	1466.89
	1528	76.45	2.71934E-001	6.26079E-006	0.00000E+000	2.71968E-001	0.00000E+000	8	...........	1466.89
	1529	76.5	2.70952E-001	6.24551E-006	0.00000E+000	2.70969E-001	0.00000E+000	8	...........	1466.89
	1530	76.55	2.69952E-001	6.22959E-006	0.00000E+000	2.69969E-001	0.00000E+000	8	...........	1466.89
	1531	76.6	2.68910E-001	6.21255E-006	0.00000E+000	2.68957E-001	0.00000E+000	8	...........	1466.89
	1532	76.65	2.67927E-001	6.19795E-006	0.00000E+000	2.67957E-001	0.00000E+000	8	...........	1466.89
	1533	76.7	2.66924E-001	6.18419E-006	0.00000E+000	2.66958E-001	0.00000E+000	8	...........	1466.89
	1534	76.75	2.65926E-001	6.16998E-006	0.00000E+000	2.65958E-001	0.00000E+000	8	...........	1466.89
	1535	76.8	2.64924E-001	6.15434E-006	0.00000E+000	2.64958E-001	0.00000E+000	8	...........	1466.89
	1536	76.85	2.63927E-001	6.14038E-006	0.00000E+000	2.63959E-001	0.00000E+000	8	...........	1466.89
	1537	76.9	2.62936E-001	6.12447E-006	0.00000E+000	2.62959E-001	0.00000E+000	8	...........	1466.89
	1538	76.95	2.61929E-001	6.11122E-006	0.00000E+000	2.61959E-001	0.00000E+000	8	...........	1466.89
	1539	77	2.60928E-001	6.09799E-006	0.00000E+000	2.60960E-001	0.00000E+000	8	...........	1466.89
	1540	77.05	2.59933E-001	6.08263E-006	0.00000E+000	2.59960E-001	0.00000E+000	8	...........	1466.89
	1541	77.1	2.58921E-001	6.06905E-006	0.00000E+000	2.58960E-001	0.00000E+000	8	...........	1466.89
	1542	77.15	2.57929E-001	6.05636E-006	0.00000E+000	2.57961E-001	0.00000E+000	8	...........	1466.89
	1543	77.2	2.56939E-001	6.04204E-006	0.00000E+000	2.56961E-001	0.00000E+000	8	...........	1466.89
	1544	77.25	2.55919E-001	6.02798E-006	0.00000E+000	2.55961E-001	0.00000E+000	8	...........	1466.89
	1545	77.3	2.54922E-001	6.01662E-006	0.00000E+000	2.54962E-001	0.00000E+000	8	...........	1466.89
	1546	77.35	2.53930E-001	6.00173E-006	0.00000E+000	2.53962E-001	0.00000E+000	8	...........	1466.89
	1547	77.4	2.52910E-001	5.98908E-006	0.00000E+000	2.52962E-001	0.00000E+000	8	...........	1466.89
	1548	77.45	2.51927E-001	5.97642E-006	0.00000E+000	2.51963E-001	0.00000E+000	8	...........	1466.89
	1549	77.5	2.50926E-001	5.96237E-006	0.00000E+000	2.50963E-001	0.00000E+000	8	...........	1466.60
	1550	77.55	2.49924E-001	5.95009E-006	0.00000E+000	2.49963E-001	0.00000E+000	8	...........	1466.44
	1551	77.6	2.48913E-001	5.93700E-006	0.00000E+000	2.48964E-001	0.00000E+000	8	...........	1466.44
	1552	77.65	2.47913E-001	5.92492E-006	0.00000E+000	2.47964E-001	0.00000E+000	8	...........	1466.44
	1553	77.7	2.46918E-001	5.91245E-006	0.00000E+000	2.46965E-001	0.00000E+000	8	...........	1466.44
	1554	77.75	2.45920E-001	5.90018E-006	0.00000E+000	2.45965E-001	0.00000E+000	8	...........	1466.44
	1555	77.8	2.44930E-001	5.88686E-006	0.00000E+000	2.44965E-001	0.00000E+000	8	...........	1466.44
	1556	77.85	2.43926E-001	5.87518E-006	0.00000E+000	2.43966E-001	0.00000E+000	8	...........	1466.44
	1557	77.9	2.42906E-001	5.86344E-006	0.00000E+000	2.42966E-001	0.00000E+000	8	...........	1466.44
	1558	77.95	2.41925E-001	5.85123E-006	0.00000E+000	2.41966E-001	0.00000E+000	8	...........	1466.44
	1559	78	2.40915E-001	5.84078E-006	0.00000E+000	2.40967E-001	0.00000E+000	8	...........	1466.44
	1560	78.05	2.39924E-001	5.82824E-006	0.00000E+000	2.39967E-001	0.00000E+000	8	...........	1466.44
	1561	78.1	2.38923E-001	5.81698E-006	0.00000E+000	2.38967E-001	0.00000E+000	8	...........	1466.44
	1562	78.15	2.37930E-001	5.80494E-006	0.00000E+000	2.37968E-001	0.00000E+000	8	...........	1466.44
	1563	78.2	2.36916E-001	5.79279E-006	0.00000E+000	2.36968E-001	0.00000E+000	8	...........	1466.44
	1564	78.25	2.35930E-001	5.78114E-006	0.00000E+000	2.35968E-001	0.00000E+000	8	...........	1466.44
	1565	78.3	2.34942E-001	5.77094E-006	0.00000E+000	2.34969E-001	0.00000E+000	8	...........	1466.44
	1566	78.35	2.33942E-001	5.75949E-006	0.00000E+000	2.33969E-001	0.00000E+000	8	...........	1466.44
	1567	78.4	2.32922E-001	5.74580E-006	0.00000E+000	2.32957E-001	0.00000E+000	8	...........	1466.44
	1568	78.45	2.31921E-001	5.73649E-006	0.00000E+000	2.31957E-001	0.00000E+000	8	...........	1466.44
	1569	78.5	2.30942E-001	5.72401E-006	0.00000E+000	2.30958E-001	0.00000E+000	8	...........	1466.50
	1570	78.55	2.29905E-001	5.71450E-006	0.00000E+000	2.29958E-001	0.00000E+000	8	...........	1466.53
	1571	78.6	2.28916E-001	5.70396E-006	0.00000E+000	2.28958E-001	0.00000E+000	8	...........	1466.53
	1572	78.65	2.27919E-001	5.69148E-006	0.00000E+000	2.27959E-001	0.00000E+000	8	...........	1466.53
	1573	78.7	2.26915E-001	5.68051E-006	0.00000E+000	2.26959E-001	0.00000E+000	8	...........	1466.53
	1574	78.75	2.25914E-001	5.67008E-006	0.00000E+000	2.25959E-001	0.00000E+000	8	...........	1466.53
	1575	78.8	2.24931E-001	5.65917E-006	0.00000E+000	2.24960E-001	0.00000E+000	8	...........	1466.53
	1576	78.85	2.23923E-001	5.64867E-006	0.00000E+000	2.23960E-001	0.00000E+000	8	...........	1466.53
	1577	78.9	2.22924E-001	5.63886E-006	0.00000E+000	2.22960E-001	0.00000E+000	8	...........	1466.53
	1578	78.95	2.21933E-001	5.62829E-006	0.00000E+000	2.21961E-001	0.00000E+000	8	...........	1466.53
	1579	79	2.20921E-001	5.61697E-006	0.00000E+000	2.20961E-001	0.00000E+000	8	...........	1466.53
	1580	79.05	2.19938E-001	5.60600E-006	0.00000E+000	2.19961E-001	0.00000E+000	8	...........	1466.53
	1581	79.1	2.18938E-001	5.59570E-006	0.00000E+000	2.18962E-001	0.00000E+000	8	...........	1466.53
	1582	79.15	2.17934E-001	5.58544E-006	0.00000E+000	2.17962E-001	0.00000E+000	8	...........	1466.53
	1583	79.2	2.16924E-001	5.57575E-006	0.00000E+000	2.16962E-001	0.00000E+000	8	...........	1466.53
	1584	79.25	2.15913E-001	5.56454E-006	0.00000E+000	2.15963E-001	0.00000E+000	8	...........	1466.53
	1585	79.3	2.14925E-001	5.55530E-006	0.00000E+000	2.14963E-001	0.00000E+000	8	...........	1466.53
	1586	79.35	2.13914E-001	5.54532E-006	0.00000E+000	2.13963E-001	0.00000E+000	8	...........	1466.53
	1587	79.4	2.12912E-001	5.53470E-006	0.00000E+000	2.12964E-001	0.00000E+000	8	...........	1466.53
	1588	79.45	2.11929E-001	5.52324E-006	0.00000E+000	2.11964E-001	0.00000E+000	8	...........	1466.53
	1589	79.5	2.10923E-001	5.51373E-006	0.00000E+000	2.10964E-001	0.00000E+000	8	...........	1466.71
	1590	79.55	2.09923E-001	5.50361E-006	0.00000E+000	2.09965E-001	0.00000E+000	8	...........	1466.80
	1591	79.6	2.08927E-001	5.49291E-006	0.00000E+000	2.08965E-001	0.00000E+000	8	...........	1466.80
	1592	79.65	2.07915E-001	5.48310E-006	0.00000E+000	2.07966E-001	0.00000E+000	8	...........	1466.80
	1593	79.7	2.06941E-001	5.47281E-006	0.00000E+000	2.06966E-001	0.00000E+000	8	...........	1466.80
	1594	79.75	2.05924E-001	5.46330E-006	0.00000E+000	2.05966E-001	0.00000E+000	8	...........	1466.80
	1595	79.8	2.04908E-001	5.45277E-006	0.00000E+000	2.04967E-001	0.00000E+000	8	...........	1466.80
	1596	79.85	2.03927E-001	5.44325E-006	0.00000E+000	2.03967E-001	0.00000E+000	8	...........	1466.80
	1597	79.9	2.02936E-001	5.43243E-006	0.00000E+000	2.02967E-001	0.00000E+000	8	...........	1466.80
	1598	79.95	2.01944E-001	5.42359E-006	0.00000E+000	2.01968E-001	0.00000E+000	8	...........	1466.80
	1599	80	2.00949E-001	5.41313E-006	0.00000E+000	2.00968E-001	0.00000E+000	8	...........	1466.80
	1600	80.05	1.99952E-001	5.40286E-006	0.00000E+000	1.99968E-001	0.00000E+000	8	...........	1466.80
	1601	80.1	1.98947E-001	5.39322E-006	0.00000E+000	1.98969E-001	0.00000E+000	8	...........	1466.80
	1602	80.15	1.97957E-001	5.38397E-006	0.00000E+000	1.97969E-001	0.00000E+000	8	...........	1466.80
	1603	80.2	1.96938E-001	5.37284E-006	0.00000E+000	1.96957E-001	0.00000E+000	8	...........	1466.80
	1604	80.25	1.95946E-001	5.36484E-006	0.00000E+000	1.95957E-001	0.00000E+000	8	...........	1466.80
	1605	80.3	1.94935E-001	5.35410E-006	0.00000E+000	1.94958E-001	0.00000E+000	8	...........	1466.80
	1606	80.35	1.93954E-001	5.34436E-006	0.00000E+000	1.93958E-001	0.00000E+000	8	...........	1466.80
	1607	80.4	1.92951E-001	5.33582E-006	0.00000E+000	1.92958E-001	0.00000E+000	8	...........	1466.80
	1608	80.45	1.91917E-001	5.32429E-006	0.00000E+000	1.91959E-001	0.00000E+000	8	...........	1466.80
	1609	80.5	1.90934E-001	5.31504E-006	0.00000E+000	1.90959E-001	0.00000E+000	8	...........	1466.86
	1610	80.55	1.89938E-001	5.30498E-006	0.00000E+000	1.89959E-001	0.00000E+000	8	...........	1466.89
	1611	80.6	1.88928E-001	5.29484E-006	0.00000E+000	1.88960E-001	0.00000E+000	8	...........	1466.89
	1612	80.65	1.87934E-001	5.28556E-006	0.00000E+000	1.87960E-001	0.00000E+000	8	...........	1466.89
	1613	80.7	1.86927E-001	5.27590E-006	0.00000E+000	1.86960E-001	0.00000E+000	8	...........	1466.89
	1614	80.75	1.85946E-001	5.26526E-006	0.00000E+000	1.85961E-001	0.00000E+000	8	...........	1466.89
	1615	80.8	1.84940E-001	5.25613E-006	0.00000E+000	1.84961E-001	0.00000E+000	8	...........	1466.89
	1616	80.85	1.83941E-001	5.24643E-006	0.00000E+000	1.83961E-001	0.00000E+000	8	...........	1466.89
	1617	80.9	1.82938E-001	5.23613E-006	0.00000E+000	1.82962E-001	0.00000E+000	8	...........	1466.89
	1618	80.95	1.81941E-001	5.22589E-006	0.00000E+000	1.81962E-001	0.00000E+000	8	...........	1466.89
	1619	81	1.80940E-001	5.21561E-006	0.00000E+000	1.80962E-001	0.00000E+000	8	...........	1466.89
	1620	81.05	1.79953E-001	5.20652E-006	0.00000E+000	1.79963E-001	0.00000E+000	8	...........	1466.89
	1621	81.1	1.78930E-001	5.19600E-006	0.00000E+000	1.78963E-001	0.00000E+000	8	...........	1466.89
	1622	81.15	1.77928E-001	5.18579E-006	0.00000E+000	1.77963E-001	0.00000E+000	8	...........	1466.89
	1623	81.2	1.76921E-001	5.17596E-006	0.00000E+000	1.76964E-001	0.00000E+000	8	...........	1466.89
	1624	81.25	1.75917E-001	5.16578E-006	0.00000E+000	1.75964E-001	0.00000E+000	8	...........	1466.89
	1625	81.3	1.74937E-001	5.15567E-006	0.00000E+000	1.74964E-001	0.00000E+000	8	...........	1466.89
	1626	81.35	1.73936E-001	5.14535E-006	0.00000E+000	1.73965E-001	0.00000E+000	8	...........	1466.89
	1627	81.4	1.72929E-001	5.13474E-006	0.00000E+000	1.72965E-001	0.00000E+000	8	...........	1466.89
	1628	81.45	1.71929E-001	5.12401E-006	0.00000E+000	1.71965E-001	0.00000E+000	8	...........	1466.89
	1629	81.5	1.70932E-001	5.11422E-006	0.00000E+000	1.70966E-001	0.00000E+000	8	...........	1466.65
	1630	81.55	1.69934E-001	5.10302E-006	0.00000E+000	1.69966E-001	0.00000E+000	8	...........	1466.53
	1631	81.6	1.68944E-001	5.09234E-006	0.00000E+000	1.68967E-001	0.00000E+000	8	...........	1466.53
	1632	81.65	1.67941E-001	5.08179E-006	0.00000E+000	1.67967E-001	0.00000E+000	8	...........	1466.53
	1633	81.7	1.66948E-001	5.07024E-006	0.00000E+000	1.66967E-001	0.00000E+000	8	...........	1466.53
	1634	81.75	1.65936E-001	5.05919E-006	0.00000E+000	1.65968E-001	0.00000E+000	8	...........	1466.53
	1635	81.8	1.64937E-001	5.04913E-006	0.00000E+000	1.64968E-001	0.00000E+000	8	...........	1466.53
	1636	81.85	1.63929E-001	5.03723E-006	0.00000E+000	1.63968E-001	0.00000E+000	8	...........	1466.53
	1637	81.9	1.62924E-001	5.02652E-006	0.00000E+000	1.62969E-001	0.00000E+000	8	...........	1466.53
	1638	81.95	1.61939E-001	5.01435E-006	0.00000E+000	1.61969E-001	0.00000E+000	8	...........	1466.53
	1639	82	1.60931E-001	5.00125E-006	0.00000E+000	1.60957E-001	0.00000E+000	8	...........	1466.53
	1640	82.05	1.59924E-001	4.99133E-006	0.00000E+000	1.59957E-001	0.00000E+000	8	...........	1466.53
	1641	82.1	1.58933E-001	4.98026E-006	0.00000E+000	1.58957E-001	0.00000E+000	8	...........	1466.53
	1642	82.15	1.57931E-001	4.96770E-006	0.00000E+000	1.57958E-001	0.00000E+000	8	...........	1466.53
	1643	82.2	1.56935E-001	4.95566E-006	0.00000E+000	1.56958E-001	0.00000E+000	8	...........	1466.53
	1644	82.25	1.55942E-001	4.94373E-006	0.00000E+000	1.55959E-001	0.00000E+000	8	...........	1466.53
	1645	82.3	1.54940E-001	4.93148E-006	0.00000E+000	1.54959E-001	0.00000E+000	8	...........	1466.53
	1646	82.35	1.53940E-001	4.91885E-006	0.00000E+000	1.53959E-001	0.00000E+000	8	...........	1466.53
	1647	82.4	1.52913E-001	4.90742E-006	0.00000E+000	1.52960E-001	0.00000E+000	8	...........	1466.53
	1648	82.45	1.51914E-001	4.89366E-006	0.00000E+000	1.51960E-001	0.00000E+000	8	...........	1466.53
	1649	82.5	1.50926E-001	4.88078E-006	0.00000E+000	1.50960E-001	0.00000E+000	8	...........	1466.53
	1650	82.55	1.49933E-001	4.86864E-006	0.00000E+000	1.49961E-001	0.00000E+000	8	...........	1466.53
	1651	82.6	1.48928E-001	4.85464E-006	0.00000E+000	1.48961E-001	0.00000E+000	8	...........	1466.53
	1652	82.65	1.47938E-001	4.84173E-006	0.00000E+000	1.47961E-001	0.00000E+000	8	...........	1466.53
	1653	82.7	1.46930E-001	4.82756E-006	0.00000E+000	1.46962E-001	0.00000E+000	8	...........	1466.53
	1654	82.75	1.45948E-001	4.81431E-006	0.00000E+000	1.45962E-001	0.00000E+000	8	...........	1466.53
	1655	82.8	1.44948E-001	4.79971E-006	0.00000E+000	1.44962E-001	0.00000E+000	8	...........	1466.53
	1656	82.85	1.43951E-001	4.78545E-006	0.00000E+000	1.43963E-001	0.00000E+000	8	...........	1466.53
	1657	82.9	1.42935E-001	4.77069E-006	0.00000E+000	1.42963E-001	0.00000E+000	8	...........	1466.53
	1658	82.95	1.41942E-001	4.75508E-006	0.00000E+000	1.41963E-001	0.00000E+000	8	...........	1466.53
	1659	83	1.40943E-001	4.74037E-006	0.00000E+000	1.40964E-001	0.00000E+000	8	...........	1466.53
	1660	83.05	1.39937E-001	4.72518E-006	0.00000E+000	1.39964E-001	0.00000E+000	8	...........	1466.53
	1661	83.1	1.38936E-001	4.70919E-006	0.00000E+000	1.38964E-001	0.00000E+000	8	...........	1466.53
	1662	83.15	1.37942E-001	4.69324E-006	0.00000E+000	1.37965E-001	0.00000E+000	8	...........	1466.53
	1663	83.2	1.36935E-001	4.67646E-006	0.00000E+000	1.36965E-001	0.00000E+000	8	...........	1466.53
	1664	83.25	1.35929E-001	4.65994E-006	0.00000E+000	1.35965E-001	0.00000E+000	8	...........	1466.53
	1665	83.3	1.34950E-001	4.64265E-006	0.00000E+000	1.34966E-001	0.00000E+000	8	...........	1466.53
	1666	83.35	1.33935E-001	4.62533E-006	0.00000E+000	1.33966E-001	0.00000E+000	8	...........	1466.53
	1667	83.4	1.32940E-001	4.60754E-006	0.00000E+000	1.32966E-001	0.00000E+000	8	...........	1466.53
	1668	83.45	1.31945E-001	4.58975E-006	0.00000E+000	1.31967E-001	0.00000E+000	8	...........	1466.53
	1669	83.5	1.30936E-001	4.57168E-006	0.00000E+000	1.30967E-001	0.00000E+000	8	...........	1466.65
	1670	83.55	1.29955E-001	4.55257E-006	0.00000E+000	1.29968E-001	0.00000E+000	8	...........	1466.71
	1671	83.6	1.28939E-001	4.53291E-006	0.00000E+000	1.28968E-001	0.00000E+000	8	...........	1466.71
	1672	83.65	1.27919E-001	4.51249E-006	0.00000E+000	1.27968E-001	0.00000E+000	8	...........	1466.71
	1673	83.7	1.26915E-001	4.49249E-006	0.00000E+000	1.26969E-001	0.00000E+000	8	...........	1466.71
	1674	83.75	1.25918E-001	4.47124E-006	0.00000E+000	1.25969E-001	0.00000E+000	8	...........	1466.71
	1675	83.8	1.24920E-001	4.45018E-006	0.00000E+000	1.24969E-001	0.00000E+000	8	...........	1466.71
	1676	83.85	1.23925E-001	4.42566E-006	0.00000E+000	1.23957E-001	0.00000E+000	8	...........	1466.71
	1677	83.9	1.22922E-001	4.40451E-006	0.00000E+000	1.22957E-001	0.00000E+000	8	...........	1466.71
	1678	83.95	1.21926E-001	4.38212E-006	0.00000E+000	1.21958E-001	0.00000E+000	8	...........	1466.71
	1679	84	1.20919E-001	4.35749E-006	0.00000E+000	1.20958E-001	0.00000E+000	8	...........	1466.71
	1680	84.05	1.19927E-001	4.33336E-006	0.00000E+000	1.19958E-001	0.00000E+000	8	...........	1466.71
	1681	84.1	1.18943E-001	4.30833E-006	0.00000E+000	1.18959E-001	0.00000E+000	8	...........	1466.71
	1682	84.15	1.17935E-001	4.28298E-006	0.00000E+000	1.17959E-001	0.00000E+000	8	...........	1466.71
	1683	84.2	1.16936E-001	4.25608E-006	0.00000E+000	1.16960E-001	0.00000E+000	8	...........	1466.71
	1684	84.25	1.15934E-001	4.22833E-006	0.00000E+000	1.15960E-001	0.00000E+000	8	...........	1466.71
	1685	84.3	1.14918E-001	4.20121E-006	0.00000E+000	1.14960E-001	0.00000E+000	8	...........	1466.71
	1686	84.35	1.13925E-001	4.17224E-006	0.00000E+000	1.13961E-001	0.00000E+000	8	...........	1466.71
	1687	84.4	1.12927E-001	4.14281E-006	0.00000E+000	1.12961E-001	0.00000E+000	8	...........	1466.71
	1688	84.45	1.11929E-001	4.11180E-006	0.00000E+000	1.11961E-001	0.00000E+000	8	...........	1466.71
	1689	84.5	1.10941E-001	4.08017E-006	0.00000E+000	1.10962E-001	0.00000E+000	8	...........	1466.83
	1690	84.55	1.09936E-001	4.04852E-006	0.00000E+000	1.09962E-001	0.00000E+000	8	...........	1466.89
	1691	84.6	1.08930E-001	4.01512E-006	0.00000E+000	1.08962E-001	0.00000E+000	8	...........	1466.89
	1692	84.65	1.07926E-001	3.98121E-006	0.00000E+000	1.07963E-001	0.00000E+000	8	...........	1466.89
	1693	84.7	1.06931E-001	3.94714E-006	0.00000E+000	1.06963E-001	0.00000E+000	8	...........	1466.89
	1694	84.75	1.05944E-001	3.91083E-006	0.00000E+000	1.05963E-001	0.00000E+000	8	...........	1466.89
	1695	84.8	1.04947E-001	3.87232E-006	0.00000E+000	1.04964E-001	0.00000E+000	8	...........	1466.89
	1696	84.85	1.03943E-001	3.83414E-006	0.00000E+000	1.03964E-001	0.00000E+000	8	...........	1466.89
	1697	84.9	1.02944E-001	3.79451E-006	0.00000E+000	1.02964E-001	0.00000E+000	8	...........	1466.89
	1698	84.95	1.01943E-001	3.75484E-006	0.00000E+000	1.01965E-001	0.00000E+000	8	...........	1466.89
	1699	85	1.00938E-001	3.71146E-006	0.00000E+000	1.00965E-001	0.00000E+000	8	...........	1466.89
	1700	85.05	9.99402E-002	3.66798E-006	0.00000E+000	9.99654E-002	0.00000E+000	8	...........	1466.89
	1701	85.1	9.89332E-002	3.62286E-006	0.00000E+000	9.89657E-002	0.00000E+000	8	...........	1466.89
	1702	85.15	9.79445E-002	3.57629E-006	0.00000E+000	9.79661E-002	0.00000E+000	8	...........	1466.89
	1703	85.2	9.69479E-002	3.52699E-006	0.00000E+000	9.69664E-002	0.00000E+000	8	...........	1466.89
	1704	85.25	9.59234E-002	3.47697E-006	0.00000E+000	9.59668E-002	0.00000E+000	8	...........	1466.89
	1705	85.3	9.49271E-002	3.42713E-006	0.00000E+000	9.49671E-002	0.00000E+000	8	...........	1466.89
	1706	85.35	9.39410E-002	3.37325E-006	0.00000E+000	9.39675E-002	0.00000E+000	8	...........	1466.89
	1707	85.4	9.29422E-002	3.31866E-006	0.00000E+000	9.29678E-002	0.00000E+000	8	...........	1466.89
	1708	85.45	9.19531E-002	3.26281E-006	0.00000E+000	9.19682E-002	0.00000E+000	8	...........	1466.89
	1709	85.5	9.09527E-002	3.20431E-006	0.00000E+000	9.09685E-002	0.00000E+000	8	...........	1466.57
	1710	85.55	8.99568E-002	3.14419E-006	0.00000E+000	8.99689E-002	0.00000E+000	8	...........	1466.44
	1711	85.6	8.89439E-002	3.08160E-006	0.00000E+000	8.89692E-002	0.00000E+000	8	...........	1466.44
	1712	85.65	8.79252E-002	3.01197E-006	0.00000E+000	8.79571E-002	0.00000E+000	8	...........	1466.44
	1713	85.7	8.69275E-002	2.94927E-006	0.00000E+000	8.69574E-002	0.00000E+000	8	...........	1466.44
	1714	85.75	8.59395E-002	2.88180E-006	0.00000E+000	8.59578E-002	0.00000E+000	8	...........	1466.44
	1715	85.8	8.49383E-002	2.81026E-006	0.00000E+000	8.49581E-002	0.00000E+000	8	...........	1466.44
	1716	85.85	8.39411E-002	2.73655E-006	0.00000E+000	8.39584E-002	0.00000E+000	8	...........	1466.44
	1717	85.9	8.29342E-002	2.66155E-006	0.00000E+000	8.29588E-002	0.00000E+000	8	...........	1466.44
	1718	85.95	8.19374E-002	2.58310E-006	0.00000E+000	8.19591E-002	0.00000E+000	8	...........	1466.44
	1719	86	8.09408E-002	2.50242E-006	0.00000E+000	8.09595E-002	0.00000E+000	8	...........	1466.44
	1720	86.05	7.99396E-002	2.41892E-006	0.00000E+000	7.99598E-002	0.00000E+000	8	...........	1466.44
	1721	86.1	7.89393E-002	2.33213E-006	0.00000E+000	7.89602E-002	0.00000E+000	8	...........	1466.44
	1722	86.15	7.79443E-002	2.24218E-006	0.00000E+000	7.79605E-002	0.00000E+000	8	...........	1466.44
	1723	86.2	7.69413E-002	2.14889E-006	0.00000E+000	7.69609E-002	0.00000E+000	8	...........	1466.44
	1724	86.25	7.59137E-002	2.05587E-006	0.00000E+000	7.59612E-002	0.00000E+000	8	...........	1466.44
	1725	86.3	7.49279E-002	1.95707E-006	0.00000E+000	7.49616E-002	0.00000E+000	8	...........	1466.44
	1726	86.35	7.39363E-002	1.85437E-006	0.00000E+000	7.39619E-002	0.00000E+000	8	...........	1466.44
	1727	86.4	7.29243E-002	1.75030E-006	0.00000E+000	7.29622E-002	0.00000E+000	8	...........	1466.44
	1728	86.45	7.19263E-002	1.64025E-006	0.00000E+000	7.19626E-002	0.00000E+000	8	...........	1466.44
	1729	86.5	7.09305E-002	1.52723E-006	0.00000E+000	7.09629E-002	0.00000E+000	8	...........	1466.50
	1730	86.55	6.99369E-002	1.41199E-006	0.00000E+000	6.99633E-002	0.00000E+000	8	...........	1466.53
	1731	86.6	6.89360E-002	1.29304E-006	0.00000E+000	6.89636E-002	0.00000E+000	8	...........	1466.53
	1732	86.65	6.79395E-002	1.17106E-006	0.00000E+000	6.79640E-002	0.00000E+000	8	...........	1466.53
	1733	86.7	6.69366E-002	1.04356E-006	0.00000E+000	6.69643E-002	0.00000E+000	8	...........	1466.53
	1734	86.75	6.59571E-002	9.09605E-007	0.00000E+000	6.59647E-002	0.00000E+000	8	...........	1466.53
	1735	86.8	6.49478E-002	7.75467E-007	0.00000E+000	6.49650E-002	0.00000E+000	8	...........	1466.53
	1736	86.85	6.39122E-002	6.34947E-007	0.00000E+000	6.39654E-002	0.00000E+000	8	...........	1466.53
	1737	86.9	6.29227E-002	4.93686E-007	0.00000E+000	6.29657E-002	0.00000E+000	8	...........	1466.53
	1738	86.95	6.19377E-002	3.43634E-007	0.00000E+000	6.19661E-002	0.00000E+000	8	...........	1466.53
	1739	87	6.09334E-002	1.89907E-007	0.00000E+000	6.09664E-002	0.00000E+000	8	...........	1466.53
	1740	87.05	5.99276E-002	3.36703E-008	0.00000E+000	5.99667E-002	0.00000E+000	8	...........	1466.53
	1741	87.1	5.89442E-002	-1.30023E-007	0.00000E+000	5.89671E-002	0.00000E+000	8	...........	1466.53
	1742	87.15	5.79568E-002	-2.98834E-007	0.00000E+000	5.79674E-002	0.00000E+000	8	...........	1466.53
	1743	87.2	5.69465E-002	-4.69335E-007	0.00000E+000	5.69678E-002	0.00000E+000	8	...........	1466.53
	1744	87.25	5.59482E-002	-6.45612E-007	0.00000E+000	5.59681E-002	0.00000E+000	8	...........	1466.53
	1745	87.3	5.49520E-002	-8.29076E-007	0.00000E+000	5.49685E-002	0.00000E+000	8	...........	1466.53
	1746	87.35	5.39491E-002	-1.01687E-006	0.00000E+000	5.39688E-002	0.00000E+000	8	...........	1466.53
	1747	87.4	5.29641E-002	-1.21223E-006	0.00000E+000	5.29692E-002	0.00000E+000	8	...........	1466.53
	1748	87.45	5.19445E-002	-1.42586E-006	0.00000E+000	5.19570E-002	0.00000E+000	8	...........	1466.53
	1749	87.5	5.09291E-002	-1.61274E-006	0.00000E+000	5.09574E-002	0.00000E+000	8	...........	1466.59
	1750	87.55	4.99231E-002	-1.82310E-006	0.00000E+000	4.99577E-002	0.00000E+000	8	...........	1466.62
	1751	87.6	4.89214E-002	-2.03744E-006	0.00000E+000	4.89581E-002	0.00000E+000	8	...........	1466.62
	1752	87.65	4.79160E-002	-2.25753E-006	0.00000E+000	4.79584E-002	0.00000E+000	8	...........	1466.62
	1753	87.7	4.69231E-002	-2.48526E-006	0.00000E+000	4.69587E-002	0.00000E+000	8	...........	1466.62
	1754	87.75	4.59279E-002	-2.71799E-006	0.00000E+000	4.59591E-002	0.00000E+000	8	...........	1466.62
	1755	87.8	4.49245E-002	-2.95477E-006	0.00000E+000	4.49594E-002	0.00000E+000	8	...........	1466.62
	1756	87.85	4.39152E-002	-3.19650E-006	0.00000E+000	4.39598E-002	0.00000E+000	8	...........	1466.62
	1757	87.9	4.29264E-002	-3.44416E-006	0.00000E+000	4.29601E-002	0.00000E+000	8	...........	1466.62
	1758	87.95	4.19343E-002	-3.70191E-006	0.00000E+000	4.19605E-002	0.00000E+000	8	...........	1466.62
	1759	88	4.09461E-002	-3.96098E-006	0.00000E+000	4.09608E-002	0.00000E+000	8	...........	1466.62
	1760	88.05	3.99466E-002	-4.22982E-006	0.00000E+000	3.99612E-002	0.00000E+000	8	...........	1466.62
	1761	88.1	3.89389E-002	-4.50030E-006	0.00000E+000	3.89615E-002	0.00000E+000	8	...........	1466.62
	1762	88.15	3.79229E-002	-4.77903E-006	0.00000E+000	3.79619E-002	0.00000E+000	8	...........	1466.62
	1763	88.2	3.69267E-002	-5.06047E-006	0.00000E+000	3.69622E-002	0.00000E+000	8	...........	1466.62
	1764	88.25	3.59326E-002	-5.34661E-006	0.00000E+000	3.59626E-002	0.00000E+000	8	...........	1466.62
	1765	88.3	3.49366E-002	-5.64034E-006	0.00000E+000	3.49629E-002	0.00000E+000	8	...........	1466.62
	1766	88.35	3.39389E-002	-5.94312E-006	0.00000E+000	3.39632E-002	0.00000E+000	8	...........	1466.62
	1767	88.4	3.29503E-002	-6.24754E-006	0.00000E+000	3.29636E-002	0.00000E+000	8	...........	1466.62
	1768	88.45	3.19223E-002	-6.55745E-006	0.00000E+000	3.19639E-002	0.00000E+000	8	...........	1466.62
	1769	88.5	3.09330E-002	-6.86935E-006	0.00000E+000	3.09643E-002	0.00000E+000	8	...........	1466.81
	1770	88.55	2.99415E-002	-7.19107E-006	0.00000E+000	2.99646E-002	0.00000E+000	8	...........	1466.89
	1771	88.6	2.89478E-002	-7.51387E-006	0.00000E+000	2.89650E-002	0.00000E+000	8	...........	1466.89
	1772	88.65	2.79383E-002	-7.84199E-006	0.00000E+000	2.79653E-002	0.00000E+000	8	...........	1466.89
	1773	88.7	2.69426E-002	-8.17190E-006	0.00000E+000	2.69657E-002	0.00000E+000	8	...........	1466.89
	1774	88.75	2.59505E-002	-8.51239E-006	0.00000E+000	2.59660E-002	0.00000E+000	8	...........	1466.89
	1775	88.8	2.49313E-002	-8.84597E-006	0.00000E+000	2.49664E-002	0.00000E+000	8	...........	1466.89
	1776	88.85	2.39334E-002	-9.18929E-006	0.00000E+000	2.39667E-002	0.00000E+000	8	...........	1466.89
	1777	88.9	2.29253E-002	-9.53815E-006	0.00000E+000	2.29670E-002	0.00000E+000	8	...........	1466.89
	1778	88.95	2.19268E-002	-9.88361E-006	0.00000E+000	2.19674E-002	0.00000E+000	8	...........	1466.89
	1779	89	2.09366E-002	-1.02400E-005	0.00000E+000	2.09677E-002	0.00000E+000	8	...........	1466.89
	1780	89.05	1.99403E-002	-1.05950E-005	0.00000E+000	1.99681E-002	0.00000E+000	8	...........	1466.89
	1781	89.1	1.89423E-002	-1.09460E-005	0.00000E+000	1.89684E-002	0.00000E+000	8	...........	1466.89
	1782	89.15	1.79365E-002	-1.13022E-005	0.00000E+000	1.79688E-002	0.00000E+000	8	...........	1466.89
	1783	89.2	1.69426E-002	-1.16596E-005	0.00000E+000	1.69691E-002	0.00000E+000	8	...........	1466.89
	1784	89.25	1.59425E-002	-1.20153E-005	0.00000E+000	1.59695E-002	0.00000E+000	8	...........	1466.89
	1785	89.3	1.49409E-002	-1.24102E-005	0.00000E+000	1.49573E-002	0.00000E+000	8	...........	1466.89
	1786	89.35	1.39477E-002	-1.27498E-005	0.00000E+000	1.39577E-002	0.00000E+000	8	...........	1466.89
	1787	89.4	1.29468E-002	-1.31080E-005	0.00000E+000	1.29580E-002	0.00000E+000	8	...........	1466.89
	1788	89.45	1.19298E-002	-1.34531E-005	0.00000E+000	1.19584E-002	0.00000E+000	8	...........	1466.89
	1789	89.5	1.09320E-002	-1.38098E-005	0.00000E+000	1.09587E-002	0.00000E+000	8	...........	1466.63
	1790	89.55	9.93611E-003	-1.41616E-005	0.00000E+000	9.95905E-003	0.00000E+000	8	...........	1466.53
	1791	89.6	8.92697E-003	-1.45095E-005	0.00000E+000	8.95940E-003	0.00000E+000	8	...........	1466.53
	1792	89.65	7.92641E-003	-1.48614E-005	0.00000E+000	7.95974E-003	0.00000E+000	8	...........	1466.53
	1793	89.7	6.93687E-003	-1.52071E-005	0.00000E+000	6.96009E-003	0.00000E+000	8	...........	1466.53
	1794	89.75	5.93067E-003	-1.55431E-005	0.00000E+000	5.96044E-003	0.00000E+000	8	...........	1466.53
	1795	89.8	4.92968E-003	-1.58753E-005	0.00000E+000	4.96078E-003	0.00000E+000	8	...........	1466.53
	1796	89.85	3.93767E-003	-1.62045E-005	0.00000E+000	3.96113E-003	0.00000E+000	8	...........	1466.53
	1797	89.9	2.92830E-003	-1.65320E-005	0.00000E+000	2.96147E-003	0.00000E+000	8	...........	1466.53
	1798	89.95	1.95445E-003	-1.68505E-005	0.00000E+000	1.96182E-003	0.00000E+000	8	...........	1466.53
	1799	90	9.67186E-004	-1.71661E-005	0.00000E+000	9.62167E-004	0.00000E+000	8	...........	1466.53
	1800	90.05	-6.78948E-005	-1.74735E-005	0.00000E+000	-3.74870E-005	0.00000E+000	8	...........	1466.53
	1801	90.1	-1.07777E-003	-1.77716E-005	0.00000E+000	-1.03714E-003	0.00000E+000	8	...........	1466.53
	1802	90.15	-2.06160E-003	-1.80668E-005	0.00000E+000	-2.03680E-003	0.00000E+000	8	...........	1466.53
	1803	90.2	-3.07992E-003	-1.83504E-005	0.00000E+000	-3.03645E-003	0.00000E+000	8	...........	1466.53
	1804	90.25	-4.06792E-003	-1.86276E-005	0.00000E+000	-4.03610E-003	0.00000E+000	8	...........	1466.53
	1805	90.3	-5.07141E-003	-1.89007E-005	0.00000E+000	-5.03576E-003	0.00000E+000	8	...........	1466.53
	1806	90.35	-6.05518E-003	-1.91644E-005	0.00000E+000	-6.03541E-003	0.00000E+000	8	...........	1466.53
	1807	90.4	-7.06558E-003	-1.94092E-005	0.00000E+000	-7.03506E-003	0.00000E+000	8	...........	1466.53
	1808	90.45	-8.05823E-003	-1.96540E-005	0.00000E+000	-8.03472E-003	0.00000E+000	8	...........	1466.53
	1809	90.5	-9.04883E-003	-1.98858E-005	0.00000E+000	-9.03437E-003	0.00000E+000	8	...........	1466.53
	1810	90.55	-1.00600E-002	-2.01095E-005	0.00000E+000	-1.00340E-002	0.00000E+000	8	...........	1466.53
	1811	90.6	-1.10467E-002	-2.03284E-005	0.00000E+000	-1.10337E-002	0.00000E+000	8	...........	1466.53
	1812	90.65	-1.20430E-002	-2.05346E-005	0.00000E+000	-1.20333E-002	0.00000E+000	8	...........	1466.53
	1813	90.7	-1.30792E-002	-2.07270E-005	0.00000E+000	-1.30330E-002	0.00000E+000	8	...........	1466.53
	1814	90.75	-1.40642E-002	-2.09066E-005	0.00000E+000	-1.40326E-002	0.00000E+000	8	...........	1466.53
	1815	90.8	-1.50602E-002	-2.10795E-005	0.00000E+000	-1.50323E-002	0.00000E+000	8	...........	1466.53
	1816	90.85	-1.60613E-002	-2.12401E-005	0.00000E+000	-1.60320E-002	0.00000E+000	8	...........	1466.53
	1817	90.9	-1.70570E-002	-2.13956E-005	0.00000E+000	-1.70316E-002	0.00000E+000	8	...........	1466.53
	1818	90.95	-1.80629E-002	-2.15363E-005	0.00000E+000	-1.80313E-002	0.00000E+000	8	...........	1466.53
	1819	91	-1.90698E-002	-2.16728E-005	0.00000E+000	-1.90309E-002	0.00000E+000	8	...........	1466.53
	1820	91.05	-2.00639E-002	-2.17889E-005	0.00000E+000	-2.00306E-002	0.00000E+000	8	...........	1466.53
	1821	91.1	-2.10696E-002	-2.19303E-005	0.00000E+000	-2.10427E-002	0.00000E+000	8	...........	1466.53
	1822	91.15	-2.20641E-002	-2.20131E-005	0.00000E+000	-2.20424E-002	0.00000E+000	8	...........	1466.53
	1823	91.2	-2.30666E-002	-2.20975E-005	0.00000E+000	-2.30420E-002	0.00000E+000	8	...........	1466.53
	1824	91.25	-2.40778E-002	-2.21801E-005	0.00000E+000	-2.40417E-002	0.00000E+000	8	...........	1466.53
	1825	91.3	-2.50863E-002	-2.22511E-005	0.00000E+000	-2.50413E-002	0.00000E+000	8	...........	1466.53
	1826	91.35	-2.60912E-002	-2.23045E-005	0.00000E+000	-2.60410E-002	0.00000E+000	8	...........	1466.53
	1827	91.4	-2.70883E-002	-2.23533E-005	0.00000E+000	-2.70406E-002	0.00000E+000	8	...........	1466.53
	1828	91.45	-2.80881E-002	-2.23949E-005	0.00000E+000	-2.80403E-002	0.00000E+000	8	...........	1466.53
	1829	91.5	-2.90876E-002	-2.24260E-005	0.00000E+000	-2.90399E-002	0.00000E+000	8	...........	1466.53
	1830	91.55	-3.00752E-002	-2.24512E-005	0.00000E+000	-3.00396E-002	0.00000E+000	8	...........	1466.53
	1831	91.6	-3.10663E-002	-2.24646E-005	0.00000E+000	-3.10393E-002	0.00000E+000	8	...........	1466.53
	1832	91.65	-3.20805E-002	-2.24753E-005	0.00000E+000	-3.20389E-002	0.00000E+000	8	...........	1466.53
	1833	91.7	-3.30735E-002	-2.24682E-005	0.00000E+000	-3.30386E-002	0.00000E+000	8	...........	1466.53
	1834	91.75	-3.40654E-002	-2.24555E-005	0.00000E+000	-3.40382E-002	0.00000E+000	8	...........	1466.53
	1835	91.8	-3.50646E-002	-2.24394E-005	0.00000E+000	-3.50379E-002	0.00000E+000	8	...........	1466.53
	1836	91.85	-3.60500E-002	-2.24126E-005	0.00000E+000	-3.60375E-002	0.00000E+000	8	...........	1466.53
	1837	91.9	-3.70623E-002	-2.23823E-005	0.00000E+000	-3.70372E-002	0.00000E+000	8	...........	1466.53
	1838	91.95	-3.80576E-002	-2.23453E-005	0.00000E+000	-3.80368E-002	0.00000E+000	8	...........	1466.53
	1839	92	-3.90811E-002	-2.22944E-005	0.00000E+000	-3.90365E-002	0.00000E+000	8	...........	1466.53
	1840	92.05	-4.00857E-002	-2.22395E-005	0.00000E+000	-4.00361E-002	0.00000E+000	8	...........	1466.53
	1841	92.1	-4.10825E-002	-2.21809E-005	0.00000E+000	-4.10358E-002	0.00000E+000	8	...........	1466.53
	1842	92.15	-4.20853E-002	-2.21164E-005	0.00000E+000	-4.20354E-002	0.00000E+000	8	...........	1466.53
	1843	92.2	-4.30710E-002	-2.20480E-005	0.00000E+000	-4.30351E-002	0.00000E+000	8	...........	1466.53
	1844	92.25	-4.40748E-002	-2.19776E-005	0.00000E+000	-4.40348E-002	0.00000E+000	8	...........	1466.53
	1845	92.3	-4.50723E-002	-2.18913E-005	0.00000E+000	-4.50344E-002	0.00000E+000	8	...........	1466.53
	1846	92.35	-4.60707E-002	-2.18062E-005	0.00000E+000	-4.60341E-002	0.00000E+000	8	...........	1466.53
	1847	92.4	-4.70771E-002	-2.17182E-005	0.00000E+000	-4.70337E-002	0.00000E+000	8	...........	1466.53
	1848	92.45	-4.80616E-002	-2.16254E-005	0.00000E+000	-4.80334E-002	0.00000E+000	8	...........	1466.53
	1849	92.5	-4.90582E-002	-2.15297E-005	0.00000E+000	-4.90330E-002	0.00000E+000	8	...........	1466.80
	1850	92.55	-5.00755E-002	-2.14298E-005	0.00000E+000	-5.00327E-002	0.00000E+000	8	...........	1466.89
	1851	92.6	-5.10797E-002	-2.13256E-005	0.00000E+000	-5.10323E-002	0.00000E+000	8	...........	1466.89
	1852	92.65	-5.20871E-002	-2.12119E-005	0.00000E+000	-5.20320E-002	0.00000E+000	8	...........	1466.89
	1853	92.7	-5.30753E-002	-2.11039E-005	0.00000E+000	-5.30316E-002	0.00000E+000	8	...........	1466.89
	1854	92.75	-5.40634E-002	-2.09921E-005	0.00000E+000	-5.40313E-002	0.00000E+000	8	...........	1466.89
	1855	92.8	-5.50671E-002	-2.08781E-005	0.00000E+000	-5.50310E-002	0.00000E+000	8	...........	1466.89
	1856	92.85	-5.60632E-002	-2.07620E-005	0.00000E+000	-5.60306E-002	0.00000E+000	8	...........	1466.89
	1857	92.9	-5.70694E-002	-2.06597E-005	0.00000E+000	-5.70428E-002	0.00000E+000	8	...........	1466.89
	1858	92.95	-5.80764E-002	-2.05271E-005	0.00000E+000	-5.80424E-002	0.00000E+000	8	...........	1466.89
	1859	93	-5.90694E-002	-2.04014E-005	0.00000E+000	-5.90421E-002	0.00000E+000	8	...........	1466.89
	1860	93.05	-6.00712E-002	-2.02778E-005	0.00000E+000	-6.00417E-002	0.00000E+000	8	...........	1466.89
	1861	93.1	-6.10716E-002	-2.01516E-005	0.00000E+000	-6.10414E-002	0.00000E+000	8	...........	1466.89
	1862	93.15	-6.20678E-002	-2.00265E-005	0.00000E+000	-6.20410E-002	0.00000E+000	8	...........	1466.89
	1863	93.2	-6.30616E-002	-1.98980E-005	0.00000E+000	-6.30407E-002	0.00000E+000	8	...........	1466.89
	1864	93.25	-6.40751E-002	-1.97717E-005	0.00000E+000	-6.40403E-002	0.00000E+000	8	...........	1466.89
	1865	93.3	-6.50646E-002	-1.96406E-005	0.00000E+000	-6.50400E-002	0.00000E+000	8	...........	1466.89
	1866	93.35	-6.60647E-002	-1.95115E-005	0.00000E+000	-6.60396E-002	0.00000E+000	8	...........	1466.89
	1867	93.4	-6.70735E-002	-1.93827E-005	0.00000E+000	-6.70393E-002	0.00000E+000	8	...........	1466.89
	1868	93.45	-6.80763E-002	-1.92518E-005	0.00000E+000	-6.80389E-002	0.00000E+000	8	...........	1466.89
	1869	93.5	-6.90802E-002	-1.91216E-005	0.00000E+000	-6.90386E-002	0.00000E+000	8	...........	1466.62
	1870	93.55	-7.00749E-002	-1.89926E-005	0.00000E+000	-7.00383E-002	0.00000E+000	8	...........	1466.53
	1871	93.6	-7.10797E-002	-1.88626E-005	0.00000E+000	-7.10379E-002	0.00000E+000	8	...........	1466.53
	1872	93.65	-7.20706E-002	-1.87308E-005	0.00000E+000	-7.20376E-002	0.00000E+000	8	...........	1466.53
	1873	93.7	-7.30718E-002	-1.86026E-005	0.00000E+000	-7.30372E-002	0.00000E+000	8	...........	1466.53
	1874	93.75	-7.40784E-002	-1.84734E-005	0.00000E+000	-7.40369E-002	0.00000E+000	8	...........	1466.53
	1875	93.8	-7.50614E-002	-1.83457E-005	0.00000E+000	-7.50365E-002	0.00000E+000	8	...........	1466.53
	1876	93.85	-7.60679E-002	-1.82187E-005	0.00000E+000	-7.60362E-002	0.00000E+000	8	...........	1466.53
	1877	93.9	-7.70867E-002	-1.80897E-005	0.00000E+000	-7.70358E-002	0.00000E+000	8	...........	1466.53
	1878	93.95	-7.80861E-002	-1.79629E-005	0.00000E+000	-7.80355E-002	0.00000E+000	8	...........	1466.53
	1879	94	-7.90751E-002	-1.78363E-005	0.00000E+000	-7.90351E-002	0.00000E+000	8	...........	1466.53
	1880	94.05	-8.00813E-002	-1.77110E-005	0.00000E+000	-8.00348E-002	0.00000E+000	8	...........	1466.53
	1881	94.1	-8.10666E-002	-1.75870E-005	0.00000E+000	-8.10345E-002	0.00000E+000	8	...........	1466.53
	1882	94.15	-8.20698E-002	-1.74654E-005	0.00000E+000	-8.20341E-002	0.00000E+000	8	...........	1466.53
	1883	94.2	-8.30684E-002	-1.73422E-005	0.00000E+000	-8.30338E-002	0.00000E+000	8	...........	1466.53
	1884	94.25	-8.40700E-002	-1.72198E-005	0.00000E+000	-8.40334E-002	0.00000E+000	8	...........	1466.53
	1885	94.3	-8.50606E-002	-1.70981E-005	0.00000E+000	-8.50331E-002	0.00000E+000	8	...........	1466.53
	1886	94.35	-8.60417E-002	-1.69793E-005	0.00000E+000	-8.60327E-002	0.00000E+000	8	...........	1466.53
	1887	94.4	-8.70512E-002	-1.68611E-005	0.00000E+000	-8.70324E-002	0.00000E+000	8	...........	1466.53
	1888	94.45	-8.80562E-002	-1.67444E-005	0.00000E+000	-8.80320E-002	0.00000E+000	8	...........	1466.53
	1889	94.5	-8.90569E-002	-1.66288E-005	0.00000E+000	-8.90317E-002	0.00000E+000	8	...........	1466.53
	1890	94.55	-9.00743E-002	-1.65130E-005	0.00000E+000	-9.00313E-002	0.00000E+000	8	...........	1466.53
	1891	94.6	-9.10689E-002	-1.63976E-005	0.00000E+000	-9.10310E-002	0.00000E+000	8	...........	1466.53
	1892	94.65	-9.20729E-002	-1.62860E-005	0.00000E+000	-9.20306E-002	0.00000E+000	8	...........	1466.53
	1893	94.7	-9.30716E-002	-1.61754E-005	0.00000E+000	-9.30303E-002	0.00000E+000	8	...........	1466.53
	1894	94.75	-9.40661E-002	-1.60694E-005	0.00000E+000	-9.40425E-002	0.00000E+000	8	...........	1466.53
	1895	94.8	-9.50742E-002	-1.59584E-005	0.00000E+000	-9.50421E-002	0.00000E+000	8	...........	1466.53
	1896	94.85	-9.60781E-002	-1.58495E-005	0.00000E+000	-9.60418E-002	0.00000E+000	8	...........	1466.53
	1897	94.9	-9.70753E-002	-1.57424E-005	0.00000E+000	-9.70414E-002	0.00000E+000	8	...........	1466.53
	1898	94.95	-9.80722E-002	-1.56369E-005	0.00000E+000	-9.80411E-002	0.00000E+000	8	...........	1466.53
	1899	95	-9.90584E-002	-1.55319E-005	0.00000E+000	-9.90407E-002	0.00000E+000	8	...........	1466.53
	1900	95.05	-1.00069E-001	-1.54302E-005	0.00000E+000	-1.00040E-001	0.00000E+000	8	...........	1466.53
	1901	95.1	-1.01076E-001	-1.53280E-005	0.00000E+000	-1.01040E-001	0.00000E+000	8	...........	1466.53
	1902	95.15	-1.02077E-001	-1.52279E-005	0.00000E+000	-1.02040E-001	0.00000E+000	8	...........	1466.53
	1903	95.2	-1.03087E-001	-1.51273E-005	0.00000E+000	-1.03039E-001	0.00000E+000	8	...........	1466.53
	1904	95.25	-1.04087E-001	-1.50297E-005	0.00000E+000	-1.04039E-001	0.00000E+000	8	...........	1466.53
	1905	95.3	-1.05070E-001	-1.49331E-005	0.00000E+000	-1.05039E-001	0.00000E+000	8	...........	1466.53
	1906	95.35	-1.06082E-001	-1.48391E-005	0.00000E+000	-1.06038E-001	0.00000E+000	8	...........	1466.53
	1907	95.4	-1.07063E-001	-1.47444E-005	0.00000E+000	-1.07038E-001	0.00000E+000	8	...........	1466.53
	1908	95.45	-1.08071E-001	-1.46524E-005	0.00000E+000	-1.08038E-001	0.00000E+000	8	...........	1466.53
	1909	95.5	-1.09078E-001	-1.45601E-005	0.00000E+000	-1.09037E-001	0.00000E+000	8	...........	1466.53
	1910	95.55	-1.10078E-001	-1.44690E-005	0.00000E+000	-1.10037E-001	0.00000E+000	8	...........	1466.53
	1911	95.6	-1.11070E-001	-1.43801E-005	0.00000E+000	-1.11037E-001	0.00000E+000	8	...........	1466.53
	1912	95.65	-1.12073E-001	-1.42917E-005	0.00000E+000	-1.12036E-001	0.00000E+000	8	...........	1466.53
	1913	95.7	-1.13065E-001	-1.42049E-005	0.00000E+000	-1.13036E-001	0.00000E+000	8	...........	1466.53
	1914	95.75	-1.14055E-001	-1.41191E-005	0.00000E+000	-1.14036E-001	0.00000E+000	8	...........	1466.53
	1915	95.8	-1.15070E-001	-1.40350E-005	0.00000E+000	-1.15035E-001	0.00000E+000	8	...........	1466.53
	1916	95.85	-1.16077E-001	-1.39508E-005	0.00000E+000	-1.16035E-001	0.00000E+000	8	...........	1466.53
	1917	95.9	-1.17070E-001	-1.38687E-005	0.00000E+000	-1.17034E-001	0.00000E+000	8	...........	1466.53
	1918	95.95	-1.18070E-001	-1.37868E-005	0.00000E+000	-1.18034E-001	0.00000E+000	8	...........	1466.53
	1919	96	-1.19074E-001	-1.37080E-005	0.00000E+000	-1.19034E-001	0.00000E+000	8	...........	1466.53
	1920	96.05	-1.20064E-001	-1.36278E-005	0.00000E+000	-1.20033E-001	0.00000E+000	8	...........	1466.53
	1921	96.1	-1.21052E-001	-1.35498E-005	0.00000E+000	-1.21033E-001	0.00000E+000	8	...........	1466.53
	1922	96.15	-1.22058E-001	-1.34730E-005	0.00000E+000	-1.22033E-001	0.00000E+000	8	...........	1466.53
	1923	96.2	-1.23052E-001	-1.33966E-005	0.00000E+000	-1.23032E-001	0.00000E+000	8	...........	1466.53
	1924	96.25	-1.24036E-001	-1.33225E-005	0.00000E+000	-1.24032E-001	0.00000E+000	8	...........	1466.53
	1925	96.3	-1.25034E-001	-1.32479E-005	0.00000E+000	-1.25032E-001	0.00000E+000	8	...........	1466.53
	1926	96.35	-1.26040E-001	-1.31751E-005	0.00000E+000	-1.26031E-001	0.00000E+000	8	...........	1466.53
	1927	96.4	-1.27035E-001	-1.31028E-005	0.00000E+000	-1.27031E-001	0.00000E+000	8	...........	1466.53
	1928	96.45	-1.28075E-001	-1.30324E-005	0.00000E+000	-1.28031E-001	0.00000E+000	8	...........	1466.53
	1929	96.5	-1.29071E-001	-1.29614E-005	0.00000E+000	-1.29030E-001	0.00000E+000	8	...........	1466.74
	1930	96.55	-1.30072E-001	-1.28949E-005	0.00000E+000	-1.30042E-001	0.00000E+000	8	...........	1466.80
	1931	96.6	-1.31074E-001	-1.28244E-005	0.00000E+000	-1.31042E-001	0.00000E+000	8	...........	1466.80
	1932	96.65	-1.32074E-001	-1.27573E-005	0.00000E+000	-1.32042E-001	0.00000E+000	8	...........	1466.80
	1933	96.7	-1.33073E-001	-1.26909E-005	0.00000E+000	-1.33041E-001	0.00000E+000	8	...........	1466.80
	1934	96.75	-1.34056E-001	-1.26251E-005	0.00000E+000	-1.34041E-001	0.00000E+000	8	...........	1466.80
	1935	96.8	-1.35077E-001	-1.25618E-005	0.00000E+000	-1.35041E-001	0.00000E+000	8	...........	1466.80
	1936	96.85	-1.36062E-001	-1.24974E-005	0.00000E+000	-1.36040E-001	0.00000E+000	8	...........	1466.80
	1937	96.9	-1.37066E-001	-1.24345E-005	0.00000E+000	-1.37040E-001	0.00000E+000	8	...........	1466.80
	1938	96.95	-1.38061E-001	-1.23724E-005	0.00000E+000	-1.38040E-001	0.00000E+000	8	...........	1466.80
	1939	97	-1.39051E-001	-1.23109E-005	0.00000E+000	-1.39039E-001	0.00000E+000	8	...........	1466.80
	1940	97.05	-1.40053E-001	-1.22509E-005	0.00000E+000	-1.40039E-001	0.00000E+000	8	...........	1466.80
	1941	97.1	-1.41075E-001	-1.21898E-005	0.00000E+000	-1.41039E-001	0.00000E+000	8	...........	1466.80
	1942	97.15	-1.42080E-001	-1.21324E-005	0.00000E+000	-1.42038E-001	0.00000E+000	8	...........	1466.80
	1943	97.2	-1.43074E-001	-1.20736E-005	0.00000E+000	-1.43038E-001	0.00000E+000	8	...........	1466.80
	1944	97.25	-1.44075E-001	-1.20161E-005	0.00000E+000	-1.44038E-001	0.00000E+000	8	...........	1466.80
	1945	97.3	-1.45076E-001	-1.19600E-005	0.00000E+000	-1.45037E-001	0.00000E+000	8	...........	1466.80
	1946	97.35	-1.46069E-001	-1.19038E-005	0.00000E+000	-1.46037E-001	0.00000E+000	8	...........	1466.80
	1947	97.4	-1.47060E-001	-1.18488E-005	0.00000E+000	-1.47037E-001	0.00000E+000	8	...........	1466.80
	1948	97.45	-1.48065E-001	-1.17943E-005	0.00000E+000	-1.48036E-001	0.00000E+000	8	...........	1466.80
	1949	97.5	-1.49061E-001	-1.17407E-005	0.00000E+000	-1.49036E-001	0.00000E+000	8	...........	1466.59
	1950	97.55	-1.50060E-001	-1.16874E-005	0.00000E+000	-1.50036E-001	0.00000E+000	8	...........	1466.53
	1951	97.6	-1.51068E-001	-1.16357E-005	0.00000E+000	-1.51035E-001	0.00000E+000	8	...........	1466.53
	1952	97.65	-1.52072E-001	-1.15843E-005	0.00000E+000	-1.52035E-001	0.00000E+000	8	...........	1466.53
	1953	97.7	-1.53054E-001	-1.15332E-005	0.00000E+000	-1.53035E-001	0.00000E+000	8	...........	1466.53
	1954	97.75	-1.54070E-001	-1.14821E-005	0.00000E+000	-1.54034E-001	0.00000E+000	8	...........	1466.53
	1955	97.8	-1.55070E-001	-1.14331E-005	0.00000E+000	-1.55034E-001	0.00000E+000	8	...........	1466.53
	1956	97.85	-1.56069E-001	-1.13842E-005	0.00000E+000	-1.56034E-001	0.00000E+000	8	...........	1466.53
	1957	97.9	-1.57071E-001	-1.13351E-005	0.00000E+000	-1.57033E-001	0.00000E+000	8	...........	1466.53
	1958	97.95	-1.58056E-001	-1.12876E-005	0.00000E+000	-1.58033E-001	0.00000E+000	8	...........	1466.53
	1959	98	-1.59056E-001	-1.12401E-005	0.00000E+000	-1.59032E-001	0.00000E+000	8	...........	1466.53
	1960	98.05	-1.60070E-001	-1.11941E-005	0.00000E+000	-1.60032E-001	0.00000E+000	8	...........	1466.53
	1961	98.1	-1.61065E-001	-1.11471E-005	0.00000E+000	-1.61032E-001	0.00000E+000	8	...........	1466.53
	1962	98.15	-1.62056E-001	-1.11019E-005	0.00000E+000	-1.62031E-001	0.00000E+000	8	...........	1466.53
	1963	98.2	-1.63054E-001	-1.10562E-005	0.00000E+000	-1.63031E-001	0.00000E+000	8	...........	1466.53
	1964	98.25	-1.64050E-001	-1.10124E-005	0.00000E+000	-1.64031E-001	0.00000E+000	8	...........	1466.53
	1965	98.3	-1.65051E-001	-1.09682E-005	0.00000E+000	-1.65030E-001	0.00000E+000	8	...........	1466.53
	1966	98.35	-1.66067E-001	-1.09265E-005	0.00000E+000	-1.66043E-001	0.00000E+000	8	...........	1466.53
	1967	98.4	-1.67081E-001	-1.08827E-005	0.00000E+000	-1.67042E-001	0.00000E+000	8	...........	1466.53
	1968	98.45	-1.68069E-001	-1.08395E-005	0.00000E+000	-1.68042E-001	0.00000E+000	8	...........	1466.53
	1969	98.5	-1.69075E-001	-1.07989E-005	0.00000E+000	-1.69041E-001	0.00000E+000	8	...........	1466.53
	1970	98.55	-1.70062E-001	-1.07573E-005	0.00000E+000	-1.70041E-001	0.00000E+000	8	...........	1466.53
	1971	98.6	-1.71057E-001	-1.07163E-005	0.00000E+000	-1.71041E-001	0.00000E+000	8	...........	1466.53
	1972	98.65	-1.72062E-001	-1.06763E-005	0.00000E+000	-1.72040E-001	0.00000E+000	8	...........	1466.53
	1973	98.7	-1.73073E-001	-1.06368E-005	0.00000E+000	-1.73040E-001	0.00000E+000	8	...........	1466.53
	1974	98.75	-1.74056E-001	-1.05972E-005	0.00000E+000	-1.74040E-001	0.00000E+000	8	...........	1466.53
	1975	98.8	-1.75052E-001	-1.05587E-005	0.00000E+000	-1.75039E-001	0.00000E+000	8	...........	1466.53
	1976	98.85	-1.76056E-001	-1.05200E-005	0.00000E+000	-1.76039E-001	0.00000E+000	8	...........	1466.53
	1977	98.9	-1.77054E-001	-1.04824E-005	0.00000E+000	-1.77039E-001	0.00000E+000	8	...........	1466.53
	1978	98.95	-1.78048E-001	-1.04441E-005	0.00000E+000	-1.78038E-001	0.00000E+000	8	...........	1466.53
	1979	99	-1.79057E-001	-1.04080E-005	0.00000E+000	-1.79038E-001	0.00000E+000	8	...........	1466.53
	1980	99.05	-1.80063E-001	-1.03707E-005	0.00000E+000	-1.80038E-001	0.00000E+000	8	...........	1466.53
	1981	99.1	-1.81059E-001	-1.03351E-005	0.00000E+000	-1.81037E-001	0.00000E+000	8	...........	1466.53
	1982	99.15	-1.82064E-001	-1.03000E-005	0.00000E+000	-1.82037E-001	0.00000E+000	8	...........	1466.53
	1983	99.2	-1.83066E-001	-1.02640E-005	0.00000E+000	-1.83037E-001	0.00000E+000	8	...........	1466.53
	1984	99.25	-1.84060E-001	-1.02289E-005	0.00000E+000	-1.84036E-001	0.00000E+000	8	...........	1466.53
	1985	99.3	-1.85053E-001	-1.01946E-005	0.00000E+000	-1.85036E-001	0.00000E+000	8	...........	1466.53
	1986	99.35	-1.86052E-001	-1.01599E-005	0.00000E+000	-1.86036E-001	0.00000E+000	8	...........	1466.53
	1987	99.4	-1.87051E-001	-1.01265E-005	0.00000E+000	-1.87035E-001	0.00000E+000	8	...........	1466.53
	1988	99.45	-1.88047E-001	-1.00928E-005	0.00000E+000	-1.88035E-001	0.00000E+000	8	...........	1466.53
	1989	99.5	-1.89058E-001	-1.00596E-005	0.00000E+000	-1.89035E-001	0.00000E+000	8	...........	1466.53
	1990	99.55	-1.90041E-001	-1.00274E-005	0.00000E+000	-1.90034E-001	0.00000E+000	8	...........	1466.53
	1991	99.6	-1.91036E-001	-9.99443E-006	0.00000E+000	-1.91034E-001	0.00000E+000	8	...........	1466.53
	1992	99.65	-1.92073E-001	-9.96308E-006	0.00000E+000	-1.92034E-001	0.00000E+000	8	...........	1466.53
	1993	99.7	-1.93052E-001	-9.93086E-006	0.00000E+000	-1.93033E-001	0.00000E+000	8	...........	1466.53
	1994	99.75	-1.94056E-001	-9.90094E-006	0.00000E+000	-1.94033E-001	0.00000E+000	8	...........	1466.53
	1995	99.8	-1.95054E-001	-9.86986E-006	0.00000E+000	-1.95032E-001	0.00000E+000	8	...........	1466.53
	1996	99.85	-1.96072E-001	-9.84018E-006	0.00000E+000	-1.96032E-001	0.00000E+000	8	...........	1466.53
	1997	99.9	-1.97061E-001	-9.80888E-006	0.00000E+000	-1.97032E-001	0.00000E+000	8	...........	1466.53
	1998	99.95	-1.98050E-001	-9.77965E-006	0.00000E+000	-1.98031E-001	0.00000E+000	8	...........	1466.53
	1999	100	-1.99051E-001	-9.75003E-006	0.00000E+000	-1.99031E-001	0.00000E+000	8	...........	1466.53
	2000	100.05	-2.00051E-001	-9.72084E-006	0.00000E+000	-2.00031E-001	0.00000E+000	8	...........	1466.53
	2001	100.1	-2.01043E-001	-9.69121E-006	0.00000E+000	-2.01030E-001	0.00000E+000	8	...........	1466.53
	2002	100.15	-2.02069E-001	-9.66458E-006	0.00000E+000	-2.02043E-001	0.00000E+000	8	...........	1466.53
	2003	100.2	-2.03045E-001	-9.63532E-006	0.00000E+000	-2.03042E-001	0.00000E+000	8	...........	1466.53
	2004	100.25	-2.04054E-001	-9.60819E-006	0.00000E+000	-2.04042E-001	0.00000E+000	8	...........	1466.53
	2005	100.3	-2.05073E-001	-9.57984E-006	0.00000E+000	-2.05042E-001	0.00000E+000	8	...........	1466.53
	2006	100.35	-2.06064E-001	-9.55344E-006	0.00000E+000	-2.06041E-001	0.00000E+000	8	...........	1466.53
	2007	100.4	-2.07047E-001	-9.52612E-006	0.00000E+000	-2.07041E-001	0.00000E+000	8	...........	1466.53
	2008	100.45	-2.08043E-001	-9.49968E-006	0.00000E+000	-2.08040E-001	0.00000E+000	8	...........	1466.53
	2009	100.5	-2.09055E-001	-9.47363E-006	0.00000E+000	-2.09040E-001	0.00000E+000	8	...........	1466.67
	2010	100.55	-2.10047E-001	-9.44742E-006	0.00000E+000	-2.10040E-001	0.00000E+000	8	...........	1466.71
	2011	100.6	-2.11044E-001	-9.42140E-006	0.00000E+000	-2.11039E-001	0.00000E+000	8	...........	1466.71
	2012	100.65	-2.12049E-001	-9.39539E-006	0.00000E+000	-2.12039E-001	0.00000E+000	8	...........	1466.71
	2013	100.7	-2.13060E-001	-9.37067E-006	0.00000E+000	-2.13039E-001	0.00000E+000	8	...........	1466.71
	2014	100.75	-2.14065E-001	-9.34588E-006	0.00000E+000	-2.14038E-001	0.00000E+000	8	...........	1466.71
	2015	100.8	-2.15062E-001	-9.32067E-006	0.00000E+000	-2.15038E-001	0.00000E+000	8	...........	1466.71
	2016	100.85	-2.16041E-001	-9.29614E-006	0.00000E+000	-2.16038E-001	0.00000E+000	8	...........	1466.71
	2017	100.9	-2.17042E-001	-9.27229E-006	0.00000E+000	-2.17037E-001	0.00000E+000	8	...........	1466.71
	2018	100.95	-2.18072E-001	-9.24796E-006	0.00000E+000	-2.18037E-001	0.00000E+000	8	...........	1466.71
	2019	101	-2.19053E-001	-9.22502E-006	0.00000E+000	-2.19037E-001	0.00000E+000	8	...........	1466.71
	2020	101.05	-2.20044E-001	-9.20156E-006	0.00000E+000	-2.20036E-001	0.00000E+000	8	...........	1466.71
	2021	101.1	-2.21054E-001	-9.17849E-006	0.00000E+000	-2.21036E-001	0.00000E+000	8	...........	1466.71
	2022	101.15	-2.22058E-001	-9.15568E-006	0.00000E+000	-2.22036E-001	0.00000E+000	8	...........	1466.71
	2023	101.2	-2.23050E-001	-9.13331E-006	0.00000E+000	-2.23035E-001	0.00000E+000	8	...........	1466.71
	2024	101.25	-2.24050E-001	-9.11127E-006	0.00000E+000	-2.24035E-001	0.00000E+000	8	...........	1466.71
	2025	101.3	-2.25044E-001	-9.08896E-006	0.00000E+000	-2.25035E-001	0.00000E+000	8	...........	1466.71
	2026	101.35	-2.26034E-001	-9.06702E-006	0.00000E+000	-2.26034E-001	0.00000E+000	8	...........	1466.71
	2027	101.4	-2.27027E-001	-9.04503E-006	0.00000E+000	-2.27034E-001	0.00000E+000	8	...........	1466.71
	2028	101.45	-2.28035E-001	-9.02431E-006	0.00000E+000	-2.28034E-001	0.00000E+000	8	...........	1466.71
	2029	101.5	-2.29039E-001	-9.00288E-006	0.00000E+000	-2.29033E-001	0.00000E+000	8	...........	1466.93
	2030	101.55	-2.30038E-001	-8.98185E-006	0.00000E+000	-2.30033E-001	0.00000E+000	8	...........	1466.98
	2031	101.6	-2.31046E-001	-8.96083E-006	0.00000E+000	-2.31033E-001	0.00000E+000	8	...........	1466.98
	2032	101.65	-2.32057E-001	-8.94164E-006	0.00000E+000	-2.32032E-001	0.00000E+000	8	...........	1466.98
	2033	101.7	-2.33051E-001	-8.92098E-006	0.00000E+000	-2.33032E-001	0.00000E+000	8	...........	1466.98
	2034	101.75	-2.34058E-001	-8.90146E-006	0.00000E+000	-2.34031E-001	0.00000E+000	8	...........	1466.98
	2035	101.8	-2.35040E-001	-8.88091E-006	0.00000E+000	-2.35031E-001	0.00000E+000	8	...........	1466.98
	2036	101.85	-2.36032E-001	-8.86108E-006	0.00000E+000	-2.36031E-001	0.00000E+000	8	...........	1466.98
	2037	101.9	-2.37053E-001	-8.84238E-006	0.00000E+000	-2.37030E-001	0.00000E+000	8	...........	1466.98
	2038	101.95	-2.38052E-001	-8.82368E-006	0.00000E+000	-2.38030E-001	0.00000E+000	8	...........	1466.98
	2039	102	-2.39052E-001	-8.80477E-006	0.00000E+000	-2.39042E-001	0.00000E+000	8	...........	1466.98
	2040	102.05	-2.40046E-001	-8.78569E-006	0.00000E+000	-2.40042E-001	0.00000E+000	8	...........	1466.98
	2041	102.1	-2.41040E-001	-8.76735E-006	0.00000E+000	-2.41042E-001	0.00000E+000	8	...........	1466.98
	2042	102.15	-2.42036E-001	-8.74884E-006	0.00000E+000	-2.42041E-001	0.00000E+000	8	...........	1466.98
	2043	102.2	-2.43042E-001	-8.73143E-006	0.00000E+000	-2.43041E-001	0.00000E+000	8	...........	1466.98
	2044	102.25	-2.44061E-001	-8.71299E-006	0.00000E+000	-2.44041E-001	0.00000E+000	8	...........	1466.98
	2045	102.3	-2.45056E-001	-8.69527E-006	0.00000E+000	-2.45040E-001	0.00000E+000	8	...........	1466.98
	2046	102.35	-2.46056E-001	-8.67887E-006	0.00000E+000	-2.46040E-001	0.00000E+000	8	...........	1466.98
	2047	102.4	-2.47065E-001	-8.66157E-006	0.00000E+000	-2.47039E-001	0.00000E+000	8	...........	1466.98
	2048	102.45	-2.48051E-001	-8.64409E-006	0.00000E+000	-2.48039E-001	0.00000E+000	8	...........	1466.98
	2049	102.5	-2.49048E-001	-8.62714E-006	0.00000E+000	-2.49039E-001	0.00000E+000	8	...........	1466.61
	2050	102.55	-2.50061E-001	-8.61132E-006	0.00000E+000	-2.50038E-001	0.00000E+000	8	...........	1466.53
	2051	102.6	-2.51054E-001	-8.59472E-006	0.00000E+000	-2.51038E-001	0.00000E+000	8	...........	1466.53
	2052	102.65	-2.52043E-001	-8.57837E-006	0.00000E+000	-2.52038E-001	0.00000E+000	8	...........	1466.53
	2053	102.7	-2.53048E-001	-8.56245E-006	0.00000E+000	-2.53037E-001	0.00000E+000	8	...........	1466.53
	2054	102.75	-2.54049E-001	-8.54679E-006	0.00000E+000	-2.54037E-001	0.00000E+000	8	...........	1466.53
	2055	102.8	-2.55043E-001	-8.53074E-006	0.00000E+000	-2.55037E-001	0.00000E+000	8	...........	1466.53
	2056	102.85	-2.56056E-001	-8.51433E-006	0.00000E+000	-2.56036E-001	0.00000E+000	8	...........	1466.53
	2057	102.9	-2.57059E-001	-8.49923E-006	0.00000E+000	-2.57036E-001	0.00000E+000	8	...........	1466.53
	2058	102.95	-2.58061E-001	-8.48432E-006	0.00000E+000	-2.58036E-001	0.00000E+000	8	...........	1466.53
	2059	103	-2.59044E-001	-8.46855E-006	0.00000E+000	-2.59035E-001	0.00000E+000	8	...........	1466.53
	2060	103.05	-2.60050E-001	-8.45460E-006	0.00000E+000	-2.60035E-001	0.00000E+000	8	...........	1466.53
	2061	103.1	-2.61040E-001	-8.43935E-006	0.00000E+000	-2.61035E-001	0.00000E+000	8	...........	1466.53
	2062	103.15	-2.62037E-001	-8.42531E-006	0.00000E+000	-2.62034E-001	0.00000E+000	8	...........	1466.53
	2063	103.2	-2.63046E-001	-8.41114E-006	0.00000E+000	-2.63034E-001	0.00000E+000	8	...........	1466.53
	2064	103.25	-2.64034E-001	-8.39735E-006	0.00000E+000	-2.64034E-001	0.00000E+000	8	...........	1466.53
	2065	103.3	-2.65026E-001	-8.38340E-006	0.00000E+000	-2.65033E-001	0.00000E+000	8	...........	1466.53
	2066	103.35	-2.66047E-001	-8.37075E-006	0.00000E+000	-2.66033E-001	0.00000E+000	8	...........	1466.53
	2067	103.4	-2.67040E-001	-8.35663E-006	0.00000E+000	-2.67033E-001	0.00000E+000	8	...........	1466.53
	2068	103.45	-2.68041E-001	-8.34413E-006	0.00000E+000	-2.68032E-001	0.00000E+000	8	...........	1466.53
	2069	103.5	-2.69058E-001	-8.33072E-006	0.00000E+000	-2.69032E-001	0.00000E+000	8	...........	1466.45
	2070	103.55	-2.70041E-001	-8.31793E-006	0.00000E+000	-2.70032E-001	0.00000E+000	8	...........	1466.44
	2071	103.6	-2.71040E-001	-8.30462E-006	0.00000E+000	-2.71031E-001	0.00000E+000	8	...........	1466.44
	2072	103.65	-2.72050E-001	-8.29254E-006	0.00000E+000	-2.72031E-001	0.00000E+000	8	...........	1466.44
	2073	103.7	-2.73050E-001	-8.27971E-006	0.00000E+000	-2.73030E-001	0.00000E+000	8	...........	1466.44
	2074	103.75	-2.74045E-001	-8.26846E-006	0.00000E+000	-2.74030E-001	0.00000E+000	8	...........	1466.44
	2075	103.8	-2.75037E-001	-8.25660E-006	0.00000E+000	-2.75042E-001	0.00000E+000	8	...........	1466.44
	2076	103.85	-2.76043E-001	-8.24403E-006	0.00000E+000	-2.76042E-001	0.00000E+000	8	...........	1466.44
	2077	103.9	-2.77046E-001	-8.23264E-006	0.00000E+000	-2.77042E-001	0.00000E+000	8	...........	1466.44
	2078	103.95	-2.78051E-001	-8.22102E-006	0.00000E+000	-2.78041E-001	0.00000E+000	8	...........	1466.44
	2079	104	-2.79055E-001	-8.21024E-006	0.00000E+000	-2.79041E-001	0.00000E+000	8	...........	1466.44
	2080	104.05	-2.80041E-001	-8.19887E-006	0.00000E+000	-2.80041E-001	0.00000E+000	8	...........	1466.44
	2081	104.1	-2.81040E-001	-8.18787E-006	0.00000E+000	-2.81040E-001	0.00000E+000	8	...........	1466.44
	2082	104.15	-2.82062E-001	-8.17635E-006	0.00000E+000	-2.82040E-001	0.00000E+000	8	...........	1466.44
	2083	104.2	-2.83061E-001	-8.16549E-006	0.00000E+000	-2.83040E-001	0.00000E+000	8	...........	1466.44
	2084	104.25	-2.84057E-001	-8.15544E-006	0.00000E+000	-2.84039E-001	0.00000E+000	8	...........	1466.44
	2085	104.3	-2.85053E-001	-8.14466E-006	0.00000E+000	-2.85039E-001	0.00000E+000	8	...........	1466.44
	2086	104.35	-2.86042E-001	-8.13506E-006	0.00000E+000	-2.86038E-001	0.00000E+000	8	...........	1466.44
	2087	104.4	-2.87042E-001	-8.12510E-006	0.00000E+000	-2.87038E-001	0.00000E+000	8	...........	1466.44
	2088	104.45	-2.88043E-001	-8.11512E-006	0.00000E+000	-2.88038E-001	0.00000E+000	8	...........	1466.44
	2089	104.5	-2.89043E-001	-8.10528E-006	0.00000E+000	-2.89037E-001	0.00000E+000	8	...........	1466.66
	2090	104.55	-2.90042E-001	-8.09617E-006	0.00000E+000	-2.90037E-001	0.00000E+000	8	...........	1466.71
	2091	104.6	-2.91028E-001	-8.08654E-006	0.00000E+000	-2.91037E-001	0.00000E+000	8	...........	1466.71
	2092	104.65	-2.92035E-001	-8.07799E-006	0.00000E+000	-2.92036E-001	0.00000E+000	8	...........	1466.71
	2093	104.7	-2.93033E-001	-8.06893E-006	0.00000E+000	-2.93036E-001	0.00000E+000	8	...........	1466.71
	2094	104.75	-2.94027E-001	-8.05931E-006	0.00000E+000	-2.94036E-001	0.00000E+000	8	...........	1466.71
	2095	104.8	-2.95053E-001	-8.05203E-006	0.00000E+000	-2.95035E-001	0.00000E+000	8	...........	1466.71
	2096	104.85	-2.96050E-001	-8.04307E-006	0.00000E+000	-2.96035E-001	0.00000E+000	8	...........	1466.71
	2097	104.9	-2.97047E-001	-8.03465E-006	0.00000E+000	-2.97035E-001	0.00000E+000	8	...........	1466.71
	2098	104.95	-2.98047E-001	-8.02630E-006	0.00000E+000	-2.98034E-001	0.00000E+000	8	...........	1466.71
	2099	105	-2.99043E-001	-8.01964E-006	0.00000E+000	-2.99034E-001	0.00000E+000	8	...........	1466.71
	2100	105.05	-3.00039E-001	-8.01085E-006	0.00000E+000	-3.00034E-001	0.00000E+000	8	...........	1466.71
CURVE3	TABLE
	Pt	T	Vf	Im	Vu	Sig	Ach	IERange	Over	Temp
	#	s	V vs. Ref.	A	V	V	V	#	bits	deg C
	2101	105.1	-2.99055E-001	-7.86044E-006	0.00000E+000	-2.99034E-001	0.00000E+000	8	...........	1466.71
	2102	105.15	-2.98070E-001	-7.81824E-006	0.00000E+000	-2.98034E-001	0.00000E+000	8	...........	1466.71
	2103	105.2	-2.97069E-001	-7.77991E-006	0.00000E+000	-2.97035E-001	0.00000E+000	8	...........	1466.71
	2104	105.25	-2.96069E-001	-7.74429E-006	0.00000E+000	-2.96035E-001	0.00000E+000	8	...........	1466.71
	2105	105.3	-2.95065E-001	-7.71009E-006	0.00000E+000	-2.95035E-001	0.00000E+000	8	...........	1466.71
	2106	105.35	-2.94045E-001	-7.67639E-006	0.00000E+000	-2.94036E-001	0.00000E+000	8	...........	1466.71
	2107	105.4	-2.93044E-001	-7.64460E-006	0.00000E+000	-2.93036E-001	0.00000E+000	8	...........	1466.71
	2108	105.45	-2.92039E-001	-7.61278E-006	0.00000E+000	-2.92036E-001	0.00000E+000	8	...........	1466.71
	2109	105.5	-2.91032E-001	-7.58288E-006	0.00000E+000	-2.91037E-001	0.00000E+000	8	...........	1466.93
	2110	105.55	-2.90051E-001	-7.55441E-006	0.00000E+000	-2.90037E-001	0.00000E+000	8	...........	1466.98
	2111	105.6	-2.89060E-001	-7.52572E-006	0.00000E+000	-2.89037E-001	0.00000E+000	8	...........	1466.98
	2112	105.65	-2.88058E-001	-7.49749E-006	0.00000E+000	-2.88038E-001	0.00000E+000	8	...........	1466.98
	2113	105.7	-2.87062E-001	-7.46978E-006	0.00000E+000	-2.87038E-001	0.00000E+000	8	...........	1466.98
	2114	105.75	-2.86068E-001	-7.44352E-006	0.00000E+000	-2.86038E-001	0.00000E+000	8	...........	1466.98
	2115	105.8	-2.85082E-001	-7.41727E-006	0.00000E+000	-2.85039E-001	0.00000E+000	8	...........	1466.98
	2116	105.85	-2.84069E-001	-7.39179E-006	0.00000E+000	-2.84039E-001	0.00000E+000	8	...........	1466.98
	2117	105.9	-2.83066E-001	-7.36618E-006	0.00000E+000	-2.83040E-001	0.00000E+000	8	...........	1466.98
	2118	105.95	-2.82074E-001	-7.34159E-006	0.00000E+000	-2.82040E-001	0.00000E+000	8	...........	1466.98
	2119	106	-2.81053E-001	-7.31788E-006	0.00000E+000	-2.81040E-001	0.00000E+000	8	...........	1466.98
	2120	106.05	-2.80060E-001	-7.29383E-006	0.00000E+000	-2.80041E-001	0.00000E+000	8	...........	1466.98
	2121	106.1	-2.79063E-001	-7.27038E-006	0.00000E+000	-2.79041E-001	0.00000E+000	8	...........	1466.98
	2122	106.15	-2.78045E-001	-7.24665E-006	0.00000E+000	-2.78041E-001	0.00000E+000	8	...........	1466.98
	2123	106.2	-2.77058E-001	-7.22477E-006	0.00000E+000	-2.77042E-001	0.00000E+000	8	...........	1466.98
	2124	106.25	-2.76047E-001	-7.20133E-006	0.00000E+000	-2.76042E-001	0.00000E+000	8	...........	1466.98
	2125	106.3	-2.75054E-001	-7.17983E-006	0.00000E+000	-2.75042E-001	0.00000E+000	8	...........	1466.98
	2126	106.35	-2.74055E-001	-7.15714E-006	0.00000E+000	-2.74030E-001	0.00000E+000	8	...........	1466.98
	2127	106.4	-2.73059E-001	-7.13608E-006	0.00000E+000	-2.73030E-001	0.00000E+000	8	...........	1466.98
	2128	106.45	-2.72055E-001	-7.11543E-006	0.00000E+000	-2.72031E-001	0.00000E+000	8	...........	1466.98
	2129	106.5	-2.71048E-001	-7.09494E-006	0.00000E+000	-2.71031E-001	0.00000E+000	8	...........	1466.60
	2130	106.55	-2.70043E-001	-7.07337E-006	0.00000E+000	-2.70032E-001	0.00000E+000	8	...........	1466.53
	2131	106.6	-2.69074E-001	-7.05419E-006	0.00000E+000	-2.69032E-001	0.00000E+000	8	...........	1466.53
	2132	106.65	-2.68043E-001	-7.03404E-006	0.00000E+000	-2.68032E-001	0.00000E+000	8	...........	1466.53
	2133	106.7	-2.67052E-001	-7.01525E-006	0.00000E+000	-2.67033E-001	0.00000E+000	8	...........	1466.53
	2134	106.75	-2.66048E-001	-6.99551E-006	0.00000E+000	-2.66033E-001	0.00000E+000	8	...........	1466.53
	2135	106.8	-2.65045E-001	-6.97577E-006	0.00000E+000	-2.65033E-001	0.00000E+000	8	...........	1466.53
	2136	106.85	-2.64041E-001	-6.95670E-006	0.00000E+000	-2.64034E-001	0.00000E+000	8	...........	1466.53
	2137	106.9	-2.63051E-001	-6.93839E-006	0.00000E+000	-2.63034E-001	0.00000E+000	8	...........	1466.53
	2138	106.95	-2.62043E-001	-6.91916E-006	0.00000E+000	-2.62034E-001	0.00000E+000	8	...........	1466.53
	2139	107	-2.61046E-001	-6.90122E-006	0.00000E+000	-2.61035E-001	0.00000E+000	8	...........	1466.53
	2140	107.05	-2.60060E-001	-6.88359E-006	0.00000E+000	-2.60035E-001	0.00000E+000	8	...........	1466.53
	2141	107.1	-2.59051E-001	-6.86486E-006	0.00000E+000	-2.59035E-001	0.00000E+000	8	...........	1466.53
	2142	107.15	-2.58065E-001	-6.84693E-006	0.00000E+000	-2.58036E-001	0.00000E+000	8	...........	1466.53
	2143	107.2	-2.57071E-001	-6.82915E-006	0.00000E+000	-2.57036E-001	0.00000E+000	8	...........	1466.53
	2144	107.25	-2.56055E-001	-6.81054E-006	0.00000E+000	-2.56036E-001	0.00000E+000	8	...........	1466.53
	2145	107.3	-2.55047E-001	-6.79428E-006	0.00000E+000	-2.55037E-001	0.00000E+000	8	...........	1466.53
	2146	107.35	-2.54046E-001	-6.77707E-006	0.00000E+000	-2.54037E-001	0.00000E+000	8	...........	1466.53
	2147	107.4	-2.53045E-001	-6.75998E-006	0.00000E+000	-2.53037E-001	0.00000E+000	8	...........	1466.53
	2148	107.45	-2.52049E-001	-6.74286E-006	0.00000E+000	-2.52038E-001	0.00000E+000	8	...........	1466.53
	2149	107.5	-2.51057E-001	-6.72660E-006	0.00000E+000	-2.51038E-001	0.00000E+000	8	...........	1466.53
	2150	107.55	-2.50052E-001	-6.70963E-006	0.00000E+000	-2.50038E-001	0.00000E+000	8	...........	1466.53
	2151	107.6	-2.49060E-001	-6.69457E-006	0.00000E+000	-2.49039E-001	0.00000E+000	8	...........	1466.53
	2152	107.65	-2.48051E-001	-6.67737E-006	0.00000E+000	-2.48039E-001	0.00000E+000	8	...........	1466.53
	2153	107.7	-2.47063E-001	-6.66112E-006	0.00000E+000	-2.47039E-001	0.00000E+000	8	...........	1466.53
	2154	107.75	-2.46055E-001	-6.64563E-006	0.00000E+000	-2.46040E-001	0.00000E+000	8	...........	1466.53
	2155	107.8	-2.45072E-001	-6.63099E-006	0.00000E+000	-2.45040E-001	0.00000E+000	8	...........	1466.53
	2156	107.85	-2.44066E-001	-6.61469E-006	0.00000E+000	-2.44041E-001	0.00000E+000	8	...........	1466.53
	2157	107.9	-2.43049E-001	-6.59927E-006	0.00000E+000	-2.43041E-001	0.00000E+000	8	...........	1466.53
	2158	107.95	-2.42045E-001	-6.58377E-006	0.00000E+000	-2.42041E-001	0.00000E+000	8	...........	1466.53
	2159	108	-2.41053E-001	-6.56903E-006	0.00000E+000	-2.41042E-001	0.00000E+000	8	...........	1466.53
	2160	108.05	-2.40058E-001	-6.55382E-006	0.00000E+000	-2.40042E-001	0.00000E+000	8	...........	1466.53
	2161	108.1	-2.39060E-001	-6.53922E-006	0.00000E+000	-2.39042E-001	0.00000E+000	8	...........	1466.53
	2162	108.15	-2.38046E-001	-6.52394E-006	0.00000E+000	-2.38030E-001	0.00000E+000	8	...........	1466.53
	2163	108.2	-2.37056E-001	-6.50971E-006	0.00000E+000	-2.37030E-001	0.00000E+000	8	...........	1466.53
	2164	108.25	-2.36041E-001	-6.49451E-006	0.00000E+000	-2.36031E-001	0.00000E+000	8	...........	1466.53
	2165	108.3	-2.35046E-001	-6.48026E-006	0.00000E+000	-2.35031E-001	0.00000E+000	8	...........	1466.53
	2166	108.35	-2.34053E-001	-6.46508E-006	0.00000E+000	-2.34031E-001	0.00000E+000	8	...........	1466.53
	2167	108.4	-2.33064E-001	-6.45181E-006	0.00000E+000	-2.33032E-001	0.00000E+000	8	...........	1466.53
	2168	108.45	-2.32059E-001	-6.43673E-006	0.00000E+000	-2.32032E-001	0.00000E+000	8	...........	1466.53
	2169	108.5	-2.31073E-001	-6.42320E-006	0.00000E+000	-2.31033E-001	0.00000E+000	8	...........	1466.60
	2170	108.55	-2.30055E-001	-6.40865E-006	0.00000E+000	-2.30033E-001	0.00000E+000	8	...........	1466.62
	2171	108.6	-2.29048E-001	-6.39478E-006	0.00000E+000	-2.29033E-001	0.00000E+000	8	...........	1466.62
	2172	108.65	-2.28043E-001	-6.38145E-006	0.00000E+000	-2.28034E-001	0.00000E+000	8	...........	1466.62
	2173	108.7	-2.27043E-001	-6.36785E-006	0.00000E+000	-2.27034E-001	0.00000E+000	8	...........	1466.62
	2174	108.75	-2.26046E-001	-6.35426E-006	0.00000E+000	-2.26034E-001	0.00000E+000	8	...........	1466.62
	2175	108.8	-2.25058E-001	-6.34110E-006	0.00000E+000	-2.25035E-001	0.00000E+000	8	...........	1466.62
	2176	108.85	-2.24064E-001	-6.32712E-006	0.00000E+000	-2.24035E-001	0.00000E+000	8	...........	1466.62
	2177	108.9	-2.23068E-001	-6.31395E-006	0.00000E+000	-2.23035E-001	0.00000E+000	8	...........	1466.62
	2178	108.95	-2.22058E-001	-6.30009E-006	0.00000E+000	-2.22036E-001	0.00000E+000	8	...........	1466.62
	2179	109	-2.21073E-001	-6.28860E-006	0.00000E+000	-2.21036E-001	0.00000E+000	8	...........	1466.62
	2180	109.05	-2.20056E-001	-6.27456E-006	0.00000E+000	-2.20036E-001	0.00000E+000	8	...........	1466.62
	2181	109.1	-2.19055E-001	-6.26150E-006	0.00000E+000	-2.19037E-001	0.00000E+000	8	...........	1466.62
	2182	109.15	-2.18076E-001	-6.24867E-006	0.00000E+000	-2.18037E-001	0.00000E+000	8	...........	1466.62
	2183	109.2	-2.17048E-001	-6.23558E-006	0.00000E+000	-2.17037E-001	0.00000E+000	8	...........	1466.62
	2184	109.25	-2.16054E-001	-6.22238E-006	0.00000E+000	-2.16038E-001	0.00000E+000	8	...........	1466.62
	2185	109.3	-2.15061E-001	-6.20942E-006	0.00000E+000	-2.15038E-001	0.00000E+000	8	...........	1466.62
	2186	109.35	-2.14049E-001	-6.19692E-006	0.00000E+000	-2.14038E-001	0.00000E+000	8	...........	1466.62
	2187	109.4	-2.13051E-001	-6.18438E-006	0.00000E+000	-2.13039E-001	0.00000E+000	8	...........	1466.62
	2188	109.45	-2.12053E-001	-6.17201E-006	0.00000E+000	-2.12039E-001	0.00000E+000	8	...........	1466.62
	2189	109.5	-2.11049E-001	-6.15949E-006	0.00000E+000	-2.11039E-001	0.00000E+000	8	...........	1466.85
	2190	109.55	-2.10060E-001	-6.14683E-006	0.00000E+000	-2.10040E-001	0.00000E+000	8	...........	1466.89
	2191	109.6	-2.09064E-001	-6.13413E-006	0.00000E+000	-2.09040E-001	0.00000E+000	8	...........	1466.89
	2192	109.65	-2.08066E-001	-6.12146E-006	0.00000E+000	-2.08040E-001	0.00000E+000	8	...........	1466.89
	2193	109.7	-2.07065E-001	-6.10921E-006	0.00000E+000	-2.07041E-001	0.00000E+000	8	...........	1466.89
	2194	109.75	-2.06075E-001	-6.09706E-006	0.00000E+000	-2.06041E-001	0.00000E+000	8	...........	1466.89
	2195	109.8	-2.05078E-001	-6.08496E-006	0.00000E+000	-2.05042E-001	0.00000E+000	8	...........	1466.89
	2196	109.85	-2.04058E-001	-6.07313E-006	0.00000E+000	-2.04042E-001	0.00000E+000	8	...........	1466.89
	2197	109.9	-2.03068E-001	-6.06100E-006	0.00000E+000	-2.03042E-001	0.00000E+000	8	...........	1466.89
	2198	109.95	-2.02082E-001	-6.04912E-006	0.00000E+000	-2.02043E-001	0.00000E+000	8	...........	1466.89
	2199	110	-2.01063E-001	-6.03566E-006	0.00000E+000	-2.01030E-001	0.00000E+000	8	...........	1466.89
	2200	110.05	-2.00058E-001	-6.02396E-006	0.00000E+000	-2.00031E-001	0.00000E+000	8	...........	1466.89
	2201	110.1	-1.99055E-001	-6.01168E-006	0.00000E+000	-1.99031E-001	0.00000E+000	8	...........	1466.89
	2202	110.15	-1.98051E-001	-5.99965E-006	0.00000E+000	-1.98031E-001	0.00000E+000	8	...........	1466.89
	2203	110.2	-1.97059E-001	-5.98740E-006	0.00000E+000	-1.97032E-001	0.00000E+000	8	...........	1466.89
	2204	110.25	-1.96073E-001	-5.97612E-006	0.00000E+000	-1.96032E-001	0.00000E+000	8	...........	1466.89
	2205	110.3	-1.95057E-001	-5.96338E-006	0.00000E+000	-1.95032E-001	0.00000E+000	8	...........	1466.89
	2206	110.35	-1.94066E-001	-5.95171E-006	0.00000E+000	-1.94033E-001	0.00000E+000	8	...........	1466.89
	2207	110.4	-1.93063E-001	-5.94028E-006	0.00000E+000	-1.93033E-001	0.00000E+000	8	...........	1466.89
	2208	110.45	-1.92077E-001	-5.92806E-006	0.00000E+000	-1.92034E-001	0.00000E+000	8	...........	1466.89
	2209	110.5	-1.91050E-001	-5.91616E-006	0.00000E+000	-1.91034E-001	0.00000E+000	8	...........	1466.58
	2210	110.55	-1.90051E-001	-5.90427E-006	0.00000E+000	-1.90034E-001	0.00000E+000	8	...........	1466.53
	2211	110.6	-1.89060E-001	-5.89171E-006	0.00000E+000	-1.89035E-001	0.00000E+000	8	...........	1466.53
	2212	110.65	-1.88057E-001	-5.88004E-006	0.00000E+000	-1.88035E-001	0.00000E+000	8	...........	1466.53
	2213	110.7	-1.87063E-001	-5.86845E-006	0.00000E+000	-1.87035E-001	0.00000E+000	8	...........	1466.53
	2214	110.75	-1.86073E-001	-5.85661E-006	0.00000E+000	-1.86036E-001	0.00000E+000	8	...........	1466.53
	2215	110.8	-1.85066E-001	-5.84409E-006	0.00000E+000	-1.85036E-001	0.00000E+000	8	...........	1466.53
	2216	110.85	-1.84087E-001	-5.83192E-006	0.00000E+000	-1.84036E-001	0.00000E+000	8	...........	1466.53
	2217	110.9	-1.83086E-001	-5.81974E-006	0.00000E+000	-1.83037E-001	0.00000E+000	8	...........	1466.53
	2218	110.95	-1.82083E-001	-5.80756E-006	0.00000E+000	-1.82037E-001	0.00000E+000	8	...........	1466.53
	2219	111	-1.81082E-001	-5.79489E-006	0.00000E+000	-1.81037E-001	0.00000E+000	8	...........	1466.53
	2220	111.05	-1.80081E-001	-5.78285E-006	0.00000E+000	-1.80038E-001	0.00000E+000	8	...........	1466.53
	2221	111.1	-1.79064E-001	-5.77149E-006	0.00000E+000	-1.79038E-001	0.00000E+000	8	...........	1466.53
	2222	111.15	-1.78054E-001	-5.75847E-006	0.00000E+000	-1.78038E-001	0.00000E+000	8	...........	1466.53
	2223	111.2	-1.77062E-001	-5.74668E-006	0.00000E+000	-1.77039E-001	0.00000E+000	8	...........	1466.53
	2224	111.25	-1.76063E-001	-5.73439E-006	0.00000E+000	-1.76039E-001	0.00000E+000	8	...........	1466.53
	2225	111.3	-1.75060E-001	-5.72216E-006	0.00000E+000	-1.75039E-001	0.00000E+000	8	...........	1466.53
	2226	111.35	-1.74069E-001	-5.71033E-006	0.00000E+000	-1.74040E-001	0.00000E+000	8	...........	1466.53
	2227	111.4	-1.73084E-001	-5.69753E-006	0.00000E+000	-1.73040E-001	0.00000E+000	8	...........	1466.53
	2228	111.45	-1.72075E-001	-5.68517E-006	0.00000E+000	-1.72040E-001	0.00000E+000	8	...........	1466.53
	2229	111.5	-1.71073E-001	-5.67287E-006	0.00000E+000	-1.71041E-001	0.00000E+000	8	...........	1466.53
	2230	111.55	-1.70081E-001	-5.66014E-006	0.00000E+000	-1.70041E-001	0.00000E+000	8	...........	1466.53
	2231	111.6	-1.69081E-001	-5.64674E-006	0.00000E+000	-1.69041E-001	0.00000E+000	8	...........	1466.53
	2232	111.65	-1.68088E-001	-5.63426E-006	0.00000E+000	-1.68042E-001	0.00000E+000	8	...........	1466.53
	2233	111.7	-1.67084E-001	-5.62107E-006	0.00000E+000	-1.67042E-001	0.00000E+000	8	...........	1466.53
	2234	111.75	-1.66075E-001	-5.60876E-006	0.00000E+000	-1.66043E-001	0.00000E+000	8	...........	1466.53
	2235	111.8	-1.65061E-001	-5.59447E-006	0.00000E+000	-1.65030E-001	0.00000E+000	8	...........	1466.53
	2236	111.85	-1.64056E-001	-5.58168E-006	0.00000E+000	-1.64031E-001	0.00000E+000	8	...........	1466.53
	2237	111.9	-1.63059E-001	-5.56828E-006	0.00000E+000	-1.63031E-001	0.00000E+000	8	...........	1466.53
	2238	111.95	-1.62063E-001	-5.55531E-006	0.00000E+000	-1.62031E-001	0.00000E+000	8	...........	1466.53
	2239	112	-1.61071E-001	-5.54153E-006	0.00000E+000	-1.61032E-001	0.00000E+000	8	...........	1466.53
	2240	112.05	-1.60077E-001	-5.52835E-006	0.00000E+000	-1.60032E-001	0.00000E+000	8	...........	1466.53
	2241	112.1	-1.59068E-001	-5.51375E-006	0.00000E+000	-1.59032E-001	0.00000E+000	8	...........	1466.53
	2242	112.15	-1.58068E-001	-5.50029E-006	0.00000E+000	-1.58033E-001	0.00000E+000	8	...........	1466.53
	2243	112.2	-1.57085E-001	-5.48577E-006	0.00000E+000	-1.57033E-001	0.00000E+000	8	...........	1466.53
	2244	112.25	-1.56083E-001	-5.47188E-006	0.00000E+000	-1.56034E-001	0.00000E+000	8	...........	1466.53
	2245	112.3	-1.55091E-001	-5.45750E-006	0.00000E+000	-1.55034E-001	0.00000E+000	8	...........	1466.53
	2246	112.35	-1.54100E-001	-5.44318E-006	0.00000E+000	-1.54034E-001	0.00000E+000	8	...........	1466.53
	2247	112.4	-1.53075E-001	-5.42867E-006	0.00000E+000	-1.53035E-001	0.00000E+000	8	...........	1466.53
	2248	112.45	-1.52071E-001	-5.41386E-006	0.00000E+000	-1.52035E-001	0.00000E+000	8	...........	1466.53
	2249	112.5	-1.51068E-001	-5.39872E-006	0.00000E+000	-1.51035E-001	0.00000E+000	8	...........	1466.53
	2250	112.55	-1.50058E-001	-5.38366E-006	0.00000E+000	-1.50036E-001	0.00000E+000	8	...........	1466.53
	2251	112.6	-1.49059E-001	-5.36776E-006	0.00000E+000	-1.49036E-001	0.00000E+000	8	...........	1466.53
	2252	112.65	-1.48061E-001	-5.35197E-006	0.00000E+000	-1.48036E-001	0.00000E+000	8	...........	1466.53
	2253	112.7	-1.47059E-001	-5.33605E-006	0.00000E+000	-1.47037E-001	0.00000E+000	8	...........	1466.53
	2254	112.75	-1.46075E-001	-5.32033E-006	0.00000E+000	-1.46037E-001	0.00000E+000	8	...........	1466.53
	2255	112.8	-1.45072E-001	-5.30295E-006	0.00000E+000	-1.45037E-001	0.00000E+000	8	...........	1466.53
	2256	112.85	-1.44072E-001	-5.28690E-006	0.00000E+000	-1.44038E-001	0.00000E+000	8	...........	1466.53
	2257	112.9	-1.43072E-001	-5.26963E-006	0.00000E+000	-1.43038E-001	0.00000E+000	8	...........	1466.53
	2258	112.95	-1.42073E-001	-5.25198E-006	0.00000E+000	-1.42038E-001	0.00000E+000	8	...........	1466.53
	2259	113	-1.41089E-001	-5.23456E-006	0.00000E+000	-1.41039E-001	0.00000E+000	8	...........	1466.53
	2260	113.05	-1.40069E-001	-5.21671E-006	0.00000E+000	-1.40039E-001	0.00000E+000	8	...........	1466.53
	2261	113.1	-1.39073E-001	-5.19823E-006	0.00000E+000	-1.39039E-001	0.00000E+000	8	...........	1466.53
	2262	113.15	-1.38077E-001	-5.17850E-006	0.00000E+000	-1.38040E-001	0.00000E+000	8	...........	1466.53
	2263	113.2	-1.37083E-001	-5.16017E-006	0.00000E+000	-1.37040E-001	0.00000E+000	8	...........	1466.53
	2264	113.25	-1.36091E-001	-5.14166E-006	0.00000E+000	-1.36040E-001	0.00000E+000	8	...........	1466.53
	2265	113.3	-1.35088E-001	-5.12116E-006	0.00000E+000	-1.35041E-001	0.00000E+000	8	...........	1466.53
	2266	113.35	-1.34078E-001	-5.10048E-006	0.00000E+000	-1.34041E-001	0.00000E+000	8	...........	1466.53
	2267	113.4	-1.33086E-001	-5.07911E-006	0.00000E+000	-1.33041E-001	0.00000E+000	8	...........	1466.53
	2268	113.45	-1.32089E-001	-5.05859E-006	0.00000E+000	-1.32042E-001	0.00000E+000	8	...........	1466.53
	2269	113.5	-1.31086E-001	-5.03707E-006	0.00000E+000	-1.31042E-001	0.00000E+000	8	...........	1466.85
	2270	113.55	-1.30071E-001	-5.01308E-006	0.00000E+000	-1.30042E-001	0.00000E+000	8	...........	1466.89
	2271	113.6	-1.29088E-001	-4.98946E-006	0.00000E+000	-1.29030E-001	0.00000E+000	8	...........	1466.89
	2272	113.65	-1.28092E-001	-4.96692E-006	0.00000E+000	-1.28031E-001	0.00000E+000	8	...........	1466.89
	2273	113.7	-1.27061E-001	-4.94312E-006	0.00000E+000	-1.27031E-001	0.00000E+000	8	...........	1466.89
	2274	113.75	-1.26049E-001	-4.91784E-006	0.00000E+000	-1.26031E-001	0.00000E+000	8	...........	1466.89
	2275	113.8	-1.25057E-001	-4.89362E-006	0.00000E+000	-1.25032E-001	0.00000E+000	8	...........	1466.89
	2276	113.85	-1.24056E-001	-4.86855E-006	0.00000E+000	-1.24032E-001	0.00000E+000	8	...........	1466.89
	2277	113.9	-1.23070E-001	-4.84222E-006	0.00000E+000	-1.23032E-001	0.00000E+000	8	...........	1466.89
	2278	113.95	-1.22065E-001	-4.81484E-006	0.00000E+000	-1.22033E-001	0.00000E+000	8	...........	1466.89
	2279	114	-1.21067E-001	-4.78747E-006	0.00000E+000	-1.21033E-001	0.00000E+000	8	...........	1466.89
	2280	114.05	-1.20065E-001	-4.75905E-006	0.00000E+000	-1.20033E-001	0.00000E+000	8	...........	1466.89
	2281	114.1	-1.19058E-001	-4.72888E-006	0.00000E+000	-1.19034E-001	0.00000E+000	8	...........	1466.89
	2282	114.15	-1.18073E-001	-4.69925E-006	0.00000E+000	-1.18034E-001	0.00000E+000	8	...........	1466.89
	2283	114.2	-1.17079E-001	-4.66760E-006	0.00000E+000	-1.17034E-001	0.00000E+000	8	...........	1466.89
	2284	114.25	-1.16082E-001	-4.63621E-006	0.00000E+000	-1.16035E-001	0.00000E+000	8	...........	1466.89
	2285	114.3	-1.15071E-001	-4.60318E-006	0.00000E+000	-1.15035E-001	0.00000E+000	8	...........	1466.89
	2286	114.35	-1.14062E-001	-4.56930E-006	0.00000E+000	-1.14036E-001	0.00000E+000	8	...........	1466.89
	2287	114.4	-1.13072E-001	-4.53575E-006	0.00000E+000	-1.13036E-001	0.00000E+000	8	...........	1466.89
	2288	114.45	-1.12077E-001	-4.50030E-006	0.00000E+000	-1.12036E-001	0.00000E+000	8	...........	1466.89
	2289	114.5	-1.11076E-001	-4.46307E-006	0.00000E+000	-1.11037E-001	0.00000E+000	8	...........	1466.57
	2290	114.55	-1.10087E-001	-4.42597E-006	0.00000E+000	-1.10037E-001	0.00000E+000	8	...........	1466.53
	2291	114.6	-1.09085E-001	-4.38723E-006	0.00000E+000	-1.09037E-001	0.00000E+000	8	...........	1466.53
	2292	114.65	-1.08075E-001	-4.34717E-006	0.00000E+000	-1.08038E-001	0.00000E+000	8	...........	1466.53
	2293	114.7	-1.07075E-001	-4.30465E-006	0.00000E+000	-1.07038E-001	0.00000E+000	8	...........	1466.53
	2294	114.75	-1.06081E-001	-4.26238E-006	0.00000E+000	-1.06038E-001	0.00000E+000	8	...........	1466.53
	2295	114.8	-1.05082E-001	-4.21925E-006	0.00000E+000	-1.05039E-001	0.00000E+000	8	...........	1466.53
	2296	114.85	-1.04073E-001	-4.17427E-006	0.00000E+000	-1.04039E-001	0.00000E+000	8	...........	1466.53
	2297	114.9	-1.03073E-001	-4.12713E-006	0.00000E+000	-1.03039E-001	0.00000E+000	8	...........	1466.53
	2298	114.95	-1.02066E-001	-4.07963E-006	0.00000E+000	-1.02040E-001	0.00000E+000	8	...........	1466.53
	2299	115	-1.01081E-001	-4.03012E-006	0.00000E+000	-1.01040E-001	0.00000E+000	8	...........	1466.53
	2300	115.05	-1.00072E-001	-3.97893E-006	0.00000E+000	-1.00040E-001	0.00000E+000	8	...........	1466.53
	2301	115.1	-9.90685E-002	-3.92559E-006	0.00000E+000	-9.90407E-002	0.00000E+000	8	...........	1466.53
	2302	115.15	-9.80820E-002	-3.87069E-006	0.00000E+000	-9.80411E-002	0.00000E+000	8	...........	1466.53
	2303	115.2	-9.70857E-002	-3.81508E-006	0.00000E+000	-9.70414E-002	0.00000E+000	8	...........	1466.53
	2304	115.25	-9.60860E-002	-3.75652E-006	0.00000E+000	-9.60418E-002	0.00000E+000	8	...........	1466.53
	2305	115.3	-9.50760E-002	-3.69581E-006	0.00000E+000	-9.50421E-002	0.00000E+000	8	...........	1466.53
	2306	115.35	-9.40771E-002	-3.63459E-006	0.00000E+000	-9.40425E-002	0.00000E+000	8	...........	1466.53
	2307	115.4	-9.30706E-002	-3.56536E-006	0.00000E+000	-9.30303E-002	0.00000E+000	8	...........	1466.53
	2308	115.45	-9.20709E-002	-3.50188E-006	0.00000E+000	-9.20306E-002	0.00000E+000	8	...........	1466.53
	2309	115.5	-9.10658E-002	-3.43236E-006	0.00000E+000	-9.10310E-002	0.00000E+000	8	...........	1466.53
	2310	115.55	-9.00853E-002	-3.36337E-006	0.00000E+000	-9.00313E-002	0.00000E+000	8	...........	1466.53
	2311	115.6	-8.90626E-002	-3.29032E-006	0.00000E+000	-8.90317E-002	0.00000E+000	8	...........	1466.53
	2312	115.65	-8.80617E-002	-3.21357E-006	0.00000E+000	-8.80320E-002	0.00000E+000	8	...........	1466.53
	2313	115.7	-8.70710E-002	-3.13673E-006	0.00000E+000	-8.70324E-002	0.00000E+000	8	...........	1466.53
	2314	115.75	-8.60653E-002	-3.05623E-006	0.00000E+000	-8.60327E-002	0.00000E+000	8	...........	1466.53
	2315	115.8	-8.50835E-002	-2.97314E-006	0.00000E+000	-8.50331E-002	0.00000E+000	8	...........	1466.53
	2316	115.85	-8.40875E-002	-2.88709E-006	0.00000E+000	-8.40334E-002	0.00000E+000	8	...........	1466.53
	2317	115.9	-8.30835E-002	-2.79869E-006	0.00000E+000	-8.30338E-002	0.00000E+000	8	...........	1466.53
	2318	115.95	-8.20775E-002	-2.70552E-006	0.00000E+000	-8.20341E-002	0.00000E+000	8	...........	1466.53
	2319	116	-8.10854E-002	-2.61220E-006	0.00000E+000	-8.10345E-002	0.00000E+000	8	...........	1466.53
	2320	116.05	-8.00959E-002	-2.51417E-006	0.00000E+000	-8.00348E-002	0.00000E+000	8	...........	1466.53
	2321	116.1	-7.90912E-002	-2.41347E-006	0.00000E+000	-7.90351E-002	0.00000E+000	8	...........	1466.53
	2322	116.15	-7.80865E-002	-2.30887E-006	0.00000E+000	-7.80355E-002	0.00000E+000	8	...........	1466.53
	2323	116.2	-7.70874E-002	-2.20147E-006	0.00000E+000	-7.70358E-002	0.00000E+000	8	...........	1466.53
	2324	116.25	-7.60645E-002	-2.09116E-006	0.00000E+000	-7.60362E-002	0.00000E+000	8	...........	1466.53
	2325	116.3	-7.50667E-002	-1.97412E-006	0.00000E+000	-7.50365E-002	0.00000E+000	8	...........	1466.53
	2326	116.35	-7.40789E-002	-1.85476E-006	0.00000E+000	-7.40369E-002	0.00000E+000	8	...........	1466.53
	2327	116.4	-7.30808E-002	-1.73313E-006	0.00000E+000	-7.30372E-002	0.00000E+000	8	...........	1466.53
	2328	116.45	-7.20864E-002	-1.60792E-006	0.00000E+000	-7.20376E-002	0.00000E+000	8	...........	1466.53
	2329	116.5	-7.10833E-002	-1.47807E-006	0.00000E+000	-7.10379E-002	0.00000E+000	8	...........	1466.53
	2330	116.55	-7.00733E-002	-1.34313E-006	0.00000E+000	-7.00383E-002	0.00000E+000	8	...........	1466.53
	2331	116.6	-6.90824E-002	-1.20309E-006	0.00000E+000	-6.90386E-002	0.00000E+000	8	...........	1466.53
	2332	116.65	-6.80818E-002	-1.06007E-006	0.00000E+000	-6.80389E-002	0.00000E+000	8	...........	1466.53
	2333	116.7	-6.70893E-002	-9.13535E-007	0.00000E+000	-6.70393E-002	0.00000E+000	8	...........	1466.53
	2334	116.75	-6.60851E-002	-7.61462E-007	0.00000E+000	-6.60396E-002	0.00000E+000	8	...........	1466.53
	2335	116.8	-6.50899E-002	-6.06483E-007	0.00000E+000	-6.50400E-002	0.00000E+000	8	...........	1466.53
	2336	116.85	-6.41044E-002	-4.46233E-007	0.00000E+000	-6.40403E-002	0.00000E+000	8	...........	1466.53
	2337	116.9	-6.30808E-002	-2.77557E-007	0.00000E+000	-6.30407E-002	0.00000E+000	8	...........	1466.53
	2338	116.95	-6.20770E-002	-1.07772E-007	0.00000E+000	-6.20410E-002	0.00000E+000	8	...........	1466.53
	2339	117	-6.10744E-002	6.88535E-008	0.00000E+000	-6.10414E-002	0.00000E+000	8	...........	1466.53
	2340	117.05	-6.00742E-002	2.48304E-007	0.00000E+000	-6.00417E-002	0.00000E+000	8	...........	1466.53
	2341	117.1	-5.90817E-002	4.33725E-007	0.00000E+000	-5.90421E-002	0.00000E+000	8	...........	1466.53
	2342	117.15	-5.80901E-002	6.24431E-007	0.00000E+000	-5.80424E-002	0.00000E+000	8	...........	1466.53
	2343	117.2	-5.70912E-002	8.19729E-007	0.00000E+000	-5.70428E-002	0.00000E+000	8	...........	1466.53
	2344	117.25	-5.60803E-002	1.04169E-006	0.00000E+000	-5.60306E-002	0.00000E+000	8	...........	1466.53
	2345	117.3	-5.50764E-002	1.24077E-006	0.00000E+000	-5.50310E-002	0.00000E+000	8	...........	1466.53
	2346	117.35	-5.40749E-002	1.45211E-006	0.00000E+000	-5.40313E-002	0.00000E+000	8	...........	1466.53
	2347	117.4	-5.30911E-002	1.66739E-006	0.00000E+000	-5.30316E-002	0.00000E+000	8	...........	1466.53
	2348	117.45	-5.20946E-002	1.89038E-006	0.00000E+000	-5.20320E-002	0.00000E+000	8	...........	1466.53
	2349	117.5	-5.10914E-002	2.11609E-006	0.00000E+000	-5.10323E-002	0.00000E+000	8	...........	1466.78
	2350	117.55	-5.00827E-002	2.35722E-006	0.00000E+000	-5.00327E-002	0.00000E+000	8	...........	1466.80
	2351	117.6	-4.90712E-002	2.59821E-006	0.00000E+000	-4.90330E-002	0.00000E+000	8	...........	1466.80
	2352	117.65	-4.80728E-002	2.84467E-006	0.00000E+000	-4.80334E-002	0.00000E+000	8	...........	1466.80
	2353	117.7	-4.70803E-002	3.09850E-006	0.00000E+000	-4.70337E-002	0.00000E+000	8	...........	1466.80
	2354	117.75	-4.60833E-002	3.35558E-006	0.00000E+000	-4.60341E-002	0.00000E+000	8	...........	1466.80
	2355	117.8	-4.50776E-002	3.62087E-006	0.00000E+000	-4.50344E-002	0.00000E+000	8	...........	1466.80
	2356	117.85	-4.40786E-002	3.88894E-006	0.00000E+000	-4.40348E-002	0.00000E+000	8	...........	1466.80
	2357	117.9	-4.30711E-002	4.17011E-006	0.00000E+000	-4.30351E-002	0.00000E+000	8	...........	1466.80
	2358	117.95	-4.20887E-002	4.44933E-006	0.00000E+000	-4.20354E-002	0.00000E+000	8	...........	1466.80
	2359	118	-4.10756E-002	4.73673E-006	0.00000E+000	-4.10358E-002	0.00000E+000	8	...........	1466.80
	2360	118.05	-4.00770E-002	5.02872E-006	0.00000E+000	-4.00361E-002	0.00000E+000	8	...........	1466.80
	2361	118.1	-3.90857E-002	5.32385E-006	0.00000E+000	-3.90365E-002	0.00000E+000	8	...........	1466.80
	2362	118.15	-3.80663E-002	5.62627E-006	0.00000E+000	-3.80368E-002	0.00000E+000	8	...........	1466.80
	2363	118.2	-3.70664E-002	5.93954E-006	0.00000E+000	-3.70372E-002	0.00000E+000	8	...........	1466.80
	2364	118.25	-3.60674E-002	6.25140E-006	0.00000E+000	-3.60375E-002	0.00000E+000	8	...........	1466.80
	2365	118.3	-3.50715E-002	6.57119E-006	0.00000E+000	-3.50379E-002	0.00000E+000	8	...........	1466.80
	2366	118.35	-3.40827E-002	6.89281E-006	0.00000E+000	-3.40382E-002	0.00000E+000	8	...........	1466.80
	2367	118.4	-3.30774E-002	7.22080E-006	0.00000E+000	-3.30386E-002	0.00000E+000	8	...........	1466.80
	2368	118.45	-3.20864E-002	7.54998E-006	0.00000E+000	-3.20389E-002	0.00000E+000	8	...........	1466.80
	2369	118.5	-3.10740E-002	7.89338E-006	0.00000E+000	-3.10393E-002	0.00000E+000	8	...........	1466.55
	2370	118.55	-3.00920E-002	8.22593E-006	0.00000E+000	-3.00396E-002	0.00000E+000	8	...........	1466.53
	2371	118.6	-2.91003E-002	8.57149E-006	0.00000E+000	-2.90399E-002	0.00000E+000	8	...........	1466.53
	2372	118.65	-2.80951E-002	8.91502E-006	0.00000E+000	-2.80403E-002	0.00000E+000	8	...........	1466.53
	2373	118.7	-2.70891E-002	9.26499E-006	0.00000E+000	-2.70406E-002	0.00000E+000	8	...........	1466.53
	2374	118.75	-2.60808E-002	9.61671E-006	0.00000E+000	-2.60410E-002	0.00000E+000	8	...........	1466.53
	2375	118.8	-2.50778E-002	9.96700E-006	0.00000E+000	-2.50413E-002	0.00000E+000	8	...........	1466.53
	2376	118.85	-2.40821E-002	1.03280E-005	0.00000E+000	-2.40417E-002	0.00000E+000	8	...........	1466.53
	2377	118.9	-2.30864E-002	1.06879E-005	0.00000E+000	-2.30420E-002	0.00000E+000	8	...........	1466.53
	2378	118.95	-2.20794E-002	1.10458E-005	0.00000E+000	-2.20424E-002	0.00000E+000	8	...........	1466.53
	2379	119	-2.10874E-002	1.14024E-005	0.00000E+000	-2.10427E-002	0.00000E+000	8	...........	1466.53
	2380	119.05	-2.00718E-002	1.17966E-005	0.00000E+000	-2.00306E-002	0.00000E+000	8	...........	1466.53
	2381	119.1	-1.90854E-002	1.21360E-005	0.00000E+000	-1.90309E-002	0.00000E+000	8	...........	1466.53
	2382	119.15	-1.80709E-002	1.24989E-005	0.00000E+000	-1.80313E-002	0.00000E+000	8	...........	1466.53
	2383	119.2	-1.70729E-002	1.28546E-005	0.00000E+000	-1.70316E-002	0.00000E+000	8	...........	1466.53
	2384	119.25	-1.60939E-002	1.32112E-005	0.00000E+000	-1.60320E-002	0.00000E+000	8	...........	1466.53
	2385	119.3	-1.50831E-002	1.35637E-005	0.00000E+000	-1.50323E-002	0.00000E+000	8	...........	1466.53
	2386	119.35	-1.40790E-002	1.39149E-005	0.00000E+000	-1.40326E-002	0.00000E+000	8	...........	1466.53
	2387	119.4	-1.30788E-002	1.42681E-005	0.00000E+000	-1.30330E-002	0.00000E+000	8	...........	1466.53
	2388	119.45	-1.20676E-002	1.46146E-005	0.00000E+000	-1.20333E-002	0.00000E+000	8	...........	1466.53
	2389	119.5	-1.10599E-002	1.49646E-005	0.00000E+000	-1.10337E-002	0.00000E+000	8	...........	1466.53
	2390	119.55	-1.00691E-002	1.53049E-005	0.00000E+000	-1.00340E-002	0.00000E+000	8	...........	1466.53
	2391	119.6	-9.06429E-003	1.56348E-005	0.00000E+000	-9.03437E-003	0.00000E+000	8	...........	1466.53
	2392	119.65	-8.06300E-003	1.59649E-005	0.00000E+000	-8.03472E-003	0.00000E+000	8	...........	1466.53
	2393	119.7	-7.07583E-003	1.62860E-005	0.00000E+000	-7.03506E-003	0.00000E+000	8	...........	1466.53
	2394	119.75	-6.06616E-003	1.66052E-005	0.00000E+000	-6.03541E-003	0.00000E+000	8	...........	1466.53
	2395	119.8	-5.08724E-003	1.69267E-005	0.00000E+000	-5.03576E-003	0.00000E+000	8	...........	1466.53
	2396	119.85	-4.08628E-003	1.72321E-005	0.00000E+000	-4.03610E-003	0.00000E+000	8	...........	1466.53
	2397	119.9	-3.08509E-003	1.75305E-005	0.00000E+000	-3.03645E-003	0.00000E+000	8	...........	1466.53
	2398	119.95	-2.08978E-003	1.78214E-005	0.00000E+000	-2.03680E-003	0.00000E+000	8	...........	1466.53
	2399	120	-1.08565E-003	1.81031E-005	0.00000E+000	-1.03714E-003	0.00000E+000	8	...........	1466.53
	2400	120.05	-7.16677E-005	1.83782E-005	0.00000E+000	-3.74870E-005	0.00000E+000	8	...........	1466.53
	2401	120.1	9.50625E-004	1.86433E-005	0.00000E+000	9.62167E-004	0.00000E+000	8	...........	1466.53
	2402	120.15	1.94921E-003	1.89081E-005	0.00000E+000	1.96182E-003	0.00000E+000	8	...........	1466.53
	2403	120.2	2.93237E-003	1.91559E-005	0.00000E+000	2.96147E-003	0.00000E+000	8	...........	1466.53
	2404	120.25	3.93507E-003	1.93927E-005	0.00000E+000	3.96113E-003	0.00000E+000	8	...........	1466.53
	2405	120.3	4.93970E-003	1.96239E-005	0.00000E+000	4.96078E-003	0.00000E+000	8	...........	1466.53
	2406	120.35	5.92232E-003	1.98446E-005	0.00000E+000	5.96044E-003	0.00000E+000	8	...........	1466.53
	2407	120.4	6.92762E-003	2.00567E-005	0.00000E+000	6.96009E-003	0.00000E+000	8	...........	1466.53
	2408	120.45	7.91499E-003	2.02609E-005	0.00000E+000	7.95974E-003	0.00000E+000	8	...........	1466.53
	2409	120.5	8.93027E-003	2.04526E-005	0.00000E+000	8.95940E-003	0.00000E+000	8	...........	1466.53
	2410	120.55	9.92796E-003	2.06272E-005	0.00000E+000	9.95905E-003	0.00000E+000	8	...........	1466.53
	2411	120.6	1.09231E-002	2.08006E-005	0.00000E+000	1.09587E-002	0.00000E+000	8	...........	1466.53
	2412	120.65	1.19096E-002	2.09571E-005	0.00000E+000	1.19584E-002	0.00000E+000	8	...........	1466.53
	2413	120.7	1.29394E-002	2.11014E-005	0.00000E+000	1.29580E-002	0.00000E+000	8	...........	1466.53
	2414	120.75	1.39457E-002	2.12514E-005	0.00000E+000	1.39577E-002	0.00000E+000	8	...........	1466.53
	2415	120.8	1.49283E-002	2.13747E-005	0.00000E+000	1.49573E-002	0.00000E+000	8	...........	1466.53
	2416	120.85	1.59308E-002	2.15277E-005	0.00000E+000	1.59695E-002	0.00000E+000	8	...........	1466.53
	2417	120.9	1.69430E-002	2.16112E-005	0.00000E+000	1.69691E-002	0.00000E+000	8	...........	1466.53
	2418	120.95	1.79400E-002	2.17046E-005	0.00000E+000	1.79688E-002	0.00000E+000	8	...........	1466.53
	2419	121	1.89419E-002	2.17865E-005	0.00000E+000	1.89684E-002	0.00000E+000	8	...........	1466.53
	2420	121.05	1.99300E-002	2.18643E-005	0.00000E+000	1.99681E-002	0.00000E+000	8	...........	1466.53
	2421	121.1	2.09271E-002	2.19329E-005	0.00000E+000	2.09677E-002	0.00000E+000	8	...........	1466.53
	2422	121.15	2.19174E-002	2.19893E-005	0.00000E+000	2.19674E-002	0.00000E+000	8	...........	1466.53
	2423	121.2	2.29169E-002	2.20341E-005	0.00000E+000	2.29670E-002	0.00000E+000	8	...........	1466.53
	2424	121.25	2.39156E-002	2.20710E-005	0.00000E+000	2.39667E-002	0.00000E+000	8	...........	1466.53
	2425	121.3	2.49258E-002	2.20946E-005	0.00000E+000	2.49664E-002	0.00000E+000	8	...........	1466.53
	2426	121.35	2.59409E-002	2.21155E-005	0.00000E+000	2.59660E-002	0.00000E+000	8	...........	1466.53
	2427	121.4	2.69342E-002	2.21289E-005	0.00000E+000	2.69657E-002	0.00000E+000	8	...........	1466.53
	2428	121.45	2.79299E-002	2.21304E-005	0.00000E+000	2.79653E-002	0.00000E+000	8	...........	1466.53
	2429	121.5	2.89163E-002	2.21251E-005	0.00000E+000	2.89650E-002	0.00000E+000	8	...........	1466.70
	2430	121.55	2.99263E-002	2.21122E-005	0.00000E+000	2.99646E-002	0.00000E+000	8	...........	1466.71
	2431	121.6	3.09171E-002	2.20903E-005	0.00000E+000	3.09643E-002	0.00000E+000	8	...........	1466.71
	2432	121.65	3.19172E-002	2.20611E-005	0.00000E+000	3.19639E-002	0.00000E+000	8	...........	1466.71
	2433	121.7	3.29295E-002	2.20281E-005	0.00000E+000	3.29636E-002	0.00000E+000	8	...........	1466.71
	2434	121.75	3.39373E-002	2.19841E-005	0.00000E+000	3.39632E-002	0.00000E+000	8	...........	1466.71
	2435	121.8	3.49311E-002	2.19356E-005	0.00000E+000	3.49629E-002	0.00000E+000	8	...........	1466.71
	2436	121.85	3.59154E-002	2.18792E-005	0.00000E+000	3.59626E-002	0.00000E+000	8	...........	1466.71
	2437	121.9	3.69113E-002	2.18165E-005	0.00000E+000	3.69622E-002	0.00000E+000	8	...........	1466.71
	2438	121.95	3.79101E-002	2.17500E-005	0.00000E+000	3.79619E-002	0.00000E+000	8	...........	1466.71
	2439	122	3.89204E-002	2.16780E-005	0.00000E+000	3.89615E-002	0.00000E+000	8	...........	1466.71
	2440	122.05	3.99220E-002	2.16050E-005	0.00000E+000	3.99612E-002	0.00000E+000	8	...........	1466.71
	2441	122.1	4.09256E-002	2.15200E-005	0.00000E+000	4.09608E-002	0.00000E+000	8	...........	1466.71
	2442	122.15	4.19162E-002	2.14329E-005	0.00000E+000	4.19605E-002	0.00000E+000	8	...........	1466.71
	2443	122.2	4.29157E-002	2.13426E-005	0.00000E+000	4.29601E-002	0.00000E+000	8	...........	1466.71
	2444	122.25	4.39213E-002	2.12449E-005	0.00000E+000	4.39598E-002	0.00000E+000	8	...........	1466.71
	2445	122.3	4.49177E-002	2.11456E-005	0.00000E+000	4.49594E-002	0.00000E+000	8	...........	1466.71
	2446	122.35	4.59260E-002	2.10466E-005	0.00000E+000	4.59591E-002	0.00000E+000	8	...........	1466.71
	2447	122.4	4.69217E-002	2.09408E-005	0.00000E+000	4.69587E-002	0.00000E+000	8	...........	1466.71
	2448	122.45	4.79037E-002	2.08333E-005	0.00000E+000	4.79584E-002	0.00000E+000	8	...........	1466.71
	2449	122.5	4.89174E-002	2.07212E-005	0.00000E+000	4.89581E-002	0.00000E+000	8	...........	1466.45
	2450	122.55	4.99271E-002	2.06058E-005	0.00000E+000	4.99577E-002	0.00000E+000	8	...........	1466.44
	2451	122.6	5.09174E-002	2.04893E-005	0.00000E+000	5.09574E-002	0.00000E+000	8	...........	1466.44
	2452	122.65	5.19311E-002	2.03648E-005	0.00000E+000	5.19570E-002	0.00000E+000	8	...........	1466.44
	2453	122.7	5.29476E-002	2.02661E-005	0.00000E+000	5.29692E-002	0.00000E+000	8	...........	1466.44
	2454	122.75	5.39433E-002	2.01347E-005	0.00000E+000	5.39688E-002	0.00000E+000	8	...........	1466.44
	2455	122.8	5.49487E-002	2.00086E-005	0.00000E+000	5.49685E-002	0.00000E+000	8	...........	1466.44
	2456	122.85	5.59388E-002	1.98835E-005	0.00000E+000	5.59681E-002	0.00000E+000	8	...........	1466.44
	2457	122.9	5.69440E-002	1.97550E-005	0.00000E+000	5.69678E-002	0.00000E+000	8	...........	1466.44
	2458	122.95	5.79450E-002	1.96282E-005	0.00000E+000	5.79674E-002	0.00000E+000	8	...........	1466.44
	2459	123	5.89345E-002	1.95025E-005	0.00000E+000	5.89671E-002	0.00000E+000	8	...........	1466.44
	2460	123.05	5.99382E-002	1.93726E-005	0.00000E+000	5.99667E-002	0.00000E+000	8	...........	1466.44
	2461	123.1	6.09332E-002	1.92430E-005	0.00000E+000	6.09664E-002	0.00000E+000	8	...........	1466.44
	2462	123.15	6.19424E-002	1.91127E-005	0.00000E+000	6.19661E-002	0.00000E+000	8	...........	1466.44
	2463	123.2	6.29231E-002	1.89814E-005	0.00000E+000	6.29657E-002	0.00000E+000	8	...........	1466.44
	2464	123.25	6.39188E-002	1.88517E-005	0.00000E+000	6.39654E-002	0.00000E+000	8	...........	1466.44
	2465	123.3	6.49512E-002	1.87230E-005	0.00000E+000	6.49650E-002	0.00000E+000	8	...........	1466.44
	2466	123.35	6.59509E-002	1.85920E-005	0.00000E+000	6.59647E-002	0.00000E+000	8	...........	1466.44
	2467	123.4	6.69370E-002	1.84612E-005	0.00000E+000	6.69643E-002	0.00000E+000	8	...........	1466.44
	2468	123.45	6.79301E-002	1.83309E-005	0.00000E+000	6.79640E-002	0.00000E+000	8	...........	1466.44
	2469	123.5	6.89251E-002	1.82024E-005	0.00000E+000	6.89636E-002	0.00000E+000	8	...........	1466.52
	2470	123.55	6.99332E-002	1.80728E-005	0.00000E+000	6.99633E-002	0.00000E+000	8	...........	1466.53
	2471	123.6	7.09280E-002	1.79433E-005	0.00000E+000	7.09629E-002	0.00000E+000	8	...........	1466.53
	2472	123.65	7.19231E-002	1.78174E-005	0.00000E+000	7.19626E-002	0.00000E+000	8	...........	1466.53
	2473	123.7	7.29333E-002	1.76895E-005	0.00000E+000	7.29622E-002	0.00000E+000	8	...........	1466.53
	2474	123.75	7.39267E-002	1.75629E-005	0.00000E+000	7.39619E-002	0.00000E+000	8	...........	1466.53
	2475	123.8	7.49237E-002	1.74365E-005	0.00000E+000	7.49616E-002	0.00000E+000	8	...........	1466.53
	2476	123.85	7.59136E-002	1.73114E-005	0.00000E+000	7.59612E-002	0.00000E+000	8	...........	1466.53
	2477	123.9	7.69411E-002	1.71861E-005	0.00000E+000	7.69609E-002	0.00000E+000	8	...........	1466.53
	2478	123.95	7.79402E-002	1.70634E-005	0.00000E+000	7.79605E-002	0.00000E+000	8	...........	1466.53
	2479	124	7.89368E-002	1.69422E-005	0.00000E+000	7.89602E-002	0.00000E+000	8	...........	1466.53
	2480	124.05	7.99281E-002	1.68207E-005	0.00000E+000	7.99598E-002	0.00000E+000	8	...........	1466.53
	2481	124.1	8.09229E-002	1.67000E-005	0.00000E+000	8.09595E-002	0.00000E+000	8	...........	1466.53
	2482	124.15	8.19267E-002	1.65806E-005	0.00000E+000	8.19591E-002	0.00000E+000	8	...........	1466.53
	2483	124.2	8.29241E-002	1.64618E-005	0.00000E+000	8.29588E-002	0.00000E+000	8	...........	1466.53
	2484	124.25	8.39300E-002	1.63453E-005	0.00000E+000	8.39584E-002	0.00000E+000	8	...........	1466.53
	2485	124.3	8.49421E-002	1.62297E-005	0.00000E+000	8.49581E-002	0.00000E+000	8	...........	1466.53
	2486	124.35	8.59278E-002	1.61161E-005	0.00000E+000	8.59578E-002	0.00000E+000	8	...........	1466.53
	2487	124.4	8.69192E-002	1.60016E-005	0.00000E+000	8.69574E-002	0.00000E+000	8	...........	1466.53
	2488	124.45	8.79231E-002	1.58891E-005	0.00000E+000	8.79571E-002	0.00000E+000	8	...........	1466.53
	2489	124.5	8.89256E-002	1.57831E-005	0.00000E+000	8.89692E-002	0.00000E+000	8	...........	1466.53
	2490	124.55	8.99502E-002	1.56693E-005	0.00000E+000	8.99689E-002	0.00000E+000	8	...........	1466.53
	2491	124.6	9.09476E-002	1.55620E-005	0.00000E+000	9.09685E-002	0.00000E+000	8	...........	1466.53
	2492	124.65	9.19444E-002	1.54530E-005	0.00000E+000	9.19682E-002	0.00000E+000	8	...........	1466.53
	2493	124.7	9.29291E-002	1.53467E-005	0.00000E+000	9.29678E-002	0.00000E+000	8	...........	1466.53
	2494	124.75	9.39325E-002	1.52413E-005	0.00000E+000	9.39675E-002	0.00000E+000	8	...........	1466.53
	2495	124.8	9.49235E-002	1.51372E-005	0.00000E+000	9.49671E-002	0.00000E+000	8	...........	1466.53
	2496	124.85	9.59174E-002	1.50339E-005	0.00000E+000	9.59668E-002	0.00000E+000	8	...........	1466.53
	2497	124.9	9.69265E-002	1.49339E-005	0.00000E+000	9.69664E-002	0.00000E+000	8	...........	1466.53
	2498	124.95	9.79226E-002	1.48335E-005	0.00000E+000	9.79661E-002	0.00000E+000	8	...........	1466.53
	2499	125	9.89101E-002	1.47357E-005	0.00000E+000	9.89657E-002	0.00000E+000	8	...........	1466.53
	2500	125.05	9.99217E-002	1.46371E-005	0.00000E+000	9.99654E-002	0.00000E+000	8	...........	1466.53
	2501	125.1	1.00926E-001	1.45406E-005	0.00000E+000	1.00965E-001	0.00000E+000	8	...........	1466.53
	2502	125.15	1.01930E-001	1.44457E-005	0.00000E+000	1.01965E-001	0.00000E+000	8	...........	1466.53
	2503	125.2	1.02945E-001	1.43496E-005	0.00000E+000	1.02964E-001	0.00000E+000	8	...........	1466.53
	2504	125.25	1.03937E-001	1.42595E-005	0.00000E+000	1.03964E-001	0.00000E+000	8	...........	1466.53
	2505	125.3	1.04938E-001	1.41667E-005	0.00000E+000	1.04964E-001	0.00000E+000	8	...........	1466.53
	2506	125.35	1.05945E-001	1.40764E-005	0.00000E+000	1.05963E-001	0.00000E+000	8	...........	1466.53
	2507	125.4	1.06934E-001	1.39878E-005	0.00000E+000	1.06963E-001	0.00000E+000	8	...........	1466.53
	2508	125.45	1.07928E-001	1.38991E-005	0.00000E+000	1.07963E-001	0.00000E+000	8	...........	1466.53
	2509	125.5	1.08915E-001	1.38128E-005	0.00000E+000	1.08962E-001	0.00000E+000	8	...........	1466.62
	2510	125.55	1.09930E-001	1.37269E-005	0.00000E+000	1.09962E-001	0.00000E+000	8	...........	1466.62
	2511	125.6	1.10924E-001	1.36414E-005	0.00000E+000	1.10962E-001	0.00000E+000	8	...........	1466.62
	2512	125.65	1.11906E-001	1.35587E-005	0.00000E+000	1.11961E-001	0.00000E+000	8	...........	1466.62
	2513	125.7	1.12908E-001	1.34775E-005	0.00000E+000	1.12961E-001	0.00000E+000	8	...........	1466.62
	2514	125.75	1.13914E-001	1.33946E-005	0.00000E+000	1.13961E-001	0.00000E+000	8	...........	1466.62
	2515	125.8	1.14907E-001	1.33143E-005	0.00000E+000	1.14960E-001	0.00000E+000	8	...........	1466.62
	2516	125.85	1.15928E-001	1.32352E-005	0.00000E+000	1.15960E-001	0.00000E+000	8	...........	1466.62
	2517	125.9	1.16928E-001	1.31570E-005	0.00000E+000	1.16960E-001	0.00000E+000	8	...........	1466.62
	2518	125.95	1.17932E-001	1.30806E-005	0.00000E+000	1.17959E-001	0.00000E+000	8	...........	1466.62
	2519	126	1.18934E-001	1.30036E-005	0.00000E+000	1.18959E-001	0.00000E+000	8	...........	1466.62
	2520	126.05	1.19913E-001	1.29284E-005	0.00000E+000	1.19958E-001	0.00000E+000	8	...........	1466.62
	2521	126.1	1.20912E-001	1.28545E-005	0.00000E+000	1.20958E-001	0.00000E+000	8	...........	1466.62
	2522	126.15	1.21911E-001	1.27809E-005	0.00000E+000	1.21958E-001	0.00000E+000	8	...........	1466.62
	2523	126.2	1.22914E-001	1.27092E-005	0.00000E+000	1.22957E-001	0.00000E+000	8	...........	1466.62
	2524	126.25	1.23905E-001	1.26382E-005	0.00000E+000	1.23957E-001	0.00000E+000	8	...........	1466.62
	2525	126.3	1.24909E-001	1.25702E-005	0.00000E+000	1.24969E-001	0.00000E+000	8	...........	1466.62
	2526	126.35	1.25918E-001	1.24986E-005	0.00000E+000	1.25969E-001	0.00000E+000	8	...........	1466.62
	2527	126.4	1.26921E-001	1.24304E-005	0.00000E+000	1.26969E-001	0.00000E+000	8	...........	1466.62
	2528	126.45	1.27929E-001	1.23610E-005	0.00000E+000	1.27968E-001	0.00000E+000	8	...........	1466.62
	2529	126.5	1.28949E-001	1.22962E-005	0.00000E+000	1.28968E-001	0.00000E+000	8	...........	1466.53
	2530	126.55	1.29954E-001	1.22291E-005	0.00000E+000	1.29968E-001	0.00000E+000	8	...........	1466.53
	2531	126.6	1.30928E-001	1.21645E-005	0.00000E+000	1.30967E-001	0.00000E+000	8	...........	1466.53
	2532	126.65	1.31927E-001	1.20989E-005	0.00000E+000	1.31967E-001	0.00000E+000	8	...........	1466.53
	2533	126.7	1.32927E-001	1.20365E-005	0.00000E+000	1.32966E-001	0.00000E+000	8	...........	1466.53
	2534	126.75	1.33922E-001	1.19740E-005	0.00000E+000	1.33966E-001	0.00000E+000	8	...........	1466.53
	2535	126.8	1.34930E-001	1.19118E-005	0.00000E+000	1.34966E-001	0.00000E+000	8	...........	1466.53
	2536	126.85	1.35921E-001	1.18521E-005	0.00000E+000	1.35965E-001	0.00000E+000	8	...........	1466.53
	2537	126.9	1.36926E-001	1.17915E-005	0.00000E+000	1.36965E-001	0.00000E+000	8	...........	1466.53
	2538	126.95	1.37930E-001	1.17315E-005	0.00000E+000	1.37965E-001	0.00000E+000	8	...........	1466.53
	2539	127	1.38927E-001	1.16736E-005	0.00000E+000	1.38964E-001	0.00000E+000	8	...........	1466.53
	2540	127.05	1.39921E-001	1.16152E-005	0.00000E+000	1.39964E-001	0.00000E+000	8	...........	1466.53
	2541	127.1	1.40926E-001	1.15580E-005	0.00000E+000	1.40964E-001	0.00000E+000	8	...........	1466.53
	2542	127.15	1.41930E-001	1.15019E-005	0.00000E+000	1.41963E-001	0.00000E+000	8	...........	1466.53
	2543	127.2	1.42916E-001	1.14466E-005	0.00000E+000	1.42963E-001	0.00000E+000	8	...........	1466.53
	2544	127.25	1.43919E-001	1.13911E-005	0.00000E+000	1.43963E-001	0.00000E+000	8	...........	1466.53
	2545	127.3	1.44919E-001	1.13375E-005	0.00000E+000	1.44962E-001	0.00000E+000	8	...........	1466.53
	2546	127.35	1.45931E-001	1.12835E-005	0.00000E+000	1.45962E-001	0.00000E+000	8	...........	1466.53
	2547	127.4	1.46914E-001	1.12304E-005	0.00000E+000	1.46962E-001	0.00000E+000	8	...........	1466.53
	2548	127.45	1.47929E-001	1.11789E-005	0.00000E+000	1.47961E-001	0.00000E+000	8	...........	1466.53
	2549	127.5	1.48932E-001	1.11260E-005	0.00000E+000	1.48961E-001	0.00000E+000	8	...........	1466.53
	2550	127.55	1.49922E-001	1.10754E-005	0.00000E+000	1.49961E-001	0.00000E+000	8	...........	1466.53
	2551	127.6	1.50913E-001	1.10248E-005	0.00000E+000	1.50960E-001	0.00000E+000	8	...........	1466.53
	2552	127.65	1.51914E-001	1.09749E-005	0.00000E+000	1.51960E-001	0.00000E+000	8	...........	1466.53
	2553	127.7	1.52897E-001	1.09262E-005	0.00000E+000	1.52960E-001	0.00000E+000	8	...........	1466.53
	2554	127.75	1.53934E-001	1.08770E-005	0.00000E+000	1.53959E-001	0.00000E+000	8	...........	1466.53
	2555	127.8	1.54934E-001	1.08294E-005	0.00000E+000	1.54959E-001	0.00000E+000	8	...........	1466.53
	2556	127.85	1.55932E-001	1.07823E-005	0.00000E+000	1.55959E-001	0.00000E+000	8	...........	1466.53
	2557	127.9	1.56929E-001	1.07347E-005	0.00000E+000	1.56958E-001	0.00000E+000	8	...........	1466.53
	2558	127.95	1.57929E-001	1.06886E-005	0.00000E+000	1.57958E-001	0.00000E+000	8	...........	1466.53
	2559	128	1.58912E-001	1.06438E-005	0.00000E+000	1.58957E-001	0.00000E+000	8	...........	1466.53
	2560	128.05	1.59911E-001	1.05975E-005	0.00000E+000	1.59957E-001	0.00000E+000	8	...........	1466.53
	2561	128.1	1.60920E-001	1.05532E-005	0.00000E+000	1.60957E-001	0.00000E+000	8	...........	1466.53
	2562	128.15	1.61936E-001	1.05106E-005	0.00000E+000	1.61969E-001	0.00000E+000	8	...........	1466.53
	2563	128.2	1.62932E-001	1.04648E-005	0.00000E+000	1.62969E-001	0.00000E+000	8	...........	1466.53
	2564	128.25	1.63924E-001	1.04221E-005	0.00000E+000	1.63968E-001	0.00000E+000	8	...........	1466.53
	2565	128.3	1.64922E-001	1.03791E-005	0.00000E+000	1.64968E-001	0.00000E+000	8	...........	1466.53
	2566	128.35	1.65916E-001	1.03366E-005	0.00000E+000	1.65968E-001	0.00000E+000	8	...........	1466.53
	2567	128.4	1.66930E-001	1.02964E-005	0.00000E+000	1.66967E-001	0.00000E+000	8	...........	1466.53
	2568	128.45	1.67935E-001	1.02557E-005	0.00000E+000	1.67967E-001	0.00000E+000	8	...........	1466.53
	2569	128.5	1.68931E-001	1.02145E-005	0.00000E+000	1.68967E-001	0.00000E+000	8	...........	1466.53
	2570	128.55	1.69928E-001	1.01749E-005	0.00000E+000	1.69966E-001	0.00000E+000	8	...........	1466.53
	2571	128.6	1.70927E-001	1.01351E-005	0.00000E+000	1.70966E-001	0.00000E+000	8	...........	1466.53
	2572	128.65	1.71922E-001	1.00952E-005	0.00000E+000	1.71965E-001	0.00000E+000	8	...........	1466.53
	2573	128.7	1.72914E-001	1.00574E-005	0.00000E+000	1.72965E-001	0.00000E+000	8	...........	1466.53
	2574	128.75	1.73929E-001	1.00186E-005	0.00000E+000	1.73965E-001	0.00000E+000	8	...........	1466.53
	2575	128.8	1.74934E-001	9.97963E-006	0.00000E+000	1.74964E-001	0.00000E+000	8	...........	1466.53
	2576	128.85	1.75924E-001	9.94301E-006	0.00000E+000	1.75964E-001	0.00000E+000	8	...........	1466.53
	2577	128.9	1.76918E-001	9.90599E-006	0.00000E+000	1.76964E-001	0.00000E+000	8	...........	1466.53
	2578	128.95	1.77922E-001	9.86950E-006	0.00000E+000	1.77963E-001	0.00000E+000	8	...........	1466.53
	2579	129	1.78923E-001	9.83354E-006	0.00000E+000	1.78963E-001	0.00000E+000	8	...........	1466.53
	2580	129.05	1.79954E-001	9.79683E-006	0.00000E+000	1.79963E-001	0.00000E+000	8	...........	1466.53
	2581	129.1	1.80943E-001	9.76159E-006	0.00000E+000	1.80962E-001	0.00000E+000	8	...........	1466.53
	2582	129.15	1.81940E-001	9.72672E-006	0.00000E+000	1.81962E-001	0.00000E+000	8	...........	1466.53
	2583	129.2	1.82941E-001	9.69166E-006	0.00000E+000	1.82962E-001	0.00000E+000	8	...........	1466.53
	2584	129.25	1.83945E-001	9.65696E-006	0.00000E+000	1.83961E-001	0.00000E+000	8	...........	1466.53
	2585	129.3	1.84934E-001	9.62353E-006	0.00000E+000	1.84961E-001	0.00000E+000	8	...........	1466.53
	2586	129.35	1.85937E-001	9.58938E-006	0.00000E+000	1.85961E-001	0.00000E+000	8	...........	1466.53
	2587	129.4	1.86926E-001	9.55681E-006	0.00000E+000	1.86960E-001	0.00000E+000	8	...........	1466.53
	2588	129.45	1.87922E-001	9.52326E-006	0.00000E+000	1.87960E-001	0.00000E+000	8	...........	1466.53
	2589	129.5	1.88927E-001	9.49153E-006	0.00000E+000	1.88960E-001	0.00000E+000	8	...........	1466.53
	2590	129.55	1.89930E-001	9.45955E-006	0.00000E+000	1.89959E-001	0.00000E+000	8	...........	1466.53
	2591	129.6	1.90934E-001	9.42735E-006	0.00000E+000	1.90959E-001	0.00000E+000	8	...........	1466.53
	2592	129.65	1.91916E-001	9.39624E-006	0.00000E+000	1.91959E-001	0.00000E+000	8	...........	1466.53
	2593	129.7	1.92944E-001	9.36534E-006	0.00000E+000	1.92958E-001	0.00000E+000	8	...........	1466.53
	2594	129.75	1.93943E-001	9.33493E-006	0.00000E+000	1.93958E-001	0.00000E+000	8	...........	1466.53
	2595	129.8	1.94934E-001	9.30316E-006	0.00000E+000	1.94958E-001	0.00000E+000	8	...........	1466.53
	2596	129.85	1.95928E-001	9.27380E-006	0.00000E+000	1.95957E-001	0.00000E+000	8	...........	1466.53
	2597	129.9	1.96930E-001	9.24362E-006	0.00000E+000	1.96957E-001	0.00000E+000	8	...........	1466.53
	2598	129.95	1.97949E-001	9.21524E-006	0.00000E+000	1.97969E-001	0.00000E+000	8	...........	1466.53
	2599	130	1.98936E-001	9.18549E-006	0.00000E+000	1.98969E-001	0.00000E+000	8	...........	1466.53
	2600	130.05	1.99937E-001	9.15604E-006	0.00000E+000	1.99968E-001	0.00000E+000	8	...........	1466.53
	2601	130.1	2.00942E-001	9.12679E-006	0.00000E+000	2.00968E-001	0.00000E+000	8	...........	1466.53
	2602	130.15	2.01949E-001	9.09942E-006	0.00000E+000	2.01968E-001	0.00000E+000	8	...........	1466.53
	2603	130.2	2.02931E-001	9.07178E-006	0.00000E+000	2.02967E-001	0.00000E+000	8	...........	1466.53
	2604	130.25	2.03919E-001	9.04357E-006	0.00000E+000	2.03967E-001	0.00000E+000	8	...........	1466.53
	2605	130.3	2.04897E-001	9.01490E-006	0.00000E+000	2.04967E-001	0.00000E+000	8	...........	1466.53
	2606	130.35	2.05926E-001	8.98782E-006	0.00000E+000	2.05966E-001	0.00000E+000	8	...........	1466.53
	2607	130.4	2.06924E-001	8.96170E-006	0.00000E+000	2.06966E-001	0.00000E+000	8	...........	1466.53
	2608	130.45	2.07900E-001	8.93493E-006	0.00000E+000	2.07966E-001	0.00000E+000	8	...........	1466.53
	2609	130.5	2.08915E-001	8.90866E-006	0.00000E+000	2.08965E-001	0.00000E+000	8	...........	1466.53
	2610	130.55	2.09909E-001	8.88318E-006	0.00000E+000	2.09965E-001	0.00000E+000	8	...........	1466.53
	2611	130.6	2.10916E-001	8.85637E-006	0.00000E+000	2.10964E-001	0.00000E+000	8	...........	1466.53
	2612	130.65	2.11917E-001	8.83094E-006	0.00000E+000	2.11964E-001	0.00000E+000	8	...........	1466.53
	2613	130.7	2.12916E-001	8.80486E-006	0.00000E+000	2.12964E-001	0.00000E+000	8	...........	1466.53
	2614	130.75	2.13910E-001	8.78095E-006	0.00000E+000	2.13963E-001	0.00000E+000	8	...........	1466.53
	2615	130.8	2.14912E-001	8.75510E-006	0.00000E+000	2.14963E-001	0.00000E+000	8	...........	1466.53
	2616	130.85	2.15916E-001	8.73092E-006	0.00000E+000	2.15963E-001	0.00000E+000	8	...........	1466.53
	2617	130.9	2.16906E-001	8.70586E-006	0.00000E+000	2.16962E-001	0.00000E+000	8	...........	1466.53
	2618	130.95	2.17932E-001	8.68221E-006	0.00000E+000	2.17962E-001	0.00000E+000	8	...........	1466.53
	2619	131	2.18932E-001	8.65865E-006	0.00000E+000	2.18962E-001	0.00000E+000	8	...........	1466.53
	2620	131.05	2.19923E-001	8.63482E-006	0.00000E+000	2.19961E-001	0.00000E+000	8	...........	1466.53
	2621	131.1	2.20906E-001	8.61119E-006	0.00000E+000	2.20961E-001	0.00000E+000	8	...........	1466.53
	2622	131.15	2.21913E-001	8.58749E-006	0.00000E+000	2.21961E-001	0.00000E+000	8	...........	1466.53
	2623	131.2	2.22906E-001	8.56465E-006	0.00000E+000	2.22960E-001	0.00000E+000	8	...........	1466.53
	2624	131.25	2.23900E-001	8.54122E-006	0.00000E+000	2.23960E-001	0.00000E+000	8	...........	1466.53
	2625	131.3	2.24903E-001	8.51993E-006	0.00000E+000	2.24960E-001	0.00000E+000	8	...........	1466.53
	2626	131.35	2.25900E-001	8.49674E-006	0.00000E+000	2.25959E-001	0.00000E+000	8	...........	1466.53
	2627	131.4	2.26891E-001	8.47469E-006	0.00000E+000	2.26959E-001	0.00000E+000	8	...........	1466.53
	2628	131.45	2.27895E-001	8.45233E-006	0.00000E+000	2.27959E-001	0.00000E+000	8	...........	1466.53
	2629	131.5	2.28887E-001	8.43135E-006	0.00000E+000	2.28958E-001	0.00000E+000	8	...........	1466.53
	2630	131.55	2.29889E-001	8.40898E-006	0.00000E+000	2.29958E-001	0.00000E+000	8	...........	1466.53
	2631	131.6	2.30932E-001	8.38815E-006	0.00000E+000	2.30958E-001	0.00000E+000	8	...........	1466.53
	2632	131.65	2.31923E-001	8.36698E-006	0.00000E+000	2.31957E-001	0.00000E+000	8	...........	1466.53
	2633	131.7	2.32917E-001	8.34601E-006	0.00000E+000	2.32957E-001	0.00000E+000	8	...........	1466.53
	2634	131.75	2.33936E-001	8.32711E-006	0.00000E+000	2.33969E-001	0.00000E+000	8	...........	1466.53
	2635	131.8	2.34941E-001	8.30518E-006	0.00000E+000	2.34969E-001	0.00000E+000	8	...........	1466.53
	2636	131.85	2.35928E-001	8.28438E-006	0.00000E+000	2.35968E-001	0.00000E+000	8	...........	1466.53
	2637	131.9	2.36921E-001	8.26355E-006	0.00000E+000	2.36968E-001	0.00000E+000	8	...........	1466.53
	2638	131.95	2.37932E-001	8.24431E-006	0.00000E+000	2.37968E-001	0.00000E+000	8	...........	1466.53
	2639	132	2.38925E-001	8.22422E-006	0.00000E+000	2.38967E-001	0.00000E+000	8	...........	1466.53
	2640	132.05	2.39923E-001	8.20441E-006	0.00000E+000	2.39967E-001	0.00000E+000	8	...........	1466.53
	2641	132.1	2.40911E-001	8.18499E-006	0.00000E+000	2.40967E-001	0.00000E+000	8	...........	1466.53
	2642	132.15	2.41909E-001	8.16527E-006	0.00000E+000	2.41966E-001	0.00000E+000	8	...........	1466.53
	2643	132.2	2.42908E-001	8.14750E-006	0.00000E+000	2.42966E-001	0.00000E+000	8	...........	1466.53
	2644	132.25	2.43931E-001	8.12675E-006	0.00000E+000	2.43966E-001	0.00000E+000	8	...........	1466.53
	2645	132.3	2.44933E-001	8.10887E-006	0.00000E+000	2.44965E-001	0.00000E+000	8	...........	1466.53
	2646	132.35	2.45933E-001	8.09026E-006	0.00000E+000	2.45965E-001	0.00000E+000	8	...........	1466.53
	2647	132.4	2.46927E-001	8.07234E-006	0.00000E+000	2.46965E-001	0.00000E+000	8	...........	1466.53
	2648	132.45	2.47915E-001	8.05326E-006	0.00000E+000	2.47964E-001	0.00000E+000	8	...........	1466.53
	2649	132.5	2.48917E-001	8.03499E-006	0.00000E+000	2.48964E-001	0.00000E+000	8	...........	1466.53
	2650	132.55	2.49917E-001	8.01718E-006	0.00000E+000	2.49963E-001	0.00000E+000	8	...........	1466.53
	2651	132.6	2.50919E-001	7.99852E-006	0.00000E+000	2.50963E-001	0.00000E+000	8	...........	1466.53
	2652	132.65	2.51911E-001	7.98204E-006	0.00000E+000	2.51963E-001	0.00000E+000	8	...........	1466.53
	2653	132.7	2.52889E-001	7.96455E-006	0.00000E+000	2.52962E-001	0.00000E+000	8	...........	1466.53
	2654	132.75	2.53903E-001	7.94604E-006	0.00000E+000	2.53962E-001	0.00000E+000	8	...........	1466.53
	2655	132.8	2.54904E-001	7.92915E-006	0.00000E+000	2.54962E-001	0.00000E+000	8	...........	1466.53
	2656	132.85	2.55899E-001	7.91203E-006	0.00000E+000	2.55961E-001	0.00000E+000	8	...........	1466.53
	2657	132.9	2.56936E-001	7.89522E-006	0.00000E+000	2.56961E-001	0.00000E+000	8	...........	1466.53
	2658	132.95	2.57919E-001	7.87887E-006	0.00000E+000	2.57961E-001	0.00000E+000	8	...........	1466.53
	2659	133	2.58921E-001	7.86136E-006	0.00000E+000	2.58960E-001	0.00000E+000	8	...........	1466.53
	2660	133.05	2.59926E-001	7.84548E-006	0.00000E+000	2.59960E-001	0.00000E+000	8	...........	1466.53
	2661	133.1	2.60937E-001	7.82903E-006	0.00000E+000	2.60960E-001	0.00000E+000	8	...........	1466.53
	2662	133.15	2.61930E-001	7.81216E-006	0.00000E+000	2.61959E-001	0.00000E+000	8	...........	1466.53
	2663	133.2	2.62934E-001	7.79587E-006	0.00000E+000	2.62959E-001	0.00000E+000	8	...........	1466.53
	2664	133.25	2.63917E-001	7.78053E-006	0.00000E+000	2.63959E-001	0.00000E+000	8	...........	1466.53
	2665	133.3	2.64915E-001	7.76556E-006	0.00000E+000	2.64958E-001	0.00000E+000	8	...........	1466.53
	2666	133.35	2.65913E-001	7.74983E-006	0.00000E+000	2.65958E-001	0.00000E+000	8	...........	1466.53
	2667	133.4	2.66917E-001	7.73436E-006	0.00000E+000	2.66958E-001	0.00000E+000	8	...........	1466.53
	2668	133.45	2.67908E-001	7.71826E-006	0.00000E+000	2.67957E-001	0.00000E+000	8	...........	1466.53
	2669	133.5	2.68893E-001	7.70323E-006	0.00000E+000	2.68957E-001	0.00000E+000	8	...........	1466.53
	2670	133.55	2.69944E-001	7.69032E-006	0.00000E+000	2.69969E-001	0.00000E+000	8	...........	1466.53
	2671	133.6	2.70946E-001	7.67440E-006	0.00000E+000	2.70969E-001	0.00000E+000	8	...........	1466.53
	2672	133.65	2.71937E-001	7.65968E-006	0.00000E+000	2.71968E-001	0.00000E+000	8	...........	1466.53
	2673	133.7	2.72948E-001	7.64386E-006	0.00000E+000	2.72968E-001	0.00000E+000	8	...........	1466.53
	2674	133.75	2.73930E-001	7.63120E-006	0.00000E+000	2.73968E-001	0.00000E+000	8	...........	1466.53
	2675	133.8	2.74927E-001	7.61632E-006	0.00000E+000	2.74967E-001	0.00000E+000	8	...........	1466.53
	2676	133.85	2.75929E-001	7.60118E-006	0.00000E+000	2.75967E-001	0.00000E+000	8	...........	1466.53
	2677	133.9	2.76927E-001	7.58614E-006	0.00000E+000	2.76967E-001	0.00000E+000	8	...........	1466.53
	2678	133.95	2.77909E-001	7.57421E-006	0.00000E+000	2.77966E-001	0.00000E+000	8	...........	1466.53
	2679	134	2.78930E-001	7.55892E-006	0.00000E+000	2.78966E-001	0.00000E+000	8	...........	1466.53
	2680	134.05	2.79918E-001	7.54610E-006	0.00000E+000	2.79966E-001	0.00000E+000	8	...........	1466.53
	2681	134.1	2.80911E-001	7.53201E-006	0.00000E+000	2.80965E-001	0.00000E+000	8	...........	1466.53
	2682	134.15	2.81930E-001	7.51822E-006	0.00000E+000	2.81965E-001	0.00000E+000	8	...........	1466.53
	2683	134.2	2.82946E-001	7.50620E-006	0.00000E+000	2.82965E-001	0.00000E+000	8	...........	1466.53
	2684	134.25	2.83933E-001	7.49192E-006	0.00000E+000	2.83964E-001	0.00000E+000	8	...........	1466.53
	2685	134.3	2.84928E-001	7.47860E-006	0.00000E+000	2.84964E-001	0.00000E+000	8	...........	1466.53
	2686	134.35	2.85922E-001	7.46648E-006	0.00000E+000	2.85964E-001	0.00000E+000	8	...........	1466.53
	2687	134.4	2.86922E-001	7.45359E-006	0.00000E+000	2.86963E-001	0.00000E+000	8	...........	1466.53
	2688	134.45	2.87930E-001	7.44161E-006	0.00000E+000	2.87963E-001	0.00000E+000	8	...........	1466.53
	2689	134.5	2.88941E-001	7.42737E-006	0.00000E+000	2.88962E-001	0.00000E+000	8	...........	1466.80
	2690	134.55	2.89933E-001	7.41728E-006	0.00000E+000	2.89962E-001	0.00000E+000	8	...........	1466.80
	2691	134.6	2.90940E-001	7.40334E-006	0.00000E+000	2.90962E-001	0.00000E+000	8	...........	1466.80
	2692	134.65	2.91927E-001	7.39012E-006	0.00000E+000	2.91961E-001	0.00000E+000	8	...........	1466.80
	2693	134.7	2.92927E-001	7.37933E-006	0.00000E+000	2.92961E-001	0.00000E+000	8	...........	1466.80
	2694	134.75	2.93912E-001	7.36797E-006	0.00000E+000	2.93961E-001	0.00000E+000	8	...........	1466.80
	2695	134.8	2.94940E-001	7.35423E-006	0.00000E+000	2.94960E-001	0.00000E+000	8	...........	1466.80
	2696	134.85	2.95931E-001	7.34415E-006	0.00000E+000	2.95960E-001	0.00000E+000	8	...........	1466.80
	2697	134.9	2.96928E-001	7.33312E-006	0.00000E+000	2.96960E-001	0.00000E+000	8	...........	1466.80
	2698	134.95	2.97940E-001	7.31955E-006	0.00000E+000	2.97959E-001	0.00000E+000	8	...........	1466.80
	2699	135	2.98922E-001	7.30867E-006	0.00000E+000	2.98959E-001	0.00000E+000	8	...........	1466.80
	2700	135.05	2.99921E-001	7.29649E-006	0.00000E+000	2.99959E-001	0.00000E+000	8	...........	1466.80
	2701	135.1	2.98927E-001	6.96693E-006	0.00000E+000	2.98959E-001	0.00000E+000	8	...........	1466.80
	2702	135.15	2.97934E-001	6.92226E-006	0.00000E+000	2.97959E-001	0.00000E+000	8	...........	1466.80
	2703	135.2	2.96938E-001	6.88624E-006	0.00000E+000	2.96960E-001	0.00000E+000	8	...........	1466.80
	2704	135.25	2.95931E-001	6.85516E-006	0.00000E+000	2.95960E-001	0.00000E+000	8	...........	1466.80
	2705	135.3	2.94931E-001	6.82494E-006	0.00000E+000	2.94960E-001	0.00000E+000	8	...........	1466.80
	2706	135.35	2.93915E-001	6.79702E-006	0.00000E+000	2.93961E-001	0.00000E+000	8	...........	1466.80
	2707	135.4	2.92916E-001	6.77208E-006	0.00000E+000	2.92961E-001	0.00000E+000	8	...........	1466.80
	2708	135.45	2.91926E-001	6.74586E-006	0.00000E+000	2.91961E-001	0.00000E+000	8	...........	1466.79
	2709	135.5	2.90942E-001	6.72152E-006	0.00000E+000	2.90962E-001	0.00000E+000	8	...........	1466.53
	2710	135.55	2.89936E-001	6.69860E-006	0.00000E+000	2.89962E-001	0.00000E+000	8	...........	1466.53
	2711	135.6	2.88948E-001	6.67543E-006	0.00000E+000	2.88962E-001	0.00000E+000	8	...........	1466.53
	2712	135.65	2.87927E-001	6.65622E-006	0.00000E+000	2.87963E-001	0.00000E+000	8	...........	1466.53
	2713	135.7	2.86934E-001	6.63395E-006	0.00000E+000	2.86963E-001	0.00000E+000	8	...........	1466.53
	2714	135.75	2.85931E-001	6.61335E-006	0.00000E+000	2.85964E-001	0.00000E+000	8	...........	1466.53
	2715	135.8	2.84931E-001	6.59428E-006	0.00000E+000	2.84964E-001	0.00000E+000	8	...........	1466.53
	2716	135.85	2.83934E-001	6.57501E-006	0.00000E+000	2.83964E-001	0.00000E+000	8	...........	1466.53
	2717	135.9	2.82943E-001	6.55379E-006	0.00000E+000	2.82965E-001	0.00000E+000	8	...........	1466.53
	2718	135.95	2.81929E-001	6.53483E-006	0.00000E+000	2.81965E-001	0.00000E+000	8	...........	1466.53
	2719	136	2.80901E-001	6.51808E-006	0.00000E+000	2.80965E-001	0.00000E+000	8	...........	1466.53
	2720	136.05	2.79923E-001	6.49990E-006	0.00000E+000	2.79966E-001	0.00000E+000	8	...........	1466.53
	2721	136.1	2.78927E-001	6.48207E-006	0.00000E+000	2.78966E-001	0.00000E+000	8	...........	1466.53
	2722	136.15	2.77927E-001	6.46393E-006	0.00000E+000	2.77966E-001	0.00000E+000	8	...........	1466.53
	2723	136.2	2.76929E-001	6.44730E-006	0.00000E+000	2.76967E-001	0.00000E+000	8	...........	1466.53
	2724	136.25	2.75940E-001	6.43027E-006	0.00000E+000	2.75967E-001	0.00000E+000	8	...........	1466.53
	2725	136.3	2.74939E-001	6.41338E-006	0.00000E+000	2.74967E-001	0.00000E+000	8	...........	1466.53
	2726	136.35	2.73945E-001	6.39659E-006	0.00000E+000	2.73968E-001	0.00000E+000	8	...........	1466.53
	2727	136.4	2.72937E-001	6.38084E-006	0.00000E+000	2.72968E-001	0.00000E+000	8	...........	1466.53
	2728	136.45	2.71944E-001	6.36373E-006	0.00000E+000	2.71968E-001	0.00000E+000	8	...........	1466.53
	2729	136.5	2.70947E-001	6.34982E-006	0.00000E+000	2.70969E-001	0.00000E+000	8	...........	1466.62
	2730	136.55	2.69960E-001	6.33279E-006	0.00000E+000	2.69969E-001	0.00000E+000	8	...........	1466.62
	2731	136.6	2.68908E-001	6.31585E-006	0.00000E+000	2.68957E-001	0.00000E+000	8	...........	1466.62
	2732	136.65	2.67914E-001	6.30335E-006	0.00000E+000	2.67957E-001	0.00000E+000	8	...........	1466.62
	2733	136.7	2.66916E-001	6.28711E-006	0.00000E+000	2.66958E-001	0.00000E+000	8	...........	1466.62
	2734	136.75	2.65916E-001	6.27289E-006	0.00000E+000	2.65958E-001	0.00000E+000	8	...........	1466.62
	2735	136.8	2.64907E-001	6.25788E-006	0.00000E+000	2.64958E-001	0.00000E+000	8	...........	1466.62
	2736	136.85	2.63912E-001	6.24398E-006	0.00000E+000	2.63959E-001	0.00000E+000	8	...........	1466.62
	2737	136.9	2.62928E-001	6.22974E-006	0.00000E+000	2.62959E-001	0.00000E+000	8	...........	1466.62
	2738	136.95	2.61922E-001	6.21543E-006	0.00000E+000	2.61959E-001	0.00000E+000	8	...........	1466.62
	2739	137	2.60927E-001	6.20099E-006	0.00000E+000	2.60960E-001	0.00000E+000	8	...........	1466.62
	2740	137.05	2.59940E-001	6.18707E-006	0.00000E+000	2.59960E-001	0.00000E+000	8	...........	1466.62
	2741	137.1	2.58931E-001	6.17328E-006	0.00000E+000	2.58960E-001	0.00000E+000	8	...........	1466.62
	2742	137.15	2.57943E-001	6.15972E-006	0.00000E+000	2.57961E-001	0.00000E+000	8	...........	1466.62
	2743	137.2	2.56940E-001	6.14609E-006	0.00000E+000	2.56961E-001	0.00000E+000	8	...........	1466.62
	2744	137.25	2.55922E-001	6.13220E-006	0.00000E+000	2.55961E-001	0.00000E+000	8	...........	1466.62
	2745	137.3	2.54911E-001	6.12137E-006	0.00000E+000	2.54962E-001	0.00000E+000	8	...........	1466.62
	2746	137.35	2.53920E-001	6.10613E-006	0.00000E+000	2.53962E-001	0.00000E+000	8	...........	1466.62
	2747	137.4	2.52902E-001	6.09297E-006	0.00000E+000	2.52962E-001	0.00000E+000	8	...........	1466.62
	2748	137.45	2.51919E-001	6.07949E-006	0.00000E+000	2.51963E-001	0.00000E+000	8	...........	1466.62
	2749	137.5	2.50918E-001	6.06805E-006	0.00000E+000	2.50963E-001	0.00000E+000	8	...........	1466.62
	2750	137.55	2.49924E-001	6.05473E-006	0.00000E+000	2.49963E-001	0.00000E+000	8	...........	1466.62
	2751	137.6	2.48916E-001	6.04235E-006	0.00000E+000	2.48964E-001	0.00000E+000	8	...........	1466.62
	2752	137.65	2.47926E-001	6.03041E-006	0.00000E+000	2.47964E-001	0.00000E+000	8	...........	1466.62
	2753	137.7	2.46933E-001	6.01703E-006	0.00000E+000	2.46965E-001	0.00000E+000	8	...........	1466.62
	2754	137.75	2.45934E-001	6.00516E-006	0.00000E+000	2.45965E-001	0.00000E+000	8	...........	1466.62
	2755	137.8	2.44941E-001	5.99281E-006	0.00000E+000	2.44965E-001	0.00000E+000	8	...........	1466.62
	2756	137.85	2.43946E-001	5.97962E-006	0.00000E+000	2.43966E-001	0.00000E+000	8	...........	1466.62
	2757	137.9	2.42929E-001	5.96823E-006	0.00000E+000	2.42966E-001	0.00000E+000	8	...........	1466.62
	2758	137.95	2.41923E-001	5.95635E-006	0.00000E+000	2.41966E-001	0.00000E+000	8	...........	1466.62
	2759	138	2.40933E-001	5.94344E-006	0.00000E+000	2.40967E-001	0.00000E+000	8	...........	1466.62
	2760	138.05	2.39931E-001	5.93140E-006	0.00000E+000	2.39967E-001	0.00000E+000	8	...........	1466.62
	2761	138.1	2.38932E-001	5.92046E-006	0.00000E+000	2.38967E-001	0.00000E+000	8	...........	1466.62
	2762	138.15	2.37932E-001	5.90891E-006	0.00000E+000	2.37968E-001	0.00000E+000	8	...........	1466.62
	2763	138.2	2.36925E-001	5.89661E-006	0.00000E+000	2.36968E-001	0.00000E+000	8	...........	1466.62
	2764	138.25	2.35931E-001	5.88617E-006	0.00000E+000	2.35968E-001	0.00000E+000	8	...........	1466.62
	2765	138.3	2.34951E-001	5.87481E-006	0.00000E+000	2.34969E-001	0.00000E+000	8	...........	1466.62
	2766	138.35	2.33949E-001	5.86201E-006	0.00000E+000	2.33969E-001	0.00000E+000	8	...........	1466.62
	2767	138.4	2.32935E-001	5.85028E-006	0.00000E+000	2.32957E-001	0.00000E+000	8	...........	1466.62
	2768	138.45	2.31942E-001	5.83961E-006	0.00000E+000	2.31957E-001	0.00000E+000	8	...........	1466.63
	2769	138.5	2.30952E-001	5.82863E-006	0.00000E+000	2.30958E-001	0.00000E+000	8	...........	1466.80
	2770	138.55	2.29920E-001	5.81872E-006	0.00000E+000	2.29958E-001	0.00000E+000	8	...........	1466.80
	2771	138.6	2.28918E-001	5.80631E-006	0.00000E+000	2.28958E-001	0.00000E+000	8	...........	1466.80
	2772	138.65	2.27930E-001	5.79585E-006	0.00000E+000	2.27959E-001	0.00000E+000	8	...........	1466.80
	2773	138.7	2.26916E-001	5.78479E-006	0.00000E+000	2.26959E-001	0.00000E+000	8	...........	1466.80
	2774	138.75	2.25920E-001	5.77451E-006	0.00000E+000	2.25959E-001	0.00000E+000	8	...........	1466.80
	2775	138.8	2.24927E-001	5.76387E-006	0.00000E+000	2.24960E-001	0.00000E+000	8	...........	1466.80
	2776	138.85	2.23926E-001	5.75224E-006	0.00000E+000	2.23960E-001	0.00000E+000	8	...........	1466.80
	2777	138.9	2.22919E-001	5.74233E-006	0.00000E+000	2.22960E-001	0.00000E+000	8	...........	1466.80
	2778	138.95	2.21921E-001	5.73196E-006	0.00000E+000	2.21961E-001	0.00000E+000	8	...........	1466.80
	2779	139	2.20926E-001	5.72019E-006	0.00000E+000	2.20961E-001	0.00000E+000	8	...........	1466.80
	2780	139.05	2.19943E-001	5.70961E-006	0.00000E+000	2.19961E-001	0.00000E+000	8	...........	1466.80
	2781	139.1	2.18956E-001	5.69961E-006	0.00000E+000	2.18962E-001	0.00000E+000	8	...........	1466.80
	2782	139.15	2.17944E-001	5.68843E-006	0.00000E+000	2.17962E-001	0.00000E+000	8	...........	1466.80
	2783	139.2	2.16924E-001	5.67906E-006	0.00000E+000	2.16962E-001	0.00000E+000	8	...........	1466.80
	2784	139.25	2.15930E-001	5.66848E-006	0.00000E+000	2.15963E-001	0.00000E+000	8	...........	1466.80
	2785	139.3	2.14935E-001	5.65780E-006	0.00000E+000	2.14963E-001	0.00000E+000	8	...........	1466.80
	2786	139.35	2.13926E-001	5.64761E-006	0.00000E+000	2.13963E-001	0.00000E+000	8	...........	1466.80
	2787	139.4	2.12921E-001	5.63745E-006	0.00000E+000	2.12964E-001	0.00000E+000	8	...........	1466.80
	2788	139.45	2.11938E-001	5.62680E-006	0.00000E+000	2.11964E-001	0.00000E+000	8	...........	1466.79
	2789	139.5	2.10917E-001	5.61673E-006	0.00000E+000	2.10964E-001	0.00000E+000	8	...........	1466.62
	2790	139.55	2.09930E-001	5.60680E-006	0.00000E+000	2.09965E-001	0.00000E+000	8	...........	1466.62
	2791	139.6	2.08935E-001	5.59641E-006	0.00000E+000	2.08965E-001	0.00000E+000	8	...........	1466.62
	2792	139.65	2.07933E-001	5.58600E-006	0.00000E+000	2.07966E-001	0.00000E+000	8	...........	1466.62
	2793	139.7	2.06942E-001	5.57611E-006	0.00000E+000	2.06966E-001	0.00000E+000	8	...........	1466.62
	2794	139.75	2.05946E-001	5.56612E-006	0.00000E+000	2.05966E-001	0.00000E+000	8	...........	1466.62
	2795	139.8	2.04918E-001	5.55598E-006	0.00000E+000	2.04967E-001	0.00000E+000	8	...........	1466.62
	2796	139.85	2.03945E-001	5.54698E-006	0.00000E+000	2.03967E-001	0.00000E+000	8	...........	1466.62
	2797	139.9	2.02947E-001	5.53568E-006	0.00000E+000	2.02967E-001	0.00000E+000	8	...........	1466.62
	2798	139.95	2.01947E-001	5.52515E-006	0.00000E+000	2.01968E-001	0.00000E+000	8	...........	1466.62
	2799	140	2.00946E-001	5.51584E-006	0.00000E+000	2.00968E-001	0.00000E+000	8	...........	1466.62
	2800	140.05	1.99943E-001	5.50604E-006	0.00000E+000	1.99968E-001	0.00000E+000	8	...........	1466.62
	2801	140.1	1.98954E-001	5.49558E-006	0.00000E+000	1.98969E-001	0.00000E+000	8	...........	1466.62
	2802	140.15	1.97958E-001	5.48566E-006	0.00000E+000	1.97969E-001	0.00000E+000	8	...........	1466.62
	2803	140.2	1.96948E-001	5.47432E-006	0.00000E+000	1.96957E-001	0.00000E+000	8	...........	1466.62
	2804	140.25	1.95950E-001	5.46638E-006	0.00000E+000	1.95957E-001	0.00000E+000	8	...........	1466.62
	2805	140.3	1.94936E-001	5.45599E-006	0.00000E+000	1.94958E-001	0.00000E+000	8	...........	1466.62
	2806	140.35	1.93958E-001	5.44521E-006	0.00000E+000	1.93958E-001	0.00000E+000	8	...........	1466.62
	2807	140.4	1.92954E-001	5.43495E-006	0.00000E+000	1.92958E-001	0.00000E+000	8	...........	1466.62
	2808	140.45	1.91926E-001	5.42424E-006	0.00000E+000	1.91959E-001	0.00000E+000	8	...........	1466.62
	2809	140.5	1.90932E-001	5.41548E-006	0.00000E+000	1.90959E-001	0.00000E+000	8	...........	1466.62
	2810	140.55	1.89934E-001	5.40522E-006	0.00000E+000	1.89959E-001	0.00000E+000	8	...........	1466.62
	2811	140.6	1.88927E-001	5.39482E-006	0.00000E+000	1.88960E-001	0.00000E+000	8	...........	1466.62
	2812	140.65	1.87920E-001	5.38541E-006	0.00000E+000	1.87960E-001	0.00000E+000	8	...........	1466.62
	2813	140.7	1.86930E-001	5.37517E-006	0.00000E+000	1.86960E-001	0.00000E+000	8	...........	1466.62
	2814	140.75	1.85933E-001	5.36528E-006	0.00000E+000	1.85961E-001	0.00000E+000	8	...........	1466.62
	2815	140.8	1.84936E-001	5.35482E-006	0.00000E+000	1.84961E-001	0.00000E+000	8	...........	1466.62
	2816	140.85	1.83948E-001	5.34464E-006	0.00000E+000	1.83961E-001	0.00000E+000	8	...........	1466.62
	2817	140.9	1.82946E-001	5.33501E-006	0.00000E+000	1.82962E-001	0.00000E+000	8	...........	1466.62
	2818	140.95	1.81943E-001	5.32553E-006	0.00000E+000	1.81962E-001	0.00000E+000	8	...........	1466.62
	2819	141	1.80944E-001	5.31530E-006	0.00000E+000	1.80962E-001	0.00000E+000	8	...........	1466.62
	2820	141.05	1.79953E-001	5.30335E-006	0.00000E+000	1.79963E-001	0.00000E+000	8	...........	1466.62
	2821	141.1	1.78918E-001	5.29470E-006	0.00000E+000	1.78963E-001	0.00000E+000	8	...........	1466.62
	2822	141.15	1.77921E-001	5.28425E-006	0.00000E+000	1.77963E-001	0.00000E+000	8	...........	1466.62
	2823	141.2	1.76931E-001	5.27382E-006	0.00000E+000	1.76964E-001	0.00000E+000	8	...........	1466.62
	2824	141.25	1.75918E-001	5.26463E-006	0.00000E+000	1.75964E-001	0.00000E+000	8	...........	1466.62
	2825	141.3	1.74941E-001	5.25365E-006	0.00000E+000	1.74964E-001	0.00000E+000	8	...........	1466.62
	2826	141.35	1.73950E-001	5.24321E-006	0.00000E+000	1.73965E-001	0.00000E+000	8	...........	1466.62
	2827	141.4	1.72940E-001	5.23293E-006	0.00000E+000	1.72965E-001	0.00000E+000	8	...........	1466.62
	2828	141.45	1.71946E-001	5.22278E-006	0.00000E+000	1.71965E-001	0.00000E+000	8	...........	1466.62
	2829	141.5	1.70951E-001	5.21184E-006	0.00000E+000	1.70966E-001	0.00000E+000	8	...........	1466.62
	2830	141.55	1.69949E-001	5.20202E-006	0.00000E+000	1.69966E-001	0.00000E+000	8	...........	1466.62
	2831	141.6	1.68953E-001	5.19151E-006	0.00000E+000	1.68967E-001	0.00000E+000	8	...........	1466.62
	2832	141.65	1.67954E-001	5.17985E-006	0.00000E+000	1.67967E-001	0.00000E+000	8	...........	1466.62
	2833	141.7	1.66954E-001	5.16929E-006	0.00000E+000	1.66967E-001	0.00000E+000	8	...........	1466.62
	2834	141.75	1.65944E-001	5.15808E-006	0.00000E+000	1.65968E-001	0.00000E+000	8	...........	1466.62
	2835	141.8	1.64944E-001	5.14698E-006	0.00000E+000	1.64968E-001	0.00000E+000	8	...........	1466.62
	2836	141.85	1.63941E-001	5.13539E-006	0.00000E+000	1.63968E-001	0.00000E+000	8	...........	1466.62
	2837	141.9	1.62935E-001	5.12473E-006	0.00000E+000	1.62969E-001	0.00000E+000	8	...........	1466.62
	2838	141.95	1.61949E-001	5.11332E-006	0.00000E+000	1.61969E-001	0.00000E+000	8	...........	1466.62
	2839	142	1.60939E-001	5.10041E-006	0.00000E+000	1.60957E-001	0.00000E+000	8	...........	1466.62
	2840	142.05	1.59929E-001	5.08969E-006	0.00000E+000	1.59957E-001	0.00000E+000	8	...........	1466.62
	2841	142.1	1.58923E-001	5.07904E-006	0.00000E+000	1.58957E-001	0.00000E+000	8	...........	1466.62
	2842	142.15	1.57926E-001	5.06638E-006	0.00000E+000	1.57958E-001	0.00000E+000	8	...........	1466.62
	2843	142.2	1.56933E-001	5.05402E-006	0.00000E+000	1.56958E-001	0.00000E+000	8	...........	1466.62
	2844	142.25	1.55944E-001	5.04204E-006	0.00000E+000	1.55959E-001	0.00000E+000	8	...........	1466.62
	2845	142.3	1.54932E-001	5.03008E-006	0.00000E+000	1.54959E-001	0.00000E+000	8	...........	1466.62
	2846	142.35	1.53941E-001	5.01700E-006	0.00000E+000	1.53959E-001	0.00000E+000	8	...........	1466.62
	2847	142.4	1.52912E-001	5.00589E-006	0.00000E+000	1.52960E-001	0.00000E+000	8	...........	1466.62
	2848	142.45	1.51912E-001	4.99250E-006	0.00000E+000	1.51960E-001	0.00000E+000	8	...........	1466.63
	2849	142.5	1.50934E-001	4.97889E-006	0.00000E+000	1.50960E-001	0.00000E+000	8	...........	1466.71
	2850	142.55	1.49930E-001	4.96557E-006	0.00000E+000	1.49961E-001	0.00000E+000	8	...........	1466.71
	2851	142.6	1.48934E-001	4.95185E-006	0.00000E+000	1.48961E-001	0.00000E+000	8	...........	1466.71
	2852	142.65	1.47936E-001	4.93865E-006	0.00000E+000	1.47961E-001	0.00000E+000	8	...........	1466.71
	2853	142.7	1.46928E-001	4.92433E-006	0.00000E+000	1.46962E-001	0.00000E+000	8	...........	1466.71
	2854	142.75	1.45952E-001	4.91079E-006	0.00000E+000	1.45962E-001	0.00000E+000	8	...........	1466.71
	2855	142.8	1.44949E-001	4.89657E-006	0.00000E+000	1.44962E-001	0.00000E+000	8	...........	1466.71
	2856	142.85	1.43946E-001	4.88115E-006	0.00000E+000	1.43963E-001	0.00000E+000	8	...........	1466.71
	2857	142.9	1.42943E-001	4.86743E-006	0.00000E+000	1.42963E-001	0.00000E+000	8	...........	1466.71
	2858	142.95	1.41942E-001	4.85252E-006	0.00000E+000	1.41963E-001	0.00000E+000	8	...........	1466.71
	2859	143	1.40947E-001	4.83716E-006	0.00000E+000	1.40964E-001	0.00000E+000	8	...........	1466.71
	2860	143.05	1.39937E-001	4.82090E-006	0.00000E+000	1.39964E-001	0.00000E+000	8	...........	1466.71
	2861	143.1	1.38943E-001	4.80615E-006	0.00000E+000	1.38964E-001	0.00000E+000	8	...........	1466.71
	2862	143.15	1.37943E-001	4.78983E-006	0.00000E+000	1.37965E-001	0.00000E+000	8	...........	1466.71
	2863	143.2	1.36938E-001	4.77345E-006	0.00000E+000	1.36965E-001	0.00000E+000	8	...........	1466.71
	2864	143.25	1.35936E-001	4.75646E-006	0.00000E+000	1.35965E-001	0.00000E+000	8	...........	1466.71
	2865	143.3	1.34954E-001	4.73951E-006	0.00000E+000	1.34966E-001	0.00000E+000	8	...........	1466.71
	2866	143.35	1.33946E-001	4.72150E-006	0.00000E+000	1.33966E-001	0.00000E+000	8	...........	1466.71
	2867	143.4	1.32951E-001	4.70468E-006	0.00000E+000	1.32966E-001	0.00000E+000	8	...........	1466.71
	2868	143.45	1.31949E-001	4.68549E-006	0.00000E+000	1.31967E-001	0.00000E+000	8	...........	1466.70
	2869	143.5	1.30948E-001	4.66655E-006	0.00000E+000	1.30967E-001	0.00000E+000	8	...........	1466.62
	2870	143.55	1.29956E-001	4.64757E-006	0.00000E+000	1.29968E-001	0.00000E+000	8	...........	1466.62
	2871	143.6	1.28957E-001	4.62875E-006	0.00000E+000	1.28968E-001	0.00000E+000	8	...........	1466.62
	2872	143.65	1.27936E-001	4.60747E-006	0.00000E+000	1.27968E-001	0.00000E+000	8	...........	1466.62
	2873	143.7	1.26939E-001	4.58773E-006	0.00000E+000	1.26969E-001	0.00000E+000	8	...........	1466.62
	2874	143.75	1.25940E-001	4.56723E-006	0.00000E+000	1.25969E-001	0.00000E+000	8	...........	1466.62
	2875	143.8	1.24929E-001	4.54574E-006	0.00000E+000	1.24969E-001	0.00000E+000	8	...........	1466.62
	2876	143.85	1.23921E-001	4.52159E-006	0.00000E+000	1.23957E-001	0.00000E+000	8	...........	1466.62
	2877	143.9	1.22927E-001	4.50052E-006	0.00000E+000	1.22957E-001	0.00000E+000	8	...........	1466.62
	2878	143.95	1.21924E-001	4.47726E-006	0.00000E+000	1.21958E-001	0.00000E+000	8	...........	1466.62
	2879	144	1.20922E-001	4.45424E-006	0.00000E+000	1.20958E-001	0.00000E+000	8	...........	1466.62
	2880	144.05	1.19925E-001	4.42941E-006	0.00000E+000	1.19958E-001	0.00000E+000	8	...........	1466.62
	2881	144.1	1.18941E-001	4.40494E-006	0.00000E+000	1.18959E-001	0.00000E+000	8	...........	1466.62
	2882	144.15	1.17937E-001	4.37868E-006	0.00000E+000	1.17959E-001	0.00000E+000	8	...........	1466.62
	2883	144.2	1.16933E-001	4.35216E-006	0.00000E+000	1.16960E-001	0.00000E+000	8	...........	1466.62
	2884	144.25	1.15930E-001	4.32412E-006	0.00000E+000	1.15960E-001	0.00000E+000	8	...........	1466.62
	2885	144.3	1.14903E-001	4.29662E-006	0.00000E+000	1.14960E-001	0.00000E+000	8	...........	1466.62
	2886	144.35	1.13907E-001	4.26849E-006	0.00000E+000	1.13961E-001	0.00000E+000	8	...........	1466.62
	2887	144.4	1.12917E-001	4.23837E-006	0.00000E+000	1.12961E-001	0.00000E+000	8	...........	1466.62
	2888	144.45	1.11916E-001	4.20794E-006	0.00000E+000	1.11961E-001	0.00000E+000	8	...........	1466.63
	2889	144.5	1.10939E-001	4.17610E-006	0.00000E+000	1.10962E-001	0.00000E+000	8	...........	1466.71
	2890	144.55	1.09945E-001	4.14409E-006	0.00000E+000	1.09962E-001	0.00000E+000	8	...........	1466.71
	2891	144.6	1.08938E-001	4.11063E-006	0.00000E+000	1.08962E-001	0.00000E+000	8	...........	1466.71
	2892	144.65	1.07939E-001	4.07653E-006	0.00000E+000	1.07963E-001	0.00000E+000	8	...........	1466.71
	2893	144.7	1.06949E-001	4.04131E-006	0.00000E+000	1.06963E-001	0.00000E+000	8	...........	1466.71
	2894	144.75	1.05951E-001	4.00488E-006	0.00000E+000	1.05963E-001	0.00000E+000	8	...........	1466.71
	2895	144.8	1.04947E-001	3.96675E-006	0.00000E+000	1.04964E-001	0.00000E+000	8	...........	1466.71
	2896	144.85	1.03947E-001	3.92781E-006	0.00000E+000	1.03964E-001	0.00000E+000	8	...........	1466.71
	2897	144.9	1.02949E-001	3.88784E-006	0.00000E+000	1.02964E-001	0.00000E+000	8	...........	1466.71
	2898	144.95	1.01942E-001	3.84864E-006	0.00000E+000	1.01965E-001	0.00000E+000	8	...........	1466.71
	2899	145	1.00930E-001	3.80555E-006	0.00000E+000	1.00965E-001	0.00000E+000	8	...........	1466.71
	2900	145.05	9.99313E-002	3.76228E-006	0.00000E+000	9.99654E-002	0.00000E+000	8	...........	1466.71
	2901	145.1	9.89329E-002	3.71709E-006	0.00000E+000	9.89657E-002	0.00000E+000	8	...........	1466.71
	2902	145.15	9.79452E-002	3.67012E-006	0.00000E+000	9.79661E-002	0.00000E+000	8	...........	1466.71
	2903	145.2	9.69521E-002	3.62113E-006	0.00000E+000	9.69664E-002	0.00000E+000	8	...........	1466.71
	2904	145.25	9.59277E-002	3.57252E-006	0.00000E+000	9.59668E-002	0.00000E+000	8	...........	1466.71
	2905	145.3	9.49434E-002	3.52042E-006	0.00000E+000	9.49671E-002	0.00000E+000	8	...........	1466.71
	2906	145.35	9.39498E-002	3.46823E-006	0.00000E+000	9.39675E-002	0.00000E+000	8	...........	1466.71
	2907	145.4	9.29536E-002	3.41283E-006	0.00000E+000	9.29678E-002	0.00000E+000	8	...........	1466.71
	2908	145.45	9.19522E-002	3.35723E-006	0.00000E+000	9.19682E-002	0.00000E+000	8	...........	1466.70
	2909	145.5	9.09531E-002	3.29745E-006	0.00000E+000	9.09685E-002	0.00000E+000	8	...........	1466.62
	2910	145.55	8.99646E-002	3.23699E-006	0.00000E+000	8.99689E-002	0.00000E+000	8	...........	1466.62
	2911	145.6	8.89416E-002	3.17512E-006	0.00000E+000	8.89692E-002	0.00000E+000	8	...........	1466.62
	2912	145.65	8.79215E-002	3.10723E-006	0.00000E+000	8.79571E-002	0.00000E+000	8	...........	1466.62
	2913	145.7	8.69341E-002	3.04308E-006	0.00000E+000	8.69574E-002	0.00000E+000	8	...........	1466.62
	2914	145.75	8.59384E-002	2.97525E-006	0.00000E+000	8.59578E-002	0.00000E+000	8	...........	1466.62
	2915	145.8	8.49318E-002	2.90299E-006	0.00000E+000	8.49581E-002	0.00000E+000	8	...........	1466.62
	2916	145.85	8.39398E-002	2.82950E-006	0.00000E+000	8.39584E-002	0.00000E+000	8	...........	1466.62
	2917	145.9	8.29313E-002	2.75485E-006	0.00000E+000	8.29588E-002	0.00000E+000	8	...........	1466.62
	2918	145.95	8.19348E-002	2.67629E-006	0.00000E+000	8.19591E-002	0.00000E+000	8	...........	1466.62
	2919	146	8.09387E-002	2.59491E-006	0.00000E+000	8.09595E-002	0.00000E+000	8	...........	1466.62
	2920	146.05	7.99514E-002	2.51229E-006	0.00000E+000	7.99598E-002	0.00000E+000	8	...........	1466.62
	2921	146.1	7.89474E-002	2.42463E-006	0.00000E+000	7.89602E-002	0.00000E+000	8	...........	1466.62
	2922	146.15	7.79532E-002	2.33649E-006	0.00000E+000	7.79605E-002	0.00000E+000	8	...........	1466.62
	2923	146.2	7.69533E-002	2.24147E-006	0.00000E+000	7.69609E-002	0.00000E+000	8	...........	1466.62
	2924	146.25	7.59268E-002	2.14809E-006	0.00000E+000	7.59612E-002	0.00000E+000	8	...........	1466.62
	2925	146.3	7.49360E-002	2.04931E-006	0.00000E+000	7.49616E-002	0.00000E+000	8	...........	1466.62
	2926	146.35	7.39433E-002	1.94826E-006	0.00000E+000	7.39619E-002	0.00000E+000	8	...........	1466.62
	2927	146.4	7.29367E-002	1.84333E-006	0.00000E+000	7.29622E-002	0.00000E+000	8	...........	1466.62
	2928	146.45	7.19416E-002	1.73403E-006	0.00000E+000	7.19626E-002	0.00000E+000	8	...........	1466.62
	2929	146.5	7.09447E-002	1.62133E-006	0.00000E+000	7.09629E-002	0.00000E+000	8	...........	1466.62
	2930	146.55	6.99400E-002	1.50598E-006	0.00000E+000	6.99633E-002	0.00000E+000	8	...........	1466.62
	2931	146.6	6.89414E-002	1.38603E-006	0.00000E+000	6.89636E-002	0.00000E+000	8	...........	1466.62
	2932	146.65	6.79447E-002	1.26409E-006	0.00000E+000	6.79640E-002	0.00000E+000	8	...........	1466.62
	2933	146.7	6.69407E-002	1.13681E-006	0.00000E+000	6.69643E-002	0.00000E+000	8	...........	1466.62
	2934	146.75	6.59593E-002	1.00439E-006	0.00000E+000	6.59647E-002	0.00000E+000	8	...........	1466.62
	2935	146.8	6.49601E-002	8.69080E-007	0.00000E+000	6.49650E-002	0.00000E+000	8	...........	1466.62
	2936	146.85	6.39324E-002	7.26849E-007	0.00000E+000	6.39654E-002	0.00000E+000	8	...........	1466.62
	2937	146.9	6.29317E-002	5.84743E-007	0.00000E+000	6.29657E-002	0.00000E+000	8	...........	1466.62
	2938	146.95	6.19411E-002	4.36469E-007	0.00000E+000	6.19661E-002	0.00000E+000	8	...........	1466.62
	2939	147	6.09311E-002	2.83188E-007	0.00000E+000	6.09664E-002	0.00000E+000	8	...........	1466.62
	2940	147.05	5.99349E-002	1.25803E-007	0.00000E+000	5.99667E-002	0.00000E+000	8	...........	1466.62
	2941	147.1	5.89399E-002	-3.70536E-008	0.00000E+000	5.89671E-002	0.00000E+000	8	...........	1466.62
	2942	147.15	5.79499E-002	-2.05606E-007	0.00000E+000	5.79674E-002	0.00000E+000	8	...........	1466.62
	2943	147.2	5.69400E-002	-3.76301E-007	0.00000E+000	5.69678E-002	0.00000E+000	8	...........	1466.62
	2944	147.25	5.59514E-002	-5.54577E-007	0.00000E+000	5.59681E-002	0.00000E+000	8	...........	1466.62
	2945	147.3	5.49436E-002	-7.35993E-007	0.00000E+000	5.49685E-002	0.00000E+000	8	...........	1466.62
	2946	147.35	5.39495E-002	-9.23198E-007	0.00000E+000	5.39688E-002	0.00000E+000	8	...........	1466.62
	2947	147.4	5.29592E-002	-1.11819E-006	0.00000E+000	5.29692E-002	0.00000E+000	8	...........	1466.62
	2948	147.45	5.19535E-002	-1.33384E-006	0.00000E+000	5.19570E-002	0.00000E+000	8	...........	1466.63
	2949	147.5	5.09278E-002	-1.51978E-006	0.00000E+000	5.09574E-002	0.00000E+000	8	...........	1466.71
	2950	147.55	4.99347E-002	-1.73082E-006	0.00000E+000	4.99577E-002	0.00000E+000	8	...........	1466.71
	2951	147.6	4.89273E-002	-1.94551E-006	0.00000E+000	4.89581E-002	0.00000E+000	8	...........	1466.71
	2952	147.65	4.79068E-002	-2.16569E-006	0.00000E+000	4.79584E-002	0.00000E+000	8	...........	1466.71
	2953	147.7	4.69143E-002	-2.39101E-006	0.00000E+000	4.69587E-002	0.00000E+000	8	...........	1466.71
	2954	147.75	4.59198E-002	-2.62169E-006	0.00000E+000	4.59591E-002	0.00000E+000	8	...........	1466.71
	2955	147.8	4.49261E-002	-2.86241E-006	0.00000E+000	4.49594E-002	0.00000E+000	8	...........	1466.71
	2956	147.85	4.39267E-002	-3.10295E-006	0.00000E+000	4.39598E-002	0.00000E+000	8	...........	1466.71
	2957	147.9	4.29286E-002	-3.34852E-006	0.00000E+000	4.29601E-002	0.00000E+000	8	...........	1466.71
	2958	147.95	4.19321E-002	-3.60568E-006	0.00000E+000	4.19605E-002	0.00000E+000	8	...........	1466.71
	2959	148	4.09419E-002	-3.86470E-006	0.00000E+000	4.09608E-002	0.00000E+000	8	...........	1466.71
	2960	148.05	3.99492E-002	-4.13258E-006	0.00000E+000	3.99612E-002	0.00000E+000	8	...........	1466.71
	2961	148.1	3.89501E-002	-4.40651E-006	0.00000E+000	3.89615E-002	0.00000E+000	8	...........	1466.71
	2962	148.15	3.79296E-002	-4.68283E-006	0.00000E+000	3.79619E-002	0.00000E+000	8	...........	1466.71
	2963	148.2	3.69203E-002	-4.96365E-006	0.00000E+000	3.69622E-002	0.00000E+000	8	...........	1466.71
	2964	148.25	3.59254E-002	-5.25017E-006	0.00000E+000	3.59626E-002	0.00000E+000	8	...........	1466.71
	2965	148.3	3.49327E-002	-5.54193E-006	0.00000E+000	3.49629E-002	0.00000E+000	8	...........	1466.71
	2966	148.35	3.39395E-002	-5.84418E-006	0.00000E+000	3.39632E-002	0.00000E+000	8	...........	1466.71
	2967	148.4	3.29442E-002	-6.14967E-006	0.00000E+000	3.29636E-002	0.00000E+000	8	...........	1466.71
	2968	148.45	3.19302E-002	-6.46091E-006	0.00000E+000	3.19639E-002	0.00000E+000	8	...........	1466.71
	2969	148.5	3.09338E-002	-6.76996E-006	0.00000E+000	3.09643E-002	0.00000E+000	8	...........	1466.71
	2970	148.55	2.99559E-002	-7.09177E-006	0.00000E+000	2.99646E-002	0.00000E+000	8	...........	1466.71
	2971	148.6	2.89597E-002	-7.41641E-006	0.00000E+000	2.89650E-002	0.00000E+000	8	...........	1466.71
	2972	148.65	2.79507E-002	-7.74281E-006	0.00000E+000	2.79653E-002	0.00000E+000	8	...........	1466.71
	2973	148.7	2.69495E-002	-8.07703E-006	0.00000E+000	2.69657E-002	0.00000E+000	8	...........	1466.71
	2974	148.75	2.59605E-002	-8.41489E-006	0.00000E+000	2.59660E-002	0.00000E+000	8	...........	1466.71
	2975	148.8	2.49385E-002	-8.75029E-006	0.00000E+000	2.49664E-002	0.00000E+000	8	...........	1466.71
	2976	148.85	2.39306E-002	-9.09285E-006	0.00000E+000	2.39667E-002	0.00000E+000	8	...........	1466.71
	2977	148.9	2.29380E-002	-9.43887E-006	0.00000E+000	2.29670E-002	0.00000E+000	8	...........	1466.71
	2978	148.95	2.19378E-002	-9.78811E-006	0.00000E+000	2.19674E-002	0.00000E+000	8	...........	1466.71
	2979	149	2.09346E-002	-1.01432E-005	0.00000E+000	2.09677E-002	0.00000E+000	8	...........	1466.71
	2980	149.05	1.99450E-002	-1.05004E-005	0.00000E+000	1.99681E-002	0.00000E+000	8	...........	1466.71
	2981	149.1	1.89490E-002	-1.08529E-005	0.00000E+000	1.89684E-002	0.00000E+000	8	...........	1466.71
	2982	149.15	1.79547E-002	-1.12062E-005	0.00000E+000	1.79688E-002	0.00000E+000	8	...........	1466.71
	2983	149.2	1.69551E-002	-1.15648E-005	0.00000E+000	1.69691E-002	0.00000E+000	8	...........	1466.71
	2984	149.25	1.59479E-002	-1.19214E-005	0.00000E+000	1.59695E-002	0.00000E+000	8	...........	1466.71
	2985	149.3	1.49463E-002	-1.23169E-005	0.00000E+000	1.49573E-002	0.00000E+000	8	...........	1466.71
	2986	149.35	1.39481E-002	-1.26586E-005	0.00000E+000	1.39577E-002	0.00000E+000	8	...........	1466.71
	2987	149.4	1.29502E-002	-1.30144E-005	0.00000E+000	1.29580E-002	0.00000E+000	8	...........	1466.71
	2988	149.45	1.19336E-002	-1.33609E-005	0.00000E+000	1.19584E-002	0.00000E+000	8	...........	1466.71
	2989	149.5	1.09335E-002	-1.37179E-005	0.00000E+000	1.09587E-002	0.00000E+000	8	...........	1466.71
	2990	149.55	9.93270E-003	-1.40704E-005	0.00000E+000	9.95905E-003	0.00000E+000	8	...........	1466.71
	2991	149.6	8.93348E-003	-1.44183E-005	0.00000E+000	8.95940E-003	0.00000E+000	8	...........	1466.71
	2992	149.65	7.93249E-003	-1.47693E-005	0.00000E+000	7.95974E-003	0.00000E+000	8	...........	1466.71
	2993	149.7	6.94508E-003	-1.51156E-005	0.00000E+000	6.96009E-003	0.00000E+000	8	...........	1466.71
	2994	149.75	5.94329E-003	-1.54498E-005	0.00000E+000	5.96044E-003	0.00000E+000	8	...........	1466.71
	2995	149.8	4.94390E-003	-1.57872E-005	0.00000E+000	4.96078E-003	0.00000E+000	8	...........	1466.71
	2996	149.85	3.94405E-003	-1.61167E-005	0.00000E+000	3.96113E-003	0.00000E+000	8	...........	1466.71
	2997	149.9	2.94252E-003	-1.64407E-005	0.00000E+000	2.96147E-003	0.00000E+000	8	...........	1466.71
	2998	149.95	1.96046E-003	-1.67648E-005	0.00000E+000	1.96182E-003	0.00000E+000	8	...........	1466.71
	2999	150	9.54098E-004	-1.70784E-005	0.00000E+000	9.62167E-004	0.00000E+000	8	...........	1466.71
	3000	150.05	-6.09499E-005	-1.73814E-005	0.00000E+000	-3.74870E-005	0.00000E+000	8	...........	1466.71
	3001	150.1	-1.08020E-003	-1.76822E-005	0.00000E+000	-1.03714E-003	0.00000E+000	8	...........	1466.71
	3002	150.15	-2.07151E-003	-1.79755E-005	0.00000E+000	-2.03680E-003	0.00000E+000	8	...........	1466.71
	3003	150.2	-3.07815E-003	-1.82608E-005	0.00000E+000	-3.03645E-003	0.00000E+000	8	...........	1466.71
	3004	150.25	-4.07076E-003	-1.85415E-005	0.00000E+000	-4.03610E-003	0.00000E+000	8	...........	1466.71
	3005	150.3	-5.07295E-003	-1.88107E-005	0.00000E+000	-5.03576E-003	0.00000E+000	8	...........	1466.71
	3006	150.35	-6.05438E-003	-1.90757E-005	0.00000E+000	-6.03541E-003	0.00000E+000	8	...........	1466.71
	3007	150.4	-7.05957E-003	-1.93225E-005	0.00000E+000	-7.03506E-003	0.00000E+000	8	...........	1466.71
	3008	150.45	-8.05125E-003	-1.95631E-005	0.00000E+000	-8.03472E-003	0.00000E+000	8	...........	1466.69
	3009	150.5	-9.05568E-003	-1.97988E-005	0.00000E+000	-9.03437E-003	0.00000E+000	8	...........	1466.53
	3010	150.55	-1.00575E-002	-2.00208E-005	0.00000E+000	-1.00340E-002	0.00000E+000	8	...........	1466.53
	3011	150.6	-1.10523E-002	-2.02370E-005	0.00000E+000	-1.10337E-002	0.00000E+000	8	...........	1466.53
	3012	150.65	-1.20461E-002	-2.04466E-005	0.00000E+000	-1.20333E-002	0.00000E+000	8	...........	1466.53
	3013	150.7	-1.30738E-002	-2.06381E-005	0.00000E+000	-1.30330E-002	0.00000E+000	8	...........	1466.53
	3014	150.75	-1.40632E-002	-2.08179E-005	0.00000E+000	-1.40326E-002	0.00000E+000	8	...........	1466.53
	3015	150.8	-1.50638E-002	-2.09922E-005	0.00000E+000	-1.50323E-002	0.00000E+000	8	...........	1466.53
	3016	150.85	-1.60697E-002	-2.11537E-005	0.00000E+000	-1.60320E-002	0.00000E+000	8	...........	1466.53
	3017	150.9	-1.70678E-002	-2.13110E-005	0.00000E+000	-1.70316E-002	0.00000E+000	8	...........	1466.53
	3018	150.95	-1.80636E-002	-2.14515E-005	0.00000E+000	-1.80313E-002	0.00000E+000	8	...........	1466.53
	3019	151	-1.90701E-002	-2.15890E-005	0.00000E+000	-1.90309E-002	0.00000E+000	8	...........	1466.53
	3020	151.05	-2.00593E-002	-2.17036E-005	0.00000E+000	-2.00306E-002	0.00000E+000	8	...........	1466.53
	3021	151.1	-2.10684E-002	-2.18453E-005	0.00000E+000	-2.10427E-002	0.00000E+000	8	...........	1466.53
	3022	151.15	-2.20624E-002	-2.19268E-005	0.00000E+000	-2.20424E-002	0.00000E+000	8	...........	1466.53
	3023	151.2	-2.30657E-002	-2.20124E-005	0.00000E+000	-2.30420E-002	0.00000E+000	8	...........	1466.53
	3024	151.25	-2.40725E-002	-2.20953E-005	0.00000E+000	-2.40417E-002	0.00000E+000	8	...........	1466.53
	3025	151.3	-2.50724E-002	-2.21654E-005	0.00000E+000	-2.50413E-002	0.00000E+000	8	...........	1466.53
	3026	151.35	-2.60804E-002	-2.22189E-005	0.00000E+000	-2.60410E-002	0.00000E+000	8	...........	1466.53
	3027	151.4	-2.70791E-002	-2.22701E-005	0.00000E+000	-2.70406E-002	0.00000E+000	8	...........	1466.53
	3028	151.45	-2.80755E-002	-2.23112E-005	0.00000E+000	-2.80403E-002	0.00000E+000	8	...........	1466.55
	3029	151.5	-2.90816E-002	-2.23425E-005	0.00000E+000	-2.90399E-002	0.00000E+000	8	...........	1466.71
	3030	151.55	-3.00673E-002	-2.23663E-005	0.00000E+000	-3.00396E-002	0.00000E+000	8	...........	1466.71
	3031	151.6	-3.10694E-002	-2.23801E-005	0.00000E+000	-3.10393E-002	0.00000E+000	8	...........	1466.71
	3032	151.65	-3.20773E-002	-2.23905E-005	0.00000E+000	-3.20389E-002	0.00000E+000	8	...........	1466.71
	3033	151.7	-3.30745E-002	-2.23853E-005	0.00000E+000	-3.30386E-002	0.00000E+000	8	...........	1466.71
	3034	151.75	-3.40630E-002	-2.23709E-005	0.00000E+000	-3.40382E-002	0.00000E+000	8	...........	1466.71
	3035	151.8	-3.50674E-002	-2.23552E-005	0.00000E+000	-3.50379E-002	0.00000E+000	8	...........	1466.71
	3036	151.85	-3.60624E-002	-2.23297E-005	0.00000E+000	-3.60375E-002	0.00000E+000	8	...........	1466.71
	3037	151.9	-3.70563E-002	-2.22960E-005	0.00000E+000	-3.70372E-002	0.00000E+000	8	...........	1466.71
	3038	151.95	-3.80581E-002	-2.22598E-005	0.00000E+000	-3.80368E-002	0.00000E+000	8	...........	1466.71
	3039	152	-3.90864E-002	-2.22127E-005	0.00000E+000	-3.90365E-002	0.00000E+000	8	...........	1466.71
	3040	152.05	-4.00749E-002	-2.21568E-005	0.00000E+000	-4.00361E-002	0.00000E+000	8	...........	1466.71
	3041	152.1	-4.10751E-002	-2.20983E-005	0.00000E+000	-4.10358E-002	0.00000E+000	8	...........	1466.71
	3042	152.15	-4.20774E-002	-2.20339E-005	0.00000E+000	-4.20354E-002	0.00000E+000	8	...........	1466.71
	3043	152.2	-4.30575E-002	-2.19670E-005	0.00000E+000	-4.30351E-002	0.00000E+000	8	...........	1466.71
	3044	152.25	-4.40561E-002	-2.18938E-005	0.00000E+000	-4.40348E-002	0.00000E+000	8	...........	1466.71
	3045	152.3	-4.50478E-002	-2.18083E-005	0.00000E+000	-4.50344E-002	0.00000E+000	8	...........	1466.71
	3046	152.35	-4.60613E-002	-2.17259E-005	0.00000E+000	-4.60341E-002	0.00000E+000	8	...........	1466.71
	3047	152.4	-4.70531E-002	-2.16369E-005	0.00000E+000	-4.70337E-002	0.00000E+000	8	...........	1466.71
	3048	152.45	-4.80485E-002	-2.15440E-005	0.00000E+000	-4.80334E-002	0.00000E+000	8	...........	1466.71
	3049	152.5	-4.90489E-002	-2.14463E-005	0.00000E+000	-4.90330E-002	0.00000E+000	8	...........	1466.71
	3050	152.55	-5.00595E-002	-2.13452E-005	0.00000E+000	-5.00327E-002	0.00000E+000	8	...........	1466.71
	3051	152.6	-5.10839E-002	-2.12458E-005	0.00000E+000	-5.10323E-002	0.00000E+000	8	...........	1466.71
	3052	152.65	-5.20754E-002	-2.11288E-005	0.00000E+000	-5.20320E-002	0.00000E+000	8	...........	1466.71
	3053	152.7	-5.30686E-002	-2.10233E-005	0.00000E+000	-5.30316E-002	0.00000E+000	8	...........	1466.71
	3054	152.75	-5.40584E-002	-2.09117E-005	0.00000E+000	-5.40313E-002	0.00000E+000	8	...........	1466.71
	3055	152.8	-5.50537E-002	-2.07958E-005	0.00000E+000	-5.50310E-002	0.00000E+000	8	...........	1466.71
	3056	152.85	-5.60667E-002	-2.06818E-005	0.00000E+000	-5.60306E-002	0.00000E+000	8	...........	1466.71
	3057	152.9	-5.70705E-002	-2.05780E-005	0.00000E+000	-5.70428E-002	0.00000E+000	8	...........	1466.71
	3058	152.95	-5.80839E-002	-2.04468E-005	0.00000E+000	-5.80424E-002	0.00000E+000	8	...........	1466.71
	3059	153	-5.90682E-002	-2.03218E-005	0.00000E+000	-5.90421E-002	0.00000E+000	8	...........	1466.71
	3060	153.05	-6.00668E-002	-2.01959E-005	0.00000E+000	-6.00417E-002	0.00000E+000	8	...........	1466.71
	3061	153.1	-6.10661E-002	-2.00702E-005	0.00000E+000	-6.10414E-002	0.00000E+000	8	...........	1466.71
	3062	153.15	-6.20712E-002	-1.99447E-005	0.00000E+000	-6.20410E-002	0.00000E+000	8	...........	1466.71
	3063	153.2	-6.30707E-002	-1.98170E-005	0.00000E+000	-6.30407E-002	0.00000E+000	8	...........	1466.71
	3064	153.25	-6.40906E-002	-1.96910E-005	0.00000E+000	-6.40403E-002	0.00000E+000	8	...........	1466.71
	3065	153.3	-6.50685E-002	-1.95591E-005	0.00000E+000	-6.50400E-002	0.00000E+000	8	...........	1466.71
	3066	153.35	-6.60712E-002	-1.94305E-005	0.00000E+000	-6.60396E-002	0.00000E+000	8	...........	1466.71
	3067	153.4	-6.70715E-002	-1.93009E-005	0.00000E+000	-6.70393E-002	0.00000E+000	8	...........	1466.71
	3068	153.45	-6.80692E-002	-1.91712E-005	0.00000E+000	-6.80389E-002	0.00000E+000	8	...........	1466.72
	3069	153.5	-6.90619E-002	-1.90400E-005	0.00000E+000	-6.90386E-002	0.00000E+000	8	...........	1466.80
	3070	153.55	-7.00562E-002	-1.89126E-005	0.00000E+000	-7.00383E-002	0.00000E+000	8	...........	1466.80
	3071	153.6	-7.10651E-002	-1.87828E-005	0.00000E+000	-7.10379E-002	0.00000E+000	8	...........	1466.80
	3072	153.65	-7.20578E-002	-1.86511E-005	0.00000E+000	-7.20376E-002	0.00000E+000	8	...........	1466.80
	3073	153.7	-7.30571E-002	-1.85208E-005	0.00000E+000	-7.30372E-002	0.00000E+000	8	...........	1466.80
	3074	153.75	-7.40677E-002	-1.83921E-005	0.00000E+000	-7.40369E-002	0.00000E+000	8	...........	1466.80
	3075	153.8	-7.50531E-002	-1.82638E-005	0.00000E+000	-7.50365E-002	0.00000E+000	8	...........	1466.80
	3076	153.85	-7.60628E-002	-1.81366E-005	0.00000E+000	-7.60362E-002	0.00000E+000	8	...........	1466.80
	3077	153.9	-7.70826E-002	-1.80082E-005	0.00000E+000	-7.70358E-002	0.00000E+000	8	...........	1466.80
	3078	153.95	-7.80792E-002	-1.78808E-005	0.00000E+000	-7.80355E-002	0.00000E+000	8	...........	1466.80
	3079	154	-7.90757E-002	-1.77550E-005	0.00000E+000	-7.90351E-002	0.00000E+000	8	...........	1466.80
	3080	154.05	-8.00843E-002	-1.76309E-005	0.00000E+000	-8.00348E-002	0.00000E+000	8	...........	1466.80
	3081	154.1	-8.10596E-002	-1.75058E-005	0.00000E+000	-8.10345E-002	0.00000E+000	8	...........	1466.80
	3082	154.15	-8.20740E-002	-1.73836E-005	0.00000E+000	-8.20341E-002	0.00000E+000	8	...........	1466.80
	3083	154.2	-8.30689E-002	-1.72605E-005	0.00000E+000	-8.30338E-002	0.00000E+000	8	...........	1466.80
	3084	154.25	-8.40756E-002	-1.71382E-005	0.00000E+000	-8.40334E-002	0.00000E+000	8	...........	1466.80
	3085	154.3	-8.50681E-002	-1.70179E-005	0.00000E+000	-8.50331E-002	0.00000E+000	8	...........	1466.80
	3086	154.35	-8.60609E-002	-1.68988E-005	0.00000E+000	-8.60327E-002	0.00000E+000	8	...........	1466.80
	3087	154.4	-8.70731E-002	-1.67808E-005	0.00000E+000	-8.70324E-002	0.00000E+000	8	...........	1466.80
	3088	154.45	-8.80643E-002	-1.66628E-005	0.00000E+000	-8.80320E-002	0.00000E+000	8	...........	1466.76
	3089	154.5	-8.90657E-002	-1.65473E-005	0.00000E+000	-8.90317E-002	0.00000E+000	8	...........	1466.53
	3090	154.55	-9.00797E-002	-1.64319E-005	0.00000E+000	-9.00313E-002	0.00000E+000	8	...........	1466.53
	3091	154.6	-9.10715E-002	-1.63163E-005	0.00000E+000	-9.10310E-002	0.00000E+000	8	...........	1466.53
	3092	154.65	-9.20757E-002	-1.62056E-005	0.00000E+000	-9.20306E-002	0.00000E+000	8	...........	1466.53
	3093	154.7	-9.30646E-002	-1.60929E-005	0.00000E+000	-9.30303E-002	0.00000E+000	8	...........	1466.53
	3094	154.75	-9.40695E-002	-1.59880E-005	0.00000E+000	-9.40425E-002	0.00000E+000	8	...........	1466.53
	3095	154.8	-9.50714E-002	-1.58768E-005	0.00000E+000	-9.50421E-002	0.00000E+000	8	...........	1466.53
	3096	154.85	-9.60836E-002	-1.57678E-005	0.00000E+000	-9.60418E-002	0.00000E+000	8	...........	1466.53
	3097	154.9	-9.70767E-002	-1.56605E-005	0.00000E+000	-9.70414E-002	0.00000E+000	8	...........	1466.53
	3098	154.95	-9.80774E-002	-1.55550E-005	0.00000E+000	-9.80411E-002	0.00000E+000	8	...........	1466.53
	3099	155	-9.90668E-002	-1.54509E-005	0.00000E+000	-9.90407E-002	0.00000E+000	8	...........	1466.53
	3100	155.05	-1.00062E-001	-1.53475E-005	0.00000E+000	-1.00040E-001	0.00000E+000	8	...........	1466.53
	3101	155.1	-1.01070E-001	-1.52462E-005	0.00000E+000	-1.01040E-001	0.00000E+000	8	...........	1466.53
	3102	155.15	-1.02074E-001	-1.51469E-005	0.00000E+000	-1.02040E-001	0.00000E+000	8	...........	1466.53
	3103	155.2	-1.03074E-001	-1.50460E-005	0.00000E+000	-1.03039E-001	0.00000E+000	8	...........	1466.53
	3104	155.25	-1.04069E-001	-1.49484E-005	0.00000E+000	-1.04039E-001	0.00000E+000	8	...........	1466.53
	3105	155.3	-1.05072E-001	-1.48522E-005	0.00000E+000	-1.05039E-001	0.00000E+000	8	...........	1466.53
	3106	155.35	-1.06075E-001	-1.47560E-005	0.00000E+000	-1.06038E-001	0.00000E+000	8	...........	1466.53
	3107	155.4	-1.07067E-001	-1.46628E-005	0.00000E+000	-1.07038E-001	0.00000E+000	8	...........	1466.53
	3108	155.45	-1.08063E-001	-1.45698E-005	0.00000E+000	-1.08038E-001	0.00000E+000	8	...........	1466.54
	3109	155.5	-1.09064E-001	-1.44779E-005	0.00000E+000	-1.09037E-001	0.00000E+000	8	...........	1466.62
	3110	155.55	-1.10059E-001	-1.43869E-005	0.00000E+000	-1.10037E-001	0.00000E+000	8	...........	1466.62
	3111	155.6	-1.11056E-001	-1.42976E-005	0.00000E+000	-1.11037E-001	0.00000E+000	8	...........	1466.62
	3112	155.65	-1.12065E-001	-1.42097E-005	0.00000E+000	-1.12036E-001	0.00000E+000	8	...........	1466.62
	3113	155.7	-1.13049E-001	-1.41213E-005	0.00000E+000	-1.13036E-001	0.00000E+000	8	...........	1466.62
	3114	155.75	-1.14048E-001	-1.40360E-005	0.00000E+000	-1.14036E-001	0.00000E+000	8	...........	1466.62
	3115	155.8	-1.15064E-001	-1.39523E-005	0.00000E+000	-1.15035E-001	0.00000E+000	8	...........	1466.62
	3116	155.85	-1.16066E-001	-1.38675E-005	0.00000E+000	-1.16035E-001	0.00000E+000	8	...........	1466.62
	3117	155.9	-1.17073E-001	-1.37853E-005	0.00000E+000	-1.17034E-001	0.00000E+000	8	...........	1466.62
	3118	155.95	-1.18065E-001	-1.37034E-005	0.00000E+000	-1.18034E-001	0.00000E+000	8	...........	1466.62
	3119	156	-1.19059E-001	-1.36229E-005	0.00000E+000	-1.19034E-001	0.00000E+000	8	...........	1466.62
	3120	156.05	-1.20068E-001	-1.35442E-005	0.00000E+000	-1.20033E-001	0.00000E+000	8	...........	1466.62
	3121	156.1	-1.21061E-001	-1.34665E-005	0.00000E+000	-1.21033E-001	0.00000E+000	8	...........	1466.62
	3122	156.15	-1.22052E-001	-1.33887E-005	0.00000E+000	-1.22033E-001	0.00000E+000	8	...........	1466.62
	3123	156.2	-1.23054E-001	-1.33127E-005	0.00000E+000	-1.23032E-001	0.00000E+000	8	...........	1466.62
	3124	156.25	-1.24041E-001	-1.32378E-005	0.00000E+000	-1.24032E-001	0.00000E+000	8	...........	1466.62
	3125	156.3	-1.25045E-001	-1.31639E-005	0.00000E+000	-1.25032E-001	0.00000E+000	8	...........	1466.62
	3126	156.35	-1.26044E-001	-1.30917E-005	0.00000E+000	-1.26031E-001	0.00000E+000	8	...........	1466.62
	3127	156.4	-1.27038E-001	-1.30184E-005	0.00000E+000	-1.27031E-001	0.00000E+000	8	...........	1466.62
	3128	156.45	-1.28082E-001	-1.29479E-005	0.00000E+000	-1.28031E-001	0.00000E+000	8	...........	1466.64
	3129	156.5	-1.29077E-001	-1.28768E-005	0.00000E+000	-1.29030E-001	0.00000E+000	8	...........	1466.80
	3130	156.55	-1.30070E-001	-1.28099E-005	0.00000E+000	-1.30042E-001	0.00000E+000	8	...........	1466.80
	3131	156.6	-1.31070E-001	-1.27407E-005	0.00000E+000	-1.31042E-001	0.00000E+000	8	...........	1466.80
	3132	156.65	-1.32070E-001	-1.26732E-005	0.00000E+000	-1.32042E-001	0.00000E+000	8	...........	1466.80
	3133	156.7	-1.33071E-001	-1.26067E-005	0.00000E+000	-1.33041E-001	0.00000E+000	8	...........	1466.80
	3134	156.75	-1.34062E-001	-1.25414E-005	0.00000E+000	-1.34041E-001	0.00000E+000	8	...........	1466.80
	3135	156.8	-1.35079E-001	-1.24765E-005	0.00000E+000	-1.35041E-001	0.00000E+000	8	...........	1466.80
	3136	156.85	-1.36066E-001	-1.24116E-005	0.00000E+000	-1.36040E-001	0.00000E+000	8	...........	1466.80
	3137	156.9	-1.37074E-001	-1.23492E-005	0.00000E+000	-1.37040E-001	0.00000E+000	8	...........	1466.80
	3138	156.95	-1.38066E-001	-1.22870E-005	0.00000E+000	-1.38040E-001	0.00000E+000	8	...........	1466.80
	3139	157	-1.39061E-001	-1.22258E-005	0.00000E+000	-1.39039E-001	0.00000E+000	8	...........	1466.80
	3140	157.05	-1.40053E-001	-1.21656E-005	0.00000E+000	-1.40039E-001	0.00000E+000	8	...........	1466.80
	3141	157.1	-1.41071E-001	-1.21049E-005	0.00000E+000	-1.41039E-001	0.00000E+000	8	...........	1466.80
	3142	157.15	-1.42065E-001	-1.20466E-005	0.00000E+000	-1.42038E-001	0.00000E+000	8	...........	1466.80
	3143	157.2	-1.43061E-001	-1.19889E-005	0.00000E+000	-1.43038E-001	0.00000E+000	8	...........	1466.80
	3144	157.25	-1.44066E-001	-1.19305E-005	0.00000E+000	-1.44038E-001	0.00000E+000	8	...........	1466.80
	3145	157.3	-1.45064E-001	-1.18744E-005	0.00000E+000	-1.45037E-001	0.00000E+000	8	...........	1466.80
	3146	157.35	-1.46063E-001	-1.18183E-005	0.00000E+000	-1.46037E-001	0.00000E+000	8	...........	1466.80
	3147	157.4	-1.47060E-001	-1.17633E-005	0.00000E+000	-1.47037E-001	0.00000E+000	8	...........	1466.80
	3148	157.45	-1.48059E-001	-1.17085E-005	0.00000E+000	-1.48036E-001	0.00000E+000	8	...........	1466.80
	3149	157.5	-1.49056E-001	-1.16545E-005	0.00000E+000	-1.49036E-001	0.00000E+000	8	...........	1466.80
	3150	157.55	-1.50046E-001	-1.16012E-005	0.00000E+000	-1.50036E-001	0.00000E+000	8	...........	1466.80
	3151	157.6	-1.51054E-001	-1.15485E-005	0.00000E+000	-1.51035E-001	0.00000E+000	8	...........	1466.80
	3152	157.65	-1.52055E-001	-1.14970E-005	0.00000E+000	-1.52035E-001	0.00000E+000	8	...........	1466.80
	3153	157.7	-1.53049E-001	-1.14467E-005	0.00000E+000	-1.53035E-001	0.00000E+000	8	...........	1466.80
	3154	157.75	-1.54069E-001	-1.13952E-005	0.00000E+000	-1.54034E-001	0.00000E+000	8	...........	1466.80
	3155	157.8	-1.55061E-001	-1.13456E-005	0.00000E+000	-1.55034E-001	0.00000E+000	8	...........	1466.80
	3156	157.85	-1.56071E-001	-1.12972E-005	0.00000E+000	-1.56034E-001	0.00000E+000	8	...........	1466.80
	3157	157.9	-1.57080E-001	-1.12491E-005	0.00000E+000	-1.57033E-001	0.00000E+000	8	...........	1466.80
	3158	157.95	-1.58060E-001	-1.12001E-005	0.00000E+000	-1.58033E-001	0.00000E+000	8	...........	1466.80
	3159	158	-1.59055E-001	-1.11525E-005	0.00000E+000	-1.59032E-001	0.00000E+000	8	...........	1466.80
	3160	158.05	-1.60063E-001	-1.11054E-005	0.00000E+000	-1.60032E-001	0.00000E+000	8	...........	1466.80
	3161	158.1	-1.61057E-001	-1.10591E-005	0.00000E+000	-1.61032E-001	0.00000E+000	8	...........	1466.80
	3162	158.15	-1.62053E-001	-1.10130E-005	0.00000E+000	-1.62031E-001	0.00000E+000	8	...........	1466.80
	3163	158.2	-1.63058E-001	-1.09689E-005	0.00000E+000	-1.63031E-001	0.00000E+000	8	...........	1466.80
	3164	158.25	-1.64046E-001	-1.09240E-005	0.00000E+000	-1.64031E-001	0.00000E+000	8	...........	1466.80
	3165	158.3	-1.65049E-001	-1.08796E-005	0.00000E+000	-1.65030E-001	0.00000E+000	8	...........	1466.80
	3166	158.35	-1.66062E-001	-1.08376E-005	0.00000E+000	-1.66043E-001	0.00000E+000	8	...........	1466.80
	3167	158.4	-1.67079E-001	-1.07942E-005	0.00000E+000	-1.67042E-001	0.00000E+000	8	...........	1466.80
	3168	158.45	-1.68076E-001	-1.07512E-005	0.00000E+000	-1.68042E-001	0.00000E+000	8	...........	1466.80
	3169	158.5	-1.69074E-001	-1.07095E-005	0.00000E+000	-1.69041E-001	0.00000E+000	8	...........	1466.80
	3170	158.55	-1.70065E-001	-1.06676E-005	0.00000E+000	-1.70041E-001	0.00000E+000	8	...........	1466.80
	3171	158.6	-1.71060E-001	-1.06268E-005	0.00000E+000	-1.71041E-001	0.00000E+000	8	...........	1466.80
	3172	158.65	-1.72073E-001	-1.05875E-005	0.00000E+000	-1.72040E-001	0.00000E+000	8	...........	1466.80
	3173	158.7	-1.73070E-001	-1.05468E-005	0.00000E+000	-1.73040E-001	0.00000E+000	8	...........	1466.80
	3174	158.75	-1.74063E-001	-1.05082E-005	0.00000E+000	-1.74040E-001	0.00000E+000	8	...........	1466.80
	3175	158.8	-1.75052E-001	-1.04681E-005	0.00000E+000	-1.75039E-001	0.00000E+000	8	...........	1466.80
	3176	158.85	-1.76052E-001	-1.04295E-005	0.00000E+000	-1.76039E-001	0.00000E+000	8	...........	1466.80
	3177	158.9	-1.77070E-001	-1.03921E-005	0.00000E+000	-1.77039E-001	0.00000E+000	8	...........	1466.80
	3178	158.95	-1.78060E-001	-1.03540E-005	0.00000E+000	-1.78038E-001	0.00000E+000	8	...........	1466.80
	3179	159	-1.79053E-001	-1.03170E-005	0.00000E+000	-1.79038E-001	0.00000E+000	8	...........	1466.80
	3180	159.05	-1.80077E-001	-1.02806E-005	0.00000E+000	-1.80038E-001	0.00000E+000	8	...........	1466.80
	3181	159.1	-1.81067E-001	-1.02434E-005	0.00000E+000	-1.81037E-001	0.00000E+000	8	...........	1466.80
	3182	159.15	-1.82062E-001	-1.02068E-005	0.00000E+000	-1.82037E-001	0.00000E+000	8	...........	1466.80
	3183	159.2	-1.83061E-001	-1.01712E-005	0.00000E+000	-1.83037E-001	0.00000E+000	8	...........	1466.80
	3184	159.25	-1.84061E-001	-1.01369E-005	0.00000E+000	-1.84036E-001	0.00000E+000	8	...........	1466.80
	3185	159.3	-1.85052E-001	-1.01015E-005	0.00000E+000	-1.85036E-001	0.00000E+000	8	...........	1466.80
	3186	159.35	-1.86056E-001	-1.00674E-005	0.00000E+000	-1.86036E-001	0.00000E+000	8	...........	1466.80
	3187	159.4	-1.87050E-001	-1.00331E-005	0.00000E+000	-1.87035E-001	0.00000E+000	8	...........	1466.80
	3188	159.45	-1.88056E-001	-1.00001E-005	0.00000E+000	-1.88035E-001	0.00000E+000	8	...........	1466.76
	3189	159.5	-1.89060E-001	-9.96700E-006	0.00000E+000	-1.89035E-001	0.00000E+000	8	...........	1466.53
	3190	159.55	-1.90047E-001	-9.93471E-006	0.00000E+000	-1.90034E-001	0.00000E+000	8	...........	1466.53
	3191	159.6	-1.91049E-001	-9.90224E-006	0.00000E+000	-1.91034E-001	0.00000E+000	8	...........	1466.53
	3192	159.65	-1.92085E-001	-9.87010E-006	0.00000E+000	-1.92034E-001	0.00000E+000	8	...........	1466.53
	3193	159.7	-1.93069E-001	-9.83862E-006	0.00000E+000	-1.93033E-001	0.00000E+000	8	...........	1466.53
	3194	159.75	-1.94065E-001	-9.80703E-006	0.00000E+000	-1.94033E-001	0.00000E+000	8	...........	1466.53
	3195	159.8	-1.95059E-001	-9.77559E-006	0.00000E+000	-1.95032E-001	0.00000E+000	8	...........	1466.53
	3196	159.85	-1.96058E-001	-9.74451E-006	0.00000E+000	-1.96032E-001	0.00000E+000	8	...........	1466.53
	3197	159.9	-1.97064E-001	-9.71469E-006	0.00000E+000	-1.97032E-001	0.00000E+000	8	...........	1466.53
	3198	159.95	-1.98052E-001	-9.68462E-006	0.00000E+000	-1.98031E-001	0.00000E+000	8	...........	1466.53
	3199	160	-1.99046E-001	-9.65442E-006	0.00000E+000	-1.99031E-001	0.00000E+000	8	...........	1466.53
	3200	160.05	-2.00048E-001	-9.62597E-006	0.00000E+000	-2.00031E-001	0.00000E+000	8	...........	1466.53
	3201	160.1	-2.01048E-001	-9.59726E-006	0.00000E+000	-2.01030E-001	0.00000E+000	8	...........	1466.53
	3202	160.15	-2.02058E-001	-9.56904E-006	0.00000E+000	-2.02043E-001	0.00000E+000	8	...........	1466.53
	3203	160.2	-2.03048E-001	-9.54041E-006	0.00000E+000	-2.03042E-001	0.00000E+000	8	...........	1466.53
	3204	160.25	-2.04040E-001	-9.51222E-006	0.00000E+000	-2.04042E-001	0.00000E+000	8	...........	1466.53
	3205	160.3	-2.05073E-001	-9.48422E-006	0.00000E+000	-2.05042E-001	0.00000E+000	8	...........	1466.53
	3206	160.35	-2.06067E-001	-9.45646E-006	0.00000E+000	-2.06041E-001	0.00000E+000	8	...........	1466.53
	3207	160.4	-2.07052E-001	-9.42939E-006	0.00000E+000	-2.07041E-001	0.00000E+000	8	...........	1466.53
	3208	160.45	-2.08055E-001	-9.40290E-006	0.00000E+000	-2.08040E-001	0.00000E+000	8	...........	1466.55
	3209	160.5	-2.09059E-001	-9.37635E-006	0.00000E+000	-2.09040E-001	0.00000E+000	8	...........	1466.71
	3210	160.55	-2.10044E-001	-9.34948E-006	0.00000E+000	-2.10040E-001	0.00000E+000	8	...........	1466.71
	3211	160.6	-2.11041E-001	-9.32413E-006	0.00000E+000	-2.11039E-001	0.00000E+000	8	...........	1466.71
	3212	160.65	-2.12042E-001	-9.29766E-006	0.00000E+000	-2.12039E-001	0.00000E+000	8	...........	1466.71
	3213	160.7	-2.13048E-001	-9.27337E-006	0.00000E+000	-2.13039E-001	0.00000E+000	8	...........	1466.71
	3214	160.75	-2.14044E-001	-9.24763E-006	0.00000E+000	-2.14038E-001	0.00000E+000	8	...........	1466.71
	3215	160.8	-2.15048E-001	-9.22293E-006	0.00000E+000	-2.15038E-001	0.00000E+000	8	...........	1466.71
	3216	160.85	-2.16027E-001	-9.19843E-006	0.00000E+000	-2.16038E-001	0.00000E+000	8	...........	1466.71
	3217	160.9	-2.17028E-001	-9.17448E-006	0.00000E+000	-2.17037E-001	0.00000E+000	8	...........	1466.71
	3218	160.95	-2.18063E-001	-9.14991E-006	0.00000E+000	-2.18037E-001	0.00000E+000	8	...........	1466.71
	3219	161	-2.19049E-001	-9.12639E-006	0.00000E+000	-2.19037E-001	0.00000E+000	8	...........	1466.71
	3220	161.05	-2.20052E-001	-9.10332E-006	0.00000E+000	-2.20036E-001	0.00000E+000	8	...........	1466.71
	3221	161.1	-2.21053E-001	-9.07966E-006	0.00000E+000	-2.21036E-001	0.00000E+000	8	...........	1466.71
	3222	161.15	-2.22044E-001	-9.05602E-006	0.00000E+000	-2.22036E-001	0.00000E+000	8	...........	1466.71
	3223	161.2	-2.23043E-001	-9.03439E-006	0.00000E+000	-2.23035E-001	0.00000E+000	8	...........	1466.71
	3224	161.25	-2.24035E-001	-9.01117E-006	0.00000E+000	-2.24035E-001	0.00000E+000	8	...........	1466.71
	3225	161.3	-2.25028E-001	-8.98967E-006	0.00000E+000	-2.25035E-001	0.00000E+000	8	...........	1466.71
	3226	161.35	-2.26035E-001	-8.96788E-006	0.00000E+000	-2.26034E-001	0.00000E+000	8	...........	1466.71
	3227	161.4	-2.27025E-001	-8.94497E-006	0.00000E+000	-2.27034E-001	0.00000E+000	8	...........	1466.71
	3228	161.45	-2.28034E-001	-8.92341E-006	0.00000E+000	-2.28034E-001	0.00000E+000	8	...........	1466.72
	3229	161.5	-2.29033E-001	-8.90257E-006	0.00000E+000	-2.29033E-001	0.00000E+000	8	...........	1466.80
	3230	161.55	-2.30033E-001	-8.88128E-006	0.00000E+000	-2.30033E-001	0.00000E+000	8	...........	1466.80
	3231	161.6	-2.31050E-001	-8.85997E-006	0.00000E+000	-2.31033E-001	0.00000E+000	8	...........	1466.80
	3232	161.65	-2.32042E-001	-8.83923E-006	0.00000E+000	-2.32032E-001	0.00000E+000	8	...........	1466.80
	3233	161.7	-2.33043E-001	-8.81901E-006	0.00000E+000	-2.33032E-001	0.00000E+000	8	...........	1466.80
	3234	161.75	-2.34047E-001	-8.79866E-006	0.00000E+000	-2.34031E-001	0.00000E+000	8	...........	1466.80
	3235	161.8	-2.35032E-001	-8.77923E-006	0.00000E+000	-2.35031E-001	0.00000E+000	8	...........	1466.80
	3236	161.85	-2.36030E-001	-8.75861E-006	0.00000E+000	-2.36031E-001	0.00000E+000	8	...........	1466.80
	3237	161.9	-2.37043E-001	-8.73904E-006	0.00000E+000	-2.37030E-001	0.00000E+000	8	...........	1466.80
	3238	161.95	-2.38038E-001	-8.71969E-006	0.00000E+000	-2.38030E-001	0.00000E+000	8	...........	1466.80
	3239	162	-2.39051E-001	-8.70176E-006	0.00000E+000	-2.39042E-001	0.00000E+000	8	...........	1466.80
	3240	162.05	-2.40050E-001	-8.68147E-006	0.00000E+000	-2.40042E-001	0.00000E+000	8	...........	1466.80
	3241	162.1	-2.41047E-001	-8.66318E-006	0.00000E+000	-2.41042E-001	0.00000E+000	8	...........	1466.80
	3242	162.15	-2.42043E-001	-8.64435E-006	0.00000E+000	-2.42041E-001	0.00000E+000	8	...........	1466.80
	3243	162.2	-2.43033E-001	-8.62591E-006	0.00000E+000	-2.43041E-001	0.00000E+000	8	...........	1466.80
	3244	162.25	-2.44049E-001	-8.60755E-006	0.00000E+000	-2.44041E-001	0.00000E+000	8	...........	1466.80
	3245	162.3	-2.45056E-001	-8.58983E-006	0.00000E+000	-2.45040E-001	0.00000E+000	8	...........	1466.80
	3246	162.35	-2.46056E-001	-8.57213E-006	0.00000E+000	-2.46040E-001	0.00000E+000	8	...........	1466.80
	3247	162.4	-2.47067E-001	-8.55507E-006	0.00000E+000	-2.47039E-001	0.00000E+000	8	...........	1466.80
	3248	162.45	-2.48050E-001	-8.53708E-006	0.00000E+000	-2.48039E-001	0.00000E+000	8	...........	1466.80
	3249	162.5	-2.49043E-001	-8.51977E-006	0.00000E+000	-2.49039E-001	0.00000E+000	8	...........	1466.80
	3250	162.55	-2.50047E-001	-8.50318E-006	0.00000E+000	-2.50038E-001	0.00000E+000	8	...........	1466.80
	3251	162.6	-2.51053E-001	-8.48729E-006	0.00000E+000	-2.51038E-001	0.00000E+000	8	...........	1466.80
	3252	162.65	-2.52045E-001	-8.47015E-006	0.00000E+000	-2.52038E-001	0.00000E+000	8	...........	1466.80
	3253	162.7	-2.53040E-001	-8.45366E-006	0.00000E+000	-2.53037E-001	0.00000E+000	8	...........	1466.80
	3254	162.75	-2.54035E-001	-8.43694E-006	0.00000E+000	-2.54037E-001	0.00000E+000	8	...........	1466.80
	3255	162.8	-2.55029E-001	-8.42100E-006	0.00000E+000	-2.55037E-001	0.00000E+000	8	...........	1466.80
	3256	162.85	-2.56050E-001	-8.40491E-006	0.00000E+000	-2.56036E-001	0.00000E+000	8	...........	1466.80
	3257	162.9	-2.57059E-001	-8.38957E-006	0.00000E+000	-2.57036E-001	0.00000E+000	8	...........	1466.80
	3258	162.95	-2.58059E-001	-8.37420E-006	0.00000E+000	-2.58036E-001	0.00000E+000	8	...........	1466.80
	3259	163	-2.59046E-001	-8.35918E-006	0.00000E+000	-2.59035E-001	0.00000E+000	8	...........	1466.80
	3260	163.05	-2.60051E-001	-8.34398E-006	0.00000E+000	-2.60035E-001	0.00000E+000	8	...........	1466.80
	3261	163.1	-2.61046E-001	-8.32910E-006	0.00000E+000	-2.61035E-001	0.00000E+000	8	...........	1466.80
	3262	163.15	-2.62051E-001	-8.31524E-006	0.00000E+000	-2.62034E-001	0.00000E+000	8	...........	1466.80
	3263	163.2	-2.63042E-001	-8.29919E-006	0.00000E+000	-2.63034E-001	0.00000E+000	8	...........	1466.80
	3264	163.25	-2.64048E-001	-8.28609E-006	0.00000E+000	-2.64034E-001	0.00000E+000	8	...........	1466.80
	3265	163.3	-2.65039E-001	-8.27187E-006	0.00000E+000	-2.65033E-001	0.00000E+000	8	...........	1466.80
	3266	163.35	-2.66039E-001	-8.25752E-006	0.00000E+000	-2.66033E-001	0.00000E+000	8	...........	1466.80
	3267	163.4	-2.67050E-001	-8.24423E-006	0.00000E+000	-2.67033E-001	0.00000E+000	8	...........	1466.80
	3268	163.45	-2.68051E-001	-8.23077E-006	0.00000E+000	-2.68032E-001	0.00000E+000	8	...........	1466.79
	3269	163.5	-2.69062E-001	-8.21673E-006	0.00000E+000	-2.69032E-001	0.00000E+000	8	...........	1466.71
	3270	163.55	-2.70049E-001	-8.20337E-006	0.00000E+000	-2.70032E-001	0.00000E+000	8	...........	1466.71
	3271	163.6	-2.71047E-001	-8.19056E-006	0.00000E+000	-2.71031E-001	0.00000E+000	8	...........	1466.71
	3272	163.65	-2.72049E-001	-8.17757E-006	0.00000E+000	-2.72031E-001	0.00000E+000	8	...........	1466.71
	3273	163.7	-2.73053E-001	-8.16484E-006	0.00000E+000	-2.73030E-001	0.00000E+000	8	...........	1466.71
	3274	163.75	-2.74056E-001	-8.15267E-006	0.00000E+000	-2.74030E-001	0.00000E+000	8	...........	1466.71
	3275	163.8	-2.75049E-001	-8.14077E-006	0.00000E+000	-2.75042E-001	0.00000E+000	8	...........	1466.71
	3276	163.85	-2.76055E-001	-8.12760E-006	0.00000E+000	-2.76042E-001	0.00000E+000	8	...........	1466.71
	3277	163.9	-2.77050E-001	-8.11587E-006	0.00000E+000	-2.77042E-001	0.00000E+000	8	...........	1466.71
	3278	163.95	-2.78044E-001	-8.10319E-006	0.00000E+000	-2.78041E-001	0.00000E+000	8	...........	1466.71
	3279	164	-2.79045E-001	-8.09219E-006	0.00000E+000	-2.79041E-001	0.00000E+000	8	...........	1466.71
	3280	164.05	-2.80029E-001	-8.08094E-006	0.00000E+000	-2.80041E-001	0.00000E+000	8	...........	1466.71
	3281	164.1	-2.81025E-001	-8.06888E-006	0.00000E+000	-2.81040E-001	0.00000E+000	8	...........	1466.71
	3282	164.15	-2.82050E-001	-8.05767E-006	0.00000E+000	-2.82040E-001	0.00000E+000	8	...........	1466.71
	3283	164.2	-2.83049E-001	-8.04700E-006	0.00000E+000	-2.83040E-001	0.00000E+000	8	...........	1466.71
	3284	164.25	-2.84048E-001	-8.03580E-006	0.00000E+000	-2.84039E-001	0.00000E+000	8	...........	1466.71
	3285	164.3	-2.85054E-001	-8.02502E-006	0.00000E+000	-2.85039E-001	0.00000E+000	8	...........	1466.71
	3286	164.35	-2.86041E-001	-8.01511E-006	0.00000E+000	-2.86038E-001	0.00000E+000	8	...........	1466.71
	3287	164.4	-2.87037E-001	-8.00479E-006	0.00000E+000	-2.87038E-001	0.00000E+000	8	...........	1466.71
	3288	164.45	-2.88041E-001	-7.99459E-006	0.00000E+000	-2.88038E-001	0.00000E+000	8	...........	1466.72
	3289	164.5	-2.89049E-001	-7.98525E-006	0.00000E+000	-2.89037E-001	0.00000E+000	8	...........	1466.80
	3290	164.55	-2.90044E-001	-7.97530E-006	0.00000E+000	-2.90037E-001	0.00000E+000	8	...........	1466.80
	3291	164.6	-2.91024E-001	-7.96518E-006	0.00000E+000	-2.91037E-001	0.00000E+000	8	...........	1466.80
	3292	164.65	-2.92033E-001	-7.95613E-006	0.00000E+000	-2.92036E-001	0.00000E+000	8	...........	1466.80
	3293	164.7	-2.93038E-001	-7.94666E-006	0.00000E+000	-2.93036E-001	0.00000E+000	8	...........	1466.80
	3294	164.75	-2.94037E-001	-7.93728E-006	0.00000E+000	-2.94036E-001	0.00000E+000	8	...........	1466.80
	3295	164.8	-2.95045E-001	-7.92792E-006	0.00000E+000	-2.95035E-001	0.00000E+000	8	...........	1466.80
	3296	164.85	-2.96053E-001	-7.92006E-006	0.00000E+000	-2.96035E-001	0.00000E+000	8	...........	1466.80
	3297	164.9	-2.97032E-001	-7.91021E-006	0.00000E+000	-2.97035E-001	0.00000E+000	8	...........	1466.80
	3298	164.95	-2.98046E-001	-7.90256E-006	0.00000E+000	-2.98034E-001	0.00000E+000	8	...........	1466.80
	3299	165	-2.99042E-001	-7.89440E-006	0.00000E+000	-2.99034E-001	0.00000E+000	8	...........	1466.80
	3300	165.05	-3.00027E-001	-7.88500E-006	0.00000E+000	-3.00034E-001	0.00000E+000	8	...........	1466.80
CURVE4	TABLE
	Pt	T	Vf	Im	Vu	Sig	Ach	IERange	Over	Temp
	#	s	V vs. Ref.	A	V	V	V	#	bits	deg C
	3301	165.1	-2.99052E-001	-7.74204E-006	0.00000E+000	-2.99034E-001	0.00000E+000	8	...........	1466.80
	3302	165.15	-2.98051E-001	-7.70132E-006	0.00000E+000	-2.98034E-001	0.00000E+000	8	...........	1466.80
	3303	165.2	-2.97039E-001	-7.66441E-006	0.00000E+000	-2.97035E-001	0.00000E+000	8	...........	1466.80
	3304	165.25	-2.96058E-001	-7.63198E-006	0.00000E+000	-2.96035E-001	0.00000E+000	8	...........	1466.80
	3305	165.3	-2.95057E-001	-7.59812E-006	0.00000E+000	-2.95035E-001	0.00000E+000	8	...........	1466.80
	3306	165.35	-2.94046E-001	-7.56777E-006	0.00000E+000	-2.94036E-001	0.00000E+000	8	...........	1466.80
	3307	165.4	-2.93048E-001	-7.53747E-006	0.00000E+000	-2.93036E-001	0.00000E+000	8	...........	1466.80
	3308	165.45	-2.92043E-001	-7.50742E-006	0.00000E+000	-2.92036E-001	0.00000E+000	8	...........	1466.80
	3309	165.5	-2.91041E-001	-7.47926E-006	0.00000E+000	-2.91037E-001	0.00000E+000	8	...........	1466.80
	3310	165.55	-2.90054E-001	-7.45094E-006	0.00000E+000	-2.90037E-001	0.00000E+000	8	...........	1466.80
	3311	165.6	-2.89051E-001	-7.42327E-006	0.00000E+000	-2.89037E-001	0.00000E+000	8	...........	1466.80
	3312	165.65	-2.88056E-001	-7.39682E-006	0.00000E+000	-2.88038E-001	0.00000E+000	8	...........	1466.80
	3313	165.7	-2.87055E-001	-7.37098E-006	0.00000E+000	-2.87038E-001	0.00000E+000	8	...........	1466.80
	3314	165.75	-2.86055E-001	-7.34580E-006	0.00000E+000	-2.86038E-001	0.00000E+000	8	...........	1466.80
	3315	165.8	-2.85065E-001	-7.32044E-006	0.00000E+000	-2.85039E-001	0.00000E+000	8	...........	1466.80
	3316	165.85	-2.84063E-001	-7.29613E-006	0.00000E+000	-2.84039E-001	0.00000E+000	8	...........	1466.80
	3317	165.9	-2.83070E-001	-7.27212E-006	0.00000E+000	-2.83040E-001	0.00000E+000	8	...........	1466.80
	3318	165.95	-2.82077E-001	-7.24848E-006	0.00000E+000	-2.82040E-001	0.00000E+000	8	...........	1466.80
	3319	166	-2.81042E-001	-7.22403E-006	0.00000E+000	-2.81040E-001	0.00000E+000	8	...........	1466.80
	3320	166.05	-2.80049E-001	-7.20242E-006	0.00000E+000	-2.80041E-001	0.00000E+000	8	...........	1466.80
	3321	166.1	-2.79048E-001	-7.17916E-006	0.00000E+000	-2.79041E-001	0.00000E+000	8	...........	1466.80
	3322	166.15	-2.78053E-001	-7.15829E-006	0.00000E+000	-2.78041E-001	0.00000E+000	8	...........	1466.80
	3323	166.2	-2.77049E-001	-7.13578E-006	0.00000E+000	-2.77042E-001	0.00000E+000	8	...........	1466.80
	3324	166.25	-2.76049E-001	-7.11380E-006	0.00000E+000	-2.76042E-001	0.00000E+000	8	...........	1466.80
	3325	166.3	-2.75051E-001	-7.09304E-006	0.00000E+000	-2.75042E-001	0.00000E+000	8	...........	1466.80
	3326	166.35	-2.74047E-001	-7.07124E-006	0.00000E+000	-2.74030E-001	0.00000E+000	8	...........	1466.80
	3327	166.4	-2.73048E-001	-7.05113E-006	0.00000E+000	-2.73030E-001	0.00000E+000	8	...........	1466.80
	3328	166.45	-2.72060E-001	-7.03213E-006	0.00000E+000	-2.72031E-001	0.00000E+000	8	...........	1466.80
	3329	166.5	-2.71062E-001	-7.01124E-006	0.00000E+000	-2.71031E-001	0.00000E+000	8	...........	1466.80
	3330	166.55	-2.70064E-001	-6.99136E-006	0.00000E+000	-2.70032E-001	0.00000E+000	8	...........	1466.80
	3331	166.6	-2.69074E-001	-6.97147E-006	0.00000E+000	-2.69032E-001	0.00000E+000	8	...........	1466.80
	3332	166.65	-2.68048E-001	-6.95212E-006	0.00000E+000	-2.68032E-001	0.00000E+000	8	...........	1466.80
	3333	166.7	-2.67051E-001	-6.93420E-006	0.00000E+000	-2.67033E-001	0.00000E+000	8	...........	1466.80
	3334	166.75	-2.66053E-001	-6.91433E-006	0.00000E+000	-2.66033E-001	0.00000E+000	8	...........	1466.80
	3335	166.8	-2.65044E-001	-6.89581E-006	0.00000E+000	-2.65033E-001	0.00000E+000	8	...........	1466.80
	3336	166.85	-2.64045E-001	-6.87824E-006	0.00000E+000	-2.64034E-001	0.00000E+000	8	...........	1466.80
	3337	166.9	-2.63064E-001	-6.85998E-006	0.00000E+000	-2.63034E-001	0.00000E+000	8	...........	1466.80
	3338	166.95	-2.62056E-001	-6.84150E-006	0.00000E+000	-2.62034E-001	0.00000E+000	8	...........	1466.80
	3339	167	-2.61057E-001	-6.82304E-006	0.00000E+000	-2.61035E-001	0.00000E+000	8	...........	1466.80
	3340	167.05	-2.60058E-001	-6.80575E-006	0.00000E+000	-2.60035E-001	0.00000E+000	8	...........	1466.80
	3341	167.1	-2.59058E-001	-6.78822E-006	0.00000E+000	-2.59035E-001	0.00000E+000	8	...........	1466.80
	3342	167.15	-2.58069E-001	-6.77112E-006	0.00000E+000	-2.58036E-001	0.00000E+000	8	...........	1466.80
	3343	167.2	-2.57073E-001	-6.75393E-006	0.00000E+000	-2.57036E-001	0.00000E+000	8	...........	1466.80
	3344	167.25	-2.56058E-001	-6.73588E-006	0.00000E+000	-2.56036E-001	0.00000E+000	8	...........	1466.80
	3345	167.3	-2.55054E-001	-6.72038E-006	0.00000E+000	-2.55037E-001	0.00000E+000	8	...........	1466.80
	3346	167.35	-2.54051E-001	-6.70366E-006	0.00000E+000	-2.54037E-001	0.00000E+000	8	...........	1466.80
	3347	167.4	-2.53047E-001	-6.68687E-006	0.00000E+000	-2.53037E-001	0.00000E+000	8	...........	1466.80
	3348	167.45	-2.52055E-001	-6.67087E-006	0.00000E+000	-2.52038E-001	0.00000E+000	8	...........	1466.76
	3349	167.5	-2.51055E-001	-6.65436E-006	0.00000E+000	-2.51038E-001	0.00000E+000	8	...........	1466.53
	3350	167.55	-2.50054E-001	-6.63841E-006	0.00000E+000	-2.50038E-001	0.00000E+000	8	...........	1466.53
	3351	167.6	-2.49054E-001	-6.62318E-006	0.00000E+000	-2.49039E-001	0.00000E+000	8	...........	1466.53
	3352	167.65	-2.48056E-001	-6.60750E-006	0.00000E+000	-2.48039E-001	0.00000E+000	8	...........	1466.53
	3353	167.7	-2.47063E-001	-6.59106E-006	0.00000E+000	-2.47039E-001	0.00000E+000	8	...........	1466.53
	3354	167.75	-2.46065E-001	-6.57606E-006	0.00000E+000	-2.46040E-001	0.00000E+000	8	...........	1466.53
	3355	167.8	-2.45071E-001	-6.56071E-006	0.00000E+000	-2.45040E-001	0.00000E+000	8	...........	1466.53
	3356	167.85	-2.44064E-001	-6.54545E-006	0.00000E+000	-2.44041E-001	0.00000E+000	8	...........	1466.53
	3357	167.9	-2.43046E-001	-6.53059E-006	0.00000E+000	-2.43041E-001	0.00000E+000	8	...........	1466.53
	3358	167.95	-2.42048E-001	-6.51620E-006	0.00000E+000	-2.42041E-001	0.00000E+000	8	...........	1466.53
	3359	168	-2.41048E-001	-6.50141E-006	0.00000E+000	-2.41042E-001	0.00000E+000	8	...........	1466.53
	3360	168.05	-2.40044E-001	-6.48611E-006	0.00000E+000	-2.40042E-001	0.00000E+000	8	...........	1466.53
	3361	168.1	-2.39049E-001	-6.47182E-006	0.00000E+000	-2.39042E-001	0.00000E+000	8	...........	1466.53
	3362	168.15	-2.38044E-001	-6.45640E-006	0.00000E+000	-2.38030E-001	0.00000E+000	8	...........	1466.53
	3363	168.2	-2.37047E-001	-6.44291E-006	0.00000E+000	-2.37030E-001	0.00000E+000	8	...........	1466.53
	3364	168.25	-2.36033E-001	-6.42759E-006	0.00000E+000	-2.36031E-001	0.00000E+000	8	...........	1466.53
	3365	168.3	-2.35049E-001	-6.41436E-006	0.00000E+000	-2.35031E-001	0.00000E+000	8	...........	1466.53
	3366	168.35	-2.34057E-001	-6.39976E-006	0.00000E+000	-2.34031E-001	0.00000E+000	8	...........	1466.53
	3367	168.4	-2.33067E-001	-6.38674E-006	0.00000E+000	-2.33032E-001	0.00000E+000	8	...........	1466.53
	3368	168.45	-2.32063E-001	-6.37300E-006	0.00000E+000	-2.32032E-001	0.00000E+000	8	...........	1466.55
	3369	168.5	-2.31071E-001	-6.35947E-006	0.00000E+000	-2.31033E-001	0.00000E+000	8	...........	1466.71
	3370	168.55	-2.30060E-001	-6.34574E-006	0.00000E+000	-2.30033E-001	0.00000E+000	8	...........	1466.71
	3371	168.6	-2.29048E-001	-6.33157E-006	0.00000E+000	-2.29033E-001	0.00000E+000	8	...........	1466.71
	3372	168.65	-2.28052E-001	-6.31849E-006	0.00000E+000	-2.28034E-001	0.00000E+000	8	...........	1466.71
	3373	168.7	-2.27042E-001	-6.30515E-006	0.00000E+000	-2.27034E-001	0.00000E+000	8	...........	1466.71
	3374	168.75	-2.26048E-001	-6.29130E-006	0.00000E+000	-2.26034E-001	0.00000E+000	8	...........	1466.71
	3375	168.8	-2.25048E-001	-6.27783E-006	0.00000E+000	-2.25035E-001	0.00000E+000	8	...........	1466.71
	3376	168.85	-2.24054E-001	-6.26451E-006	0.00000E+000	-2.24035E-001	0.00000E+000	8	...........	1466.71
	3377	168.9	-2.23059E-001	-6.25110E-006	0.00000E+000	-2.23035E-001	0.00000E+000	8	...........	1466.71
	3378	168.95	-2.22063E-001	-6.23836E-006	0.00000E+000	-2.22036E-001	0.00000E+000	8	...........	1466.71
	3379	169	-2.21072E-001	-6.22614E-006	0.00000E+000	-2.21036E-001	0.00000E+000	8	...........	1466.71
	3380	169.05	-2.20055E-001	-6.21276E-006	0.00000E+000	-2.20036E-001	0.00000E+000	8	...........	1466.71
	3381	169.1	-2.19059E-001	-6.20004E-006	0.00000E+000	-2.19037E-001	0.00000E+000	8	...........	1466.71
	3382	169.15	-2.18072E-001	-6.18745E-006	0.00000E+000	-2.18037E-001	0.00000E+000	8	...........	1466.71
	3383	169.2	-2.17042E-001	-6.17455E-006	0.00000E+000	-2.17037E-001	0.00000E+000	8	...........	1466.71
	3384	169.25	-2.16047E-001	-6.16222E-006	0.00000E+000	-2.16038E-001	0.00000E+000	8	...........	1466.71
	3385	169.3	-2.15054E-001	-6.14911E-006	0.00000E+000	-2.15038E-001	0.00000E+000	8	...........	1466.71
	3386	169.35	-2.14057E-001	-6.13723E-006	0.00000E+000	-2.14038E-001	0.00000E+000	8	...........	1466.71
	3387	169.4	-2.13055E-001	-6.12469E-006	0.00000E+000	-2.13039E-001	0.00000E+000	8	...........	1466.71
	3388	169.45	-2.12057E-001	-6.11208E-006	0.00000E+000	-2.12039E-001	0.00000E+000	8	...........	1466.72
	3389	169.5	-2.11051E-001	-6.10018E-006	0.00000E+000	-2.11039E-001	0.00000E+000	8	...........	1466.80
	3390	169.55	-2.10065E-001	-6.08732E-006	0.00000E+000	-2.10040E-001	0.00000E+000	8	...........	1466.80
	3391	169.6	-2.09076E-001	-6.07615E-006	0.00000E+000	-2.09040E-001	0.00000E+000	8	...........	1466.80
	3392	169.65	-2.08070E-001	-6.06369E-006	0.00000E+000	-2.08040E-001	0.00000E+000	8	...........	1466.80
	3393	169.7	-2.07063E-001	-6.05114E-006	0.00000E+000	-2.07041E-001	0.00000E+000	8	...........	1466.80
	3394	169.75	-2.06069E-001	-6.03952E-006	0.00000E+000	-2.06041E-001	0.00000E+000	8	...........	1466.80
	3395	169.8	-2.05073E-001	-6.02742E-006	0.00000E+000	-2.05042E-001	0.00000E+000	8	...........	1466.80
	3396	169.85	-2.04047E-001	-6.01558E-006	0.00000E+000	-2.04042E-001	0.00000E+000	8	...........	1466.80
	3397	169.9	-2.03059E-001	-6.00333E-006	0.00000E+000	-2.03042E-001	0.00000E+000	8	...........	1466.80
	3398	169.95	-2.02077E-001	-5.99168E-006	0.00000E+000	-2.02043E-001	0.00000E+000	8	...........	1466.80
	3399	170	-2.01062E-001	-5.97907E-006	0.00000E+000	-2.01030E-001	0.00000E+000	8	...........	1466.80
	3400	170.05	-2.00060E-001	-5.96764E-006	0.00000E+000	-2.00031E-001	0.00000E+000	8	...........	1466.80
	3401	170.1	-1.99067E-001	-5.95562E-006	0.00000E+000	-1.99031E-001	0.00000E+000	8	...........	1466.80
	3402	170.15	-1.98071E-001	-5.94472E-006	0.00000E+000	-1.98031E-001	0.00000E+000	8	...........	1466.80
	3403	170.2	-1.97075E-001	-5.93163E-006	0.00000E+000	-1.97032E-001	0.00000E+000	8	...........	1466.80
	3404	170.25	-1.96074E-001	-5.92026E-006	0.00000E+000	-1.96032E-001	0.00000E+000	8	...........	1466.80
	3405	170.3	-1.95076E-001	-5.90873E-006	0.00000E+000	-1.95032E-001	0.00000E+000	8	...........	1466.80
	3406	170.35	-1.94067E-001	-5.89719E-006	0.00000E+000	-1.94033E-001	0.00000E+000	8	...........	1466.80
	3407	170.4	-1.93071E-001	-5.88617E-006	0.00000E+000	-1.93033E-001	0.00000E+000	8	...........	1466.80
	3408	170.45	-1.92082E-001	-5.87394E-006	0.00000E+000	-1.92034E-001	0.00000E+000	8	...........	1466.80
	3409	170.5	-1.91040E-001	-5.86144E-006	0.00000E+000	-1.91034E-001	0.00000E+000	8	...........	1466.80
	3410	170.55	-1.90048E-001	-5.85044E-006	0.00000E+000	-1.90034E-001	0.00000E+000	8	...........	1466.80
	3411	170.6	-1.89057E-001	-5.83804E-006	0.00000E+000	-1.89035E-001	0.00000E+000	8	...........	1466.80
	3412	170.65	-1.88057E-001	-5.82687E-006	0.00000E+000	-1.88035E-001	0.00000E+000	8	...........	1466.80
	3413	170.7	-1.87068E-001	-5.81505E-006	0.00000E+000	-1.87035E-001	0.00000E+000	8	...........	1466.80
	3414	170.75	-1.86062E-001	-5.80277E-006	0.00000E+000	-1.86036E-001	0.00000E+000	8	...........	1466.80
	3415	170.8	-1.85064E-001	-5.79144E-006	0.00000E+000	-1.85036E-001	0.00000E+000	8	...........	1466.80
	3416	170.85	-1.84079E-001	-5.77937E-006	0.00000E+000	-1.84036E-001	0.00000E+000	8	...........	1466.80
	3417	170.9	-1.83077E-001	-5.76672E-006	0.00000E+000	-1.83037E-001	0.00000E+000	8	...........	1466.80
	3418	170.95	-1.82074E-001	-5.75559E-006	0.00000E+000	-1.82037E-001	0.00000E+000	8	...........	1466.80
	3419	171	-1.81071E-001	-5.74370E-006	0.00000E+000	-1.81037E-001	0.00000E+000	8	...........	1466.80
	3420	171.05	-1.80079E-001	-5.73178E-006	0.00000E+000	-1.80038E-001	0.00000E+000	8	...........	1466.80
	3421	171.1	-1.79055E-001	-5.72008E-006	0.00000E+000	-1.79038E-001	0.00000E+000	8	...........	1466.80
	3422	171.15	-1.78058E-001	-5.70770E-006	0.00000E+000	-1.78038E-001	0.00000E+000	8	...........	1466.80
	3423	171.2	-1.77059E-001	-5.69549E-006	0.00000E+000	-1.77039E-001	0.00000E+000	8	...........	1466.80
	3424	171.25	-1.76066E-001	-5.68401E-006	0.00000E+000	-1.76039E-001	0.00000E+000	8	...........	1466.80
	3425	171.3	-1.75060E-001	-5.67168E-006	0.00000E+000	-1.75039E-001	0.00000E+000	8	...........	1466.80
	3426	171.35	-1.74062E-001	-5.65909E-006	0.00000E+000	-1.74040E-001	0.00000E+000	8	...........	1466.80
	3427	171.4	-1.73087E-001	-5.64711E-006	0.00000E+000	-1.73040E-001	0.00000E+000	8	...........	1466.80
	3428	171.45	-1.72076E-001	-5.63473E-006	0.00000E+000	-1.72040E-001	0.00000E+000	8	...........	1466.76
	3429	171.5	-1.71072E-001	-5.62186E-006	0.00000E+000	-1.71041E-001	0.00000E+000	8	...........	1466.53
	3430	171.55	-1.70078E-001	-5.60999E-006	0.00000E+000	-1.70041E-001	0.00000E+000	8	...........	1466.53
	3431	171.6	-1.69084E-001	-5.59804E-006	0.00000E+000	-1.69041E-001	0.00000E+000	8	...........	1466.53
	3432	171.65	-1.68081E-001	-5.58509E-006	0.00000E+000	-1.68042E-001	0.00000E+000	8	...........	1466.53
	3433	171.7	-1.67082E-001	-5.57181E-006	0.00000E+000	-1.67042E-001	0.00000E+000	8	...........	1466.53
	3434	171.75	-1.66058E-001	-5.55824E-006	0.00000E+000	-1.66043E-001	0.00000E+000	8	...........	1466.53
	3435	171.8	-1.65052E-001	-5.54444E-006	0.00000E+000	-1.65030E-001	0.00000E+000	8	...........	1466.53
	3436	171.85	-1.64067E-001	-5.53263E-006	0.00000E+000	-1.64031E-001	0.00000E+000	8	...........	1466.53
	3437	171.9	-1.63065E-001	-5.51957E-006	0.00000E+000	-1.63031E-001	0.00000E+000	8	...........	1466.53
	3438	171.95	-1.62060E-001	-5.50611E-006	0.00000E+000	-1.62031E-001	0.00000E+000	8	...........	1466.53
	3439	172	-1.61080E-001	-5.49357E-006	0.00000E+000	-1.61032E-001	0.00000E+000	8	...........	1466.53
	3440	172.05	-1.60082E-001	-5.47959E-006	0.00000E+000	-1.60032E-001	0.00000E+000	8	...........	1466.53
	3441	172.1	-1.59083E-001	-5.46618E-006	0.00000E+000	-1.59032E-001	0.00000E+000	8	...........	1466.53
	3442	172.15	-1.58076E-001	-5.45169E-006	0.00000E+000	-1.58033E-001	0.00000E+000	8	...........	1466.53
	3443	172.2	-1.57092E-001	-5.43760E-006	0.00000E+000	-1.57033E-001	0.00000E+000	8	...........	1466.53
	3444	172.25	-1.56086E-001	-5.42409E-006	0.00000E+000	-1.56034E-001	0.00000E+000	8	...........	1466.53
	3445	172.3	-1.55081E-001	-5.41040E-006	0.00000E+000	-1.55034E-001	0.00000E+000	8	...........	1466.53
	3446	172.35	-1.54084E-001	-5.39611E-006	0.00000E+000	-1.54034E-001	0.00000E+000	8	...........	1466.53
	3447	172.4	-1.53059E-001	-5.38139E-006	0.00000E+000	-1.53035E-001	0.00000E+000	8	...........	1466.53
	3448	172.45	-1.52065E-001	-5.36561E-006	0.00000E+000	-1.52035E-001	0.00000E+000	8	...........	1466.54
	3449	172.5	-1.51068E-001	-5.35104E-006	0.00000E+000	-1.51035E-001	0.00000E+000	8	...........	1466.62
	3450	172.55	-1.50061E-001	-5.33632E-006	0.00000E+000	-1.50036E-001	0.00000E+000	8	...........	1466.62
	3451	172.6	-1.49071E-001	-5.32081E-006	0.00000E+000	-1.49036E-001	0.00000E+000	8	...........	1466.62
	3452	172.65	-1.48063E-001	-5.30502E-006	0.00000E+000	-1.48036E-001	0.00000E+000	8	...........	1466.62
	3453	172.7	-1.47070E-001	-5.28955E-006	0.00000E+000	-1.47037E-001	0.00000E+000	8	...........	1466.62
	3454	172.75	-1.46061E-001	-5.27203E-006	0.00000E+000	-1.46037E-001	0.00000E+000	8	...........	1466.62
	3455	172.8	-1.45082E-001	-5.25718E-006	0.00000E+000	-1.45037E-001	0.00000E+000	8	...........	1466.62
	3456	172.85	-1.44079E-001	-5.23910E-006	0.00000E+000	-1.44038E-001	0.00000E+000	8	...........	1466.62
	3457	172.9	-1.43071E-001	-5.22232E-006	0.00000E+000	-1.43038E-001	0.00000E+000	8	...........	1466.62
	3458	172.95	-1.42076E-001	-5.20526E-006	0.00000E+000	-1.42038E-001	0.00000E+000	8	...........	1466.62
	3459	173	-1.41098E-001	-5.18866E-006	0.00000E+000	-1.41039E-001	0.00000E+000	8	...........	1466.62
	3460	173.05	-1.40071E-001	-5.17046E-006	0.00000E+000	-1.40039E-001	0.00000E+000	8	...........	1466.62
	3461	173.1	-1.39071E-001	-5.15155E-006	0.00000E+000	-1.39039E-001	0.00000E+000	8	...........	1466.62
	3462	173.15	-1.38079E-001	-5.13286E-006	0.00000E+000	-1.38040E-001	0.00000E+000	8	...........	1466.62
	3463	173.2	-1.37077E-001	-5.11414E-006	0.00000E+000	-1.37040E-001	0.00000E+000	8	...........	1466.62
	3464	173.25	-1.36073E-001	-5.09441E-006	0.00000E+000	-1.36040E-001	0.00000E+000	8	...........	1466.62
	3465	173.3	-1.35081E-001	-5.07418E-006	0.00000E+000	-1.35041E-001	0.00000E+000	8	...........	1466.62
	3466	173.35	-1.34074E-001	-5.05384E-006	0.00000E+000	-1.34041E-001	0.00000E+000	8	...........	1466.62
	3467	173.4	-1.33086E-001	-5.03275E-006	0.00000E+000	-1.33041E-001	0.00000E+000	8	...........	1466.62
	3468	173.45	-1.32079E-001	-5.01112E-006	0.00000E+000	-1.32042E-001	0.00000E+000	8	...........	1466.64
	3469	173.5	-1.31089E-001	-4.99001E-006	0.00000E+000	-1.31042E-001	0.00000E+000	8	...........	1466.80
	3470	173.55	-1.30083E-001	-4.96762E-006	0.00000E+000	-1.30042E-001	0.00000E+000	8	...........	1466.80
	3471	173.6	-1.29099E-001	-4.94397E-006	0.00000E+000	-1.29030E-001	0.00000E+000	8	...........	1466.80
	3472	173.65	-1.28108E-001	-4.92195E-006	0.00000E+000	-1.28031E-001	0.00000E+000	8	...........	1466.80
	3473	173.7	-1.27079E-001	-4.89781E-006	0.00000E+000	-1.27031E-001	0.00000E+000	8	...........	1466.80
	3474	173.75	-1.26072E-001	-4.87350E-006	0.00000E+000	-1.26031E-001	0.00000E+000	8	...........	1466.80
	3475	173.8	-1.25067E-001	-4.84800E-006	0.00000E+000	-1.25032E-001	0.00000E+000	8	...........	1466.80
	3476	173.85	-1.24064E-001	-4.82269E-006	0.00000E+000	-1.24032E-001	0.00000E+000	8	...........	1466.80
	3477	173.9	-1.23074E-001	-4.79688E-006	0.00000E+000	-1.23032E-001	0.00000E+000	8	...........	1466.80
	3478	173.95	-1.22072E-001	-4.76964E-006	0.00000E+000	-1.22033E-001	0.00000E+000	8	...........	1466.80
	3479	174	-1.21071E-001	-4.74249E-006	0.00000E+000	-1.21033E-001	0.00000E+000	8	...........	1466.80
	3480	174.05	-1.20067E-001	-4.71301E-006	0.00000E+000	-1.20033E-001	0.00000E+000	8	...........	1466.80
	3481	174.1	-1.19064E-001	-4.68362E-006	0.00000E+000	-1.19034E-001	0.00000E+000	8	...........	1466.80
	3482	174.15	-1.18082E-001	-4.65426E-006	0.00000E+000	-1.18034E-001	0.00000E+000	8	...........	1466.80
	3483	174.2	-1.17075E-001	-4.62260E-006	0.00000E+000	-1.17034E-001	0.00000E+000	8	...........	1466.80
	3484	174.25	-1.16095E-001	-4.59214E-006	0.00000E+000	-1.16035E-001	0.00000E+000	8	...........	1466.80
	3485	174.3	-1.15067E-001	-4.55943E-006	0.00000E+000	-1.15035E-001	0.00000E+000	8	...........	1466.80
	3486	174.35	-1.14075E-001	-4.52531E-006	0.00000E+000	-1.14036E-001	0.00000E+000	8	...........	1466.80
	3487	174.4	-1.13065E-001	-4.49046E-006	0.00000E+000	-1.13036E-001	0.00000E+000	8	...........	1466.80
	3488	174.45	-1.12090E-001	-4.45585E-006	0.00000E+000	-1.12036E-001	0.00000E+000	8	...........	1466.79
	3489	174.5	-1.11078E-001	-4.41931E-006	0.00000E+000	-1.11037E-001	0.00000E+000	8	...........	1466.71
	3490	174.55	-1.10082E-001	-4.38146E-006	0.00000E+000	-1.10037E-001	0.00000E+000	8	...........	1466.71
	3491	174.6	-1.09085E-001	-4.34248E-006	0.00000E+000	-1.09037E-001	0.00000E+000	8	...........	1466.71
	3492	174.65	-1.08076E-001	-4.30308E-006	0.00000E+000	-1.08038E-001	0.00000E+000	8	...........	1466.71
	3493	174.7	-1.07068E-001	-4.26186E-006	0.00000E+000	-1.07038E-001	0.00000E+000	8	...........	1466.71
	3494	174.75	-1.06077E-001	-4.21873E-006	0.00000E+000	-1.06038E-001	0.00000E+000	8	...........	1466.71
	3495	174.8	-1.05071E-001	-4.17592E-006	0.00000E+000	-1.05039E-001	0.00000E+000	8	...........	1466.71
	3496	174.85	-1.04070E-001	-4.13015E-006	0.00000E+000	-1.04039E-001	0.00000E+000	8	...........	1466.71
	3497	174.9	-1.03083E-001	-4.08436E-006	0.00000E+000	-1.03039E-001	0.00000E+000	8	...........	1466.71
	3498	174.95	-1.02077E-001	-4.03634E-006	0.00000E+000	-1.02040E-001	0.00000E+000	8	...........	1466.71
	3499	175	-1.01079E-001	-3.98563E-006	0.00000E+000	-1.01040E-001	0.00000E+000	8	...........	1466.71
	3500	175.05	-1.00072E-001	-3.93433E-006	0.00000E+000	-1.00040E-001	0.00000E+000	8	...........	1466.71
	3501	175.1	-9.90657E-002	-3.88075E-006	0.00000E+000	-9.90407E-002	0.00000E+000	8	...........	1466.71
	3502	175.15	-9.80741E-002	-3.82634E-006	0.00000E+000	-9.80411E-002	0.00000E+000	8	...........	1466.71
	3503	175.2	-9.70766E-002	-3.76999E-006	0.00000E+000	-9.70414E-002	0.00000E+000	8	...........	1466.71
	3504	175.25	-9.60917E-002	-3.71177E-006	0.00000E+000	-9.60418E-002	0.00000E+000	8	...........	1466.71
	3505	175.3	-9.50933E-002	-3.65194E-006	0.00000E+000	-9.50421E-002	0.00000E+000	8	...........	1466.71
	3506	175.35	-9.41020E-002	-3.58973E-006	0.00000E+000	-9.40425E-002	0.00000E+000	8	...........	1466.71
	3507	175.4	-9.30846E-002	-3.52050E-006	0.00000E+000	-9.30303E-002	0.00000E+000	8	...........	1466.71
	3508	175.45	-9.20867E-002	-3.45746E-006	0.00000E+000	-9.20306E-002	0.00000E+000	8	...........	1466.72
	3509	175.5	-9.10891E-002	-3.38945E-006	0.00000E+000	-9.10310E-002	0.00000E+000	8	...........	1466.80
	3510	175.55	-9.00926E-002	-3.31956E-006	0.00000E+000	-9.00313E-002	0.00000E+000	8	...........	1466.80
	3511	175.6	-8.90618E-002	-3.24589E-006	0.00000E+000	-8.90317E-002	0.00000E+000	8	...........	1466.80
	3512	175.65	-8.80725E-002	-3.17064E-006	0.00000E+000	-8.80320E-002	0.00000E+000	8	...........	1466.80
	3513	175.7	-8.70691E-002	-3.09255E-006	0.00000E+000	-8.70324E-002	0.00000E+000	8	...........	1466.80
	3514	175.75	-8.60614E-002	-3.01231E-006	0.00000E+000	-8.60327E-002	0.00000E+000	8	...........	1466.80
	3515	175.8	-8.50727E-002	-2.92874E-006	0.00000E+000	-8.50331E-002	0.00000E+000	8	...........	1466.80
	3516	175.85	-8.40808E-002	-2.84386E-006	0.00000E+000	-8.40334E-002	0.00000E+000	8	...........	1466.80
	3517	175.9	-8.30736E-002	-2.75496E-006	0.00000E+000	-8.30338E-002	0.00000E+000	8	...........	1466.80
	3518	175.95	-8.20691E-002	-2.66197E-006	0.00000E+000	-8.20341E-002	0.00000E+000	8	...........	1466.80
	3519	176	-8.10810E-002	-2.56782E-006	0.00000E+000	-8.10345E-002	0.00000E+000	8	...........	1466.80
	3520	176.05	-8.00935E-002	-2.47114E-006	0.00000E+000	-8.00348E-002	0.00000E+000	8	...........	1466.80
	3521	176.1	-7.90889E-002	-2.37028E-006	0.00000E+000	-7.90351E-002	0.00000E+000	8	...........	1466.80
	3522	176.15	-7.80863E-002	-2.26495E-006	0.00000E+000	-7.80355E-002	0.00000E+000	8	...........	1466.80
	3523	176.2	-7.70906E-002	-2.15830E-006	0.00000E+000	-7.70358E-002	0.00000E+000	8	...........	1466.80
	3524	176.25	-7.60664E-002	-2.04723E-006	0.00000E+000	-7.60362E-002	0.00000E+000	8	...........	1466.80
	3525	176.3	-7.50619E-002	-1.93143E-006	0.00000E+000	-7.50365E-002	0.00000E+000	8	...........	1466.80
	3526	176.35	-7.40760E-002	-1.81294E-006	0.00000E+000	-7.40369E-002	0.00000E+000	8	...........	1466.80
	3527	176.4	-7.30636E-002	-1.69095E-006	0.00000E+000	-7.30372E-002	0.00000E+000	8	...........	1466.80
	3528	176.45	-7.20751E-002	-1.56594E-006	0.00000E+000	-7.20376E-002	0.00000E+000	8	...........	1466.78
	3529	176.5	-7.10759E-002	-1.43681E-006	0.00000E+000	-7.10379E-002	0.00000E+000	8	...........	1466.62
	3530	176.55	-7.00683E-002	-1.30233E-006	0.00000E+000	-7.00383E-002	0.00000E+000	8	...........	1466.62
	3531	176.6	-6.90842E-002	-1.16312E-006	0.00000E+000	-6.90386E-002	0.00000E+000	8	...........	1466.62
	3532	176.65	-6.80883E-002	-1.02027E-006	0.00000E+000	-6.80389E-002	0.00000E+000	8	...........	1466.62
	3533	176.7	-6.70936E-002	-8.71458E-007	0.00000E+000	-6.70393E-002	0.00000E+000	8	...........	1466.62
	3534	176.75	-6.60939E-002	-7.20354E-007	0.00000E+000	-6.60396E-002	0.00000E+000	8	...........	1466.62
	3535	176.8	-6.50899E-002	-5.66365E-007	0.00000E+000	-6.50400E-002	0.00000E+000	8	...........	1466.62
	3536	176.85	-6.40937E-002	-4.04334E-007	0.00000E+000	-6.40403E-002	0.00000E+000	8	...........	1466.62
	3537	176.9	-6.30694E-002	-2.35513E-007	0.00000E+000	-6.30407E-002	0.00000E+000	8	...........	1466.62
	3538	176.95	-6.20743E-002	-6.59162E-008	0.00000E+000	-6.20410E-002	0.00000E+000	8	...........	1466.62
	3539	177	-6.10834E-002	1.09314E-007	0.00000E+000	-6.10414E-002	0.00000E+000	8	...........	1466.62
	3540	177.05	-6.00687E-002	2.91053E-007	0.00000E+000	-6.00417E-002	0.00000E+000	8	...........	1466.62
	3541	177.1	-5.90818E-002	4.74583E-007	0.00000E+000	-5.90421E-002	0.00000E+000	8	...........	1466.62
	3542	177.15	-5.80883E-002	6.65656E-007	0.00000E+000	-5.80424E-002	0.00000E+000	8	...........	1466.62
	3543	177.2	-5.70763E-002	8.62550E-007	0.00000E+000	-5.70428E-002	0.00000E+000	8	...........	1466.62
	3544	177.25	-5.60707E-002	1.08140E-006	0.00000E+000	-5.60306E-002	0.00000E+000	8	...........	1466.62
	3545	177.3	-5.50753E-002	1.28118E-006	0.00000E+000	-5.50310E-002	0.00000E+000	8	...........	1466.62
	3546	177.35	-5.40683E-002	1.49133E-006	0.00000E+000	-5.40313E-002	0.00000E+000	8	...........	1466.62
	3547	177.4	-5.30825E-002	1.70940E-006	0.00000E+000	-5.30316E-002	0.00000E+000	8	...........	1466.62
	3548	177.45	-5.20829E-002	1.93206E-006	0.00000E+000	-5.20320E-002	0.00000E+000	8	...........	1466.63
	3549	177.5	-5.10803E-002	2.15477E-006	0.00000E+000	-5.10323E-002	0.00000E+000	8	...........	1466.71
	3550	177.55	-5.00776E-002	2.39772E-006	0.00000E+000	-5.00327E-002	0.00000E+000	8	...........	1466.71
	3551	177.6	-4.90547E-002	2.64038E-006	0.00000E+000	-4.90330E-002	0.00000E+000	8	...........	1466.71
	3552	177.65	-4.80731E-002	2.88598E-006	0.00000E+000	-4.80334E-002	0.00000E+000	8	...........	1466.71
	3553	177.7	-4.70823E-002	3.13614E-006	0.00000E+000	-4.70337E-002	0.00000E+000	8	...........	1466.71
	3554	177.75	-4.60791E-002	3.39539E-006	0.00000E+000	-4.60341E-002	0.00000E+000	8	...........	1466.71
	3555	177.8	-4.50828E-002	3.65772E-006	0.00000E+000	-4.50344E-002	0.00000E+000	8	...........	1466.71
	3556	177.85	-4.40702E-002	3.93016E-006	0.00000E+000	-4.40348E-002	0.00000E+000	8	...........	1466.71
	3557	177.9	-4.30686E-002	4.20955E-006	0.00000E+000	-4.30351E-002	0.00000E+000	8	...........	1466.71
	3558	177.95	-4.20853E-002	4.49042E-006	0.00000E+000	-4.20354E-002	0.00000E+000	8	...........	1466.71
	3559	178	-4.10783E-002	4.77537E-006	0.00000E+000	-4.10358E-002	0.00000E+000	8	...........	1466.71
	3560	178.05	-4.00800E-002	5.06612E-006	0.00000E+000	-4.00361E-002	0.00000E+000	8	...........	1466.71
	3561	178.1	-3.90888E-002	5.36207E-006	0.00000E+000	-3.90365E-002	0.00000E+000	8	...........	1466.71
	3562	178.15	-3.80682E-002	5.66621E-006	0.00000E+000	-3.80368E-002	0.00000E+000	8	...........	1466.71
	3563	178.2	-3.70670E-002	5.97842E-006	0.00000E+000	-3.70372E-002	0.00000E+000	8	...........	1466.71
	3564	178.25	-3.60736E-002	6.29136E-006	0.00000E+000	-3.60375E-002	0.00000E+000	8	...........	1466.71
	3565	178.3	-3.50783E-002	6.60939E-006	0.00000E+000	-3.50379E-002	0.00000E+000	8	...........	1466.71
	3566	178.35	-3.40792E-002	6.93269E-006	0.00000E+000	-3.40382E-002	0.00000E+000	8	...........	1466.71
	3567	178.4	-3.30837E-002	7.26010E-006	0.00000E+000	-3.30386E-002	0.00000E+000	8	...........	1466.71
	3568	178.45	-3.20818E-002	7.58846E-006	0.00000E+000	-3.20389E-002	0.00000E+000	8	...........	1466.71
	3569	178.5	-3.10844E-002	7.92619E-006	0.00000E+000	-3.10393E-002	0.00000E+000	8	...........	1466.71
	3570	178.55	-3.00706E-002	8.26748E-006	0.00000E+000	-3.00396E-002	0.00000E+000	8	...........	1466.71
	3571	178.6	-2.90898E-002	8.61184E-006	0.00000E+000	-2.90399E-002	0.00000E+000	8	...........	1466.71
	3572	178.65	-2.80777E-002	8.95437E-006	0.00000E+000	-2.80403E-002	0.00000E+000	8	...........	1466.71
	3573	178.7	-2.70851E-002	9.30425E-006	0.00000E+000	-2.70406E-002	0.00000E+000	8	...........	1466.71
	3574	178.75	-2.60874E-002	9.65502E-006	0.00000E+000	-2.60410E-002	0.00000E+000	8	...........	1466.71
	3575	178.8	-2.50844E-002	1.00062E-005	0.00000E+000	-2.50413E-002	0.00000E+000	8	...........	1466.71
	3576	178.85	-2.40864E-002	1.03683E-005	0.00000E+000	-2.40417E-002	0.00000E+000	8	...........	1466.71
	3577	178.9	-2.30831E-002	1.07257E-005	0.00000E+000	-2.30420E-002	0.00000E+000	8	...........	1466.71
	3578	178.95	-2.20730E-002	1.10839E-005	0.00000E+000	-2.20424E-002	0.00000E+000	8	...........	1466.71
	3579	179	-2.10747E-002	1.14442E-005	0.00000E+000	-2.10427E-002	0.00000E+000	8	...........	1466.71
	3580	179.05	-2.00686E-002	1.18377E-005	0.00000E+000	-2.00306E-002	0.00000E+000	8	...........	1466.71
	3581	179.1	-1.90868E-002	1.21757E-005	0.00000E+000	-1.90309E-002	0.00000E+000	8	...........	1466.71
	3582	179.15	-1.80717E-002	1.25373E-005	0.00000E+000	-1.80313E-002	0.00000E+000	8	...........	1466.71
	3583	179.2	-1.70797E-002	1.28937E-005	0.00000E+000	-1.70316E-002	0.00000E+000	8	...........	1466.71
	3584	179.25	-1.60767E-002	1.32522E-005	0.00000E+000	-1.60320E-002	0.00000E+000	8	...........	1466.71
	3585	179.3	-1.50814E-002	1.36035E-005	0.00000E+000	-1.50323E-002	0.00000E+000	8	...........	1466.71
	3586	179.35	-1.40818E-002	1.39559E-005	0.00000E+000	-1.40326E-002	0.00000E+000	8	...........	1466.71
	3587	179.4	-1.30947E-002	1.43034E-005	0.00000E+000	-1.30330E-002	0.00000E+000	8	...........	1466.71
	3588	179.45	-1.20628E-002	1.46547E-005	0.00000E+000	-1.20333E-002	0.00000E+000	8	...........	1466.71
	3589	179.5	-1.10783E-002	1.50042E-005	0.00000E+000	-1.10337E-002	0.00000E+000	8	...........	1466.71
	3590	179.55	-1.00723E-002	1.53430E-005	0.00000E+000	-1.00340E-002	0.00000E+000	8	...........	1466.71
	3591	179.6	-9.06209E-003	1.56760E-005	0.00000E+000	-9.03437E-003	0.00000E+000	8	...........	1466.71
	3592	179.65	-8.06571E-003	1.60044E-005	0.00000E+000	-8.03472E-003	0.00000E+000	8	...........	1466.71
	3593	179.7	-7.06992E-003	1.63281E-005	0.00000E+000	-7.03506E-003	0.00000E+000	8	...........	1466.71
	3594	179.75	-6.06412E-003	1.66453E-005	0.00000E+000	-6.03541E-003	0.00000E+000	8	...........	1466.71
	3595	179.8	-5.08136E-003	1.69679E-005	0.00000E+000	-5.03576E-003	0.00000E+000	8	...........	1466.71
	3596	179.85	-4.08769E-003	1.72702E-005	0.00000E+000	-4.03610E-003	0.00000E+000	8	...........	1466.71
	3597	179.9	-3.08055E-003	1.75679E-005	0.00000E+000	-3.03645E-003	0.00000E+000	8	...........	1466.71
	3598	179.95	-2.08300E-003	1.78608E-005	0.00000E+000	-2.03680E-003	0.00000E+000	8	...........	1466.71
	3599	180	-1.08214E-003	1.81438E-005	0.00000E+000	-1.03714E-003	0.00000E+000	8	...........	1466.71
	3600	180.05	-7.34706E-005	1.84176E-005	0.00000E+000	-3.74870E-005	0.00000E+000	8	...........	1466.71
