EXPLAIN
TAG	CORPOT
TITLE	LABEL	Open Circuit Potential	Test Identifier
DATE	LABEL	2/6/2024	Date
TIME	LABEL	12:13:41	Time
NOTES	NOTES	1	Notes...
	
PSTAT	PSTAT	IFC1010-20135 JB	Potentiostat
TIMEOUT	QUANT	1.80000E+003	Total Time (s)
SAMPLETIME	QUANT	5.00000E-001	Sample Period (s)
STABILITY	QUANT	0.00000E+000	Stability (mV/s)
AREA	QUANT	1.00000E+000	Sample Area (cm^2)
SEQUENCER	TOGGLE	TRUE	Run as Sequence
PSTATMODEL	IQUANT	64	Pstat Model
PSTATSECTION	LABEL	IFC1010-20135	Pstat Section
PSTATSERIALNO	LABEL	20135	Pstat Serial Number
CTRLMODE	IQUANT	1	Control Mode
ELECTROMETER	IQUANT	0	RE=0 or CS=1
IESTAB	IQUANT	2	I/E Stability
CASPEED	IQUANT	4	Control Amp Speed
CONVENTION	IQUANT	1	Current Convention
ICHRANGE	IQUANT	2	Ich Range
ICHRANGEMODE	TOGGLE	T	Ich Auto Range
ICHOFFSETENABLE	TOGGLE	F	Ich Offset Enable
ICHOFFSET	QUANT	0	Ich Offset (V)
ICHFILTER	IQUANT	4	Ich Filter
VCHRANGE	IQUANT	3	Vch Range
VCHRANGEMODE	TOGGLE	T	Vch Auto Range
VCHOFFSETENABLE	TOGGLE	F	Vch Offset Enable
VCHOFFSET	QUANT	0	Vch Offset (V)
VCHFILTER	IQUANT	4	Vch Filter
IERANGELOWERLIMIT	IQUANT	4	I/E Range Lower Limit
IERANGEMODE	TOGGLE	F	I/E AutoRange
IERANGE	IQUANT	11	I/E Range
ACHSELECT	IQUANT	0	Ach Select
ACHRANGE	IQUANT	2	Ach Range
ACHOFFSETENABLE	TOGGLE	F	Ach Offset Enable
ACHOFFSET	QUANT	0	Ach Offset (V)
ACHFILTER	IQUANT	1	Ach Filter
SENSECABLEID	IQUANT	13	Sense Cable ID
PWRCABLEID	IQUANT	13	Power Cable ID
DCCALDATE	LABEL	1/30/2024	DC Calibration Date
ACCALDATE	LABEL	1/10/2018	AC Calibration Date
FRAMEWORKVERSION	LABEL	7.10.3	Framework Version
INSTRUMENTVERSION	LABEL	4.91	Instrument Version
COMMVERSION	LABEL	3.10	Communications Version
CPUPLDVERSION	LABEL	2.22	CPU PLD Version
CTRLPLDVERSION	LABEL	0.00	CTRL PLD Version
PSTATPLDVERSION	LABEL	0.00	PSTAT PLD Version
CURVE	TABLE	3541
	Pt	T	Vf	Vm	Ach	Over	Temp
	#	s	V vs. Ref.	V	V	bits	deg C
	0	0.508333	1.82281E-005	1.82281E-005	0.00000E+000	...........	1468.34
	1	1.01667	1.82377E-005	1.87337E-005	0.00000E+000	...........	1468.24
	2	1.525	1.82723E-005	1.79173E-005	0.00000E+000	...........	1468.24
	3	2.03333	1.83114E-005	1.83682E-005	0.00000E+000	...........	1468.24
	4	2.54167	1.83024E-005	1.76231E-005	0.00000E+000	...........	1468.22
	5	3.05	1.82365E-005	1.87982E-005	0.00000E+000	...........	1467.88
	6	3.55833	1.81684E-005	1.74982E-005	0.00000E+000	...........	1467.93
	7	4.06667	1.81239E-005	1.79702E-005	0.00000E+000	...........	1468.06
	8	4.575	1.80372E-005	1.64442E-005	0.00000E+000	...........	1468.14
	9	5.08333	1.78408E-005	1.79004E-005	0.00000E+000	...........	1468.24
	10	5.59167	1.76127E-005	1.83378E-005	0.00000E+000	...........	1468.24
	11	6.1	1.75335E-005	1.76075E-005	0.00000E+000	...........	1468.24
	12	6.60833	1.76160E-005	1.67868E-005	0.00000E+000	...........	1468.24
	13	7.11667	1.76655E-005	1.78752E-005	0.00000E+000	...........	1468.24
	14	7.625	1.75911E-005	1.72328E-005	0.00000E+000	...........	1468.24
	15	8.13333	1.75129E-005	1.86783E-005	0.00000E+000	...........	1468.24
	16	8.64167	1.75799E-005	1.86888E-005	0.00000E+000	...........	1468.24
	17	9.15	1.78145E-005	1.76300E-005	0.00000E+000	...........	1468.24
	18	9.6583	1.80839E-005	1.90515E-005	0.00000E+000	...........	1468.24
	19	10.1667	1.82684E-005	1.83886E-005	0.00000E+000	...........	1468.24
	20	10.675	1.83525E-005	1.67288E-005	0.00000E+000	...........	1468.34
	21	11.1833	1.82924E-005	1.84129E-005	0.00000E+000	...........	1468.34
	22	11.6917	1.80850E-005	1.72243E-005	0.00000E+000	...........	1468.34
	23	12.2	1.78371E-005	1.65297E-005	0.00000E+000	...........	1468.34
	24	12.7083	1.75798E-005	1.69282E-005	0.00000E+000	...........	1468.34
	25	13.2167	1.72866E-005	1.66605E-005	0.00000E+000	...........	1468.34
	26	13.725	1.70387E-005	1.78968E-005	0.00000E+000	...........	1468.34
	27	14.2333	1.69615E-005	1.71613E-005	0.00000E+000	...........	1468.34
	28	14.7417	1.70720E-005	1.79076E-005	0.00000E+000	...........	1468.34
	29	15.25	1.72803E-005	1.79869E-005	0.00000E+000	...........	1468.34
	30	15.7583	1.74894E-005	1.70498E-005	0.00000E+000	...........	1468.24
	31	16.2667	1.76196E-005	1.78498E-005	0.00000E+000	...........	1468.24
	32	16.775	1.76410E-005	1.75457E-005	0.00000E+000	...........	1468.34
	33	17.2833	1.76002E-005	1.69120E-005	0.00000E+000	...........	1468.34
	34	17.7917	1.74927E-005	1.56920E-005	0.00000E+000	...........	1468.34
	35	18.3	1.72129E-005	1.54088E-005	0.00000E+000	...........	1468.34
	36	18.8083	1.67391E-005	1.60967E-005	0.00000E+000	...........	1468.24
	37	19.3167	1.62658E-005	1.67370E-005	0.00000E+000	...........	1468.24
	38	19.825	1.60343E-005	1.60897E-005	0.00000E+000	...........	1468.34
	39	20.3333	1.60643E-005	1.62786E-005	0.00000E+000	...........	1468.34
	40	20.8417	1.61645E-005	1.54569E-005	0.00000E+000	...........	1468.24
	41	21.35	1.61428E-005	1.48025E-005	0.00000E+000	...........	1468.24
	42	21.8583	1.59137E-005	1.44828E-005	0.00000E+000	...........	1468.34
	43	22.3667	1.55579E-005	1.68274E-005	0.00000E+000	...........	1468.34
	44	22.875	1.53554E-005	1.68910E-005	0.00000E+000	...........	1468.34
	45	23.3833	1.55281E-005	1.61186E-005	0.00000E+000	...........	1468.34
	46	23.8917	1.59274E-005	1.59954E-005	0.00000E+000	...........	1468.24
	47	24.4	1.62323E-005	1.69414E-005	0.00000E+000	...........	1468.24
	48	24.9083	1.63661E-005	1.67162E-005	0.00000E+000	...........	1468.24
	49	25.4167	1.64547E-005	1.64147E-005	0.00000E+000	...........	1468.24
	50	25.925	1.65504E-005	1.69861E-005	0.00000E+000	...........	1468.24
	51	26.4333	1.66098E-005	1.57488E-005	0.00000E+000	...........	1468.24
	52	26.9417	1.65996E-005	1.70646E-005	0.00000E+000	...........	1468.24
	53	27.45	1.65525E-005	1.66521E-005	0.00000E+000	...........	1468.24
	54	27.9583	1.65270E-005	1.56057E-005	0.00000E+000	...........	1468.24
	55	28.4667	1.64661E-005	1.51961E-005	0.00000E+000	...........	1468.24
	56	28.975	1.62372E-005	1.48196E-005	0.00000E+000	...........	1468.24
	57	29.4833	1.58269E-005	1.42900E-005	0.00000E+000	...........	1468.24
	58	29.9917	1.53636E-005	1.54229E-005	0.00000E+000	...........	1468.34
	59	30.5	1.50383E-005	1.58904E-005	0.00000E+000	...........	1468.34
	60	31.0083	1.49834E-005	1.48519E-005	0.00000E+000	...........	1468.34
	61	31.5167	1.51298E-005	1.59822E-005	0.00000E+000	...........	1468.34
	62	32.025	1.53099E-005	1.55939E-005	0.00000E+000	...........	1468.15
	63	32.5333	1.54510E-005	1.53347E-005	0.00000E+000	...........	1468.15
	64	33.0417	1.55437E-005	1.60031E-005	0.00000E+000	...........	1468.06
	65	33.55	1.56028E-005	1.59326E-005	0.00000E+000	...........	1468.05
	66	34.0583	1.56816E-005	1.61403E-005	0.00000E+000	...........	1467.97
	67	34.5667	1.57866E-005	1.52143E-005	0.00000E+000	...........	1468.06
	68	35.075	1.58397E-005	1.57687E-005	0.00000E+000	...........	1468.24
	69	35.5833	1.57837E-005	1.50270E-005	0.00000E+000	...........	1468.24
	70	36.0917	1.56377E-005	1.49521E-005	0.00000E+000	...........	1468.24
	71	36.6	1.54717E-005	1.65411E-005	0.00000E+000	...........	1468.24
	72	37.1083	1.54182E-005	1.62017E-005	0.00000E+000	...........	1468.24
	73	37.6167	1.55603E-005	1.54504E-005	0.00000E+000	...........	1468.24
	74	38.125	1.57639E-005	1.55492E-005	0.00000E+000	...........	1468.24
	75	38.6333	1.58442E-005	1.60865E-005	0.00000E+000	...........	1468.24
	76	39.1417	1.58208E-005	1.60342E-005	0.00000E+000	...........	1468.24
	77	39.65	1.58234E-005	1.59974E-005	0.00000E+000	...........	1468.24
	78	40.1583	1.58648E-005	1.48981E-005	0.00000E+000	...........	1468.24
	79	40.6667	1.58212E-005	1.47227E-005	0.00000E+000	...........	1468.24
	80	41.175	1.55978E-005	1.46136E-005	0.00000E+000	...........	1468.24
	81	41.6833	1.52305E-005	1.33824E-005	0.00000E+000	...........	1468.24
	82	42.1917	1.47934E-005	1.36222E-005	0.00000E+000	...........	1468.24
	83	42.7	1.43471E-005	1.40368E-005	0.00000E+000	...........	1468.34
	84	43.2083	1.39998E-005	1.38609E-005	0.00000E+000	...........	1468.34
	85	43.7167	1.38234E-005	1.31603E-005	0.00000E+000	...........	1468.24
	86	44.225	1.37672E-005	1.49431E-005	0.00000E+000	...........	1468.24
	87	44.7333	1.38417E-005	1.63982E-005	0.00000E+000	...........	1468.24
	88	45.2417	1.41697E-005	1.46837E-005	0.00000E+000	...........	1468.24
	89	45.75	1.46837E-005	1.56808E-005	0.00000E+000	...........	1468.24
	90	46.2583	1.50907E-005	1.40592E-005	0.00000E+000	...........	1468.24
	91	46.7667	1.52082E-005	1.53373E-005	0.00000E+000	...........	1468.24
	92	47.275	1.51233E-005	1.54303E-005	0.00000E+000	...........	1468.24
	93	47.7833	1.50560E-005	1.54837E-005	0.00000E+000	...........	1468.24
	94	48.2917	1.51001E-005	1.42088E-005	0.00000E+000	...........	1468.24
	95	48.8	1.51295E-005	1.47420E-005	0.00000E+000	...........	1468.24
	96	49.3083	1.50339E-005	1.51524E-005	0.00000E+000	...........	1468.24
	97	49.8167	1.49037E-005	1.50313E-005	0.00000E+000	...........	1468.24
	98	50.325	1.48625E-005	1.46691E-005	0.00000E+000	...........	1468.24
	99	50.8333	1.48765E-005	1.44419E-005	0.00000E+000	...........	1468.24
	100	51.3417	1.48561E-005	1.53475E-005	0.00000E+000	...........	1468.24
	101	51.85	1.48213E-005	1.48224E-005	0.00000E+000	...........	1468.24
	102	52.3583	1.48555E-005	1.58454E-005	0.00000E+000	...........	1468.24
	103	52.8667	1.49862E-005	1.52299E-005	0.00000E+000	...........	1468.24
	104	53.375	1.51727E-005	1.58237E-005	0.00000E+000	...........	1468.24
	105	53.8833	1.53500E-005	1.53239E-005	0.00000E+000	...........	1468.24
	106	54.3917	1.54493E-005	1.45370E-005	0.00000E+000	...........	1468.24
	107	54.9	1.54174E-005	1.55409E-005	0.00000E+000	...........	1468.24
	108	55.4083	1.52779E-005	1.43056E-005	0.00000E+000	...........	1468.24
	109	55.9167	1.51020E-005	1.45622E-005	0.00000E+000	...........	1468.24
	110	56.425	1.49098E-005	1.42790E-005	0.00000E+000	...........	1468.24
	111	56.9333	1.47071E-005	1.44373E-005	0.00000E+000	...........	1468.24
	112	57.4417	1.45461E-005	1.48360E-005	0.00000E+000	...........	1468.24
	113	57.95	1.44820E-005	1.45081E-005	0.00000E+000	...........	1468.24
	114	58.4583	1.45186E-005	1.51456E-005	0.00000E+000	...........	1468.24
	115	58.9667	1.46344E-005	1.56591E-005	0.00000E+000	...........	1468.24
	116	59.475	1.48286E-005	1.52869E-005	0.00000E+000	...........	1468.24
	117	59.9833	1.50665E-005	1.53513E-005	0.00000E+000	...........	1468.24
	118	60.4917	1.52653E-005	1.58066E-005	0.00000E+000	...........	1468.24
	119	61	1.53796E-005	1.46116E-005	0.00000E+000	...........	1468.24
	120	61.5083	1.53613E-005	1.34989E-005	0.00000E+000	...........	1468.24
	121	62.0167	1.51092E-005	1.35197E-005	0.00000E+000	...........	1468.24
	122	62.525	1.46219E-005	1.32078E-005	0.00000E+000	...........	1468.24
	123	63.0333	1.40890E-005	1.41786E-005	0.00000E+000	...........	1467.79
	124	63.5417	1.37342E-005	1.35360E-005	0.00000E+000	...........	1467.79
	125	64.05	1.36178E-005	1.35667E-005	0.00000E+000	...........	1467.79
	126	64.5583	1.36282E-005	1.37901E-005	0.00000E+000	...........	1467.86
	127	65.0667	1.36384E-005	1.28957E-005	0.00000E+000	...........	1468.06
	128	65.575	1.36067E-005	1.43852E-005	0.00000E+000	...........	1468.14
	129	66.0833	1.35947E-005	1.43296E-005	0.00000E+000	...........	1468.24
	130	66.5917	1.37159E-005	1.49025E-005	0.00000E+000	...........	1468.24
	131	67.1	1.40005E-005	1.51034E-005	0.00000E+000	...........	1468.24
	132	67.6083	1.43440E-005	1.40373E-005	0.00000E+000	...........	1468.18
	133	68.1167	1.45948E-005	1.51363E-005	0.00000E+000	...........	1468.15
	134	68.625	1.47147E-005	1.56342E-005	0.00000E+000	...........	1468.24
	135	69.1333	1.48059E-005	1.41175E-005	0.00000E+000	...........	1468.24
	136	69.6417	1.48751E-005	1.39656E-005	0.00000E+000	...........	1468.24
	137	70.15	1.47549E-005	1.22682E-005	0.00000E+000	...........	1468.24
	138	70.6583	1.43145E-005	1.16471E-005	0.00000E+000	...........	1468.24
	139	71.1667	1.35932E-005	1.15267E-005	0.00000E+000	...........	1468.24
	140	71.675	1.27878E-005	1.16724E-005	0.00000E+000	...........	1468.34
	141	72.1833	1.21494E-005	1.21256E-005	0.00000E+000	...........	1468.34
	142	72.6917	1.18236E-005	1.19748E-005	0.00000E+000	...........	1468.34
	143	73.2	1.17685E-005	1.16584E-005	0.00000E+000	...........	1468.34
	144	73.7083	1.18250E-005	1.21238E-005	0.00000E+000	...........	1468.24
	145	74.2167	1.18831E-005	1.22261E-005	0.00000E+000	...........	1468.24
	146	74.725	1.19461E-005	1.21806E-005	0.00000E+000	...........	1468.24
	147	75.2333	1.20283E-005	1.19720E-005	0.00000E+000	...........	1468.24
	148	75.7417	1.20679E-005	1.08237E-005	0.00000E+000	...........	1468.34
	149	76.25	1.19732E-005	1.16179E-005	0.00000E+000	...........	1468.34
	150	76.7583	1.17858E-005	1.29777E-005	0.00000E+000	...........	1468.24
	151	77.2667	1.17006E-005	1.13007E-005	0.00000E+000	...........	1468.24
	152	77.775	1.17743E-005	1.15067E-005	0.00000E+000	...........	1468.24
	153	78.2833	1.18310E-005	1.16024E-005	0.00000E+000	...........	1468.24
	154	78.7917	1.17771E-005	1.20627E-005	0.00000E+000	...........	1468.24
	155	79.3	1.17121E-005	1.16192E-005	0.00000E+000	...........	1468.24
	156	79.8083	1.17146E-005	1.19489E-005	0.00000E+000	...........	1468.34
	157	80.3167	1.17748E-005	1.26876E-005	0.00000E+000	...........	1468.34
	158	80.825	1.18884E-005	1.18866E-005	0.00000E+000	...........	1468.24
	159	81.3333	1.20255E-005	1.18271E-005	0.00000E+000	...........	1468.24
	160	81.8417	1.20868E-005	1.15720E-005	0.00000E+000	...........	1468.24
	161	82.35	1.20441E-005	1.30511E-005	0.00000E+000	...........	1468.24
	162	82.8583	1.20277E-005	1.24688E-005	0.00000E+000	...........	1468.24
	163	83.3667	1.21738E-005	1.38024E-005	0.00000E+000	...........	1468.24
	164	83.875	1.24767E-005	1.29455E-005	0.00000E+000	...........	1468.24
	165	84.3833	1.28006E-005	1.23630E-005	0.00000E+000	...........	1468.24
	166	84.8917	1.29607E-005	1.22403E-005	0.00000E+000	...........	1468.24
	167	85.4	1.28721E-005	1.21159E-005	0.00000E+000	...........	1468.24
	168	85.9083	1.26328E-005	1.23668E-005	0.00000E+000	...........	1468.24
	169	86.4167	1.24263E-005	1.31590E-005	0.00000E+000	...........	1468.24
	170	86.925	1.23900E-005	1.29246E-005	0.00000E+000	...........	1468.24
	171	87.4333	1.25181E-005	1.22503E-005	0.00000E+000	...........	1468.24
	172	87.9417	1.26659E-005	1.30761E-005	0.00000E+000	...........	1468.24
	173	88.45	1.27573E-005	1.40074E-005	0.00000E+000	...........	1468.24
	174	88.9583	1.29083E-005	1.42806E-005	0.00000E+000	...........	1468.24
	175	89.4667	1.32308E-005	1.43225E-005	0.00000E+000	...........	1468.24
	176	89.975	1.36505E-005	1.42989E-005	0.00000E+000	...........	1468.24
	177	90.4833	1.39980E-005	1.38373E-005	0.00000E+000	...........	1468.24
	178	90.9917	1.41742E-005	1.44595E-005	0.00000E+000	...........	1468.24
	179	91.5	1.42090E-005	1.39744E-005	0.00000E+000	...........	1468.24
	180	92.0083	1.41983E-005	1.46050E-005	0.00000E+000	...........	1468.24
	181	92.5167	1.42181E-005	1.46256E-005	0.00000E+000	...........	1468.24
	182	93.025	1.42933E-005	1.42895E-005	0.00000E+000	...........	1468.24
	183	93.5333	1.44075E-005	1.55803E-005	0.00000E+000	...........	1468.24
	184	94.0417	1.45463E-005	1.42299E-005	0.00000E+000	...........	1468.34
	185	94.55	1.46653E-005	1.40056E-005	0.00000E+000	...........	1468.27
	186	95.058	1.46390E-005	1.31538E-005	0.00000E+000	...........	1467.88
	187	95.567	1.43692E-005	1.24436E-005	0.00000E+000	...........	1468.00
	188	96.075	1.38959E-005	1.28687E-005	0.00000E+000	...........	1468.24
	189	96.583	1.33957E-005	1.35708E-005	0.00000E+000	...........	1468.24
	190	97.092	1.30639E-005	1.20491E-005	0.00000E+000	...........	1468.24
	191	97.6	1.29250E-005	1.33404E-005	0.00000E+000	...........	1468.24
	192	98.108	1.29012E-005	1.42460E-005	0.00000E+000	...........	1468.24
	193	98.617	1.30270E-005	1.40904E-005	0.00000E+000	...........	1468.24
	194	99.125	1.33137E-005	1.28768E-005	0.00000E+000	...........	1468.24
	195	99.633	1.35831E-005	1.43225E-005	0.00000E+000	...........	1468.16
	196	100.142	1.36890E-005	1.28760E-005	0.00000E+000	...........	1468.15
	197	100.65	1.36487E-005	1.29757E-005	0.00000E+000	...........	1468.24
	198	101.158	1.34930E-005	1.25064E-005	0.00000E+000	...........	1468.24
	199	101.667	1.32580E-005	1.34887E-005	0.00000E+000	...........	1468.24
	200	102.175	1.30604E-005	1.29203E-005	0.00000E+000	...........	1468.24
	201	102.683	1.29804E-005	1.25888E-005	0.00000E+000	...........	1468.24
	202	103.192	1.29618E-005	1.31212E-005	0.00000E+000	...........	1468.24
	203	103.7	1.29463E-005	1.34535E-005	0.00000E+000	...........	1468.24
	204	104.208	1.29813E-005	1.35035E-005	0.00000E+000	...........	1468.24
	205	104.717	1.31047E-005	1.33303E-005	0.00000E+000	...........	1468.24
	206	105.225	1.32737E-005	1.43287E-005	0.00000E+000	...........	1468.24
	207	105.733	1.34931E-005	1.56591E-005	0.00000E+000	...........	1468.24
	208	106.242	1.38595E-005	1.51418E-005	0.00000E+000	...........	1468.24
	209	106.75	1.43874E-005	1.62510E-005	0.00000E+000	...........	1468.24
	210	107.258	1.49374E-005	1.51295E-005	0.00000E+000	...........	1468.24
	211	107.767	1.53067E-005	1.36030E-005	0.00000E+000	...........	1468.24
	212	108.275	1.53008E-005	1.34989E-005	0.00000E+000	...........	1468.24
	213	108.783	1.49088E-005	1.44301E-005	0.00000E+000	...........	1468.24
	214	109.292	1.44301E-005	1.49763E-005	0.00000E+000	...........	1468.24
	215	109.8	1.42126E-005	1.47118E-005	0.00000E+000	...........	1468.24
	216	110.308	1.42790E-005	1.31841E-005	0.00000E+000	...........	1468.24
	217	110.817	1.43210E-005	1.23691E-005	0.00000E+000	...........	1468.24
	218	111.325	1.40644E-005	1.29990E-005	0.00000E+000	...........	1468.24
	219	111.833	1.35743E-005	1.26754E-005	0.00000E+000	...........	1468.24
	220	112.342	1.31204E-005	1.27178E-005	0.00000E+000	...........	1468.24
	221	112.85	1.28594E-005	1.31240E-005	0.00000E+000	...........	1468.24
	222	113.358	1.28014E-005	1.38864E-005	0.00000E+000	...........	1468.24
	223	113.867	1.29190E-005	1.30606E-005	0.00000E+000	...........	1468.34
	224	114.375	1.31485E-005	1.47039E-005	0.00000E+000	...........	1468.34
	225	114.883	1.34453E-005	1.51033E-005	0.00000E+000	...........	1468.24
	226	115.392	1.38323E-005	1.46065E-005	0.00000E+000	...........	1468.24
	227	115.9	1.42450E-005	1.40521E-005	0.00000E+000	...........	1468.24
	228	116.408	1.45010E-005	1.44015E-005	0.00000E+000	...........	1468.24
	229	116.917	1.45337E-005	1.45103E-005	0.00000E+000	...........	1468.24
	230	117.425	1.44484E-005	1.35652E-005	0.00000E+000	...........	1468.24
	231	117.933	1.43197E-005	1.36447E-005	0.00000E+000	...........	1468.24
	232	118.442	1.41298E-005	1.33909E-005	0.00000E+000	...........	1468.24
	233	118.95	1.39033E-005	1.40178E-005	0.00000E+000	...........	1468.24
	234	119.458	1.37442E-005	1.40754E-005	0.00000E+000	...........	1468.24
	235	119.967	1.37282E-005	1.39766E-005	0.00000E+000	...........	1468.24
	236	120.475	1.38299E-005	1.45420E-005	0.00000E+000	...........	1468.24
	237	120.983	1.39892E-005	1.46712E-005	0.00000E+000	...........	1468.24
	238	121.492	1.41928E-005	1.52555E-005	0.00000E+000	...........	1468.24
	239	122	1.44395E-005	1.46773E-005	0.00000E+000	...........	1468.24
	240	122.508	1.46686E-005	1.45875E-005	0.00000E+000	...........	1468.24
	241	123.017	1.47989E-005	1.52112E-005	0.00000E+000	...........	1468.24
	242	123.525	1.48557E-005	1.56021E-005	0.00000E+000	...........	1468.24
	243	124.033	1.49508E-005	1.52759E-005	0.00000E+000	...........	1468.24
	244	124.542	1.50840E-005	1.38680E-005	0.00000E+000	...........	1468.24
	245	125.05	1.50448E-005	1.17813E-005	0.00000E+000	...........	1468.15
	246	125.558	1.46042E-005	1.26105E-005	0.00000E+000	...........	1468.13
	247	126.067	1.38181E-005	1.16621E-005	0.00000E+000	...........	1468.06
	248	126.575	1.30110E-005	1.24992E-005	0.00000E+000	...........	1468.14
	249	127.083	1.24636E-005	1.24875E-005	0.00000E+000	...........	1468.24
	250	127.592	1.22578E-005	1.30616E-005	0.00000E+000	...........	1468.24
	251	128.1	1.23603E-005	1.45084E-005	0.00000E+000	...........	1468.24
	252	128.608	1.27393E-005	1.50389E-005	0.00000E+000	...........	1468.18
	253	129.117	1.33172E-005	1.33271E-005	0.00000E+000	...........	1468.15
	254	129.625	1.38288E-005	1.31088E-005	0.00000E+000	...........	1468.24
	255	130.133	1.39823E-005	1.31610E-005	0.00000E+000	...........	1468.24
	256	130.642	1.37908E-005	1.35372E-005	0.00000E+000	...........	1468.24
	257	131.15	1.35156E-005	1.30214E-005	0.00000E+000	...........	1468.24
	258	131.658	1.33393E-005	1.34008E-005	0.00000E+000	...........	1468.24
	259	132.167	1.32829E-005	1.40120E-005	0.00000E+000	...........	1468.24
	260	132.675	1.33378E-005	1.36824E-005	0.00000E+000	...........	1468.34
	261	133.183	1.34817E-005	1.38225E-005	0.00000E+000	...........	1468.34
	262	133.692	1.36319E-005	1.34954E-005	0.00000E+000	...........	1468.24
	263	134.2	1.37006E-005	1.32418E-005	0.00000E+000	...........	1468.24
	264	134.708	1.36320E-005	1.19697E-005	0.00000E+000	...........	1468.24
	265	135.217	1.34009E-005	1.30559E-005	0.00000E+000	...........	1468.24
	266	135.725	1.30968E-005	1.33814E-005	0.00000E+000	...........	1468.24
	267	136.233	1.29109E-005	1.29662E-005	0.00000E+000	...........	1468.24
	268	136.742	1.29197E-005	1.33280E-005	0.00000E+000	...........	1468.24
	269	137.25	1.30261E-005	1.32062E-005	0.00000E+000	...........	1468.24
	270	137.758	1.31484E-005	1.42900E-005	0.00000E+000	...........	1468.34
	271	138.267	1.33045E-005	1.35386E-005	0.00000E+000	...........	1468.34
	272	138.775	1.34812E-005	1.28752E-005	0.00000E+000	...........	1468.24
	273	139.283	1.35561E-005	1.30429E-005	0.00000E+000	...........	1468.24
	274	139.792	1.34419E-005	1.23530E-005	0.00000E+000	...........	1468.24
	275	140.3	1.31890E-005	1.25136E-005	0.00000E+000	...........	1468.24
	276	140.808	1.28935E-005	1.19121E-005	0.00000E+000	...........	1468.24
	277	141.317	1.26221E-005	1.26864E-005	0.00000E+000	...........	1468.24
	278	141.825	1.24283E-005	1.21488E-005	0.00000E+000	...........	1468.24
	279	142.333	1.23300E-005	1.20207E-005	0.00000E+000	...........	1468.24
	280	142.842	1.22930E-005	1.30100E-005	0.00000E+000	...........	1468.34
	281	143.35	1.22908E-005	1.15160E-005	0.00000E+000	...........	1468.34
	282	143.858	1.22868E-005	1.19628E-005	0.00000E+000	...........	1468.34
	283	144.367	1.22336E-005	1.29230E-005	0.00000E+000	...........	1468.34
	284	144.875	1.22060E-005	1.31053E-005	0.00000E+000	...........	1468.24
	285	145.383	1.23476E-005	1.36740E-005	0.00000E+000	...........	1468.24
	286	145.892	1.26563E-005	1.28821E-005	0.00000E+000	...........	1468.24
	287	146.4	1.30003E-005	1.47213E-005	0.00000E+000	...........	1468.24
	288	146.908	1.33102E-005	1.36249E-005	0.00000E+000	...........	1468.24
	289	147.417	1.35646E-005	1.26096E-005	0.00000E+000	...........	1468.24
	290	147.925	1.36389E-005	1.24581E-005	0.00000E+000	...........	1468.24
	291	148.433	1.34418E-005	1.29647E-005	0.00000E+000	...........	1468.24
	292	148.942	1.31429E-005	1.42080E-005	0.00000E+000	...........	1468.24
	293	149.45	1.30312E-005	1.34772E-005	0.00000E+000	...........	1468.24
	294	149.958	1.31540E-005	1.21637E-005	0.00000E+000	...........	1468.24
	295	150.467	1.32420E-005	1.19880E-005	0.00000E+000	...........	1468.24
	296	150.975	1.30634E-005	1.23106E-005	0.00000E+000	...........	1468.24
	297	151.483	1.26978E-005	1.18055E-005	0.00000E+000	...........	1468.24
	298	151.992	1.23703E-005	1.28026E-005	0.00000E+000	...........	1468.24
	299	152.5	1.22114E-005	1.21066E-005	0.00000E+000	...........	1468.24
	300	153.008	1.21836E-005	1.10538E-005	0.00000E+000	...........	1468.24
	301	153.517	1.21201E-005	1.15571E-005	0.00000E+000	...........	1468.24
	302	154.025	1.19301E-005	1.18106E-005	0.00000E+000	...........	1467.79
	303	154.533	1.17392E-005	1.24540E-005	0.00000E+000	...........	1467.79
	304	155.042	1.17031E-005	1.14797E-005	0.00000E+000	...........	1467.88
	305	155.55	1.17939E-005	1.21716E-005	0.00000E+000	...........	1467.88
	306	156.058	1.19056E-005	1.29129E-005	0.00000E+000	...........	1467.88
	307	156.567	1.20577E-005	1.32679E-005	0.00000E+000	...........	1468.00
	308	157.075	1.23316E-005	1.33806E-005	0.00000E+000	...........	1468.24
	309	157.583	1.27098E-005	1.41162E-005	0.00000E+000	...........	1468.24
	310	158.092	1.31209E-005	1.43299E-005	0.00000E+000	...........	1468.24
	311	158.6	1.35570E-005	1.59970E-005	0.00000E+000	...........	1468.24
	312	159.108	1.40584E-005	1.48754E-005	0.00000E+000	...........	1468.24
	313	159.617	1.45661E-005	1.45857E-005	0.00000E+000	...........	1468.24
	314	160.125	1.48985E-005	1.48813E-005	0.00000E+000	...........	1468.24
	315	160.633	1.49712E-005	1.45218E-005	0.00000E+000	...........	1468.24
	316	161.142	1.48753E-005	1.41482E-005	0.00000E+000	...........	1468.24
	317	161.65	1.47135E-005	1.44066E-005	0.00000E+000	...........	1468.15
	318	162.158	1.45365E-005	1.40221E-005	0.00000E+000	...........	1468.15
	319	162.667	1.43711E-005	1.36927E-005	0.00000E+000	...........	1468.24
	320	163.175	1.42047E-005	1.36127E-005	0.00000E+000	...........	1468.24
	321	163.683	1.40125E-005	1.33115E-005	0.00000E+000	...........	1468.34
	322	164.192	1.38107E-005	1.37702E-005	0.00000E+000	...........	1468.34
	323	164.7	1.36592E-005	1.38404E-005	0.00000E+000	...........	1468.24
	324	165.208	1.35857E-005	1.23907E-005	0.00000E+000	...........	1468.24
	325	165.717	1.34851E-005	1.20259E-005	0.00000E+000	...........	1468.34
	326	166.225	1.32377E-005	1.34342E-005	0.00000E+000	...........	1468.34
	327	166.733	1.29265E-005	1.19375E-005	0.00000E+000	...........	1468.24
	328	167.242	1.27113E-005	1.29305E-005	0.00000E+000	...........	1468.24
	329	167.75	1.26243E-005	1.30790E-005	0.00000E+000	...........	1468.24
	330	168.258	1.26263E-005	1.18911E-005	0.00000E+000	...........	1468.24
	331	168.767	1.26252E-005	1.17557E-005	0.00000E+000	...........	1468.24
	332	169.275	1.25034E-005	1.21557E-005	0.00000E+000	...........	1468.24
	333	169.783	1.23102E-005	1.33087E-005	0.00000E+000	...........	1468.34
	334	170.292	1.22414E-005	1.23291E-005	0.00000E+000	...........	1468.34
	335	170.8	1.23491E-005	1.23142E-005	0.00000E+000	...........	1468.34
	336	171.308	1.24590E-005	1.15714E-005	0.00000E+000	...........	1468.34
	337	171.817	1.24293E-005	1.30838E-005	0.00000E+000	...........	1468.24
	338	172.325	1.23574E-005	1.33001E-005	0.00000E+000	...........	1468.24
	339	172.833	1.24410E-005	1.32993E-005	0.00000E+000	...........	1468.34
	340	173.342	1.27172E-005	1.38770E-005	0.00000E+000	...........	1468.34
	341	173.85	1.30552E-005	1.31396E-005	0.00000E+000	...........	1468.24
	342	174.358	1.33058E-005	1.30210E-005	0.00000E+000	...........	1468.24
	343	174.867	1.33577E-005	1.17741E-005	0.00000E+000	...........	1468.34
	344	175.375	1.31661E-005	1.23305E-005	0.00000E+000	...........	1468.34
	345	175.883	1.28069E-005	1.17930E-005	0.00000E+000	...........	1468.24
	346	176.392	1.24440E-005	1.23939E-005	0.00000E+000	...........	1468.24
	347	176.9	1.22286E-005	1.31584E-005	0.00000E+000	...........	1468.24
	348	177.408	1.22472E-005	1.32160E-005	0.00000E+000	...........	1468.24
	349	177.917	1.24607E-005	1.21263E-005	0.00000E+000	...........	1468.34
	350	178.425	1.26669E-005	1.21742E-005	0.00000E+000	...........	1468.34
	351	178.933	1.26727E-005	1.18314E-005	0.00000E+000	...........	1468.24
	352	179.442	1.24778E-005	1.17545E-005	0.00000E+000	...........	1468.24
	353	179.95	1.22273E-005	1.25892E-005	0.00000E+000	...........	1468.24
	354	180.458	1.20834E-005	1.26636E-005	0.00000E+000	...........	1468.24
	355	180.967	1.20960E-005	1.08908E-005	0.00000E+000	...........	1468.24
	356	181.475	1.21025E-005	1.10152E-005	0.00000E+000	...........	1468.24
	357	181.983	1.19029E-005	1.06380E-005	0.00000E+000	...........	1468.24
	358	182.492	1.15281E-005	1.12043E-005	0.00000E+000	...........	1468.24
	359	183	1.11822E-005	1.08903E-005	0.00000E+000	...........	1468.24
	360	183.508	1.10010E-005	1.12785E-005	0.00000E+000	...........	1468.24
	361	184.017	1.09813E-005	1.14175E-005	0.00000E+000	...........	1468.24
	362	184.525	1.10325E-005	9.71405E-006	0.00000E+000	...........	1468.24
	363	185.033	1.09998E-005	1.01597E-005	0.00000E+000	...........	1468.24
	364	185.542	1.08181E-005	1.19050E-005	0.00000E+000	...........	1468.21
	365	186.05	1.06889E-005	1.18929E-005	0.00000E+000	...........	1467.79
	366	186.558	1.08271E-005	1.08248E-005	0.00000E+000	...........	1467.86
	367	187.067	1.10946E-005	1.03578E-005	0.00000E+000	...........	1468.06
	368	187.575	1.11844E-005	1.06515E-005	0.00000E+000	...........	1468.10
	369	188.083	1.10268E-005	1.04357E-005	0.00000E+000	...........	1468.15
	370	188.592	1.08118E-005	1.17979E-005	0.00000E+000	...........	1468.21
	371	189.1	1.07491E-005	1.11558E-005	0.00000E+000	...........	1468.24
	372	189.608	1.08869E-005	1.14630E-005	0.00000E+000	...........	1468.18
	373	190.117	1.11033E-005	1.12461E-005	0.00000E+000	...........	1468.15
	374	190.625	1.12609E-005	1.12721E-005	0.00000E+000	...........	1468.24
	375	191.133	1.13236E-005	1.13754E-005	0.00000E+000	...........	1468.24
	376	191.642	1.13230E-005	1.09602E-005	0.00000E+000	...........	1468.24
	377	192.15	1.12693E-005	1.02725E-005	0.00000E+000	...........	1468.24
	378	192.658	1.11544E-005	1.19903E-005	0.00000E+000	...........	1468.24
	379	193.167	1.10798E-005	1.23140E-005	0.00000E+000	...........	1468.24
	380	193.675	1.12234E-005	1.26204E-005	0.00000E+000	...........	1468.24
	381	194.183	1.16073E-005	1.28494E-005	0.00000E+000	...........	1468.24
	382	194.692	1.20521E-005	1.18738E-005	0.00000E+000	...........	1468.24
	383	195.2	1.23330E-005	1.15086E-005	0.00000E+000	...........	1468.24
	384	195.708	1.23309E-005	1.17738E-005	0.00000E+000	...........	1468.24
	385	196.217	1.21300E-005	1.21120E-005	0.00000E+000	...........	1468.24
	386	196.725	1.19493E-005	1.25166E-005	0.00000E+000	...........	1468.24
	387	197.233	1.19456E-005	1.27364E-005	0.00000E+000	...........	1468.24
	388	197.742	1.21284E-005	1.32855E-005	0.00000E+000	...........	1468.24
	389	198.25	1.24128E-005	1.26158E-005	0.00000E+000	...........	1468.24
	390	198.758	1.26760E-005	1.28218E-005	0.00000E+000	...........	1468.24
	391	199.267	1.28065E-005	1.20197E-005	0.00000E+000	...........	1468.24
	392	199.775	1.27575E-005	1.19937E-005	0.00000E+000	...........	1468.24
	393	200.283	1.25863E-005	1.31953E-005	0.00000E+000	...........	1468.24
	394	200.792	1.24369E-005	1.18318E-005	0.00000E+000	...........	1468.24
	395	201.3	1.23749E-005	1.18125E-005	0.00000E+000	...........	1468.24
	396	201.808	1.23013E-005	1.17258E-005	0.00000E+000	...........	1468.34
	397	202.317	1.21473E-005	1.20512E-005	0.00000E+000	...........	1468.34
	398	202.825	1.19822E-005	1.15625E-005	0.00000E+000	...........	1468.24
	399	203.333	1.18416E-005	1.02190E-005	0.00000E+000	...........	1468.24
	400	203.842	1.16437E-005	1.14280E-005	0.00000E+000	...........	1468.24
	401	204.35	1.13778E-005	1.12588E-005	0.00000E+000	...........	1468.24
	402	204.858	1.12235E-005	1.34169E-005	0.00000E+000	...........	1468.24
	403	205.367	1.13843E-005	1.29279E-005	0.00000E+000	...........	1468.24
	404	205.875	1.18495E-005	1.26835E-005	0.00000E+000	...........	1468.24
	405	206.383	1.23715E-005	1.30421E-005	0.00000E+000	...........	1468.24
	406	206.892	1.27135E-005	1.24354E-005	0.00000E+000	...........	1468.24
	407	207.4	1.28309E-005	1.26946E-005	0.00000E+000	...........	1468.24
	408	207.908	1.28035E-005	1.27357E-005	0.00000E+000	...........	1468.24
	409	208.417	1.27255E-005	1.21481E-005	0.00000E+000	...........	1468.24
	410	208.925	1.26378E-005	1.24763E-005	0.00000E+000	...........	1468.24
	411	209.433	1.25334E-005	1.19888E-005	0.00000E+000	...........	1468.24
	412	209.942	1.24156E-005	1.23275E-005	0.00000E+000	...........	1468.24
	413	210.45	1.23206E-005	1.27038E-005	0.00000E+000	...........	1468.24
	414	210.958	1.22826E-005	1.15688E-005	0.00000E+000	...........	1468.24
	415	211.467	1.22444E-005	1.10807E-005	0.00000E+000	...........	1468.24
	416	211.975	1.20852E-005	1.14957E-005	0.00000E+000	...........	1468.34
	417	212.483	1.18236E-005	1.21095E-005	0.00000E+000	...........	1468.34
	418	212.992	1.16377E-005	1.17146E-005	0.00000E+000	...........	1468.24
	419	213.5	1.16185E-005	1.15242E-005	0.00000E+000	...........	1468.24
	420	214.008	1.16499E-005	1.05101E-005	0.00000E+000	...........	1468.24
	421	214.517	1.15661E-005	1.10970E-005	0.00000E+000	...........	1468.24
	422	215.025	1.13452E-005	1.07014E-005	0.00000E+000	...........	1468.24
	423	215.533	1.10930E-005	1.04120E-005	0.00000E+000	...........	1468.24
	424	216.042	1.08750E-005	1.01996E-005	0.00000E+000	...........	1468.24
	425	216.55	1.06717E-005	1.00723E-005	0.00000E+000	...........	1468.24
	426	217.058	1.04543E-005	9.35069E-006	0.00000E+000	...........	1468.24
	427	217.567	1.02104E-005	9.72259E-006	0.00000E+000	...........	1468.22
	428	218.075	9.95995E-006	9.60267E-006	0.00000E+000	...........	1468.15
	429	218.583	9.77350E-006	1.01763E-005	0.00000E+000	...........	1468.20
	430	219.092	9.73819E-006	1.10724E-005	0.00000E+000	...........	1468.24
	431	219.6	9.91494E-006	1.12764E-005	0.00000E+000	...........	1468.24
	432	220.108	1.02638E-005	1.03721E-005	0.00000E+000	...........	1468.24
	433	220.617	1.05905E-005	1.00899E-005	0.00000E+000	...........	1468.24
	434	221.125	1.07031E-005	1.06893E-005	0.00000E+000	...........	1468.24
	435	221.633	1.06159E-005	9.93827E-006	0.00000E+000	...........	1468.24
	436	222.142	1.04785E-005	1.08591E-005	0.00000E+000	...........	1468.24
	437	222.65	1.04196E-005	1.13981E-005	0.00000E+000	...........	1468.24
	438	223.158	1.05029E-005	1.04030E-005	0.00000E+000	...........	1468.24
	439	223.667	1.06612E-005	1.04677E-005	0.00000E+000	...........	1468.24
	440	224.175	1.07511E-005	1.11601E-005	0.00000E+000	...........	1468.24
	441	224.683	1.07372E-005	9.68152E-006	0.00000E+000	...........	1468.34
	442	225.192	1.06635E-005	1.08908E-005	0.00000E+000	...........	1468.34
	443	225.7	1.05525E-005	9.74444E-006	0.00000E+000	...........	1468.34
	444	226.208	1.04201E-005	1.00174E-005	0.00000E+000	...........	1468.34
	445	226.717	1.02763E-005	1.00436E-005	0.00000E+000	...........	1468.24
	446	227.225	1.01313E-005	9.48686E-006	0.00000E+000	...........	1468.24
	447	227.733	1.00051E-005	1.02357E-005	0.00000E+000	...........	1468.24
	448	228.242	9.91214E-006	9.43874E-006	0.00000E+000	...........	1468.24
	449	228.75	9.85537E-006	1.00270E-005	0.00000E+000	...........	1468.34
	450	229.258	9.83256E-006	1.01927E-005	0.00000E+000	...........	1468.34
	451	229.767	9.88949E-006	1.16182E-005	0.00000E+000	...........	1468.34
	452	230.275	1.01102E-005	1.10070E-005	0.00000E+000	...........	1468.34
	453	230.783	1.04507E-005	9.78320E-006	0.00000E+000	...........	1468.24
	454	231.292	1.06759E-005	1.00068E-005	0.00000E+000	...........	1468.24
	455	231.8	1.06160E-005	9.95025E-006	0.00000E+000	...........	1468.24
	456	232.308	1.04002E-005	1.15826E-005	0.00000E+000	...........	1468.24
	457	232.817	1.03064E-005	1.05276E-005	0.00000E+000	...........	1468.24
	458	233.325	1.04210E-005	1.02471E-005	0.00000E+000	...........	1468.24
	459	233.833	1.05687E-005	1.05308E-005	0.00000E+000	...........	1468.24
	460	234.342	1.06047E-005	1.08708E-005	0.00000E+000	...........	1468.24
	461	234.85	1.05810E-005	1.03870E-005	0.00000E+000	...........	1468.24
	462	235.358	1.05766E-005	1.06584E-005	0.00000E+000	...........	1468.24
	463	235.867	1.06148E-005	1.21374E-005	0.00000E+000	...........	1468.24
	464	236.375	1.07575E-005	1.13790E-005	0.00000E+000	...........	1468.24
	465	236.883	1.10228E-005	1.12452E-005	0.00000E+000	...........	1468.24
	466	237.392	1.12692E-005	1.09930E-005	0.00000E+000	...........	1468.24
	467	237.9	1.13484E-005	1.09266E-005	0.00000E+000	...........	1468.34
	468	238.408	1.12776E-005	1.14743E-005	0.00000E+000	...........	1468.34
	469	238.917	1.12183E-005	1.28729E-005	0.00000E+000	...........	1468.24
	470	239.425	1.13387E-005	1.16345E-005	0.00000E+000	...........	1468.24
	471	239.933	1.16309E-005	1.25729E-005	0.00000E+000	...........	1468.34
	472	240.442	1.19469E-005	1.29982E-005	0.00000E+000	...........	1468.34
	473	240.95	1.21780E-005	1.04063E-005	0.00000E+000	...........	1468.24
	474	241.458	1.21942E-005	1.03612E-005	0.00000E+000	...........	1468.24
	475	241.967	1.18782E-005	1.12075E-005	0.00000E+000	...........	1468.24
	476	242.475	1.14083E-005	1.19431E-005	0.00000E+000	...........	1468.24
	477	242.983	1.11295E-005	1.07307E-005	0.00000E+000	...........	1468.24
	478	243.492	1.11094E-005	1.10590E-005	0.00000E+000	...........	1468.24
	479	244	1.11394E-005	1.05204E-005	0.00000E+000	...........	1468.24
	480	244.508	1.10702E-005	1.06857E-005	0.00000E+000	...........	1468.24
	481	245.017	1.09104E-005	9.99690E-006	0.00000E+000	...........	1468.24
	482	245.525	1.07340E-005	1.16629E-005	0.00000E+000	...........	1468.24
	483	246.033	1.06493E-005	1.07936E-005	0.00000E+000	...........	1467.97
	484	246.542	1.07005E-005	1.02024E-005	0.00000E+000	...........	1467.97
	485	247.05	1.07620E-005	1.03859E-005	0.00000E+000	...........	1467.88
	486	247.558	1.07082E-005	1.06932E-005	0.00000E+000	...........	1467.93
	487	248.067	1.05934E-005	1.04777E-005	0.00000E+000	...........	1468.06
	488	248.575	1.05281E-005	1.07435E-005	0.00000E+000	...........	1468.14
	489	249.083	1.05342E-005	1.06019E-005	0.00000E+000	...........	1468.24
	490	249.592	1.05914E-005	1.15116E-005	0.00000E+000	...........	1468.24
	491	250.1	1.06984E-005	1.05838E-005	0.00000E+000	...........	1468.24
	492	250.608	1.08632E-005	1.29146E-005	0.00000E+000	...........	1468.24
	493	251.117	1.11112E-005	1.14914E-005	0.00000E+000	...........	1468.24
	494	251.625	1.14092E-005	1.08235E-005	0.00000E+000	...........	1468.24
	495	252.133	1.15873E-005	1.14406E-005	0.00000E+000	...........	1468.24
	496	252.642	1.15630E-005	1.20364E-005	0.00000E+000	...........	1468.24
	497	253.15	1.15070E-005	1.22373E-005	0.00000E+000	...........	1468.24
	498	253.658	1.16009E-005	1.23290E-005	0.00000E+000	...........	1468.24
	499	254.167	1.18186E-005	1.18056E-005	0.00000E+000	...........	1468.24
	500	254.675	1.19753E-005	1.02684E-005	0.00000E+000	...........	1468.34
	501	255.183	1.18868E-005	1.10898E-005	0.00000E+000	...........	1468.34
	502	255.692	1.15252E-005	9.07046E-006	0.00000E+000	...........	1468.34
	503	256.2	1.10166E-005	1.06122E-005	0.00000E+000	...........	1468.34
	504	256.708	1.05399E-005	1.02333E-005	0.00000E+000	...........	1468.24
	505	257.217	1.02501E-005	1.02037E-005	0.00000E+000	...........	1468.24
	506	257.725	1.01756E-005	1.06387E-005	0.00000E+000	...........	1468.24
	507	258.233	1.02490E-005	1.14650E-005	0.00000E+000	...........	1468.24
	508	258.742	1.04188E-005	9.94648E-006	0.00000E+000	...........	1468.24
	509	259.25	1.05907E-005	1.06241E-005	0.00000E+000	...........	1468.24
	510	259.758	1.06570E-005	1.10579E-005	0.00000E+000	...........	1468.34
	511	260.267	1.06544E-005	1.06246E-005	0.00000E+000	...........	1468.34
	512	260.775	1.06439E-005	9.04203E-006	0.00000E+000	...........	1468.34
	513	261.283	1.05608E-005	1.13537E-005	0.00000E+000	...........	1468.34
	514	261.792	1.04357E-005	1.12908E-005	0.00000E+000	...........	1468.24
	515	262.3	1.04604E-005	1.07796E-005	0.00000E+000	...........	1468.24
	516	262.808	1.06608E-005	1.09735E-005	0.00000E+000	...........	1468.24
	517	263.317	1.08573E-005	1.08849E-005	0.00000E+000	...........	1468.24
	518	263.825	1.09627E-005	1.19272E-005	0.00000E+000	...........	1468.24
	519	264.333	1.10744E-005	1.21747E-005	0.00000E+000	...........	1468.24
	520	264.842	1.13169E-005	1.28255E-005	0.00000E+000	...........	1468.24
	521	265.35	1.16923E-005	1.22365E-005	0.00000E+000	...........	1468.24
	522	265.858	1.20607E-005	1.18879E-005	0.00000E+000	...........	1468.24
	523	266.367	1.22526E-005	1.17366E-005	0.00000E+000	...........	1468.24
	524	266.875	1.22458E-005	1.31966E-005	0.00000E+000	...........	1468.24
	525	267.383	1.22122E-005	1.24946E-005	0.00000E+000	...........	1468.24
	526	267.892	1.22924E-005	1.21938E-005	0.00000E+000	...........	1468.34
	527	268.4	1.23811E-005	1.06998E-005	0.00000E+000	...........	1468.34
	528	268.908	1.22560E-005	1.07918E-005	0.00000E+000	...........	1468.34
	529	269.417	1.18665E-005	1.09657E-005	0.00000E+000	...........	1468.34
	530	269.925	1.14151E-005	1.16631E-005	0.00000E+000	...........	1468.24
	531	270.433	1.11483E-005	1.11152E-005	0.00000E+000	...........	1468.24
	532	270.942	1.11414E-005	1.26496E-005	0.00000E+000	...........	1468.24
	533	271.45	1.13193E-005	1.12000E-005	0.00000E+000	...........	1468.24
	534	271.958	1.15633E-005	1.26721E-005	0.00000E+000	...........	1468.24
	535	272.467	1.17806E-005	1.18768E-005	0.00000E+000	...........	1468.24
	536	272.975	1.19438E-005	1.21568E-005	0.00000E+000	...........	1468.24
	537	273.483	1.20111E-005	1.00764E-005	0.00000E+000	...........	1468.24
	538	273.992	1.18684E-005	1.06039E-005	0.00000E+000	...........	1468.24
	539	274.5	1.14837E-005	1.04605E-005	0.00000E+000	...........	1468.24
	540	275.008	1.10167E-005	1.01597E-005	0.00000E+000	...........	1468.24
	541	275.517	1.06353E-005	9.62566E-006	0.00000E+000	...........	1468.24
	542	276.025	1.03488E-005	9.85038E-006	0.00000E+000	...........	1468.24
	543	276.533	1.01206E-005	1.02901E-005	0.00000E+000	...........	1468.24
	544	277.042	1.00268E-005	1.21573E-005	0.00000E+000	...........	1467.79
	545	277.55	1.01785E-005	9.89359E-006	0.00000E+000	...........	1467.81
	546	278.058	1.04732E-005	1.02957E-005	0.00000E+000	...........	1467.88
	547	278.567	1.06590E-005	1.14896E-005	0.00000E+000	...........	1468.00
	548	279.075	1.06929E-005	1.02325E-005	0.00000E+000	...........	1468.24
	549	279.583	1.07108E-005	1.13697E-005	0.00000E+000	...........	1468.24
	550	280.092	1.07857E-005	1.17568E-005	0.00000E+000	...........	1468.24
	551	280.6	1.09319E-005	1.07105E-005	0.00000E+000	...........	1468.24
	552	281.108	1.10855E-005	1.06339E-005	0.00000E+000	...........	1468.24
	553	281.617	1.11231E-005	1.12373E-005	0.00000E+000	...........	1468.24
	554	282.125	1.10388E-005	1.03062E-005	0.00000E+000	...........	1468.24
	555	282.633	1.09271E-005	1.12062E-005	0.00000E+000	...........	1468.24
	556	283.142	1.08205E-005	9.19300E-006	0.00000E+000	...........	1468.24
	557	283.65	1.06617E-005	1.03123E-005	0.00000E+000	...........	1468.24
	558	284.158	1.04131E-005	9.43989E-006	0.00000E+000	...........	1468.24
	559	284.667	1.01416E-005	1.00997E-005	0.00000E+000	...........	1468.24
	560	285.175	9.94145E-006	9.55224E-006	0.00000E+000	...........	1468.24
	561	285.683	9.82563E-006	9.41820E-006	0.00000E+000	...........	1468.24
	562	286.192	9.75023E-006	1.01454E-005	0.00000E+000	...........	1468.24
	563	286.7	9.69656E-006	9.05091E-006	0.00000E+000	...........	1468.34
	564	287.208	9.66648E-006	1.01896E-005	0.00000E+000	...........	1468.34
	565	287.717	9.65546E-006	9.45861E-006	0.00000E+000	...........	1468.24
	566	288.225	9.64479E-006	8.71235E-006	0.00000E+000	...........	1468.24
	567	288.733	9.54985E-006	8.16058E-006	0.00000E+000	...........	1468.24
	568	289.242	9.32351E-006	1.04117E-005	0.00000E+000	...........	1468.24
	569	289.75	9.14079E-006	9.83691E-006	0.00000E+000	...........	1468.24
	570	290.258	9.19204E-006	8.79531E-006	0.00000E+000	...........	1468.24
	571	290.767	9.34604E-006	8.56155E-006	0.00000E+000	...........	1468.24
	572	291.275	9.34316E-006	9.22141E-006	0.00000E+000	...........	1468.24
	573	291.783	9.22247E-006	1.11706E-005	0.00000E+000	...........	1468.24
	574	292.292	9.30275E-006	1.16550E-005	0.00000E+000	...........	1468.24
	575	292.8	9.75760E-006	1.04881E-005	0.00000E+000	...........	1468.24
	576	293.308	1.03638E-005	1.09948E-005	0.00000E+000	...........	1468.24
	577	293.817	1.07680E-005	1.00828E-005	0.00000E+000	...........	1468.34
	578	294.325	1.08644E-005	1.12897E-005	0.00000E+000	...........	1468.34
	579	294.833	1.08197E-005	1.14406E-005	0.00000E+000	...........	1468.34
	580	295.342	1.08381E-005	1.07338E-005	0.00000E+000	...........	1468.34
	581	295.85	1.09146E-005	9.63487E-006	0.00000E+000	...........	1468.24
	582	296.358	1.08685E-005	1.04322E-005	0.00000E+000	...........	1468.24
	583	296.867	1.06132E-005	8.42636E-006	0.00000E+000	...........	1468.34
	584	297.375	1.02321E-005	1.04823E-005	0.00000E+000	...........	1468.34
	585	297.883	9.88645E-006	9.68546E-006	0.00000E+000	...........	1468.34
	586	298.392	9.69420E-006	8.55498E-006	0.00000E+000	...........	1468.34
	587	298.9	9.55432E-006	7.73909E-006	0.00000E+000	...........	1468.24
	588	299.408	9.28181E-006	9.57886E-006	0.00000E+000	...........	1468.24
	589	299.917	8.98356E-006	1.04348E-005	0.00000E+000	...........	1468.24
	590	300.425	8.98240E-006	1.06750E-005	0.00000E+000	...........	1468.24
	591	300.933	9.31019E-006	7.43009E-006	0.00000E+000	...........	1468.24
	592	301.442	9.57781E-006	9.66985E-006	0.00000E+000	...........	1468.24
	593	301.95	9.52650E-006	9.85596E-006	0.00000E+000	...........	1468.24
	594	302.458	9.35314E-006	8.64894E-006	0.00000E+000	...........	1468.24
	595	302.967	9.25885E-006	8.66603E-006	0.00000E+000	...........	1468.34
	596	303.475	9.15898E-006	8.36888E-006	0.00000E+000	...........	1468.34
	597	303.983	8.95960E-006	8.22268E-006	0.00000E+000	...........	1468.34
	598	304.492	8.69871E-006	7.77736E-006	0.00000E+000	...........	1468.34
	599	305	8.44759E-006	8.74471E-006	0.00000E+000	...........	1468.24
	600	305.508	8.30005E-006	9.19300E-006	0.00000E+000	...........	1468.24
	601	306.017	8.34586E-006	8.73255E-006	0.00000E+000	...........	1468.24
	602	306.525	8.56447E-006	1.00278E-005	0.00000E+000	...........	1468.24
	603	307.033	8.84612E-006	8.59359E-006	0.00000E+000	...........	1468.24
	604	307.542	9.06601E-006	8.76492E-006	0.00000E+000	...........	1468.24
	605	308.05	9.09917E-006	7.63100E-006	0.00000E+000	...........	1468.24
	606	308.558	8.88208E-006	7.30641E-006	0.00000E+000	...........	1468.20
	607	309.067	8.45383E-006	6.70897E-006	0.00000E+000	...........	1468.06
	608	309.575	7.94012E-006	7.77161E-006	0.00000E+000	...........	1468.14
	609	310.083	7.52553E-006	7.30723E-006	0.00000E+000	...........	1468.24
	610	310.592	7.32230E-006	6.89689E-006	0.00000E+000	...........	1468.24
	611	311.1	7.26828E-006	7.62443E-006	0.00000E+000	...........	1468.24
	612	311.608	7.25555E-006	6.98264E-006	0.00000E+000	...........	1468.24
	613	312.117	7.24598E-006	7.14411E-006	0.00000E+000	...........	1468.24
	614	312.625	7.22409E-006	7.13228E-006	0.00000E+000	...........	1468.24
	615	313.133	7.22380E-006	9.12893E-006	0.00000E+000	...........	1468.24
	616	313.642	7.34020E-006	6.64622E-006	0.00000E+000	...........	1468.24
	617	314.15	7.52480E-006	7.06050E-006	0.00000E+000	...........	1468.24
	618	314.658	7.57509E-006	7.39512E-006	0.00000E+000	...........	1468.24
	619	315.167	7.47297E-006	8.25554E-006	0.00000E+000	...........	1468.24
	620	315.675	7.42357E-006	7.55987E-006	0.00000E+000	...........	1468.24
	621	316.183	7.54711E-006	9.22781E-006	0.00000E+000	...........	1468.24
	622	316.692	7.81693E-006	8.68327E-006	0.00000E+000	...........	1468.34
	623	317.2	8.16834E-006	8.89616E-006	0.00000E+000	...........	1468.34
	624	317.708	8.49118E-006	8.32501E-006	0.00000E+000	...........	1468.34
	625	318.217	8.66618E-006	8.50899E-006	0.00000E+000	...........	1468.34
	626	318.725	8.71105E-006	1.04099E-005	0.00000E+000	...........	1468.24
	627	319.233	8.82242E-006	1.01968E-005	0.00000E+000	...........	1468.24
	628	319.742	9.15213E-006	1.00664E-005	0.00000E+000	...........	1468.34
	629	320.25	9.60401E-006	1.07471E-005	0.00000E+000	...........	1468.34
	630	320.758	1.00171E-005	1.14723E-005	0.00000E+000	...........	1468.24
	631	321.267	1.04005E-005	1.20308E-005	0.00000E+000	...........	1468.24
	632	321.775	1.08202E-005	1.12049E-005	0.00000E+000	...........	1468.34
	633	322.283	1.11926E-005	1.06689E-005	0.00000E+000	...........	1468.34
	634	322.792	1.13299E-005	1.00265E-005	0.00000E+000	...........	1468.34
	635	323.3	1.11377E-005	9.21189E-006	0.00000E+000	...........	1468.34
	636	323.808	1.06814E-005	9.13025E-006	0.00000E+000	...........	1468.34
	637	324.317	1.01250E-005	9.38699E-006	0.00000E+000	...........	1468.34
	638	324.825	9.65862E-006	9.40407E-006	0.00000E+000	...........	1468.24
	639	325.333	9.38051E-006	8.47237E-006	0.00000E+000	...........	1468.24
	640	325.842	9.22640E-006	9.13172E-006	0.00000E+000	...........	1468.24
	641	326.35	9.08968E-006	8.39844E-006	0.00000E+000	...........	1468.24
	642	326.858	8.91694E-006	7.34977E-006	0.00000E+000	...........	1468.24
	643	327.367	8.64614E-006	7.27881E-006	0.00000E+000	...........	1468.24
	644	327.875	8.28907E-006	9.52349E-006	0.00000E+000	...........	1468.24
	645	328.383	8.06724E-006	8.75851E-006	0.00000E+000	...........	1468.24
	646	328.892	8.13833E-006	7.34961E-006	0.00000E+000	...........	1468.24
	647	329.4	8.29218E-006	7.69769E-006	0.00000E+000	...........	1468.24
	648	329.908	8.24646E-006	7.65990E-006	0.00000E+000	...........	1468.24
	649	330.417	8.00391E-006	6.62848E-006	0.00000E+000	...........	1468.24
	650	330.925	7.69404E-006	7.00382E-006	0.00000E+000	...........	1468.34
	651	331.433	7.38153E-006	6.78290E-006	0.00000E+000	...........	1468.34
	652	331.942	7.14026E-006	8.05644E-006	0.00000E+000	...........	1468.24
	653	332.45	7.07465E-006	7.35109E-006	0.00000E+000	...........	1468.24
	654	332.958	7.18854E-006	7.38689E-006	0.00000E+000	...........	1468.24
	655	333.467	7.35122E-006	7.64463E-006	0.00000E+000	...........	1468.24
	656	333.975	7.44635E-006	6.99922E-006	0.00000E+000	...........	1468.24
	657	334.483	7.46672E-006	8.15615E-006	0.00000E+000	...........	1468.24
	658	334.992	7.47171E-006	7.19733E-006	0.00000E+000	...........	1468.24
	659	335.5	7.47705E-006	6.38455E-006	0.00000E+000	...........	1468.24
	660	336.008	7.39944E-006	7.10140E-006	0.00000E+000	...........	1468.24
	661	336.517	7.21945E-006	7.37359E-006	0.00000E+000	...........	1468.24
	662	337.025	7.05893E-006	6.32722E-006	0.00000E+000	...........	1468.06
	663	337.533	6.95332E-006	5.88485E-006	0.00000E+000	...........	1468.06
	664	338.042	6.78497E-006	5.99918E-006	0.00000E+000	...........	1468.06
	665	338.55	6.50454E-006	5.60987E-006	0.00000E+000	...........	1468.05
	666	339.058	6.17914E-006	4.80514E-006	0.00000E+000	...........	1467.97
	667	339.567	5.85055E-006	5.30417E-006	0.00000E+000	...........	1468.06
	668	340.075	5.54256E-006	5.24701E-006	0.00000E+000	...........	1468.24
	669	340.583	5.31935E-006	5.08981E-006	0.00000E+000	...........	1468.24
	670	341.092	5.22104E-006	5.79566E-006	0.00000E+000	...........	1468.24
	671	341.6	5.22964E-006	5.07766E-006	0.00000E+000	...........	1468.24
	672	342.108	5.29987E-006	5.89390E-006	0.00000E+000	...........	1468.24
	673	342.617	5.39997E-006	6.07672E-006	0.00000E+000	...........	1468.24
	674	343.125	5.54122E-006	5.96765E-006	0.00000E+000	...........	1468.24
	675	343.633	5.73128E-006	6.67333E-006	0.00000E+000	...........	1468.24
	676	344.142	5.98584E-006	8.40189E-006	0.00000E+000	...........	1468.24
	677	344.65	6.38079E-006	7.59633E-006	0.00000E+000	...........	1468.24
	678	345.158	6.91730E-006	8.26835E-006	0.00000E+000	...........	1468.24
	679	345.667	7.42320E-006	7.15265E-006	0.00000E+000	...........	1468.34
	680	346.175	7.69469E-006	6.68861E-006	0.00000E+000	...........	1468.34
	681	346.683	7.65386E-006	7.05376E-006	0.00000E+000	...........	1468.24
	682	347.192	7.40974E-006	7.14575E-006	0.00000E+000	...........	1468.24
	683	347.7	7.18759E-006	7.83402E-006	0.00000E+000	...........	1468.24
	684	348.208	7.17487E-006	9.07439E-006	0.00000E+000	...........	1468.24
	685	348.717	7.42886E-006	7.96084E-006	0.00000E+000	...........	1468.34
	686	349.225	7.80318E-006	7.21294E-006	0.00000E+000	...........	1468.34
	687	349.733	8.00285E-006	6.87439E-006	0.00000E+000	...........	1468.24
	688	350.242	7.86166E-006	6.50775E-006	0.00000E+000	...........	1468.24
	689	350.75	7.45392E-006	5.22764E-006	0.00000E+000	...........	1468.24
	690	351.258	6.93719E-006	6.80015E-006	0.00000E+000	...........	1468.24
	691	351.767	6.49789E-006	6.84958E-006	0.00000E+000	...........	1468.34
	692	352.275	6.35286E-006	8.48091E-006	0.00000E+000	...........	1468.34
	693	352.783	6.60868E-006	8.39269E-006	0.00000E+000	...........	1468.24
	694	353.292	7.14959E-006	8.05480E-006	0.00000E+000	...........	1468.24
	695	353.8	7.69163E-006	7.56086E-006	0.00000E+000	...........	1468.34
	696	354.308	7.98948E-006	8.00339E-006	0.00000E+000	...........	1468.34
	697	354.817	8.02101E-006	7.50911E-006	0.00000E+000	...........	1468.24
	698	355.325	7.90346E-006	6.80080E-006	0.00000E+000	...........	1468.24
	699	355.833	7.68718E-006	6.27860E-006	0.00000E+000	...........	1468.24
	700	356.342	7.36450E-006	6.79242E-006	0.00000E+000	...........	1468.24
	701	356.85	7.00031E-006	6.00675E-006	0.00000E+000	...........	1468.24
	702	357.358	6.66805E-006	5.03872E-006	0.00000E+000	...........	1468.24
	703	357.867	6.32855E-006	5.34951E-006	0.00000E+000	...........	1468.24
	704	358.375	5.96780E-006	6.49674E-006	0.00000E+000	...........	1468.24
	705	358.883	5.75022E-006	6.88079E-006	0.00000E+000	...........	1468.24
	706	359.392	5.82944E-006	6.34167E-006	0.00000E+000	...........	1468.24
	707	359.9	6.12361E-006	7.26189E-006	0.00000E+000	...........	1468.24
	708	360.408	6.44477E-006	6.89672E-006	0.00000E+000	...........	1468.24
	709	360.917	6.70527E-006	7.27338E-006	0.00000E+000	...........	1468.24
	710	361.425	6.90765E-006	7.49400E-006	0.00000E+000	...........	1468.24
	711	361.933	7.06399E-006	6.71029E-006	0.00000E+000	...........	1468.24
	712	362.442	7.17289E-006	8.19640E-006	0.00000E+000	...........	1468.24
	713	362.95	7.25483E-006	6.95587E-006	0.00000E+000	...........	1468.34
	714	363.458	7.31626E-006	6.52401E-006	0.00000E+000	...........	1468.34
	715	363.967	7.26429E-006	5.95055E-006	0.00000E+000	...........	1468.24
	716	364.475	7.02630E-006	6.56574E-006	0.00000E+000	...........	1468.24
	717	364.983	6.71540E-006	6.84187E-006	0.00000E+000	...........	1468.24
	718	365.492	6.50290E-006	5.46647E-006	0.00000E+000	...........	1468.24
	719	366	6.39656E-006	6.63636E-006	0.00000E+000	...........	1468.24
	720	366.508	6.34078E-006	7.55215E-006	0.00000E+000	...........	1468.24
	721	367.017	6.41902E-006	7.64972E-006	0.00000E+000	...........	1468.34
	722	367.525	6.70546E-006	7.40267E-006	0.00000E+000	...........	1468.34
	723	368.033	7.06646E-006	7.06001E-006	0.00000E+000	...........	1467.79
	724	368.542	7.30447E-006	7.54082E-006	0.00000E+000	...........	1467.79
	725	369.05	7.40472E-006	8.73469E-006	0.00000E+000	...........	1467.79
	726	369.558	7.50158E-006	6.62355E-006	0.00000E+000	...........	1467.86
	727	370.067	7.62539E-006	8.39286E-006	0.00000E+000	...........	1468.06
	728	370.575	7.72662E-006	8.95612E-006	0.00000E+000	...........	1468.14
	729	371.083	7.88208E-006	8.60788E-006	0.00000E+000	...........	1468.24
	730	371.592	8.14499E-006	8.13792E-006	0.00000E+000	...........	1468.24
	731	372.1	8.35941E-006	7.41728E-006	0.00000E+000	...........	1468.24
	732	372.608	8.36389E-006	8.46923E-006	0.00000E+000	...........	1468.24
	733	373.117	8.18370E-006	6.17412E-006	0.00000E+000	...........	1468.24
	734	373.625	7.88993E-006	6.73001E-006	0.00000E+000	...........	1468.24
	735	374.133	7.50251E-006	6.88999E-006	0.00000E+000	...........	1468.24
	736	374.642	7.13777E-006	7.76487E-006	0.00000E+000	...........	1468.24
	737	375.15	6.97776E-006	7.03472E-006	0.00000E+000	...........	1468.24
	738	375.658	7.00699E-006	5.80912E-006	0.00000E+000	...........	1468.24
	739	376.167	6.99915E-006	6.66528E-006	0.00000E+000	...........	1468.24
	740	376.675	6.81128E-006	5.36216E-006	0.00000E+000	...........	1468.24
	741	377.183	6.51954E-006	6.80063E-006	0.00000E+000	...........	1468.24
	742	377.692	6.28888E-006	6.48180E-006	0.00000E+000	...........	1468.24
	743	378.2	6.23843E-006	6.99479E-006	0.00000E+000	...........	1468.24
	744	378.708	6.36946E-006	7.01533E-006	0.00000E+000	...........	1468.34
	745	379.217	6.57240E-006	6.21568E-006	0.00000E+000	...........	1468.34
	746	379.725	6.69798E-006	6.14850E-006	0.00000E+000	...........	1468.24
	747	380.233	6.64933E-006	5.90260E-006	0.00000E+000	...........	1468.24
	748	380.742	6.45536E-006	5.91195E-006	0.00000E+000	...........	1468.24
	749	381.25	6.19985E-006	4.55562E-006	0.00000E+000	...........	1468.24
	750	381.758	5.91592E-006	6.02316E-006	0.00000E+000	...........	1468.34
	751	382.267	5.66594E-006	6.14324E-006	0.00000E+000	...........	1468.34
	752	382.775	5.57539E-006	5.57390E-006	0.00000E+000	...........	1468.34
	753	383.283	5.61039E-006	3.89051E-006	0.00000E+000	...........	1468.34
	754	383.792	5.52809E-006	4.49682E-006	0.00000E+000	...........	1468.24
	755	384.3	5.22456E-006	5.32963E-006	0.00000E+000	...........	1468.24
	756	384.808	4.91678E-006	5.25358E-006	0.00000E+000	...........	1468.34
	757	385.317	4.83255E-006	5.04086E-006	0.00000E+000	...........	1468.34
	758	385.825	4.92607E-006	4.75832E-006	0.00000E+000	...........	1468.24
	759	386.333	5.05787E-006	7.32645E-006	0.00000E+000	...........	1468.24
	760	386.842	5.25430E-006	5.35724E-006	0.00000E+000	...........	1468.34
	761	387.35	5.54801E-006	5.82260E-006	0.00000E+000	...........	1468.34
	762	387.858	5.78532E-006	5.47731E-006	0.00000E+000	...........	1468.24
	763	388.367	5.83765E-006	5.67787E-006	0.00000E+000	...........	1468.24
	764	388.875	5.77047E-006	5.88995E-006	0.00000E+000	...........	1468.34
	765	389.383	5.72888E-006	6.69386E-006	0.00000E+000	...........	1468.34
	766	389.892	5.81913E-006	6.55901E-006	0.00000E+000	...........	1468.34
	767	390.4	6.02168E-006	5.45661E-006	0.00000E+000	...........	1468.34
	768	390.908	6.16212E-006	5.35231E-006	0.00000E+000	...........	1468.34
	769	391.417	6.09350E-006	5.80501E-006	0.00000E+000	...........	1468.34
	770	391.925	5.88664E-006	5.64733E-006	0.00000E+000	...........	1468.34
	771	392.433	5.68711E-006	4.13018E-006	0.00000E+000	...........	1468.34
	772	392.942	5.48294E-006	4.92851E-006	0.00000E+000	...........	1468.24
	773	393.45	5.21658E-006	4.83569E-006	0.00000E+000	...........	1468.24
	774	393.958	4.99564E-006	6.33593E-006	0.00000E+000	...........	1468.34
	775	394.467	5.01123E-006	6.37470E-006	0.00000E+000	...........	1468.34
	776	394.975	5.30904E-006	6.08641E-006	0.00000E+000	...........	1468.34
	777	395.483	5.72809E-006	6.72178E-006	0.00000E+000	...........	1468.34
	778	395.992	6.06757E-006	5.65686E-006	0.00000E+000	...........	1468.24
	779	396.5	6.23883E-006	6.57904E-006	0.00000E+000	...........	1468.24
	780	397.008	6.29326E-006	7.25056E-006	0.00000E+000	...........	1468.24
	781	397.517	6.38722E-006	7.36522E-006	0.00000E+000	...........	1468.24
	782	398.025	6.61649E-006	7.05245E-006	0.00000E+000	...........	1468.24
	783	398.533	6.88241E-006	6.52220E-006	0.00000E+000	...........	1468.24
	784	399.042	7.01729E-006	6.88589E-006	0.00000E+000	...........	1468.34
	785	399.55	6.97058E-006	5.96140E-006	0.00000E+000	...........	1468.27
	786	400.058	6.79308E-006	5.94334E-006	0.00000E+000	...........	1467.88
	787	400.567	6.51572E-006	4.65631E-006	0.00000E+000	...........	1468.00
	788	401.075	6.13630E-006	5.21679E-006	0.00000E+000	...........	1468.24
	789	401.583	5.71672E-006	5.52248E-006	0.00000E+000	...........	1468.24
	790	402.092	5.43580E-006	6.98001E-006	0.00000E+000	...........	1468.24
	791	402.6	5.46571E-006	6.31129E-006	0.00000E+000	...........	1468.24
	792	403.108	5.75070E-006	5.35609E-006	0.00000E+000	...........	1468.24
	793	403.617	6.00676E-006	5.81702E-006	0.00000E+000	...........	1468.24
	794	404.125	6.03145E-006	5.37842E-006	0.00000E+000	...........	1468.24
	795	404.633	5.85033E-006	3.98201E-006	0.00000E+000	...........	1468.24
	796	405.142	5.52643E-006	4.45542E-006	0.00000E+000	...........	1468.24
	797	405.65	5.08764E-006	3.35451E-006	0.00000E+000	...........	1468.24
	798	406.158	4.62927E-006	4.96989E-006	0.00000E+000	...........	1468.24
	799	406.667	4.30822E-006	4.21149E-006	0.00000E+000	...........	1468.24
	800	407.175	4.21841E-006	4.84227E-006	0.00000E+000	...........	1468.24
	801	407.683	4.33826E-006	6.15688E-006	0.00000E+000	...........	1468.24
	802	408.192	4.63839E-006	6.14110E-006	0.00000E+000	...........	1468.24
	803	408.7	5.08511E-006	5.76379E-006	0.00000E+000	...........	1468.24
	804	409.208	5.49151E-006	3.91597E-006	0.00000E+000	...........	1468.24
	805	409.717	5.57145E-006	3.76945E-006	0.00000E+000	...........	1468.34
	806	410.225	5.22268E-006	3.82333E-006	0.00000E+000	...........	1468.34
	807	410.733	4.67681E-006	4.92801E-006	0.00000E+000	...........	1468.24
	808	411.242	4.28294E-006	3.87047E-006	0.00000E+000	...........	1468.24
	809	411.75	4.14731E-006	3.54736E-006	0.00000E+000	...........	1468.34
	810	412.258	4.11173E-006	4.51077E-006	0.00000E+000	...........	1468.34
	811	412.767	4.07620E-006	4.47250E-006	0.00000E+000	...........	1468.24
	812	413.275	4.10326E-006	4.41648E-006	0.00000E+000	...........	1468.24
	813	413.783	4.20963E-006	4.17436E-006	0.00000E+000	...........	1468.24
	814	414.292	4.30198E-006	4.07794E-006	0.00000E+000	...........	1468.24
	815	414.8	4.30297E-006	3.81380E-006	0.00000E+000	...........	1468.34
	816	415.308	4.21796E-006	4.16335E-006	0.00000E+000	...........	1468.34
	817	415.817	4.10610E-006	3.72789E-006	0.00000E+000	...........	1468.24
	818	416.325	4.02102E-006	4.24351E-006	0.00000E+000	...........	1468.24
	819	416.833	3.99661E-006	4.65664E-006	0.00000E+000	...........	1468.34
	820	417.342	4.07198E-006	4.80219E-006	0.00000E+000	...........	1468.34
	821	417.85	4.24032E-006	4.04738E-006	0.00000E+000	...........	1468.24
	822	418.358	4.38580E-006	3.83827E-006	0.00000E+000	...........	1468.24
	823	418.867	4.38222E-006	3.97198E-006	0.00000E+000	...........	1468.34
	824	419.375	4.24948E-006	4.34043E-006	0.00000E+000	...........	1468.34
	825	419.883	4.12223E-006	4.00122E-006	0.00000E+000	...........	1468.34
	826	420.392	4.09414E-006	4.95348E-006	0.00000E+000	...........	1468.34
	827	420.9	4.16923E-006	4.13215E-006	0.00000E+000	...........	1468.34
	828	421.408	4.25743E-006	2.69039E-006	0.00000E+000	...........	1468.34
	829	421.917	4.17350E-006	2.69942E-006	0.00000E+000	...........	1468.24
	830	422.425	3.82271E-006	2.81294E-006	0.00000E+000	...........	1468.24
	831	422.933	3.35471E-006	2.68760E-006	0.00000E+000	...........	1468.24
	832	423.442	3.00127E-006	3.50630E-006	0.00000E+000	...........	1468.24
	833	423.95	2.87009E-006	2.86631E-006	0.00000E+000	...........	1468.24
	834	424.458	2.91435E-006	3.25875E-006	0.00000E+000	...........	1468.24
	835	424.967	3.00242E-006	2.48194E-006	0.00000E+000	...........	1468.24
	836	425.475	3.04234E-006	3.89298E-006	0.00000E+000	...........	1468.24
	837	425.983	3.08987E-006	4.42519E-006	0.00000E+000	...........	1468.24
	838	426.492	3.29312E-006	4.81483E-006	0.00000E+000	...........	1468.24
	839	427	3.68294E-006	4.26947E-006	0.00000E+000	...........	1468.34
	840	427.508	4.10912E-006	5.10689E-006	0.00000E+000	...........	1468.34
	841	428.017	4.42634E-006	4.44409E-006	0.00000E+000	...........	1468.24
	842	428.525	4.61558E-006	5.16077E-006	0.00000E+000	...........	1468.24
	843	429.033	4.73931E-006	5.47338E-006	0.00000E+000	...........	1468.24
	844	429.542	4.86407E-006	4.56285E-006	0.00000E+000	...........	1468.24
	845	430.05	4.98714E-006	5.62186E-006	0.00000E+000	...........	1468.24
	846	430.558	5.08244E-006	5.52594E-006	0.00000E+000	...........	1468.20
	847	431.067	5.17238E-006	4.83849E-006	0.00000E+000	...........	1468.06
	848	431.575	5.21599E-006	3.76846E-006	0.00000E+000	...........	1468.14
	849	432.083	5.06116E-006	3.00430E-006	0.00000E+000	...........	1468.24
	850	432.592	4.63569E-006	3.48921E-006	0.00000E+000	...........	1468.19
	851	433.1	4.08123E-006	3.03961E-006	0.00000E+000	...........	1468.15
	852	433.608	3.62002E-006	3.45488E-006	0.00000E+000	...........	1468.22
	853	434.117	3.36858E-006	3.74940E-006	0.00000E+000	...........	1468.24
	854	434.625	3.30843E-006	2.82016E-006	0.00000E+000	...........	1468.16
	855	435.133	3.32181E-006	3.05686E-006	0.00000E+000	...........	1468.15
	856	435.642	3.29682E-006	3.69323E-006	0.00000E+000	...........	1468.15
	857	436.15	3.25704E-006	3.35419E-006	0.00000E+000	...........	1468.15
	858	436.658	3.29423E-006	4.25387E-006	0.00000E+000	...........	1468.24
	859	437.167	3.43610E-006	3.89873E-006	0.00000E+000	...........	1468.24
	860	437.675	3.62569E-006	3.32166E-006	0.00000E+000	...........	1468.24
	861	438.183	3.74599E-006	3.42663E-006	0.00000E+000	...........	1468.24
	862	438.692	3.70514E-006	2.55388E-006	0.00000E+000	...........	1468.24
	863	439.2	3.51327E-006	3.10319E-006	0.00000E+000	...........	1468.24
	864	439.708	3.27817E-006	3.67384E-006	0.00000E+000	...........	1468.24
	865	440.217	3.13823E-006	2.78615E-006	0.00000E+000	...........	1468.24
	866	440.725	3.10522E-006	2.28744E-006	0.00000E+000	...........	1468.24
	867	441.233	3.04738E-006	2.98508E-006	0.00000E+000	...........	1468.24
	868	441.742	2.90528E-006	2.23931E-006	0.00000E+000	...........	1468.24
	869	442.25	2.74299E-006	2.45975E-006	0.00000E+000	...........	1468.24
	870	442.758	2.57864E-006	9.25356E-007	0.00000E+000	...........	1468.24
	871	443.267	2.33523E-006	1.24486E-006	0.00000E+000	...........	1468.24
	872	443.775	1.98857E-006	1.80730E-006	0.00000E+000	...........	1468.34
	873	444.283	1.67547E-006	1.81912E-006	0.00000E+000	...........	1468.34
	874	444.792	1.55801E-006	2.26084E-006	0.00000E+000	...........	1468.24
	875	445.3	1.66497E-006	3.01070E-006	0.00000E+000	...........	1468.24
	876	445.808	1.94600E-006	3.27616E-006	0.00000E+000	...........	1468.34
	877	446.317	2.34097E-006	3.45653E-006	0.00000E+000	...........	1468.34
	878	446.825	2.73281E-006	2.04219E-006	0.00000E+000	...........	1468.24
	879	447.333	2.92820E-006	1.59868E-006	0.00000E+000	...........	1468.24
	880	447.842	2.81227E-006	2.66886E-006	0.00000E+000	...........	1468.24
	881	448.35	2.52832E-006	2.40029E-006	0.00000E+000	...........	1468.24
	882	448.858	2.31727E-006	1.58931E-006	0.00000E+000	...........	1468.24
	883	449.367	2.20825E-006	1.66275E-006	0.00000E+000	...........	1468.24
	884	449.875	2.07388E-006	1.29676E-006	0.00000E+000	...........	1468.34
	885	450.383	1.87520E-006	1.72320E-006	0.00000E+000	...........	1468.34
	886	450.892	1.71684E-006	3.01547E-006	0.00000E+000	...........	1468.24
	887	451.4	1.73275E-006	1.71991E-006	0.00000E+000	...........	1468.24
	888	451.908	1.90846E-006	2.28547E-006	0.00000E+000	...........	1468.24
	889	452.417	2.11717E-006	3.94390E-006	0.00000E+000	...........	1468.24
	890	452.925	2.37898E-006	4.16483E-006	0.00000E+000	...........	1468.24
	891	453.433	2.79050E-006	3.08658E-006	0.00000E+000	...........	1468.24
	892	453.942	3.22570E-006	3.18779E-006	0.00000E+000	...........	1468.34
	893	454.45	3.45162E-006	3.25842E-006	0.00000E+000	...........	1468.34
	894	454.958	3.44848E-006	3.56395E-006	0.00000E+000	...........	1468.24
	895	455.467	3.39232E-006	4.00813E-006	0.00000E+000	...........	1468.24
	896	455.975	3.43606E-006	4.10504E-006	0.00000E+000	...........	1468.24
	897	456.483	3.60386E-006	4.18224E-006	0.00000E+000	...........	1468.24
	898	456.992	3.81717E-006	3.91647E-006	0.00000E+000	...........	1468.24
	899	457.5	3.94398E-006	2.27660E-006	0.00000E+000	...........	1468.24
	900	458.008	3.84416E-006	2.67429E-006	0.00000E+000	...........	1468.34
	901	458.517	3.51948E-006	3.69488E-006	0.00000E+000	...........	1468.34
	902	459.025	3.20401E-006	3.45932E-006	0.00000E+000	...........	1467.88
	903	459.533	3.11603E-006	3.37801E-006	0.00000E+000	...........	1467.88
	904	460.042	3.22157E-006	3.76206E-006	0.00000E+000	...........	1467.79
	905	460.55	3.35826E-006	2.74854E-006	0.00000E+000	...........	1467.81
	906	461.058	3.38983E-006	2.24407E-006	0.00000E+000	...........	1467.88
	907	461.567	3.22550E-006	1.90865E-006	0.00000E+000	...........	1468.00
	908	462.075	2.88852E-006	2.49852E-006	0.00000E+000	...........	1468.24
	909	462.583	2.53546E-006	1.97928E-006	0.00000E+000	...........	1468.24
	910	463.092	2.29148E-006	1.66488E-006	0.00000E+000	...........	1468.24
	911	463.6	2.11446E-006	8.39449E-007	0.00000E+000	...........	1468.24
	912	464.108	1.88190E-006	9.36030E-007	0.00000E+000	...........	1468.24
	913	464.617	1.57008E-006	1.27689E-006	0.00000E+000	...........	1468.24
	914	465.125	1.26126E-006	-3.44895E-007	0.00000E+000	...........	1468.24
	915	465.633	9.81799E-007	4.72151E-007	0.00000E+000	...........	1468.24
	916	466.142	7.09955E-007	7.53040E-007	0.00000E+000	...........	1468.24
	917	466.65	5.28434E-007	1.28905E-006	0.00000E+000	...........	1468.24
	918	467.158	5.58669E-007	1.66504E-006	0.00000E+000	...........	1468.24
	919	467.667	8.03866E-007	1.94347E-006	0.00000E+000	...........	1468.24
	920	468.175	1.15215E-006	1.48106E-006	0.00000E+000	...........	1468.24
	921	468.683	1.43649E-006	6.61057E-007	0.00000E+000	...........	1468.34
	922	469.192	1.51722E-006	1.37544E-006	0.00000E+000	...........	1468.34
	923	469.7	1.39402E-006	2.96386E-007	0.00000E+000	...........	1468.24
	924	470.208	1.17519E-006	8.26476E-007	0.00000E+000	...........	1468.24
	925	470.717	9.66500E-007	1.24271E-006	0.00000E+000	...........	1468.24
	926	471.225	8.41051E-007	2.10806E-007	0.00000E+000	...........	1468.24
	927	471.733	7.88261E-007	6.18515E-007	0.00000E+000	...........	1468.34
	928	472.242	7.40255E-007	1.16092E-006	0.00000E+000	...........	1468.34
	929	472.75	7.08892E-007	7.30048E-007	0.00000E+000	...........	1468.34
	930	473.258	7.40280E-007	9.03172E-007	0.00000E+000	...........	1468.34
	931	473.767	8.09172E-007	1.17702E-006	0.00000E+000	...........	1468.24
	932	474.275	8.88929E-007	1.40863E-006	0.00000E+000	...........	1468.24
	933	474.783	1.01672E-006	2.31701E-006	0.00000E+000	...........	1468.34
	934	475.292	1.26413E-006	3.12339E-006	0.00000E+000	...........	1468.34
	935	475.8	1.65209E-006	1.82110E-006	0.00000E+000	...........	1468.24
	936	476.308	2.05400E-006	2.51660E-006	0.00000E+000	...........	1468.24
	937	476.817	2.29644E-006	2.13977E-006	0.00000E+000	...........	1468.24
	938	477.325	2.35546E-006	2.26494E-006	0.00000E+000	...........	1468.24
	939	477.833	2.32130E-006	2.08146E-006	0.00000E+000	...........	1468.24
	940	478.342	2.25069E-006	1.54317E-006	0.00000E+000	...........	1468.24
	941	478.85	2.13269E-006	1.46792E-006	0.00000E+000	...........	1468.24
	942	479.358	1.96752E-006	2.29845E-006	0.00000E+000	...........	1468.24
	943	479.867	1.83742E-006	1.84409E-006	0.00000E+000	...........	1468.34
	944	480.375	1.81220E-006	1.68213E-006	0.00000E+000	...........	1468.34
	945	480.883	1.82774E-006	1.14350E-006	0.00000E+000	...........	1468.24
	946	481.392	1.77911E-006	1.89764E-006	0.00000E+000	...........	1468.24
	947	481.9	1.69386E-006	2.40358E-006	0.00000E+000	...........	1468.24
	948	482.408	1.69538E-006	1.73453E-006	0.00000E+000	...........	1468.24
	949	482.917	1.79556E-006	1.59852E-006	0.00000E+000	...........	1468.34
	950	483.425	1.87709E-006	2.18182E-006	0.00000E+000	...........	1468.34
	951	483.933	1.90647E-006	2.59890E-006	0.00000E+000	...........	1468.24
	952	484.442	1.96725E-006	1.85116E-006	0.00000E+000	...........	1468.24
	953	484.95	2.06572E-006	1.86577E-006	0.00000E+000	...........	1468.24
	954	485.458	2.11115E-006	2.17426E-006	0.00000E+000	...........	1468.24
	955	485.967	2.10619E-006	3.16988E-006	0.00000E+000	...........	1468.24
	956	486.475	2.19530E-006	3.70933E-006	0.00000E+000	...........	1468.24
	957	486.983	2.48811E-006	3.61454E-006	0.00000E+000	...........	1468.24
	958	487.492	2.90353E-006	3.08052E-006	0.00000E+000	...........	1468.24
	959	488	3.25166E-006	4.10849E-006	0.00000E+000	...........	1468.24
	960	488.508	3.45163E-006	3.37193E-006	0.00000E+000	...........	1468.24
	961	489.017	3.53490E-006	2.64670E-006	0.00000E+000	...........	1468.24
	962	489.525	3.47604E-006	2.19595E-006	0.00000E+000	...........	1468.24
	963	490.033	3.22482E-006	2.18740E-006	0.00000E+000	...........	1468.24
	964	490.542	2.85277E-006	2.21517E-006	0.00000E+000	...........	1468.21
	965	491.05	2.49020E-006	9.76775E-007	0.00000E+000	...........	1467.79
	966	491.558	2.14755E-006	4.82170E-007	0.00000E+000	...........	1467.86
	967	492.067	1.77525E-006	2.45269E-006	0.00000E+000	...........	1468.06
	968	492.575	1.48133E-006	1.53478E-006	0.00000E+000	...........	1468.14
	969	493.083	1.43407E-006	2.49951E-006	0.00000E+000	...........	1468.24
	970	493.592	1.62014E-006	2.45631E-006	0.00000E+000	...........	1468.24
	971	494.1	1.88499E-006	1.47498E-006	0.00000E+000	...........	1468.24
	972	494.608	2.06059E-006	1.84360E-006	0.00000E+000	...........	1468.24
	973	495.117	2.08261E-006	2.93383E-006	0.00000E+000	...........	1468.24
	974	495.625	2.08049E-006	2.60562E-006	0.00000E+000	...........	1468.24
	975	496.133	2.22912E-006	4.22364E-006	0.00000E+000	...........	1468.24
	976	496.642	2.56205E-006	3.06524E-006	0.00000E+000	...........	1468.24
	977	497.15	2.95241E-006	2.99592E-006	0.00000E+000	...........	1468.24
	978	497.658	3.20943E-006	3.17415E-006	0.00000E+000	...........	1468.24
	979	498.167	3.27893E-006	3.92040E-006	0.00000E+000	...........	1468.24
	980	498.675	3.28645E-006	2.90787E-006	0.00000E+000	...........	1468.24
	981	499.183	3.32516E-006	3.83400E-006	0.00000E+000	...........	1468.24
	982	499.692	3.38719E-006	3.78078E-006	0.00000E+000	...........	1468.24
	983	500.2	3.46785E-006	3.42695E-006	0.00000E+000	...........	1468.24
	984	500.708	3.54939E-006	3.47361E-006	0.00000E+000	...........	1468.24
	985	501.217	3.55834E-006	2.30338E-006	0.00000E+000	...........	1468.24
	986	501.725	3.42644E-006	2.82262E-006	0.00000E+000	...........	1468.24
	987	502.233	3.17675E-006	2.73933E-006	0.00000E+000	...........	1468.24
	988	502.742	2.92035E-006	2.25509E-006	0.00000E+000	...........	1468.24
	989	503.25	2.72796E-006	2.41196E-006	0.00000E+000	...........	1468.24
	990	503.758	2.58693E-006	2.52694E-006	0.00000E+000	...........	1468.24
	991	504.267	2.50921E-006	3.39327E-006	0.00000E+000	...........	1468.24
	992	504.775	2.55275E-006	2.89129E-006	0.00000E+000	...........	1468.24
	993	505.283	2.69709E-006	2.35003E-006	0.00000E+000	...........	1468.24
	994	505.792	2.78856E-006	1.77362E-006	0.00000E+000	...........	1468.24
	995	506.3	2.68867E-006	1.97403E-006	0.00000E+000	...........	1468.24
	996	506.808	2.42651E-006	1.65043E-006	0.00000E+000	...........	1468.34
	997	507.317	2.13336E-006	1.50653E-006	0.00000E+000	...........	1468.34
	998	507.825	1.88619E-006	1.22465E-006	0.00000E+000	...........	1468.24
	999	508.333	1.67028E-006	7.27909E-007	0.00000E+000	...........	1468.24
	1000	508.842	1.42956E-006	1.47236E-007	0.00000E+000	...........	1468.24
	1001	509.35	1.15724E-006	2.06487E-006	0.00000E+000	...........	1468.24
	1002	509.858	9.65026E-007	5.69060E-007	0.00000E+000	...........	1468.24
	1003	510.367	9.40376E-007	1.24321E-006	0.00000E+000	...........	1468.24
	1004	510.875	9.95282E-007	5.19954E-007	0.00000E+000	...........	1468.24
	1005	511.383	1.00321E-006	1.05019E-006	0.00000E+000	...........	1468.24
	1006	511.892	9.58389E-007	1.11197E-006	0.00000E+000	...........	1468.24
	1007	512.4	9.50636E-007	2.02643E-006	0.00000E+000	...........	1468.24
	1008	512.908	1.07973E-006	2.29730E-006	0.00000E+000	...........	1468.24
	1009	513.417	1.34349E-006	8.57683E-007	0.00000E+000	...........	1468.24
	1010	513.925	1.57692E-006	1.46301E-006	0.00000E+000	...........	1468.34
	1011	514.433	1.60472E-006	3.81806E-007	0.00000E+000	...........	1468.34
	1012	514.942	1.43942E-006	1.85970E-006	0.00000E+000	...........	1468.24
	1013	515.45	1.27347E-006	2.17147E-006	0.00000E+000	...........	1468.24
	1014	515.958	1.29602E-006	1.67096E-006	0.00000E+000	...........	1468.24
	1015	516.467	1.46631E-006	3.69153E-007	0.00000E+000	...........	1468.24
	1016	516.975	1.52729E-006	5.39498E-007	0.00000E+000	...........	1468.24
	1017	517.483	1.33563E-006	9.46391E-007	0.00000E+000	...........	1468.24
	1018	517.992	1.02790E-006	3.90515E-007	0.00000E+000	...........	1468.34
	1019	518.5	7.90779E-007	6.61385E-007	0.00000E+000	...........	1468.34
	1020	519.008	6.54357E-007	9.87711E-008	0.00000E+000	...........	1468.24
	1021	519.517	5.88023E-007	2.11052E-006	0.00000E+000	...........	1468.24
	1022	520.025	6.48202E-007	1.38267E-006	0.00000E+000	...........	1468.24
	1023	520.533	9.11767E-007	2.96586E-006	0.00000E+000	...........	1468.24
	1024	521.042	1.32257E-006	1.08387E-006	0.00000E+000	...........	1468.24
	1025	521.55	1.68212E-006	1.57108E-006	0.00000E+000	...........	1468.19
	1026	522.058	1.80014E-006	7.19039E-007	0.00000E+000	...........	1467.88
	1027	522.567	1.64506E-006	4.53743E-007	0.00000E+000	...........	1468.00
	1028	523.075	1.31640E-006	2.08172E-007	0.00000E+000	...........	1468.24
	1029	523.583	9.29012E-007	-4.56130E-008	0.00000E+000	...........	1468.24
	1030	524.092	5.63659E-007	-2.52920E-007	0.00000E+000	...........	1468.24
	1031	524.6	2.74257E-007	6.25405E-007	0.00000E+000	...........	1468.24
	1032	525.108	1.16698E-007	1.54301E-007	0.00000E+000	...........	1468.24
	1033	525.617	9.59832E-008	-3.52127E-007	0.00000E+000	...........	1468.24
	1034	526.125	1.41040E-007	1.72172E-006	0.00000E+000	...........	1468.24
	1035	526.633	2.51780E-007	8.76076E-007	0.00000E+000	...........	1468.24
	1036	527.142	4.77877E-007	7.85731E-007	0.00000E+000	...........	1468.24
	1037	527.65	7.37168E-007	1.23631E-006	0.00000E+000	...........	1468.24
	1038	528.158	9.33090E-007	2.11415E-006	0.00000E+000	...........	1468.24
	1039	528.667	1.13689E-006	2.44284E-006	0.00000E+000	...........	1468.34
	1040	529.175	1.45231E-006	2.49196E-006	0.00000E+000	...........	1468.34
	1041	529.683	1.83006E-006	1.89699E-006	0.00000E+000	...........	1468.24
	1042	530.192	2.10543E-006	1.74833E-006	0.00000E+000	...........	1468.24
	1043	530.7	2.15053E-006	7.89354E-007	0.00000E+000	...........	1468.24
	1044	531.208	1.97140E-006	1.93213E-006	0.00000E+000	...........	1468.24
	1045	531.717	1.71688E-006	1.58406E-006	0.00000E+000	...........	1468.34
	1046	532.225	1.57067E-006	2.10922E-006	0.00000E+000	...........	1468.34
	1047	532.733	1.61238E-006	2.80356E-006	0.00000E+000	...........	1468.24
	1048	533.242	1.82294E-006	2.69860E-006	0.00000E+000	...........	1468.24
	1049	533.75	2.09867E-006	9.81367E-007	0.00000E+000	...........	1468.24
	1050	534.258	2.23183E-006	1.58226E-006	0.00000E+000	...........	1468.24
	1051	534.767	2.07335E-006	1.26536E-007	0.00000E+000	...........	1468.24
	1052	535.275	1.68099E-006	9.10084E-007	0.00000E+000	...........	1468.24
	1053	535.783	1.24357E-006	1.07779E-006	0.00000E+000	...........	1468.24
	1054	536.292	9.70241E-007	2.12745E-006	0.00000E+000	...........	1468.24
	1055	536.8	9.78234E-007	1.22153E-006	0.00000E+000	...........	1468.24
	1056	537.308	1.15767E-006	2.45956E-007	0.00000E+000	...........	1468.24
	1057	537.817	1.25856E-006	1.60559E-006	0.00000E+000	...........	1468.24
	1058	538.325	1.20662E-006	1.32764E-006	0.00000E+000	...........	1468.24
	1059	538.833	1.14497E-006	8.97599E-007	0.00000E+000	...........	1468.24
	1060	539.342	1.13776E-006	7.85243E-007	0.00000E+000	...........	1468.24
	1061	539.85	1.12439E-006	1.80746E-006	0.00000E+000	...........	1468.34
	1062	540.358	1.12138E-006	1.33504E-006	0.00000E+000	...........	1468.34
	1063	540.867	1.16609E-006	3.73402E-008	0.00000E+000	...........	1468.34
	1064	541.375	1.15077E-006	5.05330E-007	0.00000E+000	...........	1468.34
	1065	541.883	9.46950E-007	-8.82217E-007	0.00000E+000	...........	1468.24
	1066	542.392	5.73778E-007	-2.29920E-007	0.00000E+000	...........	1468.24
	1067	542.9	1.54752E-007	-5.07527E-007	0.00000E+000	...........	1468.34
	1068	543.408	-1.52363E-007	9.60514E-007	0.00000E+000	...........	1468.34
	1069	543.917	-1.97186E-007	1.25258E-006	0.00000E+000	...........	1468.34
	1070	544.425	5.68045E-008	7.81460E-007	0.00000E+000	...........	1468.34
	1071	544.933	4.54159E-007	1.09932E-006	0.00000E+000	...........	1468.24
	1072	545.442	7.46535E-007	-7.29451E-007	0.00000E+000	...........	1468.24
	1073	545.95	7.64567E-007	1.47069E-007	0.00000E+000	...........	1468.34
	1074	546.458	5.09353E-007	-1.06701E-006	0.00000E+000	...........	1468.34
	1075	546.967	1.25900E-007	-2.54069E-007	0.00000E+000	...........	1468.34
	1076	547.475	-2.31399E-007	-1.22684E-006	0.00000E+000	...........	1468.34
	1077	547.983	-5.01117E-007	-7.74955E-007	0.00000E+000	...........	1468.24
	1078	548.492	-7.02547E-007	-1.44663E-006	0.00000E+000	...........	1468.24
	1079	549	-8.73295E-007	-1.10808E-006	0.00000E+000	...........	1468.24
	1080	549.508	-1.02342E-006	-1.26528E-006	0.00000E+000	...........	1468.24
	1081	550.017	-1.12370E-006	-5.93267E-007	0.00000E+000	...........	1468.06
	1082	550.525	-1.15912E-006	-2.39838E-006	0.00000E+000	...........	1468.06
	1083	551.033	-1.22037E-006	-2.14788E-006	0.00000E+000	...........	1467.97
	1084	551.542	-1.41675E-006	-1.75956E-006	0.00000E+000	...........	1467.97
	1085	552.05	-1.69223E-006	-2.31050E-006	0.00000E+000	...........	1467.97
	1086	552.558	-1.89309E-006	-1.14307E-006	0.00000E+000	...........	1467.99
	1087	553.067	-1.93162E-006	-1.46125E-006	0.00000E+000	...........	1468.06
	1088	553.575	-1.82555E-006	-1.95979E-006	0.00000E+000	...........	1468.10
	1089	554.083	-1.69481E-006	-1.72227E-006	0.00000E+000	...........	1468.15
	1090	554.592	-1.65707E-006	-2.00727E-006	0.00000E+000	...........	1468.21
	1091	555.1	-1.72878E-006	-2.64626E-006	0.00000E+000	...........	1468.24
	1092	555.608	-1.88710E-006	-2.44405E-006	0.00000E+000	...........	1468.24
	1093	556.117	-2.11495E-006	-3.21413E-006	0.00000E+000	...........	1468.24
	1094	556.625	-2.36537E-006	-2.09680E-006	0.00000E+000	...........	1468.24
	1095	557.133	-2.53820E-006	-1.93828E-006	0.00000E+000	...........	1468.24
	1096	557.642	-2.53753E-006	-2.20800E-006	0.00000E+000	...........	1468.24
	1097	558.15	-2.37168E-006	-9.90301E-007	0.00000E+000	...........	1468.24
	1098	558.658	-2.10556E-006	-1.07737E-006	0.00000E+000	...........	1468.24
	1099	559.167	-1.76976E-006	-6.81161E-007	0.00000E+000	...........	1468.24
	1100	559.675	-1.43599E-006	-2.27124E-006	0.00000E+000	...........	1468.24
	1101	560.183	-1.25956E-006	-1.54946E-006	0.00000E+000	...........	1468.24
	1102	560.692	-1.32497E-006	-2.22329E-006	0.00000E+000	...........	1468.34
	1103	561.2	-1.54883E-006	-2.20603E-006	0.00000E+000	...........	1468.34
	1104	561.708	-1.80768E-006	-2.59665E-006	0.00000E+000	...........	1468.24
	1105	562.217	-2.04277E-006	-2.15938E-006	0.00000E+000	...........	1468.24
	1106	562.725	-2.20218E-006	-1.47949E-006	0.00000E+000	...........	1468.34
	1107	563.233	-2.22991E-006	-2.67517E-006	0.00000E+000	...........	1468.34
	1108	563.742	-2.17634E-006	-2.36504E-006	0.00000E+000	...........	1468.24
	1109	564.25	-2.17579E-006	-2.64133E-006	0.00000E+000	...........	1468.24
	1110	564.758	-2.27291E-006	-2.50663E-006	0.00000E+000	...........	1468.24
	1111	565.267	-2.39736E-006	-2.39510E-006	0.00000E+000	...........	1468.24
	1112	565.775	-2.48362E-006	-2.86802E-006	0.00000E+000	...........	1468.24
	1113	566.283	-2.55491E-006	-3.61017E-006	0.00000E+000	...........	1468.24
	1114	566.792	-2.68301E-006	-2.54639E-006	0.00000E+000	...........	1468.34
	1115	567.3	-2.85234E-006	-3.21659E-006	0.00000E+000	...........	1468.34
	1116	567.808	-2.96545E-006	-2.64856E-006	0.00000E+000	...........	1468.24
	1117	568.317	-2.98355E-006	-2.98498E-006	0.00000E+000	...........	1468.24
	1118	568.825	-2.93039E-006	-1.96276E-006	0.00000E+000	...........	1468.24
	1119	569.333	-2.80715E-006	-2.26565E-006	0.00000E+000	...........	1468.24
	1120	569.842	-2.60438E-006	-1.63340E-006	0.00000E+000	...........	1468.34
	1121	570.35	-2.34564E-006	-1.51021E-006	0.00000E+000	...........	1468.34
	1122	570.858	-2.08843E-006	-2.44028E-006	0.00000E+000	...........	1468.34
	1123	571.367	-1.92036E-006	-1.83331E-006	0.00000E+000	...........	1468.34
	1124	571.875	-1.88828E-006	-1.98723E-006	0.00000E+000	...........	1468.24
	1125	572.383	-1.92834E-006	-1.85582E-006	0.00000E+000	...........	1468.24
	1126	572.892	-1.94666E-006	-1.58182E-006	0.00000E+000	...........	1468.24
	1127	573.4	-1.91280E-006	-2.01564E-006	0.00000E+000	...........	1468.24
	1128	573.908	-1.85889E-006	-1.80457E-006	0.00000E+000	...........	1468.24
	1129	574.417	-1.82501E-006	-1.58298E-006	0.00000E+000	...........	1468.24
	1130	574.925	-1.78668E-006	-8.73835E-007	0.00000E+000	...........	1468.24
	1131	575.433	-1.67284E-006	-1.18726E-006	0.00000E+000	...........	1468.24
	1132	575.942	-1.45573E-006	3.07700E-008	0.00000E+000	...........	1468.24
	1133	576.45	-1.15904E-006	-4.62845E-007	0.00000E+000	...........	1468.24
	1134	576.958	-8.39560E-007	-6.35002E-007	0.00000E+000	...........	1468.24
	1135	577.467	-5.97328E-007	-5.41208E-007	0.00000E+000	...........	1468.24
	1136	577.975	-4.98457E-007	-6.47480E-007	0.00000E+000	...........	1468.34
	1137	578.483	-5.12390E-007	-8.41981E-007	0.00000E+000	...........	1468.34
	1138	578.992	-5.91196E-007	-1.38372E-006	0.00000E+000	...........	1468.24
	1139	579.5	-7.49542E-007	-2.20291E-006	0.00000E+000	...........	1468.24
	1140	580.008	-1.04795E-006	-2.97905E-006	0.00000E+000	...........	1468.34
	1141	580.517	-1.48932E-006	-1.77450E-006	0.00000E+000	...........	1468.34
	1142	581.025	-1.95343E-006	-3.68836E-006	0.00000E+000	...........	1468.24
	1143	581.533	-2.34550E-006	-3.40073E-006	0.00000E+000	...........	1468.24
	1144	582.042	-2.65921E-006	-1.17937E-006	0.00000E+000	...........	1467.79
	1145	582.55	-2.78936E-006	-2.18058E-006	0.00000E+000	...........	1467.81
	1146	583.058	-2.61816E-006	-1.28336E-006	0.00000E+000	...........	1467.88
	1147	583.567	-2.25829E-006	-1.87931E-006	0.00000E+000	...........	1468.00
	1148	584.075	-1.90204E-006	-2.06426E-007	0.00000E+000	...........	1468.24
	1149	584.583	-1.56640E-006	-7.99628E-009	0.00000E+000	...........	1468.24
	1150	585.092	-1.17021E-006	-5.24116E-007	0.00000E+000	...........	1468.24
	1151	585.6	-7.82659E-007	-1.60286E-006	0.00000E+000	...........	1468.24
	1152	586.108	-6.06225E-007	-7.64761E-007	0.00000E+000	...........	1468.24
	1153	586.617	-6.49019E-007	9.35215E-007	0.00000E+000	...........	1468.24
	1154	587.125	-6.73267E-007	-1.76745E-006	0.00000E+000	...........	1468.24
	1155	587.633	-5.98508E-007	-6.60453E-007	0.00000E+000	...........	1468.24
	1156	588.142	-6.06125E-007	-1.80260E-006	0.00000E+000	...........	1468.24
	1157	588.65	-7.92870E-007	-1.32934E-006	0.00000E+000	...........	1468.24
	1158	589.158	-1.05056E-006	-9.10142E-007	0.00000E+000	...........	1468.24
	1159	589.667	-1.22122E-006	-1.04533E-006	0.00000E+000	...........	1468.24
	1160	590.175	-1.24765E-006	-1.59135E-006	0.00000E+000	...........	1468.24
	1161	590.683	-1.22747E-006	-1.70025E-006	0.00000E+000	...........	1468.24
	1162	591.192	-1.27948E-006	-1.46437E-006	0.00000E+000	...........	1468.24
	1163	591.7	-1.40785E-006	-2.16956E-006	0.00000E+000	...........	1468.34
	1164	592.208	-1.54021E-006	-6.95771E-007	0.00000E+000	...........	1468.34
	1165	592.717	-1.57986E-006	-8.93386E-007	0.00000E+000	...........	1468.24
	1166	593.225	-1.47934E-006	-2.02008E-006	0.00000E+000	...........	1468.24
	1167	593.733	-1.35810E-006	-1.72079E-006	0.00000E+000	...........	1468.34
	1168	594.242	-1.35955E-006	-8.30143E-007	0.00000E+000	...........	1468.34
	1169	594.75	-1.41753E-006	-1.26004E-006	0.00000E+000	...........	1468.24
	1170	595.258	-1.39692E-006	-1.31752E-006	0.00000E+000	...........	1468.24
	1171	595.767	-1.33485E-006	-2.23905E-006	0.00000E+000	...........	1468.24
	1172	596.275	-1.39886E-006	-3.36016E-006	0.00000E+000	...........	1468.24
	1173	596.783	-1.70920E-006	-3.06973E-006	0.00000E+000	...........	1468.24
	1174	597.292	-2.20834E-006	-3.25979E-006	0.00000E+000	...........	1468.24
	1175	597.8	-2.68662E-006	-2.66482E-006	0.00000E+000	...........	1468.24
	1176	598.308	-2.95608E-006	-2.46344E-006	0.00000E+000	...........	1468.24
	1177	598.817	-2.95296E-006	-1.46946E-006	0.00000E+000	...........	1468.34
	1178	599.325	-2.72451E-006	-2.43157E-006	0.00000E+000	...........	1468.34
	1179	599.833	-2.41853E-006	-2.13441E-006	0.00000E+000	...........	1468.24
	1180	600.342	-2.20103E-006	-1.96703E-006	0.00000E+000	...........	1468.24
	1181	600.85	-2.11747E-006	-2.41859E-006	0.00000E+000	...........	1468.24
	1182	601.358	-2.11319E-006	-1.97326E-006	0.00000E+000	...........	1468.24
	1183	601.867	-2.12141E-006	-1.51842E-006	0.00000E+000	...........	1468.24
	1184	602.375	-2.06734E-006	-1.40557E-006	0.00000E+000	...........	1468.24
	1185	602.883	-1.91281E-006	-1.42675E-006	0.00000E+000	...........	1468.24
	1186	603.392	-1.73479E-006	-2.67977E-006	0.00000E+000	...........	1468.24
	1187	603.9	-1.69648E-006	-2.77899E-006	0.00000E+000	...........	1468.24
	1188	604.408	-1.87080E-006	-1.68975E-006	0.00000E+000	...........	1468.24
	1189	604.917	-2.09315E-006	-1.34084E-006	0.00000E+000	...........	1468.24
	1190	605.425	-2.11278E-006	-8.85011E-007	0.00000E+000	...........	1468.24
	1191	605.933	-1.88290E-006	-1.74527E-006	0.00000E+000	...........	1468.24
	1192	606.442	-1.57768E-006	-7.03163E-007	0.00000E+000	...........	1468.24
	1193	606.95	-1.33480E-006	-4.29827E-007	0.00000E+000	...........	1468.24
	1194	607.458	-1.11692E-006	-2.63921E-007	0.00000E+000	...........	1468.24
	1195	607.967	-8.79862E-007	-1.32919E-006	0.00000E+000	...........	1468.24
	1196	608.475	-7.35986E-007	-1.91545E-006	0.00000E+000	...........	1468.24
	1197	608.983	-8.43140E-007	-2.33761E-006	0.00000E+000	...........	1468.34
	1198	609.492	-1.18336E-006	-1.18381E-006	0.00000E+000	...........	1468.34
	1199	610	-1.53066E-006	-1.52646E-006	0.00000E+000	...........	1468.24
	1200	610.508	-1.69099E-006	-1.99659E-006	0.00000E+000	...........	1468.24
	1201	611.017	-1.69537E-006	-1.31867E-006	0.00000E+000	...........	1468.24
	1202	611.525	-1.67489E-006	-2.29786E-006	0.00000E+000	...........	1468.24
	1203	612.033	-1.69486E-006	-1.61056E-006	0.00000E+000	...........	1468.34
	1204	612.542	-1.75359E-006	-1.99807E-006	0.00000E+000	...........	1468.34
	1205	613.05	-1.84043E-006	-3.09191E-006	0.00000E+000	...........	1468.34
	1206	613.558	-2.00650E-006	-3.23401E-006	0.00000E+000	...........	1468.27
	1207	614.067	-2.31783E-006	-3.61723E-006	0.00000E+000	...........	1468.06
	1208	614.575	-2.71453E-006	-2.74252E-006	0.00000E+000	...........	1468.14
	1209	615.083	-3.02107E-006	-2.77192E-006	0.00000E+000	...........	1468.24
	1210	615.592	-3.11086E-006	-2.66482E-006	0.00000E+000	...........	1468.24
	1211	616.1	-3.00419E-006	-2.00595E-006	0.00000E+000	...........	1468.24
	1212	616.608	-2.78527E-006	-1.92168E-006	0.00000E+000	...........	1468.24
	1213	617.117	-2.50925E-006	-1.69961E-006	0.00000E+000	...........	1468.24
	1214	617.625	-2.20390E-006	-6.87396E-007	0.00000E+000	...........	1468.16
	1215	618.133	-1.86023E-006	-6.04770E-007	0.00000E+000	...........	1468.15
	1216	618.642	-1.47704E-006	-1.23966E-006	0.00000E+000	...........	1468.24
	1217	619.15	-1.11038E-006	1.04478E-006	0.00000E+000	...........	1468.24
	1218	619.658	-7.77544E-007	-8.20459E-007	0.00000E+000	...........	1468.24
	1219	620.167	-5.03599E-007	-1.66560E-006	0.00000E+000	...........	1468.24
	1220	620.675	-4.49620E-007	-1.44746E-006	0.00000E+000	...........	1468.24
	1221	621.183	-6.85003E-007	-1.05798E-006	0.00000E+000	...........	1468.24
	1222	621.692	-1.01596E-006	-1.62354E-006	0.00000E+000	...........	1468.34
	1223	622.2	-1.25061E-006	-1.58790E-006	0.00000E+000	...........	1468.34
	1224	622.708	-1.40629E-006	-2.68882E-006	0.00000E+000	...........	1468.24
	1225	623.217	-1.58507E-006	-1.48934E-006	0.00000E+000	...........	1468.24
	1226	623.725	-1.75581E-006	-5.65022E-007	0.00000E+000	...........	1468.24
	1227	624.233	-1.75072E-006	-1.10857E-006	0.00000E+000	...........	1468.24
	1228	624.742	-1.54526E-006	-2.10172E-006	0.00000E+000	...........	1468.34
	1229	625.25	-1.36485E-006	-1.59299E-006	0.00000E+000	...........	1468.34
	1230	625.758	-1.39389E-006	-2.41366E-006	0.00000E+000	...........	1468.24
	1231	626.267	-1.59405E-006	-2.06312E-006	0.00000E+000	...........	1468.24
	1232	626.775	-1.84392E-006	-2.60158E-006	0.00000E+000	...........	1468.24
	1233	627.283	-2.05074E-006	-1.37501E-006	0.00000E+000	...........	1468.24
	1234	627.792	-2.13430E-006	-1.81788E-006	0.00000E+000	...........	1468.24
	1235	628.3	-2.08011E-006	-2.53571E-006	0.00000E+000	...........	1468.24
	1236	628.808	-2.01024E-006	-2.32660E-006	0.00000E+000	...........	1468.24
	1237	629.317	-2.05280E-006	-2.50795E-006	0.00000E+000	...........	1468.24
	1238	629.825	-2.19329E-006	-2.63033E-006	0.00000E+000	...........	1468.24
	1239	630.333	-2.35027E-006	-2.66187E-006	0.00000E+000	...........	1468.24
	1240	630.842	-2.47592E-006	-2.39362E-006	0.00000E+000	...........	1468.24
	1241	631.35	-2.55690E-006	-3.11655E-006	0.00000E+000	...........	1468.24
	1242	631.858	-2.60798E-006	-2.20702E-006	0.00000E+000	...........	1468.34
	1243	632.367	-2.63733E-006	-2.68109E-006	0.00000E+000	...........	1468.34
	1244	632.875	-2.63130E-006	-2.61194E-006	0.00000E+000	...........	1468.34
	1245	633.383	-2.60703E-006	-2.68847E-006	0.00000E+000	...........	1468.34
	1246	633.892	-2.59412E-006	-2.22919E-006	0.00000E+000	...........	1468.24
	1247	634.4	-2.56368E-006	-1.88259E-006	0.00000E+000	...........	1468.24
	1248	634.908	-2.50131E-006	-4.19955E-006	0.00000E+000	...........	1468.24
	1249	635.417	-2.54728E-006	-4.12234E-006	0.00000E+000	...........	1468.24
	1250	635.925	-2.83476E-006	-2.68667E-006	0.00000E+000	...........	1468.24
	1251	636.433	-3.19693E-006	-3.10013E-006	0.00000E+000	...........	1468.24
	1252	636.942	-3.35356E-006	-2.98136E-006	0.00000E+000	...........	1468.34
	1253	637.45	-3.28827E-006	-3.37511E-006	0.00000E+000	...........	1468.34
	1254	637.958	-3.19768E-006	-3.95233E-006	0.00000E+000	...........	1468.24
	1255	638.467	-3.23532E-006	-3.69625E-006	0.00000E+000	...........	1468.24
	1256	638.975	-3.37994E-006	-2.71016E-006	0.00000E+000	...........	1468.24
	1257	639.483	-3.46150E-006	-2.78539E-006	0.00000E+000	...........	1468.24
	1258	639.992	-3.35967E-006	-2.92058E-006	0.00000E+000	...........	1468.24
	1259	640.5	-3.13584E-006	-2.25975E-006	0.00000E+000	...........	1468.24
	1260	641.008	-2.92750E-006	-3.76738E-006	0.00000E+000	...........	1468.24
	1261	641.517	-2.84565E-006	-3.18950E-006	0.00000E+000	...........	1468.24
	1262	642.025	-2.93896E-006	-3.79103E-006	0.00000E+000	...........	1468.24
	1263	642.533	-3.15486E-006	-3.83554E-006	0.00000E+000	...........	1468.24
	1264	643.042	-3.40777E-006	-4.32652E-006	0.00000E+000	...........	1468.15
	1265	643.55	-3.65693E-006	-3.94691E-006	0.00000E+000	...........	1468.14
	1266	644.058	-3.88390E-006	-4.82130E-006	0.00000E+000	...........	1468.06
	1267	644.567	-4.09840E-006	-5.07705E-006	0.00000E+000	...........	1468.12
	1268	645.075	-4.32287E-006	-3.93837E-006	0.00000E+000	...........	1468.24
	1269	645.583	-4.48656E-006	-3.91406E-006	0.00000E+000	...........	1468.24
	1270	646.092	-4.49600E-006	-5.17233E-006	0.00000E+000	...........	1468.24
	1271	646.6	-4.44175E-006	-4.91871E-006	0.00000E+000	...........	1468.24
	1272	647.108	-4.51388E-006	-5.84155E-006	0.00000E+000	...........	1468.24
	1273	647.617	-4.78047E-006	-6.35997E-006	0.00000E+000	...........	1468.24
	1274	648.125	-5.17965E-006	-5.74299E-006	0.00000E+000	...........	1468.24
	1275	648.633	-5.55721E-006	-4.89654E-006	0.00000E+000	...........	1468.24
	1276	649.142	-5.70663E-006	-4.50443E-006	0.00000E+000	...........	1468.24
	1277	649.65	-5.55700E-006	-5.45881E-006	0.00000E+000	...........	1468.24
	1278	650.158	-5.29217E-006	-5.53980E-006	0.00000E+000	...........	1468.24
	1279	650.667	-5.13912E-006	-4.35215E-006	0.00000E+000	...........	1468.24
	1280	651.175	-5.11420E-006	-5.94274E-006	0.00000E+000	...........	1468.24
	1281	651.683	-5.13584E-006	-5.16938E-006	0.00000E+000	...........	1468.24
	1282	652.192	-5.18745E-006	-5.00380E-006	0.00000E+000	...........	1468.24
	1283	652.7	-5.23703E-006	-5.29865E-006	0.00000E+000	...........	1468.34
	1284	653.208	-5.21589E-006	-3.95004E-006	0.00000E+000	...........	1468.34
	1285	653.717	-5.08700E-006	-4.82656E-006	0.00000E+000	...........	1468.24
	1286	654.225	-4.86739E-006	-3.82355E-006	0.00000E+000	...........	1468.24
	1287	654.733	-4.62237E-006	-4.40340E-006	0.00000E+000	...........	1468.24
	1288	655.242	-4.41442E-006	-4.01393E-006	0.00000E+000	...........	1468.24
	1289	655.75	-4.26109E-006	-3.69148E-006	0.00000E+000	...........	1468.24
	1290	656.258	-4.13797E-006	-4.03660E-006	0.00000E+000	...........	1468.24
	1291	656.767	-4.02850E-006	-3.92721E-006	0.00000E+000	...........	1468.34
	1292	657.275	-3.94967E-006	-3.65287E-006	0.00000E+000	...........	1468.34
	1293	657.783	-3.88333E-006	-3.01701E-006	0.00000E+000	...........	1468.24
	1294	658.292	-3.74612E-006	-2.43601E-006	0.00000E+000	...........	1468.24
	1295	658.8	-3.46343E-006	-1.88620E-006	0.00000E+000	...........	1468.24
	1296	659.308	-3.06902E-006	-3.22120E-006	0.00000E+000	...........	1468.24
	1297	659.817	-2.69839E-006	-8.85499E-007	0.00000E+000	...........	1468.34
	1298	660.325	-2.43215E-006	-3.17174E-006	0.00000E+000	...........	1468.34
	1299	660.833	-2.29999E-006	-3.60984E-006	0.00000E+000	...........	1468.34
	1300	661.342	-2.38338E-006	-2.64150E-006	0.00000E+000	...........	1468.34
	1301	661.85	-2.62955E-006	-2.28028E-006	0.00000E+000	...........	1468.34
	1302	662.358	-2.77672E-006	-1.60712E-006	0.00000E+000	...........	1468.34
	1303	662.867	-2.66458E-006	-2.34089E-006	0.00000E+000	...........	1468.34
	1304	663.375	-2.41147E-006	-2.45390E-006	0.00000E+000	...........	1468.34
	1305	663.883	-2.25278E-006	-3.22431E-006	0.00000E+000	...........	1468.34
	1306	664.392	-2.34055E-006	-4.25541E-006	0.00000E+000	...........	1468.34
	1307	664.9	-2.68899E-006	-3.87562E-006	0.00000E+000	...........	1468.34
	1308	665.408	-3.18185E-006	-4.24735E-006	0.00000E+000	...........	1468.34
	1309	665.917	-3.66857E-006	-5.77815E-006	0.00000E+000	...........	1468.24
	1310	666.425	-4.12464E-006	-5.12914E-006	0.00000E+000	...........	1468.24
	1311	666.933	-4.56432E-006	-4.45400E-006	0.00000E+000	...........	1468.24
	1312	667.442	-4.87932E-006	-5.24674E-006	0.00000E+000	...........	1468.24
	1313	667.95	-5.00833E-006	-5.65100E-006	0.00000E+000	...........	1468.34
	1314	668.458	-5.04924E-006	-3.93460E-006	0.00000E+000	...........	1468.34
	1315	668.967	-4.99718E-006	-2.59452E-006	0.00000E+000	...........	1468.24
	1316	669.475	-4.68256E-006	-3.19080E-006	0.00000E+000	...........	1468.24
	1317	669.983	-4.12618E-006	-3.81254E-006	0.00000E+000	...........	1468.24
	1318	670.492	-3.63081E-006	-3.39220E-006	0.00000E+000	...........	1468.24
	1319	671	-3.42499E-006	-4.27249E-006	0.00000E+000	...........	1468.24
	1320	671.508	-3.47285E-006	-3.40090E-006	0.00000E+000	...........	1468.24
	1321	672.017	-3.59576E-006	-3.03114E-006	0.00000E+000	...........	1468.24
	1322	672.525	-3.62301E-006	-3.36953E-006	0.00000E+000	...........	1468.24
	1323	673.033	-3.53838E-006	-4.23224E-006	0.00000E+000	...........	1467.88
	1324	673.542	-3.50764E-006	-4.62057E-006	0.00000E+000	...........	1467.88
	1325	674.05	-3.69338E-006	-5.54029E-006	0.00000E+000	...........	1467.79
	1326	674.558	-4.08146E-006	-4.22748E-006	0.00000E+000	...........	1467.86
	1327	675.067	-4.49294E-006	-5.40246E-006	0.00000E+000	...........	1468.06
	1328	675.575	-4.78951E-006	-5.86636E-006	0.00000E+000	...........	1468.14
	1329	676.083	-5.03453E-006	-6.29230E-006	0.00000E+000	...........	1468.24
	1330	676.592	-5.34822E-006	-6.31397E-006	0.00000E+000	...........	1468.24
	1331	677.1	-5.71319E-006	-6.26635E-006	0.00000E+000	...........	1468.24
	1332	677.608	-6.00772E-006	-5.59318E-006	0.00000E+000	...........	1468.24
	1333	678.117	-6.12296E-006	-5.56263E-006	0.00000E+000	...........	1468.24
	1334	678.625	-6.06306E-006	-6.61163E-006	0.00000E+000	...........	1468.24
	1335	679.133	-5.96531E-006	-5.58940E-006	0.00000E+000	...........	1468.24
	1336	679.642	-5.90851E-006	-4.52857E-006	0.00000E+000	...........	1468.24
	1337	680.15	-5.78935E-006	-5.39311E-006	0.00000E+000	...........	1468.24
	1338	680.658	-5.54543E-006	-4.90836E-006	0.00000E+000	...........	1468.24
	1339	681.167	-5.30093E-006	-5.69093E-006	0.00000E+000	...........	1468.24
	1340	681.675	-5.16444E-006	-3.88433E-006	0.00000E+000	...........	1468.24
	1341	682.183	-5.06598E-006	-4.61991E-006	0.00000E+000	...........	1468.24
	1342	682.692	-4.89203E-006	-4.23372E-006	0.00000E+000	...........	1468.24
	1343	683.2	-4.66707E-006	-4.50854E-006	0.00000E+000	...........	1468.24
	1344	683.708	-4.48204E-006	-3.75325E-006	0.00000E+000	...........	1468.24
	1345	684.217	-4.33980E-006	-3.84375E-006	0.00000E+000	...........	1468.24
	1346	684.725	-4.18361E-006	-3.56385E-006	0.00000E+000	...........	1468.24
	1347	685.233	-4.00330E-006	-3.79021E-006	0.00000E+000	...........	1468.24
	1348	685.742	-3.84961E-006	-3.93279E-006	0.00000E+000	...........	1468.34
	1349	686.25	-3.78731E-006	-4.48275E-006	0.00000E+000	...........	1468.34
	1350	686.758	-3.86667E-006	-5.08167E-006	0.00000E+000	...........	1468.34
	1351	687.267	-4.09827E-006	-4.84611E-006	0.00000E+000	...........	1468.34
	1352	687.775	-4.40592E-006	-4.61630E-006	0.00000E+000	...........	1468.24
	1353	688.283	-4.63468E-006	-3.88679E-006	0.00000E+000	...........	1468.24
	1354	688.792	-4.66653E-006	-4.38091E-006	0.00000E+000	...........	1468.24
	1355	689.3	-4.55218E-006	-5.19796E-006	0.00000E+000	...........	1468.24
	1356	689.808	-4.47954E-006	-4.76824E-006	0.00000E+000	...........	1468.34
	1357	690.317	-4.53590E-006	-3.87743E-006	0.00000E+000	...........	1468.34
	1358	690.825	-4.58025E-006	-3.67489E-006	0.00000E+000	...........	1468.24
	1359	691.333	-4.47789E-006	-5.07788E-006	0.00000E+000	...........	1468.24
	1360	691.842	-4.32798E-006	-4.12646E-006	0.00000E+000	...........	1468.34
	1361	692.35	-4.27025E-006	-3.70068E-006	0.00000E+000	...........	1468.34
	1362	692.858	-4.21411E-006	-2.24053E-006	0.00000E+000	...........	1468.34
	1363	693.367	-3.96567E-006	-2.83994E-006	0.00000E+000	...........	1468.34
	1364	693.875	-3.56482E-006	-4.82705E-006	0.00000E+000	...........	1468.24
	1365	694.383	-3.33320E-006	-4.39996E-006	0.00000E+000	...........	1468.24
	1366	694.892	-3.51033E-006	-5.50563E-006	0.00000E+000	...........	1468.34
	1367	695.4	-4.00128E-006	-5.25248E-006	0.00000E+000	...........	1468.34
	1368	695.908	-4.53595E-006	-4.44316E-006	0.00000E+000	...........	1468.34
	1369	696.417	-4.87954E-006	-4.69711E-006	0.00000E+000	...........	1468.34
	1370	696.925	-4.94824E-006	-4.52825E-006	0.00000E+000	...........	1468.34
	1371	697.433	-4.81512E-006	-3.26768E-006	0.00000E+000	...........	1468.34
	1372	697.942	-4.54494E-006	-3.06005E-006	0.00000E+000	...........	1468.24
	1373	698.45	-4.11787E-006	-1.59020E-006	0.00000E+000	...........	1468.24
	1374	698.958	-3.52924E-006	-1.84826E-006	0.00000E+000	...........	1468.34
	1375	699.467	-2.88146E-006	-2.30756E-006	0.00000E+000	...........	1468.34
	1376	699.975	-2.37801E-006	-2.60848E-006	0.00000E+000	...........	1468.24
	1377	700.483	-2.16717E-006	-2.28947E-006	0.00000E+000	...........	1468.24
	1378	700.992	-2.18994E-006	-2.13096E-006	0.00000E+000	...........	1468.24
	1379	701.5	-2.26061E-006	-2.01038E-006	0.00000E+000	...........	1468.24
	1380	702.008	-2.27904E-006	-3.12838E-006	0.00000E+000	...........	1468.24
	1381	702.517	-2.32425E-006	-3.51112E-006	0.00000E+000	...........	1468.24
	1382	703.025	-2.49590E-006	-2.07412E-006	0.00000E+000	...........	1468.24
	1383	703.533	-2.69527E-006	-2.35239E-006	0.00000E+000	...........	1468.24
	1384	704.042	-2.72947E-006	-2.03274E-006	0.00000E+000	...........	1468.24
	1385	704.55	-2.60176E-006	-3.46595E-006	0.00000E+000	...........	1468.19
	1386	705.058	-2.52132E-006	-3.25224E-006	0.00000E+000	...........	1467.88
	1387	705.567	-2.63723E-006	-3.13808E-006	0.00000E+000	...........	1468.00
	1388	706.075	-2.88149E-006	-3.48861E-006	0.00000E+000	...........	1468.24
	1389	706.583	-3.10783E-006	-3.35999E-006	0.00000E+000	...........	1468.24
	1390	707.092	-3.25450E-006	-3.17799E-006	0.00000E+000	...........	1468.24
	1391	707.6	-3.33498E-006	-4.05418E-006	0.00000E+000	...........	1468.24
	1392	708.108	-3.40337E-006	-3.55826E-006	0.00000E+000	...........	1468.24
	1393	708.617	-3.52157E-006	-4.71207E-006	0.00000E+000	...........	1468.24
	1394	709.125	-3.71990E-006	-4.51445E-006	0.00000E+000	...........	1468.24
	1395	709.633	-4.00232E-006	-5.39392E-006	0.00000E+000	...........	1468.24
	1396	710.142	-4.34863E-006	-5.20732E-006	0.00000E+000	...........	1468.24
	1397	710.65	-4.70348E-006	-5.22638E-006	0.00000E+000	...........	1468.24
	1398	711.158	-4.96507E-006	-3.94560E-006	0.00000E+000	...........	1468.24
	1399	711.667	-5.02045E-006	-4.63995E-006	0.00000E+000	...........	1468.24
	1400	712.175	-4.88795E-006	-5.31935E-006	0.00000E+000	...........	1468.24
	1401	712.683	-4.73973E-006	-3.92590E-006	0.00000E+000	...........	1468.34
	1402	713.192	-4.66031E-006	-4.27529E-006	0.00000E+000	...........	1468.34
	1403	713.7	-4.58713E-006	-5.17890E-006	0.00000E+000	...........	1468.34
	1404	714.208	-4.53592E-006	-4.75739E-006	0.00000E+000	...........	1468.34
	1405	714.717	-4.54629E-006	-2.81973E-006	0.00000E+000	...........	1468.24
	1406	715.225	-4.46847E-006	-3.25042E-006	0.00000E+000	...........	1468.24
	1407	715.733	-4.17654E-006	-4.25968E-006	0.00000E+000	...........	1468.34
	1408	716.242	-3.86133E-006	-4.71683E-006	0.00000E+000	...........	1468.34
	1409	716.75	-3.80000E-006	-4.25852E-006	0.00000E+000	...........	1468.24
	1410	717.258	-4.00153E-006	-5.09612E-006	0.00000E+000	...........	1468.24
	1411	717.767	-4.30545E-006	-5.48050E-006	0.00000E+000	...........	1468.24
	1412	718.275	-4.62837E-006	-5.32674E-006	0.00000E+000	...........	1468.24
	1413	718.783	-4.93591E-006	-5.13735E-006	0.00000E+000	...........	1468.34
	1414	719.292	-5.15512E-006	-5.17579E-006	0.00000E+000	...........	1468.34
	1415	719.8	-5.24801E-006	-5.44107E-006	0.00000E+000	...........	1468.34
	1416	720.308	-5.29561E-006	-6.76997E-006	0.00000E+000	...........	1468.34
	1417	720.817	-5.43161E-006	-5.54160E-006	0.00000E+000	...........	1468.34
	1418	721.325	-5.64857E-006	-5.26810E-006	0.00000E+000	...........	1468.34
	1419	721.833	-5.79203E-006	-6.43668E-006	0.00000E+000	...........	1468.24
	1420	722.342	-5.83409E-006	-6.44966E-006	0.00000E+000	...........	1468.24
	1421	722.85	-5.93985E-006	-7.66785E-006	0.00000E+000	...........	1468.24
	1422	723.358	-6.23143E-006	-7.33341E-006	0.00000E+000	...........	1468.24
	1423	723.867	-6.64342E-006	-6.89876E-006	0.00000E+000	...........	1468.34
	1424	724.375	-6.97525E-006	-6.45327E-006	0.00000E+000	...........	1468.34
	1425	724.883	-7.08116E-006	-7.30220E-006	0.00000E+000	...........	1468.34
	1426	725.392	-7.01306E-006	-6.33828E-006	0.00000E+000	...........	1468.34
	1427	725.9	-6.87004E-006	-5.09743E-006	0.00000E+000	...........	1468.24
	1428	726.408	-6.60831E-006	-5.19139E-006	0.00000E+000	...........	1468.24
	1429	726.917	-6.20600E-006	-6.40990E-006	0.00000E+000	...........	1468.24
	1430	727.425	-5.86691E-006	-6.55890E-006	0.00000E+000	...........	1468.24
	1431	727.933	-5.82484E-006	-6.98270E-006	0.00000E+000	...........	1468.24
	1432	728.442	-6.07390E-006	-6.92176E-006	0.00000E+000	...........	1468.24
	1433	728.95	-6.38922E-006	-5.01431E-006	0.00000E+000	...........	1468.34
	1434	729.458	-6.48824E-006	-5.18630E-006	0.00000E+000	...........	1468.34
	1435	729.967	-6.26580E-006	-6.36358E-006	0.00000E+000	...........	1468.24
	1436	730.475	-5.92013E-006	-4.85038E-006	0.00000E+000	...........	1468.24
	1437	730.983	-5.66352E-006	-5.03649E-006	0.00000E+000	...........	1468.24
	1438	731.492	-5.47181E-006	-4.82852E-006	0.00000E+000	...........	1468.24
	1439	732	-5.27447E-006	-5.23344E-006	0.00000E+000	...........	1468.24
	1440	732.508	-5.11636E-006	-5.09891E-006	0.00000E+000	...........	1468.24
	1441	733.017	-5.07231E-006	-6.14872E-006	0.00000E+000	...........	1468.24
	1442	733.525	-5.18532E-006	-6.21213E-006	0.00000E+000	...........	1468.24
	1443	734.033	-5.46995E-006	-7.37167E-006	0.00000E+000	...........	1468.24
	1444	734.542	-5.90881E-006	-7.58506E-006	0.00000E+000	...........	1468.24
	1445	735.05	-6.43512E-006	-7.26277E-006	0.00000E+000	...........	1468.24
	1446	735.558	-6.91580E-006	-7.37809E-006	0.00000E+000	...........	1468.20
	1447	736.067	-7.22024E-006	-7.02622E-006	0.00000E+000	...........	1468.06
	1448	736.575	-7.30210E-006	-6.16170E-006	0.00000E+000	...........	1468.14
	1449	737.083	-7.17198E-006	-6.22823E-006	0.00000E+000	...........	1468.24
	1450	737.592	-6.89828E-006	-6.76571E-006	0.00000E+000	...........	1468.24
	1451	738.1	-6.66083E-006	-7.82193E-006	0.00000E+000	...........	1468.24
	1452	738.608	-6.65386E-006	-7.36707E-006	0.00000E+000	...........	1468.24
	1453	739.117	-6.87784E-006	-7.06089E-006	0.00000E+000	...........	1468.24
	1454	739.625	-7.10314E-006	-5.71604E-006	0.00000E+000	...........	1468.24
	1455	740.133	-7.10487E-006	-7.17686E-006	0.00000E+000	...........	1468.24
	1456	740.642	-6.91963E-006	-6.89761E-006	0.00000E+000	...........	1468.24
	1457	741.15	-6.77298E-006	-7.04479E-006	0.00000E+000	...........	1468.24
	1458	741.658	-6.78468E-006	-7.30597E-006	0.00000E+000	...........	1468.24
	1459	742.167	-6.92724E-006	-8.47275E-006	0.00000E+000	...........	1468.24
	1460	742.675	-7.19350E-006	-8.51677E-006	0.00000E+000	...........	1468.24
	1461	743.183	-7.57251E-006	-7.96550E-006	0.00000E+000	...........	1468.24
	1462	743.692	-7.93230E-006	-7.95055E-006	0.00000E+000	...........	1468.34
	1463	744.2	-8.10359E-006	-7.14039E-006	0.00000E+000	...........	1468.34
	1464	744.708	-8.04912E-006	-8.18495E-006	0.00000E+000	...........	1468.24
	1465	745.217	-7.91518E-006	-8.82247E-006	0.00000E+000	...........	1468.24
	1466	745.725	-7.89472E-006	-7.51098E-006	0.00000E+000	...........	1468.34
	1467	746.233	-8.02673E-006	-9.87246E-006	0.00000E+000	...........	1468.34
	1468	746.742	-8.24865E-006	-8.55916E-006	0.00000E+000	...........	1468.24
	1469	747.25	-8.52041E-006	-9.17613E-006	0.00000E+000	...........	1468.24
	1470	747.758	-8.75707E-006	-8.21995E-006	0.00000E+000	...........	1468.24
	1471	748.267	-8.83389E-006	-7.87072E-006	0.00000E+000	...........	1468.24
	1472	748.775	-8.71008E-006	-8.40327E-006	0.00000E+000	...........	1468.24
	1473	749.283	-8.47717E-006	-7.85659E-006	0.00000E+000	...........	1468.24
	1474	749.792	-8.26629E-006	-8.02447E-006	0.00000E+000	...........	1468.24
	1475	750.3	-8.13835E-006	-8.58987E-006	0.00000E+000	...........	1468.24
	1476	750.808	-8.11460E-006	-8.52499E-006	0.00000E+000	...........	1468.24
	1477	751.317	-8.17505E-006	-7.22630E-006	0.00000E+000	...........	1468.24
	1478	751.825	-8.18955E-006	-7.49948E-006	0.00000E+000	...........	1468.24
	1479	752.333	-8.03400E-006	-6.98697E-006	0.00000E+000	...........	1468.24
	1480	752.842	-7.73993E-006	-6.88135E-006	0.00000E+000	...........	1468.24
	1481	753.35	-7.43332E-006	-7.50474E-006	0.00000E+000	...........	1468.24
	1482	753.858	-7.24133E-006	-7.91194E-006	0.00000E+000	...........	1468.34
	1483	754.367	-7.24430E-006	-7.68083E-006	0.00000E+000	...........	1468.34
	1484	754.875	-7.40922E-006	-8.16081E-006	0.00000E+000	...........	1468.24
	1485	755.383	-7.62671E-006	-7.99753E-006	0.00000E+000	...........	1468.24
	1486	755.892	-7.84023E-006	-9.28061E-006	0.00000E+000	...........	1468.24
	1487	756.4	-8.07413E-006	-8.26611E-006	0.00000E+000	...........	1468.24
	1488	756.908	-8.31204E-006	-8.12516E-006	0.00000E+000	...........	1468.24
	1489	757.417	-8.43160E-006	-7.48519E-006	0.00000E+000	...........	1468.24
	1490	757.925	-8.33940E-006	-7.58966E-006	0.00000E+000	...........	1468.24
	1491	758.433	-8.09043E-006	-7.46400E-006	0.00000E+000	...........	1468.24
	1492	758.942	-7.81183E-006	-7.00750E-006	0.00000E+000	...........	1468.24
	1493	759.45	-7.58212E-006	-7.65373E-006	0.00000E+000	...........	1468.24
	1494	759.958	-7.43463E-006	-7.49948E-006	0.00000E+000	...........	1468.24
	1495	760.467	-7.40096E-006	-8.07754E-006	0.00000E+000	...........	1468.24
	1496	760.975	-7.47322E-006	-7.21267E-006	0.00000E+000	...........	1468.24
	1497	761.483	-7.56503E-006	-7.42212E-006	0.00000E+000	...........	1468.24
	1498	761.992	-7.58155E-006	-7.36413E-006	0.00000E+000	...........	1468.24
	1499	762.5	-7.51834E-006	-7.31156E-006	0.00000E+000	...........	1468.24
	1500	763.008	-7.44204E-006	-7.64403E-006	0.00000E+000	...........	1468.24
	1501	763.517	-7.37824E-006	-5.86487E-006	0.00000E+000	...........	1468.24
	1502	764.025	-7.24973E-006	-6.50716E-006	0.00000E+000	...........	1467.97
	1503	764.533	-6.99610E-006	-6.53476E-006	0.00000E+000	...........	1467.97
	1504	765.042	-6.71422E-006	-6.54066E-006	0.00000E+000	...........	1467.88
	1505	765.55	-6.55901E-006	-7.47484E-006	0.00000E+000	...........	1467.88
	1506	766.058	-6.57775E-006	-6.18224E-006	0.00000E+000	...........	1467.88
	1507	766.567	-6.64270E-006	-4.94318E-006	0.00000E+000	...........	1468.00
	1508	767.075	-6.54830E-006	-6.67503E-006	0.00000E+000	...........	1468.24
	1509	767.583	-6.29576E-006	-5.96048E-006	0.00000E+000	...........	1468.24
	1510	768.092	-6.09413E-006	-6.07366E-006	0.00000E+000	...........	1468.24
	1511	768.6	-6.04458E-006	-6.52374E-006	0.00000E+000	...........	1468.24
	1512	769.108	-6.11176E-006	-7.11938E-006	0.00000E+000	...........	1468.24
	1513	769.617	-6.27861E-006	-6.72563E-006	0.00000E+000	...........	1468.24
	1514	770.125	-6.49668E-006	-6.33764E-006	0.00000E+000	...........	1468.24
	1515	770.633	-6.64018E-006	-6.34584E-006	0.00000E+000	...........	1468.24
	1516	771.142	-6.65680E-006	-7.52083E-006	0.00000E+000	...........	1468.24
	1517	771.65	-6.69686E-006	-8.85336E-006	0.00000E+000	...........	1468.24
	1518	772.158	-6.95344E-006	-7.24421E-006	0.00000E+000	...........	1468.24
	1519	772.667	-7.34141E-006	-6.65105E-006	0.00000E+000	...........	1468.24
	1520	773.175	-7.55253E-006	-7.43329E-006	0.00000E+000	...........	1468.24
	1521	773.683	-7.48555E-006	-7.22006E-006	0.00000E+000	...........	1468.34
	1522	774.192	-7.32359E-006	-6.97844E-006	0.00000E+000	...........	1468.34
	1523	774.7	-7.23008E-006	-8.09757E-006	0.00000E+000	...........	1468.34
	1524	775.208	-7.25386E-006	-7.54926E-006	0.00000E+000	...........	1468.34
	1525	775.717	-7.35950E-006	-6.48120E-006	0.00000E+000	...........	1468.34
	1526	776.225	-7.41403E-006	-7.56436E-006	0.00000E+000	...........	1468.34
	1527	776.733	-7.33519E-006	-6.46921E-006	0.00000E+000	...........	1468.34
	1528	777.242	-7.17974E-006	-6.86690E-006	0.00000E+000	...........	1468.34
	1529	777.75	-7.01677E-006	-6.67257E-006	0.00000E+000	...........	1468.34
	1530	778.258	-6.85711E-006	-5.65478E-006	0.00000E+000	...........	1468.34
	1531	778.767	-6.68319E-006	-7.03609E-006	0.00000E+000	...........	1468.34
	1532	779.275	-6.55093E-006	-7.80369E-006	0.00000E+000	...........	1468.34
	1533	779.783	-6.61892E-006	-7.86957E-006	0.00000E+000	...........	1468.34
	1534	780.292	-6.94647E-006	-8.30011E-006	0.00000E+000	...........	1468.34
	1535	780.8	-7.40902E-006	-8.85040E-006	0.00000E+000	...........	1468.34
	1536	781.308	-7.87392E-006	-8.91923E-006	0.00000E+000	...........	1468.34
	1537	781.817	-8.28763E-006	-9.04915E-006	0.00000E+000	...........	1468.34
	1538	782.325	-8.61553E-006	-8.80982E-006	0.00000E+000	...........	1468.34
	1539	782.833	-8.81438E-006	-8.47209E-006	0.00000E+000	...........	1468.24
	1540	783.342	-8.83146E-006	-7.06385E-006	0.00000E+000	...........	1468.24
	1541	783.85	-8.61321E-006	-7.29514E-006	0.00000E+000	...........	1468.34
	1542	784.358	-8.20399E-006	-7.73011E-006	0.00000E+000	...........	1468.34
	1543	784.867	-7.80507E-006	-7.84017E-006	0.00000E+000	...........	1468.24
	1544	785.375	-7.61073E-006	-8.04829E-006	0.00000E+000	...........	1468.24
	1545	785.883	-7.64749E-006	-8.54173E-006	0.00000E+000	...........	1468.34
	1546	786.392	-7.81410E-006	-7.45529E-006	0.00000E+000	...........	1468.34
	1547	786.9	-7.94606E-006	-7.00783E-006	0.00000E+000	...........	1468.24
	1548	787.408	-7.87721E-006	-6.42715E-006	0.00000E+000	...........	1468.24
	1549	787.917	-7.58727E-006	-7.41750E-006	0.00000E+000	...........	1468.24
	1550	788.425	-7.28049E-006	-8.46700E-006	0.00000E+000	...........	1468.24
	1551	788.933	-7.22234E-006	-8.07506E-006	0.00000E+000	...........	1468.24
	1552	789.442	-7.46669E-006	-8.50297E-006	0.00000E+000	...........	1468.24
	1553	789.95	-7.84447E-006	-9.00332E-006	0.00000E+000	...........	1468.24
	1554	790.458	-8.18638E-006	-7.81455E-006	0.00000E+000	...........	1468.24
	1555	790.967	-8.36485E-006	-6.83370E-006	0.00000E+000	...........	1468.24
	1556	791.475	-8.26657E-006	-7.64567E-006	0.00000E+000	...........	1468.24
	1557	791.983	-7.97516E-006	-8.78436E-006	0.00000E+000	...........	1468.24
	1558	792.492	-7.79077E-006	-8.38322E-006	0.00000E+000	...........	1468.24
	1559	793	-7.87740E-006	-8.08114E-006	0.00000E+000	...........	1468.24
	1560	793.508	-8.07203E-006	-7.39649E-006	0.00000E+000	...........	1468.24
	1561	794.017	-8.14234E-006	-8.28598E-006	0.00000E+000	...........	1468.24
	1562	794.525	-8.10404E-006	-9.69340E-006	0.00000E+000	...........	1468.24
	1563	795.033	-8.19270E-006	-9.49448E-006	0.00000E+000	...........	1468.24
	1564	795.542	-8.51604E-006	-8.62256E-006	0.00000E+000	...........	1468.21
	1565	796.05	-8.87980E-006	-9.11306E-006	0.00000E+000	...........	1467.79
	1566	796.558	-9.06681E-006	-9.04965E-006	0.00000E+000	...........	1467.86
	1567	797.067	-9.10778E-006	-1.00612E-005	0.00000E+000	...........	1468.06
	1568	797.575	-9.18938E-006	-1.04099E-005	0.00000E+000	...........	1468.14
	1569	798.083	-9.43258E-006	-1.04291E-005	0.00000E+000	...........	1468.24
	1570	798.592	-9.78621E-006	-1.02343E-005	0.00000E+000	...........	1468.24
	1571	799.1	-1.00921E-005	-1.00421E-005	0.00000E+000	...........	1468.24
	1572	799.608	-1.02472E-005	-1.05065E-005	0.00000E+000	...........	1468.24
	1573	800.117	-1.02850E-005	-1.03238E-005	0.00000E+000	...........	1468.24
	1574	800.625	-1.02897E-005	-9.99138E-006	0.00000E+000	...........	1468.24
	1575	801.133	-1.02910E-005	-1.07324E-005	0.00000E+000	...........	1468.24
	1576	801.642	-1.03061E-005	-1.07238E-005	0.00000E+000	...........	1468.24
	1577	802.15	-1.03588E-005	-9.69242E-006	0.00000E+000	...........	1468.24
	1578	802.658	-1.03886E-005	-1.00126E-005	0.00000E+000	...........	1468.24
	1579	803.167	-1.02862E-005	-8.65920E-006	0.00000E+000	...........	1468.24
	1580	803.675	-1.00262E-005	-9.61620E-006	0.00000E+000	...........	1468.34
	1581	804.183	-9.69898E-006	-9.04209E-006	0.00000E+000	...........	1468.34
	1582	804.692	-9.43865E-006	-9.57793E-006	0.00000E+000	...........	1468.34
	1583	805.2	-9.32177E-006	-9.63969E-006	0.00000E+000	...........	1468.34
	1584	805.708	-9.34962E-006	-1.01041E-005	0.00000E+000	...........	1468.34
	1585	806.217	-9.48257E-006	-9.56905E-006	0.00000E+000	...........	1468.34
	1586	806.725	-9.64281E-006	-9.96691E-006	0.00000E+000	...........	1468.24
	1587	807.233	-9.75365E-006	-9.61981E-006	0.00000E+000	...........	1468.24
	1588	807.742	-9.81242E-006	-1.07334E-005	0.00000E+000	...........	1468.34
	1589	808.25	-9.87225E-006	-9.22508E-006	0.00000E+000	...........	1468.34
	1590	808.758	-9.92456E-006	-9.73627E-006	0.00000E+000	...........	1468.24
	1591	809.267	-9.91452E-006	-1.04732E-005	0.00000E+000	...........	1468.24
	1592	809.775	-9.87977E-006	-9.48791E-006	0.00000E+000	...........	1468.34
	1593	810.283	-9.86144E-006	-8.91971E-006	0.00000E+000	...........	1468.34
	1594	810.792	-9.77435E-006	-9.19552E-006	0.00000E+000	...........	1468.34
	1595	811.3	-9.56976E-006	-9.11847E-006	0.00000E+000	...........	1468.34
	1596	811.808	-9.34243E-006	-9.05112E-006	0.00000E+000	...........	1468.24
	1597	812.317	-9.18225E-006	-8.84202E-006	0.00000E+000	...........	1468.24
	1598	812.825	-9.08673E-006	-9.13573E-006	0.00000E+000	...........	1468.24
	1599	813.333	-9.03463E-006	-9.19370E-006	0.00000E+000	...........	1468.24
	1600	813.842	-9.02761E-006	-8.94566E-006	0.00000E+000	...........	1468.24
	1601	814.35	-9.04873E-006	-9.08726E-006	0.00000E+000	...........	1468.24
	1602	814.858	-9.08751E-006	-1.03288E-005	0.00000E+000	...........	1468.24
	1603	815.367	-9.20408E-006	-9.85537E-006	0.00000E+000	...........	1468.24
	1604	815.875	-9.44854E-006	-1.06231E-005	0.00000E+000	...........	1468.34
	1605	816.383	-9.77519E-006	-1.07756E-005	0.00000E+000	...........	1468.34
	1606	816.892	-1.00899E-005	-9.61981E-006	0.00000E+000	...........	1468.24
	1607	817.4	-1.02756E-005	-9.84715E-006	0.00000E+000	...........	1468.24
	1608	817.908	-1.02597E-005	-1.00837E-005	0.00000E+000	...........	1468.24
	1609	818.417	-1.01085E-005	-9.12833E-006	0.00000E+000	...........	1468.24
	1610	818.925	-9.90836E-006	-8.83528E-006	0.00000E+000	...........	1468.34
	1611	819.433	-9.65211E-006	-8.83429E-006	0.00000E+000	...........	1468.34
	1612	819.942	-9.34203E-006	-8.48622E-006	0.00000E+000	...........	1468.24
	1613	820.45	-9.03980E-006	-8.46634E-006	0.00000E+000	...........	1468.24
	1614	820.958	-8.79412E-006	-8.47686E-006	0.00000E+000	...........	1468.24
	1615	821.467	-8.63001E-006	-8.93844E-006	0.00000E+000	...........	1468.24
	1616	821.975	-8.58705E-006	-9.49563E-006	0.00000E+000	...........	1468.24
	1617	822.483	-8.69623E-006	-9.19059E-006	0.00000E+000	...........	1468.24
	1618	822.992	-8.90880E-006	-9.29277E-006	0.00000E+000	...........	1468.24
	1619	823.5	-9.11492E-006	-9.48938E-006	0.00000E+000	...........	1468.24
	1620	824.008	-9.27211E-006	-1.03229E-005	0.00000E+000	...........	1468.24
	1621	824.517	-9.42477E-006	-9.08660E-006	0.00000E+000	...........	1468.24
	1622	825.025	-9.58371E-006	-1.06410E-005	0.00000E+000	...........	1468.24
	1623	825.533	-9.73437E-006	-1.02754E-005	0.00000E+000	...........	1468.24
	1624	826.042	-9.88818E-006	-9.37129E-006	0.00000E+000	...........	1468.34
	1625	826.55	-9.99260E-006	-9.91893E-006	0.00000E+000	...........	1468.27
	1626	827.058	-9.96783E-006	-9.29260E-006	0.00000E+000	...........	1467.88
	1627	827.567	-9.84106E-006	-9.72297E-006	0.00000E+000	...........	1468.00
	1628	828.075	-9.70907E-006	-9.83714E-006	0.00000E+000	...........	1468.24
	1629	828.583	-9.65508E-006	-1.01821E-005	0.00000E+000	...........	1468.24
	1630	829.092	-9.70473E-006	-9.62507E-006	0.00000E+000	...........	1468.24
	1631	829.6	-9.79878E-006	-9.95294E-006	0.00000E+000	...........	1468.24
	1632	830.108	-9.86174E-006	-9.96214E-006	0.00000E+000	...........	1468.24
	1633	830.617	-9.89237E-006	-1.02089E-005	0.00000E+000	...........	1468.24
	1634	831.125	-9.93457E-006	-1.00462E-005	0.00000E+000	...........	1468.24
	1635	831.633	-1.00043E-005	-1.04382E-005	0.00000E+000	...........	1468.24
	1636	832.142	-1.00824E-005	-9.81890E-006	0.00000E+000	...........	1468.24
	1637	832.65	-1.01206E-005	-9.50023E-006	0.00000E+000	...........	1468.24
	1638	833.158	-1.00492E-005	-9.03815E-006	0.00000E+000	...........	1468.24
	1639	833.667	-9.84426E-006	-9.27469E-006	0.00000E+000	...........	1468.24
	1640	834.175	-9.56559E-006	-8.49328E-006	0.00000E+000	...........	1468.24
	1641	834.683	-9.29842E-006	-9.47295E-006	0.00000E+000	...........	1468.34
	1642	835.192	-9.11552E-006	-9.14984E-006	0.00000E+000	...........	1468.34
	1643	835.7	-9.05729E-006	-9.03372E-006	0.00000E+000	...........	1468.34
	1644	836.208	-9.08283E-006	-9.17433E-006	0.00000E+000	...........	1468.34
	1645	836.717	-9.12374E-006	-9.56676E-006	0.00000E+000	...........	1468.34
	1646	837.225	-9.15228E-006	-8.08525E-006	0.00000E+000	...........	1468.34
	1647	837.733	-9.12315E-006	-8.99790E-006	0.00000E+000	...........	1468.24
	1648	838.242	-9.00169E-006	-8.61286E-006	0.00000E+000	...........	1468.24
	1649	838.75	-8.87014E-006	-9.69226E-006	0.00000E+000	...........	1468.24
	1650	839.258	-8.86948E-006	-9.84059E-006	0.00000E+000	...........	1468.24
	1651	839.767	-9.05629E-006	-9.81184E-006	0.00000E+000	...........	1468.24
	1652	840.275	-9.34273E-006	-9.49596E-006	0.00000E+000	...........	1468.24
	1653	840.783	-9.58021E-006	-1.00563E-005	0.00000E+000	...........	1468.34
	1654	841.292	-9.70604E-006	-9.50270E-006	0.00000E+000	...........	1468.34
	1655	841.8	-9.75916E-006	-1.02519E-005	0.00000E+000	...........	1468.34
	1656	842.308	-9.82594E-006	-1.12608E-005	0.00000E+000	...........	1468.34
	1657	842.817	-9.99617E-006	-1.00479E-005	0.00000E+000	...........	1468.24
	1658	843.325	-1.02230E-005	-9.58450E-006	0.00000E+000	...........	1468.24
	1659	843.833	-1.03258E-005	-1.04260E-005	0.00000E+000	...........	1468.34
	1660	844.342	-1.02654E-005	-1.03541E-005	0.00000E+000	...........	1468.34
	1661	844.85	-1.01870E-005	-9.93389E-006	0.00000E+000	...........	1468.24
	1662	845.358	-1.01535E-005	-9.52371E-006	0.00000E+000	...........	1468.24
	1663	845.867	-1.00822E-005	-9.48708E-006	0.00000E+000	...........	1468.34
	1664	846.375	-9.91207E-006	-8.90887E-006	0.00000E+000	...........	1468.34
	1665	846.883	-9.66504E-006	-8.97113E-006	0.00000E+000	...........	1468.34
	1666	847.392	-9.40526E-006	-9.37341E-006	0.00000E+000	...........	1468.34
	1667	847.9	-9.21139E-006	-8.85483E-006	0.00000E+000	...........	1468.34
	1668	848.408	-9.11695E-006	-9.21391E-006	0.00000E+000	...........	1468.34
	1669	848.917	-9.10160E-006	-9.80412E-006	0.00000E+000	...........	1468.24
	1670	849.425	-9.12886E-006	-7.61709E-006	0.00000E+000	...........	1468.24
	1671	849.933	-9.09941E-006	-8.79011E-006	0.00000E+000	...........	1468.24
	1672	850.442	-8.94066E-006	-8.99578E-006	0.00000E+000	...........	1468.24
	1673	850.95	-8.78408E-006	-9.72790E-006	0.00000E+000	...........	1468.24
	1674	851.458	-8.81350E-006	-9.24660E-006	0.00000E+000	...........	1468.24
	1675	851.967	-9.00880E-006	-9.25350E-006	0.00000E+000	...........	1468.24
	1676	852.475	-9.21734E-006	-9.98300E-006	0.00000E+000	...........	1468.24
	1677	852.983	-9.40611E-006	-1.13088E-005	0.00000E+000	...........	1468.24
	1678	853.492	-9.66756E-006	-9.33728E-006	0.00000E+000	...........	1468.24
	1679	854	-9.94979E-006	-9.54195E-006	0.00000E+000	...........	1468.24
	1680	854.508	-1.00478E-005	-9.46491E-006	0.00000E+000	...........	1468.24
	1681	855.017	-9.91962E-006	-9.72528E-006	0.00000E+000	...........	1468.15
	1682	855.525	-9.75800E-006	-1.08715E-005	0.00000E+000	...........	1468.15
	1683	856.033	-9.76829E-006	-1.04848E-005	0.00000E+000	...........	1468.06
	1684	856.542	-9.97400E-006	-1.00898E-005	0.00000E+000	...........	1468.06
	1685	857.05	-1.02087E-005	-1.02945E-005	0.00000E+000	...........	1467.97
	1686	857.558	-1.03427E-005	-1.13704E-005	0.00000E+000	...........	1468.02
	1687	858.067	-1.04564E-005	-1.15167E-005	0.00000E+000	...........	1468.15
	1688	858.575	-1.06750E-005	-1.10450E-005	0.00000E+000	...........	1468.19
	1689	859.083	-1.09356E-005	-1.04477E-005	0.00000E+000	...........	1468.24
	1690	859.592	-1.10522E-005	-1.04303E-005	0.00000E+000	...........	1468.24
	1691	860.1	-1.09788E-005	-1.17116E-005	0.00000E+000	...........	1468.24
	1692	860.608	-1.09032E-005	-1.20064E-005	0.00000E+000	...........	1468.24
	1693	861.117	-1.10055E-005	-1.05768E-005	0.00000E+000	...........	1468.24
	1694	861.625	-1.11908E-005	-1.09670E-005	0.00000E+000	...........	1468.24
	1695	862.133	-1.12762E-005	-1.25452E-005	0.00000E+000	...........	1468.24
	1696	862.642	-1.13282E-005	-1.20092E-005	0.00000E+000	...........	1468.24
	1697	863.15	-1.15016E-005	-1.16983E-005	0.00000E+000	...........	1468.24
	1698	863.658	-1.17355E-005	-1.20741E-005	0.00000E+000	...........	1468.24
	1699	864.167	-1.18786E-005	-1.14425E-005	0.00000E+000	...........	1468.24
	1700	864.675	-1.18946E-005	-1.18482E-005	0.00000E+000	...........	1468.24
	1701	865.183	-1.18566E-005	-1.27563E-005	0.00000E+000	...........	1468.24
	1702	865.692	-1.18692E-005	-1.13627E-005	0.00000E+000	...........	1468.34
	1703	866.2	-1.19557E-005	-1.29562E-005	0.00000E+000	...........	1468.34
	1704	866.708	-1.20878E-005	-1.32195E-005	0.00000E+000	...........	1468.34
	1705	867.217	-1.22942E-005	-1.26300E-005	0.00000E+000	...........	1468.34
	1706	867.725	-1.25573E-005	-1.30480E-005	0.00000E+000	...........	1468.24
	1707	868.233	-1.27872E-005	-1.38091E-005	0.00000E+000	...........	1468.24
	1708	868.742	-1.29808E-005	-1.33693E-005	0.00000E+000	...........	1468.34
	1709	869.25	-1.32053E-005	-1.48117E-005	0.00000E+000	...........	1468.34
	1710	869.758	-1.35079E-005	-1.48265E-005	0.00000E+000	...........	1468.24
	1711	870.267	-1.38967E-005	-1.47275E-005	0.00000E+000	...........	1468.24
	1712	870.775	-1.42825E-005	-1.41190E-005	0.00000E+000	...........	1468.34
	1713	871.283	-1.45116E-005	-1.43020E-005	0.00000E+000	...........	1468.34
	1714	871.792	-1.45221E-005	-1.37938E-005	0.00000E+000	...........	1468.34
	1715	872.3	-1.43680E-005	-1.32401E-005	0.00000E+000	...........	1468.34
	1716	872.808	-1.41056E-005	-1.29413E-005	0.00000E+000	...........	1468.34
	1717	873.317	-1.37871E-005	-1.39116E-005	0.00000E+000	...........	1468.34
	1718	873.825	-1.35307E-005	-1.34735E-005	0.00000E+000	...........	1468.34
	1719	874.333	-1.34275E-005	-1.31234E-005	0.00000E+000	...........	1468.34
	1720	874.842	-1.34033E-005	-1.26209E-005	0.00000E+000	...........	1468.34
	1721	875.35	-1.33269E-005	-1.35167E-005	0.00000E+000	...........	1468.34
	1722	875.858	-1.32207E-005	-1.38276E-005	0.00000E+000	...........	1468.34
	1723	876.367	-1.32154E-005	-1.34078E-005	0.00000E+000	...........	1468.34
	1724	876.875	-1.33486E-005	-1.45008E-005	0.00000E+000	...........	1468.34
	1725	877.383	-1.35412E-005	-1.29869E-005	0.00000E+000	...........	1468.34
	1726	877.892	-1.36608E-005	-1.25766E-005	0.00000E+000	...........	1468.24
	1727	878.4	-1.35592E-005	-1.19070E-005	0.00000E+000	...........	1468.24
	1728	878.908	-1.31877E-005	-1.13666E-005	0.00000E+000	...........	1468.24
	1729	879.417	-1.26445E-005	-1.10897E-005	0.00000E+000	...........	1468.24
	1730	879.925	-1.21213E-005	-1.34272E-005	0.00000E+000	...........	1468.34
	1731	880.433	-1.18790E-005	-1.32861E-005	0.00000E+000	...........	1468.34
	1732	880.942	-1.20557E-005	-1.25776E-005	0.00000E+000	...........	1468.34
	1733	881.45	-1.24530E-005	-1.28818E-005	0.00000E+000	...........	1468.34
	1734	881.958	-1.27593E-005	-1.30796E-005	0.00000E+000	...........	1468.24
	1735	882.467	-1.28927E-005	-1.29682E-005	0.00000E+000	...........	1468.24
	1736	882.975	-1.29443E-005	-1.30802E-005	0.00000E+000	...........	1468.24
	1737	883.483	-1.29353E-005	-1.06931E-005	0.00000E+000	...........	1468.24
	1738	883.992	-1.27400E-005	-1.10358E-005	0.00000E+000	...........	1468.34
	1739	884.5	-1.22870E-005	-1.14969E-005	0.00000E+000	...........	1468.34
	1740	885.008	-1.17632E-005	-1.13533E-005	0.00000E+000	...........	1468.24
	1741	885.517	-1.14024E-005	-1.02977E-005	0.00000E+000	...........	1468.24
	1742	886.025	-1.11917E-005	-1.07414E-005	0.00000E+000	...........	1468.34
	1743	886.533	-1.09941E-005	-1.02324E-005	0.00000E+000	...........	1468.34
	1744	887.042	-1.07873E-005	-1.10111E-005	0.00000E+000	...........	1467.79
	1745	887.55	-1.06785E-005	-1.22351E-005	0.00000E+000	...........	1467.81
	1746	888.058	-1.08247E-005	-1.32085E-005	0.00000E+000	...........	1467.88
	1747	888.567	-1.12929E-005	-1.27266E-005	0.00000E+000	...........	1468.00
	1748	889.075	-1.19423E-005	-1.36708E-005	0.00000E+000	...........	1468.24
	1749	889.583	-1.25365E-005	-1.27763E-005	0.00000E+000	...........	1468.24
	1750	890.092	-1.29335E-005	-1.33633E-005	0.00000E+000	...........	1468.24
	1751	890.6	-1.31116E-005	-1.24685E-005	0.00000E+000	...........	1468.24
	1752	891.108	-1.31195E-005	-1.32668E-005	0.00000E+000	...........	1468.24
	1753	891.617	-1.30672E-005	-1.38480E-005	0.00000E+000	...........	1468.24
	1754	892.125	-1.30925E-005	-1.33897E-005	0.00000E+000	...........	1468.24
	1755	892.633	-1.32431E-005	-1.40860E-005	0.00000E+000	...........	1468.24
	1756	893.142	-1.34667E-005	-1.45906E-005	0.00000E+000	...........	1468.24
	1757	893.65	-1.37143E-005	-1.35096E-005	0.00000E+000	...........	1468.24
	1758	894.158	-1.38970E-005	-1.28591E-005	0.00000E+000	...........	1468.24
	1759	894.667	-1.38822E-005	-1.36284E-005	0.00000E+000	...........	1468.34
	1760	895.175	-1.37067E-005	-1.42156E-005	0.00000E+000	...........	1468.34
	1761	895.683	-1.35928E-005	-1.40123E-005	0.00000E+000	...........	1468.34
	1762	896.192	-1.36815E-005	-1.49694E-005	0.00000E+000	...........	1468.34
	1763	896.7	-1.39146E-005	-1.36267E-005	0.00000E+000	...........	1468.34
	1764	897.208	-1.41627E-005	-1.58036E-005	0.00000E+000	...........	1468.34
	1765	897.717	-1.43790E-005	-1.43906E-005	0.00000E+000	...........	1468.34
	1766	898.225	-1.45735E-005	-1.44888E-005	0.00000E+000	...........	1468.34
	1767	898.733	-1.47041E-005	-1.52712E-005	0.00000E+000	...........	1468.34
	1768	899.242	-1.47536E-005	-1.44045E-005	0.00000E+000	...........	1468.34
	1769	899.75	-1.47483E-005	-1.37296E-005	0.00000E+000	...........	1468.34
	1770	900.258	-1.46603E-005	-1.48380E-005	0.00000E+000	...........	1468.34
	1771	900.767	-1.45308E-005	-1.53656E-005	0.00000E+000	...........	1468.24
	1772	901.275	-1.45048E-005	-1.39819E-005	0.00000E+000	...........	1468.24
	1773	901.783	-1.45979E-005	-1.54716E-005	0.00000E+000	...........	1468.34
	1774	902.292	-1.47094E-005	-1.48388E-005	0.00000E+000	...........	1468.34
	1775	902.8	-1.48029E-005	-1.46412E-005	0.00000E+000	...........	1468.24
	1776	903.308	-1.48426E-005	-1.38211E-005	0.00000E+000	...........	1468.24
	1777	903.817	-1.47531E-005	-1.44346E-005	0.00000E+000	...........	1468.34
	1778	904.325	-1.45764E-005	-1.52791E-005	0.00000E+000	...........	1468.34
	1779	904.833	-1.45082E-005	-1.58368E-005	0.00000E+000	...........	1468.24
	1780	905.342	-1.46815E-005	-1.50665E-005	0.00000E+000	...........	1468.24
	1781	905.85	-1.49998E-005	-1.58550E-005	0.00000E+000	...........	1468.24
	1782	906.358	-1.52772E-005	-1.52641E-005	0.00000E+000	...........	1468.24
	1783	906.867	-1.54169E-005	-1.46092E-005	0.00000E+000	...........	1468.34
	1784	907.375	-1.53932E-005	-1.51705E-005	0.00000E+000	...........	1468.34
	1785	907.883	-1.52519E-005	-1.50795E-005	0.00000E+000	...........	1468.24
	1786	908.392	-1.51016E-005	-1.44523E-005	0.00000E+000	...........	1468.24
	1787	908.9	-1.49923E-005	-1.51191E-005	0.00000E+000	...........	1468.24
	1788	909.408	-1.49045E-005	-1.43955E-005	0.00000E+000	...........	1468.24
	1789	909.917	-1.48276E-005	-1.48349E-005	0.00000E+000	...........	1468.34
	1790	910.425	-1.47680E-005	-1.48998E-005	0.00000E+000	...........	1468.34
	1791	910.933	-1.47538E-005	-1.52658E-005	0.00000E+000	...........	1468.24
	1792	911.442	-1.48099E-005	-1.47713E-005	0.00000E+000	...........	1468.24
	1793	911.95	-1.48802E-005	-1.40201E-005	0.00000E+000	...........	1468.24
	1794	912.458	-1.48353E-005	-1.36947E-005	0.00000E+000	...........	1468.24
	1795	912.967	-1.46000E-005	-1.34817E-005	0.00000E+000	...........	1468.24
	1796	913.475	-1.42149E-005	-1.21804E-005	0.00000E+000	...........	1468.24
	1797	913.983	-1.37461E-005	-1.26737E-005	0.00000E+000	...........	1468.24
	1798	914.492	-1.32538E-005	-1.21324E-005	0.00000E+000	...........	1468.24
	1799	915	-1.28540E-005	-1.38309E-005	0.00000E+000	...........	1468.24
	1800	915.508	-1.27086E-005	-1.40201E-005	0.00000E+000	...........	1468.24
	1801	916.017	-1.28953E-005	-1.39508E-005	0.00000E+000	...........	1468.24
	1802	916.525	-1.32792E-005	-1.34531E-005	0.00000E+000	...........	1468.24
	1803	917.033	-1.36280E-005	-1.49670E-005	0.00000E+000	...........	1468.24
	1804	917.542	-1.38754E-005	-1.44044E-005	0.00000E+000	...........	1468.22
	1805	918.05	-1.40917E-005	-1.40847E-005	0.00000E+000	...........	1467.88
	1806	918.558	-1.42632E-005	-1.43290E-005	0.00000E+000	...........	1467.93
	1807	919.067	-1.43296E-005	-1.42784E-005	0.00000E+000	...........	1468.06
	1808	919.575	-1.43205E-005	-1.43807E-005	0.00000E+000	...........	1468.14
	1809	920.083	-1.42894E-005	-1.34865E-005	0.00000E+000	...........	1468.24
	1810	920.592	-1.42441E-005	-1.52456E-005	0.00000E+000	...........	1468.24
	1811	921.1	-1.42223E-005	-1.39996E-005	0.00000E+000	...........	1468.24
	1812	921.608	-1.42442E-005	-1.31405E-005	0.00000E+000	...........	1468.24
	1813	922.117	-1.42024E-005	-1.39960E-005	0.00000E+000	...........	1468.24
	1814	922.625	-1.40202E-005	-1.29252E-005	0.00000E+000	...........	1468.24
	1815	923.133	-1.37752E-005	-1.36441E-005	0.00000E+000	...........	1468.24
	1816	923.642	-1.35496E-005	-1.22985E-005	0.00000E+000	...........	1468.24
	1817	924.15	-1.33154E-005	-1.18821E-005	0.00000E+000	...........	1468.24
	1818	924.658	-1.30032E-005	-1.24389E-005	0.00000E+000	...........	1468.24
	1819	925.167	-1.26578E-005	-1.25818E-005	0.00000E+000	...........	1468.24
	1820	925.675	-1.24611E-005	-1.41803E-005	0.00000E+000	...........	1468.24
	1821	926.183	-1.25556E-005	-1.31525E-005	0.00000E+000	...........	1468.24
	1822	926.692	-1.28802E-005	-1.37568E-005	0.00000E+000	...........	1468.24
	1823	927.2	-1.32690E-005	-1.57247E-005	0.00000E+000	...........	1468.24
	1824	927.708	-1.36814E-005	-1.40520E-005	0.00000E+000	...........	1468.24
	1825	928.217	-1.40929E-005	-1.37352E-005	0.00000E+000	...........	1468.24
	1826	928.725	-1.43147E-005	-1.33659E-005	0.00000E+000	...........	1468.34
	1827	929.233	-1.42252E-005	-1.36262E-005	0.00000E+000	...........	1468.34
	1828	929.742	-1.39691E-005	-1.41673E-005	0.00000E+000	...........	1468.24
	1829	930.25	-1.37959E-005	-1.45098E-005	0.00000E+000	...........	1468.24
	1830	930.758	-1.38328E-005	-1.42840E-005	0.00000E+000	...........	1468.24
	1831	931.267	-1.40106E-005	-1.40671E-005	0.00000E+000	...........	1468.24
	1832	931.775	-1.41863E-005	-1.50540E-005	0.00000E+000	...........	1468.34
	1833	932.283	-1.43310E-005	-1.51110E-005	0.00000E+000	...........	1468.34
	1834	932.792	-1.45106E-005	-1.48259E-005	0.00000E+000	...........	1468.24
	1835	933.3	-1.47419E-005	-1.63158E-005	0.00000E+000	...........	1468.24
	1836	933.808	-1.50337E-005	-1.66890E-005	0.00000E+000	...........	1468.34
	1837	934.317	-1.54145E-005	-1.54703E-005	0.00000E+000	...........	1468.34
	1838	934.825	-1.58063E-005	-1.72126E-005	0.00000E+000	...........	1468.34
	1839	935.333	-1.61166E-005	-1.69437E-005	0.00000E+000	...........	1468.34
	1840	935.842	-1.63661E-005	-1.59544E-005	0.00000E+000	...........	1468.24
	1841	936.35	-1.65109E-005	-1.52019E-005	0.00000E+000	...........	1468.24
	1842	936.858	-1.64233E-005	-1.59642E-005	0.00000E+000	...........	1468.24
	1843	937.367	-1.61366E-005	-1.51092E-005	0.00000E+000	...........	1468.24
	1844	937.875	-1.58537E-005	-1.69874E-005	0.00000E+000	...........	1468.34
	1845	938.383	-1.57583E-005	-1.61482E-005	0.00000E+000	...........	1468.34
	1846	938.892	-1.58668E-005	-1.54107E-005	0.00000E+000	...........	1468.34
	1847	939.4	-1.59974E-005	-1.58363E-005	0.00000E+000	...........	1468.34
	1848	939.908	-1.59830E-005	-1.54046E-005	0.00000E+000	...........	1468.34
	1849	940.417	-1.58306E-005	-1.46335E-005	0.00000E+000	...........	1468.34
	1850	940.925	-1.56121E-005	-1.58443E-005	0.00000E+000	...........	1468.24
	1851	941.433	-1.54511E-005	-1.72061E-005	0.00000E+000	...........	1468.24
	1852	941.942	-1.55199E-005	-1.55876E-005	0.00000E+000	...........	1468.34
	1853	942.45	-1.58021E-005	-1.66420E-005	0.00000E+000	...........	1468.34
	1854	942.958	-1.60780E-005	-1.58975E-005	0.00000E+000	...........	1468.24
	1855	943.467	-1.62214E-005	-1.67813E-005	0.00000E+000	...........	1468.24
	1856	943.975	-1.63078E-005	-1.75755E-005	0.00000E+000	...........	1468.34
	1857	944.483	-1.64694E-005	-1.67581E-005	0.00000E+000	...........	1468.34
	1858	944.992	-1.67018E-005	-1.64836E-005	0.00000E+000	...........	1468.34
	1859	945.5	-1.68422E-005	-1.61679E-005	0.00000E+000	...........	1468.34
	1860	946.008	-1.67710E-005	-1.56084E-005	0.00000E+000	...........	1468.24
	1861	946.517	-1.65592E-005	-1.78482E-005	0.00000E+000	...........	1468.24
	1862	947.025	-1.64329E-005	-1.69152E-005	0.00000E+000	...........	1468.24
	1863	947.533	-1.65160E-005	-1.55810E-005	0.00000E+000	...........	1468.24
	1864	948.042	-1.66275E-005	-1.63217E-005	0.00000E+000	...........	1468.24
	1865	948.55	-1.65801E-005	-1.71937E-005	0.00000E+000	...........	1468.23
	1866	949.058	-1.64907E-005	-1.67100E-005	0.00000E+000	...........	1468.15
	1867	949.567	-1.65362E-005	-1.71739E-005	0.00000E+000	...........	1468.18
	1868	950.08	-1.67055E-005	-1.75339E-005	0.00000E+000	...........	1468.24
	1869	950.58	-1.69186E-005	-1.72857E-005	0.00000E+000	...........	1468.24
	1870	951.09	-1.71188E-005	-1.71941E-005	0.00000E+000	...........	1468.24
	1871	951.6	-1.72546E-005	-1.75266E-005	0.00000E+000	...........	1468.24
	1872	952.11	-1.73179E-005	-1.72774E-005	0.00000E+000	...........	1468.24
	1873	952.62	-1.73552E-005	-1.79302E-005	0.00000E+000	...........	1468.24
	1874	953.12	-1.74338E-005	-1.85000E-005	0.00000E+000	...........	1468.24
	1875	953.63	-1.75738E-005	-1.62285E-005	0.00000E+000	...........	1468.24
	1876	954.14	-1.76233E-005	-1.58056E-005	0.00000E+000	...........	1468.24
	1877	954.65	-1.73909E-005	-1.70428E-005	0.00000E+000	...........	1468.24
	1878	955.16	-1.69688E-005	-1.60439E-005	0.00000E+000	...........	1468.24
	1879	955.67	-1.66203E-005	-1.64349E-005	0.00000E+000	...........	1468.34
	1880	956.17	-1.64281E-005	-1.58085E-005	0.00000E+000	...........	1468.34
	1881	956.68	-1.63072E-005	-1.61218E-005	0.00000E+000	...........	1468.34
	1882	957.19	-1.62165E-005	-1.70433E-005	0.00000E+000	...........	1468.34
	1883	957.7	-1.62079E-005	-1.60452E-005	0.00000E+000	...........	1468.34
	1884	958.21	-1.62802E-005	-1.59994E-005	0.00000E+000	...........	1468.34
	1885	958.72	-1.63312E-005	-1.67378E-005	0.00000E+000	...........	1468.34
	1886	959.22	-1.63485E-005	-1.73059E-005	0.00000E+000	...........	1468.34
	1887	959.73	-1.64144E-005	-1.52094E-005	0.00000E+000	...........	1468.24
	1888	960.24	-1.64421E-005	-1.48180E-005	0.00000E+000	...........	1468.24
	1889	960.75	-1.62437E-005	-1.59961E-005	0.00000E+000	...........	1468.24
	1890	961.26	-1.58889E-005	-1.56152E-005	0.00000E+000	...........	1468.24
	1891	961.77	-1.56067E-005	-1.41363E-005	0.00000E+000	...........	1468.34
	1892	962.27	-1.53772E-005	-1.33600E-005	0.00000E+000	...........	1468.34
	1893	962.78	-1.50159E-005	-1.45057E-005	0.00000E+000	...........	1468.34
	1894	963.29	-1.45782E-005	-1.48850E-005	0.00000E+000	...........	1468.34
	1895	963.8	-1.43221E-005	-1.44341E-005	0.00000E+000	...........	1468.24
	1896	964.31	-1.43323E-005	-1.47957E-005	0.00000E+000	...........	1468.24
	1897	964.82	-1.44953E-005	-1.61727E-005	0.00000E+000	...........	1468.24
	1898	965.33	-1.47611E-005	-1.58786E-005	0.00000E+000	...........	1468.24
	1899	965.83	-1.51192E-005	-1.51421E-005	0.00000E+000	...........	1468.34
	1900	966.34	-1.54356E-005	-1.57722E-005	0.00000E+000	...........	1468.34
	1901	966.85	-1.55798E-005	-1.52461E-005	0.00000E+000	...........	1468.34
	1902	967.36	-1.55706E-005	-1.51326E-005	0.00000E+000	...........	1468.34
	1903	967.87	-1.54860E-005	-1.55095E-005	0.00000E+000	...........	1468.24
	1904	968.37	-1.53742E-005	-1.42978E-005	0.00000E+000	...........	1468.24
	1905	968.88	-1.52490E-005	-1.56449E-005	0.00000E+000	...........	1468.24
	1906	969.39	-1.51464E-005	-1.55329E-005	0.00000E+000	...........	1468.24
	1907	969.9	-1.51497E-005	-1.55981E-005	0.00000E+000	...........	1468.24
	1908	970.41	-1.52814E-005	-1.60492E-005	0.00000E+000	...........	1468.24
	1909	970.92	-1.54719E-005	-1.56219E-005	0.00000E+000	...........	1468.34
	1910	971.42	-1.56479E-005	-1.61558E-005	0.00000E+000	...........	1468.34
	1911	971.93	-1.57863E-005	-1.62686E-005	0.00000E+000	...........	1468.24
	1912	972.44	-1.59112E-005	-1.61747E-005	0.00000E+000	...........	1468.24
	1913	972.95	-1.60433E-005	-1.66065E-005	0.00000E+000	...........	1468.24
	1914	973.46	-1.61482E-005	-1.48845E-005	0.00000E+000	...........	1468.24
	1915	973.97	-1.61051E-005	-1.41675E-005	0.00000E+000	...........	1468.24
	1916	974.47	-1.57902E-005	-1.44448E-005	0.00000E+000	...........	1468.24
	1917	974.98	-1.52809E-005	-1.47971E-005	0.00000E+000	...........	1468.24
	1918	975.49	-1.48532E-005	-1.54617E-005	0.00000E+000	...........	1468.24
	1919	976	-1.47067E-005	-1.47838E-005	0.00000E+000	...........	1468.24
	1920	976.51	-1.47646E-005	-1.37261E-005	0.00000E+000	...........	1468.24
	1921	977.02	-1.47708E-005	-1.41011E-005	0.00000E+000	...........	1468.34
	1922	977.52	-1.45855E-005	-1.37576E-005	0.00000E+000	...........	1468.34
	1923	978.03	-1.43157E-005	-1.47344E-005	0.00000E+000	...........	1467.79
	1924	978.54	-1.41589E-005	-1.47543E-005	0.00000E+000	...........	1467.79
	1925	979.05	-1.42325E-005	-1.59447E-005	0.00000E+000	...........	1467.79
	1926	979.56	-1.45341E-005	-1.56262E-005	0.00000E+000	...........	1467.86
	1927	980.07	-1.49766E-005	-1.66957E-005	0.00000E+000	...........	1468.06
	1928	980.58	-1.54359E-005	-1.54253E-005	0.00000E+000	...........	1468.14
	1929	981.08	-1.57667E-005	-1.52385E-005	0.00000E+000	...........	1468.24
	1930	981.59	-1.58489E-005	-1.52513E-005	0.00000E+000	...........	1468.24
	1931	982.1	-1.57076E-005	-1.53714E-005	0.00000E+000	...........	1468.24
	1932	982.61	-1.55038E-005	-1.52508E-005	0.00000E+000	...........	1468.24
	1933	983.12	-1.53406E-005	-1.41126E-005	0.00000E+000	...........	1468.24
	1934	983.62	-1.51616E-005	-1.41478E-005	0.00000E+000	...........	1468.24
	1935	984.13	-1.49048E-005	-1.50813E-005	0.00000E+000	...........	1468.24
	1936	984.64	-1.46968E-005	-1.61019E-005	0.00000E+000	...........	1468.24
	1937	985.15	-1.47227E-005	-1.44495E-005	0.00000E+000	...........	1468.24
	1938	985.66	-1.49067E-005	-1.42411E-005	0.00000E+000	...........	1468.24
	1939	986.17	-1.49629E-005	-1.39497E-005	0.00000E+000	...........	1468.24
	1940	986.67	-1.47523E-005	-1.32414E-005	0.00000E+000	...........	1468.34
	1941	987.18	-1.44003E-005	-1.52697E-005	0.00000E+000	...........	1468.34
	1942	987.69	-1.41786E-005	-1.56368E-005	0.00000E+000	...........	1468.24
	1943	988.2	-1.42962E-005	-1.50910E-005	0.00000E+000	...........	1468.24
	1944	988.71	-1.46364E-005	-1.35780E-005	0.00000E+000	...........	1468.24
	1945	989.22	-1.48652E-005	-1.58246E-005	0.00000E+000	...........	1468.24
	1946	989.72	-1.49067E-005	-1.59161E-005	0.00000E+000	...........	1468.24
	1947	990.23	-1.49822E-005	-1.48297E-005	0.00000E+000	...........	1468.24
	1948	990.74	-1.51359E-005	-1.41741E-005	0.00000E+000	...........	1468.34
	1949	991.25	-1.51601E-005	-1.48298E-005	0.00000E+000	...........	1468.34
	1950	991.76	-1.50154E-005	-1.59274E-005	0.00000E+000	...........	1468.24
	1951	992.27	-1.49320E-005	-1.54573E-005	0.00000E+000	...........	1468.24
	1952	992.77	-1.50647E-005	-1.59379E-005	0.00000E+000	...........	1468.24
	1953	993.28	-1.53206E-005	-1.54240E-005	0.00000E+000	...........	1468.24
	1954	993.79	-1.55187E-005	-1.49207E-005	0.00000E+000	...........	1468.24
	1955	994.3	-1.55370E-005	-1.45852E-005	0.00000E+000	...........	1468.24
	1956	994.81	-1.53831E-005	-1.58741E-005	0.00000E+000	...........	1468.34
	1957	995.32	-1.52255E-005	-1.57019E-005	0.00000E+000	...........	1468.34
	1958	995.83	-1.52373E-005	-1.57441E-005	0.00000E+000	...........	1468.24
	1959	996.33	-1.53927E-005	-1.52518E-005	0.00000E+000	...........	1468.24
	1960	996.84	-1.55416E-005	-1.61464E-005	0.00000E+000	...........	1468.24
	1961	997.35	-1.56351E-005	-1.61538E-005	0.00000E+000	...........	1468.24
	1962	997.86	-1.57269E-005	-1.53165E-005	0.00000E+000	...........	1468.34
	1963	998.37	-1.58141E-005	-1.63614E-005	0.00000E+000	...........	1468.34
	1964	998.87	-1.58911E-005	-1.73153E-005	0.00000E+000	...........	1468.34
	1965	999.38	-1.60763E-005	-1.76938E-005	0.00000E+000	...........	1468.34
	1966	999.89	-1.64532E-005	-1.72179E-005	0.00000E+000	...........	1468.34
	1967	1000.4	-1.68857E-005	-1.68209E-005	0.00000E+000	...........	1468.34
	1968	1000.91	-1.71539E-005	-1.71005E-005	0.00000E+000	...........	1468.24
	1969	1001.42	-1.72163E-005	-1.79269E-005	0.00000E+000	...........	1468.24
	1970	1001.92	-1.72300E-005	-1.74173E-005	0.00000E+000	...........	1468.24
	1971	1002.43	-1.73014E-005	-1.68064E-005	0.00000E+000	...........	1468.24
	1972	1002.94	-1.73502E-005	-1.70139E-005	0.00000E+000	...........	1468.24
	1973	1003.45	-1.72959E-005	-1.75653E-005	0.00000E+000	...........	1468.24
	1974	1003.96	-1.71998E-005	-1.64462E-005	0.00000E+000	...........	1468.24
	1975	1004.47	-1.70966E-005	-1.57655E-005	0.00000E+000	...........	1468.24
	1976	1004.97	-1.69034E-005	-1.63866E-005	0.00000E+000	...........	1468.24
	1977	1005.48	-1.66156E-005	-1.62124E-005	0.00000E+000	...........	1468.24
	1978	1005.99	-1.64041E-005	-1.81537E-005	0.00000E+000	...........	1468.24
	1979	1006.5	-1.64750E-005	-1.83748E-005	0.00000E+000	...........	1468.24
	1980	1007.01	-1.68813E-005	-1.79694E-005	0.00000E+000	...........	1468.34
	1981	1007.52	-1.74402E-005	-1.86317E-005	0.00000E+000	...........	1468.34
	1982	1008.02	-1.78833E-005	-1.68835E-005	0.00000E+000	...........	1468.24
	1983	1008.53	-1.80371E-005	-1.71341E-005	0.00000E+000	...........	1468.24
	1984	1009.04	-1.79011E-005	-1.80844E-005	0.00000E+000	...........	1467.79
	1985	1009.55	-1.76579E-005	-1.66675E-005	0.00000E+000	...........	1467.81
	1986	1010.06	-1.74873E-005	-1.80538E-005	0.00000E+000	...........	1467.88
	1987	1010.57	-1.74399E-005	-1.82529E-005	0.00000E+000	...........	1468.00
	1988	1011.08	-1.75118E-005	-1.68394E-005	0.00000E+000	...........	1468.24
	1989	1011.58	-1.76053E-005	-1.72634E-005	0.00000E+000	...........	1468.24
	1990	1012.09	-1.76003E-005	-1.84680E-005	0.00000E+000	...........	1468.24
	1991	1012.6	-1.75904E-005	-1.88358E-005	0.00000E+000	...........	1468.24
	1992	1013.11	-1.77568E-005	-1.82158E-005	0.00000E+000	...........	1468.24
	1993	1013.62	-1.80472E-005	-1.78876E-005	0.00000E+000	...........	1468.24
	1994	1014.12	-1.82028E-005	-1.60321E-005	0.00000E+000	...........	1468.24
	1995	1014.63	-1.80045E-005	-1.58239E-005	0.00000E+000	...........	1468.24
	1996	1015.14	-1.74633E-005	-1.65955E-005	0.00000E+000	...........	1468.24
	1997	1015.65	-1.68525E-005	-1.64142E-005	0.00000E+000	...........	1468.24
	1998	1016.16	-1.64481E-005	-1.56720E-005	0.00000E+000	...........	1468.24
	1999	1016.67	-1.62397E-005	-1.50847E-005	0.00000E+000	...........	1468.24
	2000	1017.17	-1.60422E-005	-1.57237E-005	0.00000E+000	...........	1468.24
	2001	1017.68	-1.58349E-005	-1.72471E-005	0.00000E+000	...........	1468.34
	2002	1018.19	-1.58080E-005	-1.66487E-005	0.00000E+000	...........	1468.34
	2003	1018.7	-1.60687E-005	-1.77575E-005	0.00000E+000	...........	1468.34
	2004	1019.21	-1.65047E-005	-1.75100E-005	0.00000E+000	...........	1468.34
	2005	1019.72	-1.69469E-005	-1.75757E-005	0.00000E+000	...........	1468.24
	2006	1020.22	-1.72706E-005	-1.67696E-005	0.00000E+000	...........	1468.24
	2007	1020.73	-1.74097E-005	-1.79320E-005	0.00000E+000	...........	1468.34
	2008	1021.24	-1.74189E-005	-1.73700E-005	0.00000E+000	...........	1468.34
	2009	1021.75	-1.74166E-005	-1.73733E-005	0.00000E+000	...........	1468.34
	2010	1022.26	-1.74480E-005	-1.80698E-005	0.00000E+000	...........	1468.34
	2011	1022.77	-1.75162E-005	-1.79620E-005	0.00000E+000	...........	1468.24
	2012	1023.27	-1.76280E-005	-1.74577E-005	0.00000E+000	...........	1468.24
	2013	1023.78	-1.77290E-005	-1.76838E-005	0.00000E+000	...........	1468.24
	2014	1024.29	-1.77402E-005	-1.70467E-005	0.00000E+000	...........	1468.24
	2015	1024.8	-1.76681E-005	-1.83903E-005	0.00000E+000	...........	1468.34
	2016	1025.31	-1.76373E-005	-1.88970E-005	0.00000E+000	...........	1468.34
	2017	1025.82	-1.77962E-005	-1.89159E-005	0.00000E+000	...........	1468.34
	2018	1026.32	-1.81320E-005	-1.83531E-005	0.00000E+000	...........	1468.34
	2019	1026.83	-1.84376E-005	-1.77933E-005	0.00000E+000	...........	1468.34
	2020	1027.34	-1.85276E-005	-1.84387E-005	0.00000E+000	...........	1468.34
	2021	1027.85	-1.84307E-005	-1.82756E-005	0.00000E+000	...........	1468.34
	2022	1028.36	-1.83057E-005	-1.79955E-005	0.00000E+000	...........	1468.34
	2023	1028.87	-1.82400E-005	-1.86317E-005	0.00000E+000	...........	1468.34
	2024	1029.38	-1.82529E-005	-1.92850E-005	0.00000E+000	...........	1468.34
	2025	1029.88	-1.83905E-005	-1.93332E-005	0.00000E+000	...........	1468.24
	2026	1030.39	-1.86509E-005	-1.89046E-005	0.00000E+000	...........	1468.24
	2027	1030.9	-1.88972E-005	-1.82350E-005	0.00000E+000	...........	1468.34
	2028	1031.41	-1.89700E-005	-1.87116E-005	0.00000E+000	...........	1468.34
	2029	1031.92	-1.88371E-005	-1.71668E-005	0.00000E+000	...........	1468.34
	2030	1032.42	-1.85689E-005	-1.83400E-005	0.00000E+000	...........	1468.34
	2031	1032.93	-1.82745E-005	-1.80846E-005	0.00000E+000	...........	1468.34
	2032	1033.44	-1.80932E-005	-1.87876E-005	0.00000E+000	...........	1468.34
	2033	1033.95	-1.81162E-005	-1.91589E-005	0.00000E+000	...........	1468.34
	2034	1034.46	-1.83423E-005	-1.99176E-005	0.00000E+000	...........	1468.34
	2035	1034.97	-1.86973E-005	-1.87001E-005	0.00000E+000	...........	1468.24
	2036	1035.47	-1.90110E-005	-1.84036E-005	0.00000E+000	...........	1468.24
	2037	1035.98	-1.91007E-005	-1.86751E-005	0.00000E+000	...........	1468.34
	2038	1036.49	-1.89890E-005	-1.97280E-005	0.00000E+000	...........	1468.34
	2039	1037	-1.89015E-005	-1.92466E-005	0.00000E+000	...........	1468.34
	2040	1037.51	-1.89699E-005	-1.88103E-005	0.00000E+000	...........	1468.34
	2041	1038.02	-1.90860E-005	-1.89254E-005	0.00000E+000	...........	1468.34
	2042	1038.53	-1.91051E-005	-1.87264E-005	0.00000E+000	...........	1468.34
	2043	1039.03	-1.90143E-005	-1.83517E-005	0.00000E+000	...........	1468.24
	2044	1039.54	-1.88671E-005	-1.86335E-005	0.00000E+000	...........	1468.25
	2045	1040.05	-1.87162E-005	-1.85815E-005	0.00000E+000	...........	1468.34
	2046	1040.56	-1.86201E-005	-1.90077E-005	0.00000E+000	...........	1468.27
	2047	1041.07	-1.86552E-005	-2.08064E-005	0.00000E+000	...........	1468.06
	2048	1041.57	-1.88848E-005	-1.87413E-005	0.00000E+000	...........	1468.14
	2049	1042.08	-1.92028E-005	-1.87976E-005	0.00000E+000	...........	1468.24
	2050	1042.59	-1.93638E-005	-1.93323E-005	0.00000E+000	...........	1468.24
	2051	1043.1	-1.93308E-005	-2.03338E-005	0.00000E+000	...........	1468.24
	2052	1043.61	-1.93312E-005	-1.98545E-005	0.00000E+000	...........	1468.24
	2053	1044.12	-1.95041E-005	-2.03311E-005	0.00000E+000	...........	1468.24
	2054	1044.63	-1.97762E-005	-2.07233E-005	0.00000E+000	...........	1468.24
	2055	1045.13	-2.00474E-005	-2.02923E-005	0.00000E+000	...........	1468.24
	2056	1045.64	-2.02383E-005	-1.90053E-005	0.00000E+000	...........	1468.24
	2057	1046.15	-2.02209E-005	-1.88152E-005	0.00000E+000	...........	1468.24
	2058	1046.66	-1.99280E-005	-1.87098E-005	0.00000E+000	...........	1468.24
	2059	1047.17	-1.94892E-005	-1.91114E-005	0.00000E+000	...........	1468.24
	2060	1047.67	-1.91294E-005	-1.91074E-005	0.00000E+000	...........	1468.34
	2061	1048.18	-1.89562E-005	-1.83965E-005	0.00000E+000	...........	1468.34
	2062	1048.69	-1.88818E-005	-1.81225E-005	0.00000E+000	...........	1468.34
	2063	1049.2	-1.87779E-005	-1.92035E-005	0.00000E+000	...........	1468.34
	2064	1049.71	-1.86659E-005	-1.86483E-005	0.00000E+000	...........	1468.34
	2065	1050.22	-1.86278E-005	-1.81217E-005	0.00000E+000	...........	1468.34
	2066	1050.72	-1.86303E-005	-1.90634E-005	0.00000E+000	...........	1468.34
	2067	1051.23	-1.86404E-005	-1.95864E-005	0.00000E+000	...........	1468.34
	2068	1051.74	-1.87249E-005	-1.86114E-005	0.00000E+000	...........	1468.34
	2069	1052.25	-1.89023E-005	-2.04199E-005	0.00000E+000	...........	1468.34
	2070	1052.76	-1.91316E-005	-1.97308E-005	0.00000E+000	...........	1468.34
	2071	1053.27	-1.94138E-005	-2.07701E-005	0.00000E+000	...........	1468.34
	2072	1053.78	-1.97379E-005	-2.01269E-005	0.00000E+000	...........	1468.34
	2073	1054.28	-2.00402E-005	-2.07368E-005	0.00000E+000	...........	1468.34
	2074	1054.79	-2.02743E-005	-2.08028E-005	0.00000E+000	...........	1468.34
	2075	1055.3	-2.04696E-005	-2.16810E-005	0.00000E+000	...........	1468.34
	2076	1055.81	-2.06756E-005	-2.01422E-005	0.00000E+000	...........	1468.24
	2077	1056.32	-2.08624E-005	-2.19315E-005	0.00000E+000	...........	1468.24
	2078	1056.82	-2.09946E-005	-2.11900E-005	0.00000E+000	...........	1468.24
	2079	1057.33	-2.10676E-005	-1.89688E-005	0.00000E+000	...........	1468.24
	2080	1057.84	-2.09614E-005	-1.95973E-005	0.00000E+000	...........	1468.34
	2081	1058.35	-2.05654E-005	-1.89701E-005	0.00000E+000	...........	1468.34
	2082	1058.86	-2.00413E-005	-2.04653E-005	0.00000E+000	...........	1468.24
	2083	1059.37	-1.97124E-005	-2.09724E-005	0.00000E+000	...........	1468.24
	2084	1059.88	-1.97741E-005	-2.12378E-005	0.00000E+000	...........	1468.34
	2085	1060.38	-2.01538E-005	-2.09671E-005	0.00000E+000	...........	1468.34
	2086	1060.89	-2.05976E-005	-2.10198E-005	0.00000E+000	...........	1468.34
	2087	1061.4	-2.08612E-005	-1.89998E-005	0.00000E+000	...........	1468.34
	2088	1061.91	-2.08021E-005	-1.97576E-005	0.00000E+000	...........	1468.34
	2089	1062.42	-2.04521E-005	-1.96126E-005	0.00000E+000	...........	1468.34
	2090	1062.92	-2.00273E-005	-1.93238E-005	0.00000E+000	...........	1468.24
	2091	1063.43	-1.97176E-005	-1.95201E-005	0.00000E+000	...........	1468.24
	2092	1063.94	-1.95177E-005	-1.78129E-005	0.00000E+000	...........	1468.34
	2093	1064.45	-1.92834E-005	-1.79239E-005	0.00000E+000	...........	1468.34
	2094	1064.96	-1.89324E-005	-1.90294E-005	0.00000E+000	...........	1468.34
	2095	1065.47	-1.86070E-005	-1.89333E-005	0.00000E+000	...........	1468.34
	2096	1065.97	-1.84947E-005	-1.83145E-005	0.00000E+000	...........	1468.24
	2097	1066.48	-1.85464E-005	-1.84082E-005	0.00000E+000	...........	1468.24
	2098	1066.99	-1.85654E-005	-1.75730E-005	0.00000E+000	...........	1468.34
	2099	1067.5	-1.84748E-005	-1.94230E-005	0.00000E+000	...........	1468.34
	2100	1068.01	-1.83962E-005	-1.88661E-005	0.00000E+000	...........	1468.34
	2101	1068.52	-1.84709E-005	-1.88344E-005	0.00000E+000	...........	1468.34
	2102	1069.03	-1.86676E-005	-1.95496E-005	0.00000E+000	...........	1467.97
	2103	1069.53	-1.88832E-005	-1.94440E-005	0.00000E+000	...........	1467.97
	2104	1070.04	-1.90860E-005	-1.93596E-005	0.00000E+000	...........	1467.97
	2105	1070.55	-1.92498E-005	-1.90511E-005	0.00000E+000	...........	1467.96
	2106	1071.06	-1.93058E-005	-1.83686E-005	0.00000E+000	...........	1467.88
	2107	1071.57	-1.92058E-005	-1.86365E-005	0.00000E+000	...........	1468.00
	2108	1072.07	-1.90046E-005	-1.93087E-005	0.00000E+000	...........	1468.24
	2109	1072.58	-1.88546E-005	-1.90128E-005	0.00000E+000	...........	1468.24
	2110	1073.09	-1.88484E-005	-1.89215E-005	0.00000E+000	...........	1468.24
	2111	1073.6	-1.89221E-005	-1.89703E-005	0.00000E+000	...........	1468.24
	2112	1074.11	-1.89928E-005	-1.98847E-005	0.00000E+000	...........	1468.24
	2113	1074.62	-1.90922E-005	-1.97928E-005	0.00000E+000	...........	1468.24
	2114	1075.13	-1.92781E-005	-1.98233E-005	0.00000E+000	...........	1468.24
	2115	1075.63	-1.94888E-005	-1.87934E-005	0.00000E+000	...........	1468.24
	2116	1076.14	-1.95628E-005	-1.84322E-005	0.00000E+000	...........	1468.24
	2117	1076.65	-1.94139E-005	-1.92006E-005	0.00000E+000	...........	1468.24
	2118	1077.16	-1.91384E-005	-1.80552E-005	0.00000E+000	...........	1468.24
	2119	1077.67	-1.88652E-005	-1.78523E-005	0.00000E+000	...........	1468.24
	2120	1078.17	-1.86013E-005	-1.81128E-005	0.00000E+000	...........	1468.24
	2121	1078.68	-1.83508E-005	-1.84988E-005	0.00000E+000	...........	1468.24
	2122	1079.19	-1.82102E-005	-1.88187E-005	0.00000E+000	...........	1468.24
	2123	1079.7	-1.82414E-005	-1.83612E-005	0.00000E+000	...........	1468.34
	2124	1080.21	-1.83590E-005	-1.78809E-005	0.00000E+000	...........	1468.34
	2125	1080.72	-1.84148E-005	-1.85544E-005	0.00000E+000	...........	1468.34
	2126	1081.22	-1.83800E-005	-1.85120E-005	0.00000E+000	...........	1468.34
	2127	1081.73	-1.83789E-005	-1.99923E-005	0.00000E+000	...........	1468.34
	2128	1082.24	-1.85393E-005	-1.89992E-005	0.00000E+000	...........	1468.34
	2129	1082.75	-1.88418E-005	-1.97558E-005	0.00000E+000	...........	1468.24
	2130	1083.26	-1.91578E-005	-1.99306E-005	0.00000E+000	...........	1468.24
	2131	1083.77	-1.94252E-005	-2.03102E-005	0.00000E+000	...........	1468.34
	2132	1084.28	-1.96876E-005	-2.09357E-005	0.00000E+000	...........	1468.34
	2133	1084.78	-1.99789E-005	-2.01377E-005	0.00000E+000	...........	1468.34
	2134	1085.29	-2.02380E-005	-2.01118E-005	0.00000E+000	...........	1468.34
	2135	1085.8	-2.03424E-005	-1.92568E-005	0.00000E+000	...........	1468.34
	2136	1086.31	-2.02282E-005	-1.93683E-005	0.00000E+000	...........	1468.34
	2137	1086.82	-1.99445E-005	-1.87257E-005	0.00000E+000	...........	1468.24
	2138	1087.32	-1.95695E-005	-1.75837E-005	0.00000E+000	...........	1468.24
	2139	1087.83	-1.91273E-005	-1.81445E-005	0.00000E+000	...........	1468.24
	2140	1088.34	-1.86895E-005	-1.95848E-005	0.00000E+000	...........	1468.24
	2141	1088.85	-1.84367E-005	-1.77823E-005	0.00000E+000	...........	1468.24
	2142	1089.36	-1.84085E-005	-1.82547E-005	0.00000E+000	...........	1468.24
	2143	1089.87	-1.84260E-005	-1.84395E-005	0.00000E+000	...........	1468.34
	2144	1090.38	-1.84123E-005	-1.97087E-005	0.00000E+000	...........	1468.34
	2145	1090.88	-1.84980E-005	-1.93405E-005	0.00000E+000	...........	1468.34
	2146	1091.39	-1.87573E-005	-1.95465E-005	0.00000E+000	...........	1468.34
	2147	1091.9	-1.90713E-005	-1.90013E-005	0.00000E+000	...........	1468.34
	2148	1092.41	-1.92618E-005	-1.85797E-005	0.00000E+000	...........	1468.34
	2149	1092.92	-1.92390E-005	-1.84259E-005	0.00000E+000	...........	1468.34
	2150	1093.42	-1.90341E-005	-1.81516E-005	0.00000E+000	...........	1468.34
	2151	1093.93	-1.87782E-005	-1.96035E-005	0.00000E+000	...........	1468.34
	2152	1094.44	-1.86505E-005	-1.91927E-005	0.00000E+000	...........	1468.34
	2153	1094.95	-1.87578E-005	-2.00838E-005	0.00000E+000	...........	1468.34
	2154	1095.46	-1.90334E-005	-1.89557E-005	0.00000E+000	...........	1468.34
	2155	1095.97	-1.92735E-005	-1.82318E-005	0.00000E+000	...........	1468.24
	2156	1096.47	-1.92895E-005	-1.88836E-005	0.00000E+000	...........	1468.24
	2157	1096.98	-1.90728E-005	-1.76749E-005	0.00000E+000	...........	1468.24
	2158	1097.49	-1.87563E-005	-1.82166E-005	0.00000E+000	...........	1468.24
	2159	1098	-1.84652E-005	-1.86565E-005	0.00000E+000	...........	1468.24
	2160	1098.51	-1.83099E-005	-1.90680E-005	0.00000E+000	...........	1468.24
	2161	1099.02	-1.83603E-005	-1.88939E-005	0.00000E+000	...........	1468.24
	2162	1099.53	-1.85730E-005	-1.98282E-005	0.00000E+000	...........	1468.24
	2163	1100.03	-1.88807E-005	-2.07164E-005	0.00000E+000	...........	1468.24
	2164	1100.54	-1.92705E-005	-1.96638E-005	0.00000E+000	...........	1468.21
	2165	1101.05	-1.96714E-005	-2.02415E-005	0.00000E+000	...........	1467.79
	2166	1101.56	-1.99412E-005	-1.95817E-005	0.00000E+000	...........	1467.86
	2167	1102.07	-2.00078E-005	-1.91766E-005	0.00000E+000	...........	1468.06
	2168	1102.57	-1.98944E-005	-1.93537E-005	0.00000E+000	...........	1468.14
	2169	1103.08	-1.96902E-005	-1.97647E-005	0.00000E+000	...........	1468.24
	2170	1103.59	-1.95188E-005	-1.89281E-005	0.00000E+000	...........	1468.24
	2171	1104.1	-1.94192E-005	-1.91359E-005	0.00000E+000	...........	1468.24
	2172	1104.61	-1.93440E-005	-1.96830E-005	0.00000E+000	...........	1468.24
	2173	1105.12	-1.93235E-005	-2.07586E-005	0.00000E+000	...........	1468.24
	2174	1105.63	-1.94807E-005	-2.08391E-005	0.00000E+000	...........	1468.24
	2175	1106.13	-1.98683E-005	-2.20205E-005	0.00000E+000	...........	1468.24
	2176	1106.64	-2.03883E-005	-2.04741E-005	0.00000E+000	...........	1468.24
	2177	1107.15	-2.08584E-005	-2.20928E-005	0.00000E+000	...........	1468.24
	2178	1107.66	-2.11776E-005	-2.18316E-005	0.00000E+000	...........	1468.24
	2179	1108.17	-2.14099E-005	-2.20990E-005	0.00000E+000	...........	1468.24
	2180	1108.67	-2.16250E-005	-2.15796E-005	0.00000E+000	...........	1468.34
	2181	1109.18	-2.17624E-005	-2.07713E-005	0.00000E+000	...........	1468.34
	2182	1109.69	-2.17114E-005	-2.06361E-005	0.00000E+000	...........	1468.24
	2183	1110.2	-2.14401E-005	-1.97905E-005	0.00000E+000	...........	1468.24
	2184	1110.71	-2.10250E-005	-2.01697E-005	0.00000E+000	...........	1468.24
	2185	1111.22	-2.06086E-005	-2.05444E-005	0.00000E+000	...........	1468.24
	2186	1111.72	-2.03369E-005	-2.03181E-005	0.00000E+000	...........	1468.34
	2187	1112.23	-2.02378E-005	-1.93699E-005	0.00000E+000	...........	1468.34
	2188	1112.74	-2.01801E-005	-1.99043E-005	0.00000E+000	...........	1468.34
	2189	1113.25	-2.00684E-005	-2.03969E-005	0.00000E+000	...........	1468.34
	2190	1113.76	-1.99713E-005	-1.97584E-005	0.00000E+000	...........	1468.34
	2191	1114.27	-1.99525E-005	-1.98442E-005	0.00000E+000	...........	1468.34
	2192	1114.78	-1.99718E-005	-2.06599E-005	0.00000E+000	...........	1468.24
	2193	1115.28	-2.00320E-005	-2.10234E-005	0.00000E+000	...........	1468.24
	2194	1115.79	-2.01934E-005	-2.03800E-005	0.00000E+000	...........	1468.24
	2195	1116.3	-2.03828E-005	-1.91234E-005	0.00000E+000	...........	1468.24
	2196	1116.81	-2.03881E-005	-1.91763E-005	0.00000E+000	...........	1468.34
	2197	1117.32	-2.01417E-005	-2.05398E-005	0.00000E+000	...........	1468.34
	2198	1117.82	-1.98696E-005	-2.01863E-005	0.00000E+000	...........	1468.34
	2199	1118.33	-1.98023E-005	-1.96595E-005	0.00000E+000	...........	1468.34
	2200	1118.84	-1.98841E-005	-1.98539E-005	0.00000E+000	...........	1468.24
	2201	1119.35	-1.99478E-005	-2.04572E-005	0.00000E+000	...........	1468.24
	2202	1119.86	-1.99855E-005	-2.04454E-005	0.00000E+000	...........	1468.24
	2203	1120.37	-2.00547E-005	-1.92318E-005	0.00000E+000	...........	1468.24
	2204	1120.88	-2.00814E-005	-1.94146E-005	0.00000E+000	...........	1468.24
	2205	1121.38	-1.99514E-005	-1.90355E-005	0.00000E+000	...........	1468.24
	2206	1121.89	-1.96903E-005	-1.90828E-005	0.00000E+000	...........	1468.24
	2207	1122.4	-1.94443E-005	-2.04508E-005	0.00000E+000	...........	1468.24
	2208	1122.91	-1.93729E-005	-1.99562E-005	0.00000E+000	...........	1468.24
	2209	1123.42	-1.95001E-005	-1.88916E-005	0.00000E+000	...........	1468.24
	2210	1123.92	-1.96342E-005	-1.92162E-005	0.00000E+000	...........	1468.24
	2211	1124.43	-1.95688E-005	-1.78589E-005	0.00000E+000	...........	1468.24
	2212	1124.94	-1.92880E-005	-1.87958E-005	0.00000E+000	...........	1468.24
	2213	1125.45	-1.89464E-005	-1.92694E-005	0.00000E+000	...........	1468.24
	2214	1125.96	-1.87455E-005	-1.88206E-005	0.00000E+000	...........	1468.24
	2215	1126.47	-1.87497E-005	-1.89941E-005	0.00000E+000	...........	1468.24
	2216	1126.97	-1.88358E-005	-1.83773E-005	0.00000E+000	...........	1468.24
	2217	1127.48	-1.88626E-005	-1.87720E-005	0.00000E+000	...........	1468.24
	2218	1127.99	-1.88146E-005	-1.91383E-005	0.00000E+000	...........	1468.24
	2219	1128.5	-1.87851E-005	-1.91710E-005	0.00000E+000	...........	1468.24
	2220	1129.01	-1.88573E-005	-1.97075E-005	0.00000E+000	...........	1468.24
	2221	1129.52	-1.90196E-005	-1.89639E-005	0.00000E+000	...........	1468.24
	2222	1130.03	-1.91739E-005	-1.88548E-005	0.00000E+000	...........	1468.24
	2223	1130.53	-1.92352E-005	-2.00009E-005	0.00000E+000	...........	1468.24
	2224	1131.04	-1.92642E-005	-2.00564E-005	0.00000E+000	...........	1468.24
	2225	1131.55	-1.93801E-005	-1.92403E-005	0.00000E+000	...........	1468.19
	2226	1132.06	-1.95497E-005	-1.99470E-005	0.00000E+000	...........	1467.88
	2227	1132.57	-1.96496E-005	-1.90511E-005	0.00000E+000	...........	1468.00
	2228	1133.07	-1.96620E-005	-2.07803E-005	0.00000E+000	...........	1468.24
	2229	1133.58	-1.97073E-005	-2.07992E-005	0.00000E+000	...........	1468.24
	2230	1134.09	-1.99218E-005	-2.13163E-005	0.00000E+000	...........	1468.24
	2231	1134.6	-2.03021E-005	-2.11838E-005	0.00000E+000	...........	1468.24
	2232	1135.11	-2.07008E-005	-2.08654E-005	0.00000E+000	...........	1468.24
	2233	1135.62	-2.09592E-005	-2.05628E-005	0.00000E+000	...........	1468.24
	2234	1136.13	-2.10402E-005	-2.21523E-005	0.00000E+000	...........	1468.24
	2235	1136.63	-2.10602E-005	-2.05891E-005	0.00000E+000	...........	1468.24
	2236	1137.14	-2.10965E-005	-2.03143E-005	0.00000E+000	...........	1468.24
	2237	1137.65	-2.10462E-005	-2.00684E-005	0.00000E+000	...........	1468.24
	2238	1138.16	-2.08524E-005	-2.15093E-005	0.00000E+000	...........	1468.24
	2239	1138.67	-2.06649E-005	-2.01331E-005	0.00000E+000	...........	1468.34
	2240	1139.17	-2.06012E-005	-2.05007E-005	0.00000E+000	...........	1468.34
	2241	1139.68	-2.06021E-005	-2.11144E-005	0.00000E+000	...........	1468.24
	2242	1140.19	-2.06480E-005	-2.22112E-005	0.00000E+000	...........	1468.24
	2243	1140.7	-2.08205E-005	-2.06124E-005	0.00000E+000	...........	1468.24
	2244	1141.21	-2.10461E-005	-2.01353E-005	0.00000E+000	...........	1468.24
	2245	1141.72	-2.11021E-005	-2.09577E-005	0.00000E+000	...........	1468.34
	2246	1142.22	-2.09677E-005	-2.14740E-005	0.00000E+000	...........	1468.34
	2247	1142.73	-2.08770E-005	-2.16412E-005	0.00000E+000	...........	1468.34
	2248	1143.24	-2.09852E-005	-2.15216E-005	0.00000E+000	...........	1468.34
	2249	1143.75	-2.12025E-005	-2.09485E-005	0.00000E+000	...........	1468.24
	2250	1144.26	-2.13440E-005	-2.10003E-005	0.00000E+000	...........	1468.24
	2251	1144.77	-2.13202E-005	-2.07920E-005	0.00000E+000	...........	1468.34
	2252	1145.28	-2.12011E-005	-2.19221E-005	0.00000E+000	...........	1468.34
	2253	1145.78	-2.11477E-005	-2.17840E-005	0.00000E+000	...........	1468.24
	2254	1146.29	-2.12394E-005	-2.07714E-005	0.00000E+000	...........	1468.24
	2255	1146.8	-2.13651E-005	-2.14532E-005	0.00000E+000	...........	1468.24
	2256	1147.31	-2.13275E-005	-1.79040E-005	0.00000E+000	...........	1468.24
	2257	1147.82	-2.09893E-005	-2.02320E-005	0.00000E+000	...........	1468.34
	2258	1148.32	-2.04388E-005	-2.04456E-005	0.00000E+000	...........	1468.34
	2259	1148.83	-2.00104E-005	-1.99996E-005	0.00000E+000	...........	1468.34
	2260	1149.34	-1.99097E-005	-2.04769E-005	0.00000E+000	...........	1468.34
	2261	1149.85	-2.00151E-005	-1.99265E-005	0.00000E+000	...........	1468.34
	2262	1150.36	-2.01307E-005	-2.02148E-005	0.00000E+000	...........	1468.34
	2263	1150.87	-2.01915E-005	-2.09086E-005	0.00000E+000	...........	1468.34
	2264	1151.38	-2.02654E-005	-2.10601E-005	0.00000E+000	...........	1468.34
	2265	1151.88	-2.04336E-005	-2.10052E-005	0.00000E+000	...........	1468.24
	2266	1152.39	-2.06845E-005	-2.19875E-005	0.00000E+000	...........	1468.24
	2267	1152.9	-2.09567E-005	-2.08082E-005	0.00000E+000	...........	1468.24
	2268	1153.41	-2.11615E-005	-2.05351E-005	0.00000E+000	...........	1468.24
	2269	1153.92	-2.12009E-005	-2.12889E-005	0.00000E+000	...........	1468.24
	2270	1154.42	-2.10875E-005	-2.00107E-005	0.00000E+000	...........	1468.24
	2271	1154.93	-2.09164E-005	-2.07624E-005	0.00000E+000	...........	1468.34
	2272	1155.44	-2.07450E-005	-2.03772E-005	0.00000E+000	...........	1468.34
	2273	1155.95	-2.06107E-005	-2.06849E-005	0.00000E+000	...........	1468.34
	2274	1156.46	-2.05326E-005	-1.99232E-005	0.00000E+000	...........	1468.34
	2275	1156.97	-2.04793E-005	-2.08015E-005	0.00000E+000	...........	1468.24
	2276	1157.47	-2.04217E-005	-1.97014E-005	0.00000E+000	...........	1468.24
	2277	1157.98	-2.03449E-005	-1.98967E-005	0.00000E+000	...........	1468.34
	2278	1158.49	-2.02389E-005	-2.06382E-005	0.00000E+000	...........	1468.34
	2279	1159	-2.01629E-005	-2.05106E-005	0.00000E+000	...........	1468.24
	2280	1159.51	-2.02005E-005	-2.06253E-005	0.00000E+000	...........	1468.24
	2281	1160.02	-2.03197E-005	-1.99549E-005	0.00000E+000	...........	1468.24
	2282	1160.53	-2.04004E-005	-2.03710E-005	0.00000E+000	...........	1468.24
	2283	1161.03	-2.03700E-005	-1.94138E-005	0.00000E+000	...........	1468.15
	2284	1161.54	-2.02429E-005	-2.02540E-005	0.00000E+000	...........	1468.15
	2285	1162.05	-2.00818E-005	-1.94889E-005	0.00000E+000	...........	1468.06
	2286	1162.56	-1.99506E-005	-2.01397E-005	0.00000E+000	...........	1468.11
	2287	1163.07	-1.98801E-005	-1.98517E-005	0.00000E+000	...........	1468.24
	2288	1163.57	-1.98659E-005	-1.98420E-005	0.00000E+000	...........	1468.24
	2289	1164.08	-1.99013E-005	-2.11291E-005	0.00000E+000	...........	1468.24
	2290	1164.59	-2.00109E-005	-2.00879E-005	0.00000E+000	...........	1468.24
	2291	1165.1	-2.02002E-005	-2.11821E-005	0.00000E+000	...........	1468.24
	2292	1165.61	-2.04026E-005	-2.00975E-005	0.00000E+000	...........	1468.24
	2293	1166.12	-2.05112E-005	-1.92998E-005	0.00000E+000	...........	1468.24
	2294	1166.63	-2.04370E-005	-2.02895E-005	0.00000E+000	...........	1468.24
	2295	1167.13	-2.02285E-005	-2.01318E-005	0.00000E+000	...........	1468.24
	2296	1167.64	-2.00429E-005	-1.90932E-005	0.00000E+000	...........	1468.24
	2297	1168.15	-1.99088E-005	-1.92717E-005	0.00000E+000	...........	1468.24
	2298	1168.66	-1.97591E-005	-2.04733E-005	0.00000E+000	...........	1468.24
	2299	1169.17	-1.96562E-005	-1.97596E-005	0.00000E+000	...........	1468.24
	2300	1169.67	-1.96868E-005	-1.96638E-005	0.00000E+000	...........	1468.24
	2301	1170.18	-1.97839E-005	-2.02299E-005	0.00000E+000	...........	1468.24
	2302	1170.69	-1.98946E-005	-2.17585E-005	0.00000E+000	...........	1468.34
	2303	1171.2	-2.01218E-005	-2.12495E-005	0.00000E+000	...........	1468.34
	2304	1171.71	-2.04952E-005	-2.02213E-005	0.00000E+000	...........	1468.24
	2305	1172.22	-2.08075E-005	-2.06055E-005	0.00000E+000	...........	1468.24
	2306	1172.72	-2.08827E-005	-2.09840E-005	0.00000E+000	...........	1468.34
	2307	1173.23	-2.08158E-005	-2.10612E-005	0.00000E+000	...........	1468.34
	2308	1173.74	-2.07930E-005	-2.10637E-005	0.00000E+000	...........	1468.24
	2309	1174.25	-2.08649E-005	-2.12506E-005	0.00000E+000	...........	1468.24
	2310	1174.76	-2.09626E-005	-2.03513E-005	0.00000E+000	...........	1468.34
	2311	1175.27	-2.09877E-005	-2.05579E-005	0.00000E+000	...........	1468.34
	2312	1175.78	-2.09144E-005	-2.16163E-005	0.00000E+000	...........	1468.34
	2313	1176.28	-2.08603E-005	-2.13332E-005	0.00000E+000	...........	1468.34
	2314	1176.79	-2.09738E-005	-2.28778E-005	0.00000E+000	...........	1468.34
	2315	1177.3	-2.12849E-005	-2.20135E-005	0.00000E+000	...........	1468.34
	2316	1177.81	-2.16831E-005	-2.20043E-005	0.00000E+000	...........	1468.24
	2317	1178.32	-2.20055E-005	-2.28826E-005	0.00000E+000	...........	1468.24
	2318	1178.82	-2.22116E-005	-2.28570E-005	0.00000E+000	...........	1468.24
	2319	1179.33	-2.23901E-005	-2.27628E-005	0.00000E+000	...........	1468.24
	2320	1179.84	-2.25510E-005	-2.15862E-005	0.00000E+000	...........	1468.24
	2321	1180.35	-2.25749E-005	-2.18505E-005	0.00000E+000	...........	1468.24
	2322	1180.86	-2.24109E-005	-2.22641E-005	0.00000E+000	...........	1468.34
	2323	1181.37	-2.21942E-005	-2.22543E-005	0.00000E+000	...........	1468.34
	2324	1181.88	-2.20748E-005	-2.15491E-005	0.00000E+000	...........	1468.24
	2325	1182.38	-2.20228E-005	-2.13904E-005	0.00000E+000	...........	1468.24
	2326	1182.89	-2.19360E-005	-2.23155E-005	0.00000E+000	...........	1468.24
	2327	1183.4	-2.18367E-005	-2.17032E-005	0.00000E+000	...........	1468.24
	2328	1183.91	-2.17912E-005	-2.11351E-005	0.00000E+000	...........	1468.34
	2329	1184.42	-2.17414E-005	-2.11149E-005	0.00000E+000	...........	1468.34
	2330	1184.92	-2.15912E-005	-2.06499E-005	0.00000E+000	...........	1468.34
	2331	1185.43	-2.13683E-005	-2.18218E-005	0.00000E+000	...........	1468.34
	2332	1185.94	-2.11956E-005	-2.07181E-005	0.00000E+000	...........	1468.24
	2333	1186.45	-2.11357E-005	-2.13436E-005	0.00000E+000	...........	1468.24
	2334	1186.96	-2.11270E-005	-2.05093E-005	0.00000E+000	...........	1468.24
	2335	1187.47	-2.10562E-005	-1.94754E-005	0.00000E+000	...........	1468.24
	2336	1187.97	-2.08566E-005	-2.12454E-005	0.00000E+000	...........	1468.24
	2337	1188.48	-2.06401E-005	-2.17973E-005	0.00000E+000	...........	1468.24
	2338	1188.99	-2.06718E-005	-2.29350E-005	0.00000E+000	...........	1468.24
	2339	1189.5	-2.10550E-005	-2.14668E-005	0.00000E+000	...........	1468.24
	2340	1190.01	-2.15464E-005	-2.12025E-005	0.00000E+000	...........	1468.24
	2341	1190.52	-2.18023E-005	-2.12590E-005	0.00000E+000	...........	1468.24
	2342	1191.03	-2.17454E-005	-2.16858E-005	0.00000E+000	...........	1468.34
	2343	1191.53	-2.15978E-005	-2.26239E-005	0.00000E+000	...........	1468.34
	2344	1192.04	-2.16013E-005	-2.19888E-005	0.00000E+000	...........	1467.88
	2345	1192.55	-2.17729E-005	-2.16736E-005	0.00000E+000	...........	1467.88
	2346	1193.06	-2.19468E-005	-2.23847E-005	0.00000E+000	...........	1467.88
	2347	1193.57	-2.20281E-005	-2.21043E-005	0.00000E+000	...........	1468.00
	2348	1194.07	-2.20881E-005	-2.32747E-005	0.00000E+000	...........	1468.24
	2349	1194.58	-2.22326E-005	-2.29338E-005	0.00000E+000	...........	1468.24
	2350	1195.09	-2.24864E-005	-2.34426E-005	0.00000E+000	...........	1468.24
	2351	1195.6	-2.27931E-005	-2.37486E-005	0.00000E+000	...........	1468.19
	2352	1196.11	-2.30747E-005	-2.26710E-005	0.00000E+000	...........	1468.15
	2353	1196.62	-2.32496E-005	-2.33273E-005	0.00000E+000	...........	1468.15
	2354	1197.13	-2.32907E-005	-2.37484E-005	0.00000E+000	...........	1468.15
	2355	1197.63	-2.32850E-005	-2.29899E-005	0.00000E+000	...........	1468.15
	2356	1198.14	-2.32998E-005	-2.31837E-005	0.00000E+000	...........	1468.15
	2357	1198.65	-2.32936E-005	-2.29971E-005	0.00000E+000	...........	1468.24
	2358	1199.16	-2.32405E-005	-2.34066E-005	0.00000E+000	...........	1468.24
	2359	1199.67	-2.31899E-005	-2.31866E-005	0.00000E+000	...........	1468.34
	2360	1200.17	-2.31732E-005	-2.26970E-005	0.00000E+000	...........	1468.34
	2361	1200.68	-2.31794E-005	-2.46532E-005	0.00000E+000	...........	1468.34
	2362	1201.19	-2.32506E-005	-2.34079E-005	0.00000E+000	...........	1468.34
	2363	1201.7	-2.34442E-005	-2.48331E-005	0.00000E+000	...........	1468.34
	2364	1202.21	-2.37249E-005	-2.42342E-005	0.00000E+000	...........	1468.34
	2365	1202.72	-2.40110E-005	-2.45248E-005	0.00000E+000	...........	1468.24
	2366	1203.22	-2.42262E-005	-2.37952E-005	0.00000E+000	...........	1468.24
	2367	1203.73	-2.42975E-005	-2.36446E-005	0.00000E+000	...........	1468.24
	2368	1204.24	-2.41788E-005	-2.24223E-005	0.00000E+000	...........	1468.24
	2369	1204.75	-2.38798E-005	-2.33719E-005	0.00000E+000	...........	1468.24
	2370	1205.26	-2.35561E-005	-2.54918E-005	0.00000E+000	...........	1468.24
	2371	1205.77	-2.35077E-005	-2.49753E-005	0.00000E+000	...........	1468.24
	2372	1206.28	-2.38353E-005	-2.34818E-005	0.00000E+000	...........	1468.24
	2373	1206.78	-2.42355E-005	-2.46340E-005	0.00000E+000	...........	1468.24
	2374	1207.29	-2.44143E-005	-2.45895E-005	0.00000E+000	...........	1468.24
	2375	1207.8	-2.44327E-005	-2.47439E-005	0.00000E+000	...........	1468.34
	2376	1208.31	-2.44474E-005	-2.36737E-005	0.00000E+000	...........	1468.34
	2377	1208.82	-2.44420E-005	-2.42848E-005	0.00000E+000	...........	1468.24
	2378	1209.32	-2.43479E-005	-2.36402E-005	0.00000E+000	...........	1468.24
	2379	1209.83	-2.41980E-005	-2.44047E-005	0.00000E+000	...........	1468.34
	2380	1210.34	-2.41062E-005	-2.52385E-005	0.00000E+000	...........	1468.34
	2381	1210.85	-2.41651E-005	-2.38375E-005	0.00000E+000	...........	1468.34
	2382	1211.36	-2.43303E-005	-2.51414E-005	0.00000E+000	...........	1468.34
	2383	1211.87	-2.45130E-005	-2.61741E-005	0.00000E+000	...........	1468.34
	2384	1212.38	-2.47572E-005	-2.53699E-005	0.00000E+000	...........	1468.34
	2385	1212.88	-2.50859E-005	-2.53221E-005	0.00000E+000	...........	1468.34
	2386	1213.39	-2.53349E-005	-2.42618E-005	0.00000E+000	...........	1468.34
	2387	1213.9	-2.53272E-005	-2.42228E-005	0.00000E+000	...........	1468.34
	2388	1214.41	-2.50681E-005	-2.43984E-005	0.00000E+000	...........	1468.34
	2389	1214.92	-2.47403E-005	-2.50376E-005	0.00000E+000	...........	1468.24
	2390	1215.42	-2.45637E-005	-2.53543E-005	0.00000E+000	...........	1468.24
	2391	1215.93	-2.46422E-005	-2.59059E-005	0.00000E+000	...........	1468.24
	2392	1216.44	-2.49193E-005	-2.53807E-005	0.00000E+000	...........	1468.24
	2393	1216.95	-2.52210E-005	-2.46992E-005	0.00000E+000	...........	1468.34
	2394	1217.46	-2.53608E-005	-2.50936E-005	0.00000E+000	...........	1468.34
	2395	1217.97	-2.52939E-005	-2.47595E-005	0.00000E+000	...........	1468.24
	2396	1218.47	-2.51029E-005	-2.34644E-005	0.00000E+000	...........	1468.24
	2397	1218.98	-2.48172E-005	-2.34721E-005	0.00000E+000	...........	1468.24
	2398	1219.49	-2.44089E-005	-2.28724E-005	0.00000E+000	...........	1468.24
	2399	1220	-2.39461E-005	-2.39244E-005	0.00000E+000	...........	1468.24
	2400	1220.51	-2.36033E-005	-2.39869E-005	0.00000E+000	...........	1468.24
	2401	1221.02	-2.35078E-005	-2.38444E-005	0.00000E+000	...........	1468.24
	2402	1221.53	-2.36153E-005	-2.41200E-005	0.00000E+000	...........	1468.24
	2403	1222.03	-2.37954E-005	-2.46714E-005	0.00000E+000	...........	1468.24
	2404	1222.54	-2.39893E-005	-2.43950E-005	0.00000E+000	...........	1468.22
	2405	1223.05	-2.41695E-005	-2.36100E-005	0.00000E+000	...........	1467.88
	2406	1223.56	-2.42413E-005	-2.35285E-005	0.00000E+000	...........	1467.93
	2407	1224.07	-2.41453E-005	-2.41763E-005	0.00000E+000	...........	1468.06
	2408	1224.57	-2.39912E-005	-2.44269E-005	0.00000E+000	...........	1468.14
	2409	1225.08	-2.39438E-005	-2.40464E-005	0.00000E+000	...........	1468.24
	2410	1225.59	-2.40285E-005	-2.46419E-005	0.00000E+000	...........	1468.24
	2411	1226.1	-2.41693E-005	-2.46838E-005	0.00000E+000	...........	1468.24
	2412	1226.61	-2.43347E-005	-2.52377E-005	0.00000E+000	...........	1468.24
	2413	1227.12	-2.45275E-005	-2.45136E-005	0.00000E+000	...........	1468.24
	2414	1227.63	-2.47232E-005	-2.59819E-005	0.00000E+000	...........	1468.24
	2415	1228.13	-2.49340E-005	-2.62372E-005	0.00000E+000	...........	1468.24
	2416	1228.64	-2.52236E-005	-2.58399E-005	0.00000E+000	...........	1468.24
	2417	1229.15	-2.55477E-005	-2.52523E-005	0.00000E+000	...........	1468.24
	2418	1229.66	-2.57283E-005	-2.48994E-005	0.00000E+000	...........	1468.24
	2419	1230.17	-2.56643E-005	-2.51843E-005	0.00000E+000	...........	1468.24
	2420	1230.67	-2.54498E-005	-2.51854E-005	0.00000E+000	...........	1468.24
	2421	1231.18	-2.52606E-005	-2.54563E-005	0.00000E+000	...........	1468.24
	2422	1231.69	-2.51942E-005	-2.53835E-005	0.00000E+000	...........	1468.24
	2423	1232.2	-2.52271E-005	-2.50693E-005	0.00000E+000	...........	1468.24
	2424	1232.71	-2.52752E-005	-2.53858E-005	0.00000E+000	...........	1468.34
	2425	1233.22	-2.52890E-005	-2.52644E-005	0.00000E+000	...........	1468.34
	2426	1233.72	-2.52893E-005	-2.56041E-005	0.00000E+000	...........	1468.24
	2427	1234.23	-2.53257E-005	-2.59627E-005	0.00000E+000	...........	1468.24
	2428	1234.74	-2.54032E-005	-2.43868E-005	0.00000E+000	...........	1468.24
	2429	1235.25	-2.54148E-005	-2.43286E-005	0.00000E+000	...........	1468.24
	2430	1235.76	-2.52362E-005	-2.44837E-005	0.00000E+000	...........	1468.24
	2431	1236.27	-2.49119E-005	-2.40497E-005	0.00000E+000	...........	1468.24
	2432	1236.78	-2.45954E-005	-2.42154E-005	0.00000E+000	...........	1468.24
	2433	1237.28	-2.43382E-005	-2.24565E-005	0.00000E+000	...........	1468.24
	2434	1237.79	-2.40472E-005	-2.28918E-005	0.00000E+000	...........	1468.24
	2435	1238.3	-2.36598E-005	-2.31173E-005	0.00000E+000	...........	1468.24
	2436	1238.81	-2.32715E-005	-2.24059E-005	0.00000E+000	...........	1468.24
	2437	1239.32	-2.30069E-005	-2.34524E-005	0.00000E+000	...........	1468.24
	2438	1239.82	-2.29230E-005	-2.43020E-005	0.00000E+000	...........	1468.24
	2439	1240.33	-2.30799E-005	-2.48033E-005	0.00000E+000	...........	1468.24
	2440	1240.84	-2.34939E-005	-2.52383E-005	0.00000E+000	...........	1468.34
	2441	1241.35	-2.40490E-005	-2.51023E-005	0.00000E+000	...........	1468.34
	2442	1241.86	-2.45687E-005	-2.53443E-005	0.00000E+000	...........	1468.24
	2443	1242.37	-2.49375E-005	-2.51401E-005	0.00000E+000	...........	1468.24
	2444	1242.88	-2.51297E-005	-2.47564E-005	0.00000E+000	...........	1468.24
	2445	1243.38	-2.51555E-005	-2.44641E-005	0.00000E+000	...........	1468.24
	2446	1243.89	-2.50225E-005	-2.36937E-005	0.00000E+000	...........	1468.24
	2447	1244.4	-2.47604E-005	-2.43705E-005	0.00000E+000	...........	1468.24
	2448	1244.91	-2.44924E-005	-2.56022E-005	0.00000E+000	...........	1468.24
	2449	1245.42	-2.44103E-005	-2.47225E-005	0.00000E+000	...........	1468.24
	2450	1245.92	-2.45522E-005	-2.45755E-005	0.00000E+000	...........	1468.24
	2451	1246.43	-2.47187E-005	-2.40743E-005	0.00000E+000	...........	1468.24
	2452	1246.94	-2.47248E-005	-2.44866E-005	0.00000E+000	...........	1468.34
	2453	1247.45	-2.45833E-005	-2.38015E-005	0.00000E+000	...........	1468.34
	2454	1247.96	-2.43930E-005	-2.39232E-005	0.00000E+000	...........	1468.24
	2455	1248.47	-2.41942E-005	-2.31623E-005	0.00000E+000	...........	1468.24
	2456	1248.97	-2.39886E-005	-2.42631E-005	0.00000E+000	...........	1468.24
	2457	1249.48	-2.38536E-005	-2.51936E-005	0.00000E+000	...........	1468.24
	2458	1249.99	-2.39285E-005	-2.47358E-005	0.00000E+000	...........	1468.34
	2459	1250.5	-2.42109E-005	-2.44975E-005	0.00000E+000	...........	1468.34
	2460	1251.01	-2.44936E-005	-2.41328E-005	0.00000E+000	...........	1468.24
	2461	1251.52	-2.45914E-005	-2.42064E-005	0.00000E+000	...........	1468.24
	2462	1252.03	-2.44939E-005	-2.34301E-005	0.00000E+000	...........	1468.24
	2463	1252.53	-2.42813E-005	-2.37984E-005	0.00000E+000	...........	1468.24
	2464	1253.04	-2.40503E-005	-2.43160E-005	0.00000E+000	...........	1468.24
	2465	1253.55	-2.39272E-005	-2.47871E-005	0.00000E+000	...........	1468.24
	2466	1254.06	-2.39967E-005	-2.43795E-005	0.00000E+000	...........	1468.24
	2467	1254.57	-2.41903E-005	-2.42340E-005	0.00000E+000	...........	1468.24
	2468	1255.07	-2.43369E-005	-2.36995E-005	0.00000E+000	...........	1468.24
	2469	1255.58	-2.43401E-005	-2.47238E-005	0.00000E+000	...........	1468.20
	2470	1256.09	-2.42915E-005	-2.53771E-005	0.00000E+000	...........	1468.15
	2471	1256.6	-2.43536E-005	-2.41533E-005	0.00000E+000	...........	1468.21
	2472	1257.11	-2.45378E-005	-2.58111E-005	0.00000E+000	...........	1468.24
	2473	1257.62	-2.47821E-005	-2.67532E-005	0.00000E+000	...........	1468.24
	2474	1258.13	-2.51224E-005	-2.55085E-005	0.00000E+000	...........	1468.24
	2475	1258.63	-2.55145E-005	-2.54359E-005	0.00000E+000	...........	1468.24
	2476	1259.14	-2.57709E-005	-2.62893E-005	0.00000E+000	...........	1468.24
	2477	1259.65	-2.58512E-005	-2.60914E-005	0.00000E+000	...........	1468.24
	2478	1260.16	-2.58898E-005	-2.58231E-005	0.00000E+000	...........	1468.24
	2479	1260.67	-2.59458E-005	-2.60812E-005	0.00000E+000	...........	1468.34
	2480	1261.17	-2.59865E-005	-2.61073E-005	0.00000E+000	...........	1468.34
	2481	1261.68	-2.59852E-005	-2.47675E-005	0.00000E+000	...........	1468.24
	2482	1262.19	-2.59012E-005	-2.58021E-005	0.00000E+000	...........	1468.24
	2483	1262.7	-2.57370E-005	-2.56329E-005	0.00000E+000	...........	1468.24
	2484	1263.21	-2.55868E-005	-2.50088E-005	0.00000E+000	...........	1468.24
	2485	1263.72	-2.54768E-005	-2.45036E-005	0.00000E+000	...........	1468.24
	2486	1264.22	-2.53304E-005	-2.53973E-005	0.00000E+000	...........	1468.24
	2487	1264.73	-2.51452E-005	-2.44153E-005	0.00000E+000	...........	1468.24
	2488	1265.24	-2.49743E-005	-2.40699E-005	0.00000E+000	...........	1468.24
	2489	1265.75	-2.48101E-005	-2.52505E-005	0.00000E+000	...........	1468.34
	2490	1266.26	-2.46775E-005	-2.46476E-005	0.00000E+000	...........	1468.34
	2491	1266.77	-2.46342E-005	-2.41024E-005	0.00000E+000	...........	1468.24
	2492	1267.28	-2.46245E-005	-2.45142E-005	0.00000E+000	...........	1468.24
	2493	1267.78	-2.45478E-005	-2.35209E-005	0.00000E+000	...........	1468.34
	2494	1268.29	-2.43791E-005	-2.36788E-005	0.00000E+000	...........	1468.34
	2495	1268.8	-2.41497E-005	-2.38465E-005	0.00000E+000	...........	1468.24
	2496	1269.31	-2.39399E-005	-2.40538E-005	0.00000E+000	...........	1468.24
	2497	1269.82	-2.38499E-005	-2.45955E-005	0.00000E+000	...........	1468.24
	2498	1270.32	-2.39254E-005	-2.46875E-005	0.00000E+000	...........	1468.24
	2499	1270.83	-2.41152E-005	-2.38994E-005	0.00000E+000	...........	1468.34
	2500	1271.34	-2.42837E-005	-2.42711E-005	0.00000E+000	...........	1468.34
	2501	1271.85	-2.43188E-005	-2.36116E-005	0.00000E+000	...........	1468.24
	2502	1272.36	-2.42394E-005	-2.48267E-005	0.00000E+000	...........	1468.24
	2503	1272.87	-2.41408E-005	-2.28644E-005	0.00000E+000	...........	1468.34
	2504	1273.38	-2.40140E-005	-2.23689E-005	0.00000E+000	...........	1468.34
	2505	1273.88	-2.37500E-005	-2.34207E-005	0.00000E+000	...........	1468.24
	2506	1274.39	-2.34198E-005	-2.45031E-005	0.00000E+000	...........	1468.24
	2507	1274.9	-2.33171E-005	-2.50731E-005	0.00000E+000	...........	1468.34
	2508	1275.41	-2.35995E-005	-2.47920E-005	0.00000E+000	...........	1468.34
	2509	1275.92	-2.40929E-005	-2.45586E-005	0.00000E+000	...........	1468.34
	2510	1276.42	-2.44815E-005	-2.35966E-005	0.00000E+000	...........	1468.34
	2511	1276.93	-2.45815E-005	-2.45149E-005	0.00000E+000	...........	1468.24
	2512	1277.44	-2.44699E-005	-2.47782E-005	0.00000E+000	...........	1468.24
	2513	1277.95	-2.43697E-005	-2.44019E-005	0.00000E+000	...........	1468.34
	2514	1278.46	-2.43838E-005	-2.43087E-005	0.00000E+000	...........	1468.34
	2515	1278.97	-2.44370E-005	-2.45932E-005	0.00000E+000	...........	1468.24
	2516	1279.47	-2.44900E-005	-2.60026E-005	0.00000E+000	...........	1468.24
	2517	1279.98	-2.46282E-005	-2.49016E-005	0.00000E+000	...........	1468.24
	2518	1280.49	-2.48637E-005	-2.48370E-005	0.00000E+000	...........	1468.24
	2519	1281	-2.50260E-005	-2.38785E-005	0.00000E+000	...........	1468.24
	2520	1281.51	-2.49702E-005	-2.48732E-005	0.00000E+000	...........	1468.24
	2521	1282.02	-2.47996E-005	-2.60800E-005	0.00000E+000	...........	1468.34
	2522	1282.53	-2.47907E-005	-2.62264E-005	0.00000E+000	...........	1468.34
	2523	1283.03	-2.50850E-005	-2.62050E-005	0.00000E+000	...........	1467.88
	2524	1283.54	-2.55335E-005	-2.59154E-005	0.00000E+000	...........	1467.88
	2525	1284.05	-2.58876E-005	-2.59042E-005	0.00000E+000	...........	1467.79
	2526	1284.56	-2.60196E-005	-2.50292E-005	0.00000E+000	...........	1467.86
	2527	1285.07	-2.59341E-005	-2.53469E-005	0.00000E+000	...........	1468.06
	2528	1285.57	-2.57315E-005	-2.61390E-005	0.00000E+000	...........	1468.14
	2529	1286.08	-2.55983E-005	-2.65078E-005	0.00000E+000	...........	1468.24
	2530	1286.59	-2.56822E-005	-2.66083E-005	0.00000E+000	...........	1468.24
	2531	1287.1	-2.59422E-005	-2.61025E-005	0.00000E+000	...........	1468.24
	2532	1287.61	-2.61921E-005	-2.59803E-005	0.00000E+000	...........	1468.24
	2533	1288.12	-2.63105E-005	-2.73008E-005	0.00000E+000	...........	1468.24
	2534	1288.63	-2.63754E-005	-2.69025E-005	0.00000E+000	...........	1468.24
	2535	1289.13	-2.65105E-005	-2.66234E-005	0.00000E+000	...........	1468.24
	2536	1289.64	-2.66601E-005	-2.57697E-005	0.00000E+000	...........	1468.24
	2537	1290.15	-2.66537E-005	-2.56238E-005	0.00000E+000	...........	1468.24
	2538	1290.66	-2.64470E-005	-2.63540E-005	0.00000E+000	...........	1468.24
	2539	1291.17	-2.61645E-005	-2.46700E-005	0.00000E+000	...........	1468.24
	2540	1291.67	-2.58925E-005	-2.50185E-005	0.00000E+000	...........	1468.24
	2541	1292.18	-2.55917E-005	-2.44354E-005	0.00000E+000	...........	1468.24
	2542	1292.69	-2.52532E-005	-2.48198E-005	0.00000E+000	...........	1468.34
	2543	1293.2	-2.49338E-005	-2.33908E-005	0.00000E+000	...........	1468.34
	2544	1293.71	-2.46570E-005	-2.51366E-005	0.00000E+000	...........	1468.24
	2545	1294.22	-2.44518E-005	-2.41765E-005	0.00000E+000	...........	1468.24
	2546	1294.72	-2.43569E-005	-2.38215E-005	0.00000E+000	...........	1468.24
	2547	1295.23	-2.43228E-005	-2.47703E-005	0.00000E+000	...........	1468.24
	2548	1295.74	-2.42974E-005	-2.43357E-005	0.00000E+000	...........	1468.24
	2549	1296.25	-2.42964E-005	-2.37757E-005	0.00000E+000	...........	1468.24
	2550	1296.76	-2.42864E-005	-2.40568E-005	0.00000E+000	...........	1468.34
	2551	1297.27	-2.42243E-005	-2.46217E-005	0.00000E+000	...........	1468.34
	2552	1297.78	-2.41699E-005	-2.40160E-005	0.00000E+000	...........	1468.34
	2553	1298.28	-2.41714E-005	-2.39212E-005	0.00000E+000	...........	1468.34
	2554	1298.79	-2.41610E-005	-2.34639E-005	0.00000E+000	...........	1468.34
	2555	1299.3	-2.40704E-005	-2.41115E-005	0.00000E+000	...........	1468.34
	2556	1299.81	-2.39403E-005	-2.36661E-005	0.00000E+000	...........	1468.24
	2557	1300.32	-2.38541E-005	-2.40890E-005	0.00000E+000	...........	1468.24
	2558	1300.82	-2.38436E-005	-2.41460E-005	0.00000E+000	...........	1468.34
	2559	1301.33	-2.39108E-005	-2.48449E-005	0.00000E+000	...........	1468.34
	2560	1301.84	-2.40635E-005	-2.45523E-005	0.00000E+000	...........	1468.34
	2561	1302.35	-2.42884E-005	-2.54123E-005	0.00000E+000	...........	1468.34
	2562	1302.86	-2.45449E-005	-2.48492E-005	0.00000E+000	...........	1468.34
	2563	1303.37	-2.47554E-005	-2.37808E-005	0.00000E+000	...........	1468.34
	2564	1303.88	-2.48116E-005	-2.49402E-005	0.00000E+000	...........	1468.24
	2565	1304.38	-2.47206E-005	-2.49231E-005	0.00000E+000	...........	1468.24
	2566	1304.89	-2.46538E-005	-2.53136E-005	0.00000E+000	...........	1468.34
	2567	1305.4	-2.47378E-005	-2.54570E-005	0.00000E+000	...........	1468.34
	2568	1305.91	-2.49730E-005	-2.71484E-005	0.00000E+000	...........	1468.34
	2569	1306.42	-2.53536E-005	-2.66006E-005	0.00000E+000	...........	1468.34
	2570	1306.92	-2.58398E-005	-2.65677E-005	0.00000E+000	...........	1468.34
	2571	1307.43	-2.62857E-005	-2.69938E-005	0.00000E+000	...........	1468.34
	2572	1307.94	-2.65896E-005	-2.74367E-005	0.00000E+000	...........	1468.24
	2573	1308.45	-2.67912E-005	-2.65419E-005	0.00000E+000	...........	1468.24
	2574	1308.96	-2.69076E-005	-2.61186E-005	0.00000E+000	...........	1468.34
	2575	1309.47	-2.68623E-005	-2.59381E-005	0.00000E+000	...........	1468.34
	2576	1309.97	-2.66397E-005	-2.59727E-005	0.00000E+000	...........	1468.34
	2577	1310.48	-2.63549E-005	-2.60889E-005	0.00000E+000	...........	1468.34
	2578	1310.99	-2.61304E-005	-2.55337E-005	0.00000E+000	...........	1468.24
	2579	1311.5	-2.59656E-005	-2.47585E-005	0.00000E+000	...........	1468.24
	2580	1312.01	-2.57559E-005	-2.47082E-005	0.00000E+000	...........	1468.24
	2581	1312.52	-2.54251E-005	-2.35623E-005	0.00000E+000	...........	1468.24
	2582	1313.03	-2.49914E-005	-2.41418E-005	0.00000E+000	...........	1468.34
	2583	1313.53	-2.45654E-005	-2.48955E-005	0.00000E+000	...........	1468.34
	2584	1314.04	-2.43177E-005	-2.46549E-005	0.00000E+000	...........	1467.88
	2585	1314.55	-2.43291E-005	-2.50532E-005	0.00000E+000	...........	1467.88
	2586	1315.06	-2.45127E-005	-2.51894E-005	0.00000E+000	...........	1467.88
	2587	1315.57	-2.47362E-005	-2.49042E-005	0.00000E+000	...........	1468.00
	2588	1316.07	-2.49087E-005	-2.48387E-005	0.00000E+000	...........	1468.24
	2589	1316.58	-2.49925E-005	-2.54422E-005	0.00000E+000	...........	1468.24
	2590	1317.09	-2.50475E-005	-2.61160E-005	0.00000E+000	...........	1468.24
	2591	1317.6	-2.51892E-005	-2.58451E-005	0.00000E+000	...........	1468.24
	2592	1318.11	-2.54499E-005	-2.66426E-005	0.00000E+000	...........	1468.24
	2593	1318.62	-2.57499E-005	-2.56498E-005	0.00000E+000	...........	1468.24
	2594	1319.13	-2.59657E-005	-2.54722E-005	0.00000E+000	...........	1468.24
	2595	1319.63	-2.60220E-005	-2.67082E-005	0.00000E+000	...........	1468.24
	2596	1320.14	-2.60140E-005	-2.69631E-005	0.00000E+000	...........	1468.24
	2597	1320.65	-2.61370E-005	-2.74406E-005	0.00000E+000	...........	1468.24
	2598	1321.16	-2.64559E-005	-2.77005E-005	0.00000E+000	...........	1468.24
	2599	1321.67	-2.68826E-005	-2.83129E-005	0.00000E+000	...........	1468.24
	2600	1322.17	-2.72916E-005	-2.66788E-005	0.00000E+000	...........	1468.24
	2601	1322.68	-2.75249E-005	-2.64770E-005	0.00000E+000	...........	1468.24
	2602	1323.19	-2.74692E-005	-2.73022E-005	0.00000E+000	...........	1468.24
	2603	1323.7	-2.72375E-005	-2.71578E-005	0.00000E+000	...........	1468.24
	2604	1324.21	-2.70679E-005	-2.72097E-005	0.00000E+000	...........	1468.24
	2605	1324.72	-2.70457E-005	-2.70562E-005	0.00000E+000	...........	1468.34
	2606	1325.22	-2.70748E-005	-2.63039E-005	0.00000E+000	...........	1468.34
	2607	1325.73	-2.70336E-005	-2.67463E-005	0.00000E+000	...........	1468.24
	2608	1326.24	-2.69076E-005	-2.70392E-005	0.00000E+000	...........	1468.24
	2609	1326.75	-2.68041E-005	-2.71142E-005	0.00000E+000	...........	1468.34
	2610	1327.26	-2.67897E-005	-2.58532E-005	0.00000E+000	...........	1468.34
	2611	1327.77	-2.67499E-005	-2.52260E-005	0.00000E+000	...........	1468.34
	2612	1328.28	-2.65396E-005	-2.65158E-005	0.00000E+000	...........	1468.34
	2613	1328.78	-2.62426E-005	-2.63177E-005	0.00000E+000	...........	1468.24
	2614	1329.29	-2.60752E-005	-2.60794E-005	0.00000E+000	...........	1468.24
	2615	1329.8	-2.60831E-005	-2.62919E-005	0.00000E+000	...........	1468.24
	2616	1330.31	-2.61606E-005	-2.67323E-005	0.00000E+000	...........	1468.24
	2617	1330.82	-2.62545E-005	-2.64094E-005	0.00000E+000	...........	1468.34
	2618	1331.32	-2.63832E-005	-2.77015E-005	0.00000E+000	...........	1468.34
	2619	1331.83	-2.65806E-005	-2.72977E-005	0.00000E+000	...........	1468.34
	2620	1332.34	-2.68537E-005	-2.76083E-005	0.00000E+000	...........	1468.34
	2621	1332.85	-2.71642E-005	-2.88106E-005	0.00000E+000	...........	1468.24
	2622	1333.36	-2.74966E-005	-2.81350E-005	0.00000E+000	...........	1468.24
	2623	1333.87	-2.78538E-005	-2.90540E-005	0.00000E+000	...........	1468.24
	2624	1334.38	-2.81843E-005	-2.81102E-005	0.00000E+000	...........	1468.24
	2625	1334.88	-2.84052E-005	-2.83020E-005	0.00000E+000	...........	1468.24
	2626	1335.39	-2.84752E-005	-2.84385E-005	0.00000E+000	...........	1468.24
	2627	1335.9	-2.84338E-005	-2.79659E-005	0.00000E+000	...........	1468.34
	2628	1336.41	-2.83442E-005	-2.78288E-005	0.00000E+000	...........	1468.34
	2629	1336.92	-2.82103E-005	-2.72509E-005	0.00000E+000	...........	1468.24
	2630	1337.42	-2.80059E-005	-2.71970E-005	0.00000E+000	...........	1468.24
	2631	1337.93	-2.77318E-005	-2.65168E-005	0.00000E+000	...........	1468.24
	2632	1338.44	-2.74149E-005	-2.66778E-005	0.00000E+000	...........	1468.24
	2633	1338.95	-2.71223E-005	-2.77452E-005	0.00000E+000	...........	1468.34
	2634	1339.46	-2.69963E-005	-2.84168E-005	0.00000E+000	...........	1468.34
	2635	1339.97	-2.71380E-005	-2.72630E-005	0.00000E+000	...........	1468.34
	2636	1340.47	-2.74195E-005	-2.73485E-005	0.00000E+000	...........	1468.34
	2637	1340.98	-2.76160E-005	-2.85732E-005	0.00000E+000	...........	1468.34
	2638	1341.49	-2.77213E-005	-2.85185E-005	0.00000E+000	...........	1468.34
	2639	1342	-2.78777E-005	-2.80798E-005	0.00000E+000	...........	1468.34
	2640	1342.51	-2.80795E-005	-2.80863E-005	0.00000E+000	...........	1468.34
	2641	1343.02	-2.82096E-005	-2.84996E-005	0.00000E+000	...........	1468.24
	2642	1343.53	-2.82854E-005	-3.00344E-005	0.00000E+000	...........	1468.24
	2643	1344.03	-2.84688E-005	-2.94537E-005	0.00000E+000	...........	1468.24
	2644	1344.54	-2.88197E-005	-2.94433E-005	0.00000E+000	...........	1468.24
	2645	1345.05	-2.91757E-005	-2.88730E-005	0.00000E+000	...........	1468.24
	2646	1345.56	-2.93563E-005	-2.96191E-005	0.00000E+000	...........	1468.20
	2647	1346.07	-2.93770E-005	-2.96258E-005	0.00000E+000	...........	1468.06
	2648	1346.57	-2.94036E-005	-3.07860E-005	0.00000E+000	...........	1468.14
	2649	1347.08	-2.95734E-005	-3.03659E-005	0.00000E+000	...........	1468.24
	2650	1347.59	-2.98609E-005	-2.96800E-005	0.00000E+000	...........	1468.24
	2651	1348.1	-3.00713E-005	-2.89552E-005	0.00000E+000	...........	1468.24
	2652	1348.61	-3.00234E-005	-2.91422E-005	0.00000E+000	...........	1468.24
	2653	1349.12	-2.97566E-005	-2.96515E-005	0.00000E+000	...........	1468.24
	2654	1349.63	-2.94748E-005	-2.87207E-005	0.00000E+000	...........	1468.24
	2655	1350.13	-2.92819E-005	-2.84150E-005	0.00000E+000	...........	1468.24
	2656	1350.64	-2.91045E-005	-2.85402E-005	0.00000E+000	...........	1468.24
	2657	1351.15	-2.89015E-005	-2.92413E-005	0.00000E+000	...........	1468.24
	2658	1351.66	-2.87741E-005	-2.92436E-005	0.00000E+000	...........	1468.24
	2659	1352.17	-2.88156E-005	-2.94340E-005	0.00000E+000	...........	1468.24
	2660	1352.67	-2.89683E-005	-2.84584E-005	0.00000E+000	...........	1468.34
	2661	1353.18	-2.90676E-005	-2.85371E-005	0.00000E+000	...........	1468.34
	2662	1353.69	-2.90038E-005	-2.84701E-005	0.00000E+000	...........	1468.34
	2663	1354.2	-2.88345E-005	-2.91265E-005	0.00000E+000	...........	1468.34
	2664	1354.71	-2.87307E-005	-2.97656E-005	0.00000E+000	...........	1468.34
	2665	1355.22	-2.88204E-005	-2.95482E-005	0.00000E+000	...........	1468.34
	2666	1355.72	-2.90670E-005	-2.92855E-005	0.00000E+000	...........	1468.34
	2667	1356.23	-2.93169E-005	-2.99534E-005	0.00000E+000	...........	1468.34
	2668	1356.74	-2.94769E-005	-2.93454E-005	0.00000E+000	...........	1468.24
	2669	1357.25	-2.95423E-005	-2.88385E-005	0.00000E+000	...........	1468.24
	2670	1357.76	-2.95102E-005	-2.97742E-005	0.00000E+000	...........	1468.24
	2671	1358.27	-2.94521E-005	-3.08467E-005	0.00000E+000	...........	1468.24
	2672	1358.78	-2.95288E-005	-2.96930E-005	0.00000E+000	...........	1468.34
	2673	1359.28	-2.97502E-005	-2.98285E-005	0.00000E+000	...........	1468.34
	2674	1359.79	-2.99060E-005	-2.84394E-005	0.00000E+000	...........	1468.34
	2675	1360.3	-2.98063E-005	-2.85801E-005	0.00000E+000	...........	1468.34
	2676	1360.81	-2.94832E-005	-2.96378E-005	0.00000E+000	...........	1468.34
	2677	1361.32	-2.91788E-005	-2.96145E-005	0.00000E+000	...........	1468.34
	2678	1361.82	-2.90726E-005	-2.76793E-005	0.00000E+000	...........	1468.34
	2679	1362.33	-2.90356E-005	-2.83571E-005	0.00000E+000	...........	1468.34
	2680	1362.84	-2.88902E-005	-2.98123E-005	0.00000E+000	...........	1468.24
	2681	1363.35	-2.87629E-005	-2.94716E-005	0.00000E+000	...........	1468.24
	2682	1363.86	-2.88356E-005	-2.83213E-005	0.00000E+000	...........	1468.34
	2683	1364.37	-2.89835E-005	-2.86286E-005	0.00000E+000	...........	1468.34
	2684	1364.88	-2.89907E-005	-2.88526E-005	0.00000E+000	...........	1468.24
	2685	1365.38	-2.88853E-005	-2.93269E-005	0.00000E+000	...........	1468.24
	2686	1365.89	-2.88652E-005	-3.04943E-005	0.00000E+000	...........	1468.24
	2687	1366.4	-2.90324E-005	-2.82715E-005	0.00000E+000	...........	1468.24
	2688	1366.91	-2.92472E-005	-2.91501E-005	0.00000E+000	...........	1468.24
	2689	1367.42	-2.92992E-005	-2.89243E-005	0.00000E+000	...........	1468.24
	2690	1367.92	-2.91929E-005	-2.92426E-005	0.00000E+000	...........	1468.24
	2691	1368.43	-2.90712E-005	-2.82771E-005	0.00000E+000	...........	1468.24
	2692	1368.94	-2.89903E-005	-2.97395E-005	0.00000E+000	...........	1468.24
	2693	1369.45	-2.89697E-005	-2.94953E-005	0.00000E+000	...........	1468.24
	2694	1369.96	-2.90774E-005	-3.04046E-005	0.00000E+000	...........	1468.24
	2695	1370.47	-2.93535E-005	-3.09820E-005	0.00000E+000	...........	1468.24
	2696	1370.97	-2.97697E-005	-3.10625E-005	0.00000E+000	...........	1468.24
	2697	1371.48	-3.02119E-005	-2.94754E-005	0.00000E+000	...........	1468.24
	2698	1371.99	-3.04796E-005	-3.03268E-005	0.00000E+000	...........	1468.24
	2699	1372.5	-3.04603E-005	-2.94065E-005	0.00000E+000	...........	1468.24
	2700	1373.01	-3.02432E-005	-2.96208E-005	0.00000E+000	...........	1468.34
	2701	1373.52	-2.99867E-005	-2.99552E-005	0.00000E+000	...........	1468.34
	2702	1374.03	-2.97950E-005	-2.91948E-005	0.00000E+000	...........	1468.06
	2703	1374.53	-2.96930E-005	-3.01489E-005	0.00000E+000	...........	1468.06
	2704	1375.04	-2.96615E-005	-2.96267E-005	0.00000E+000	...........	1467.97
	2705	1375.55	-2.96751E-005	-2.93791E-005	0.00000E+000	...........	1467.97
	2706	1376.06	-2.96570E-005	-2.82925E-005	0.00000E+000	...........	1467.97
	2707	1376.57	-2.95024E-005	-2.89405E-005	0.00000E+000	...........	1468.06
	2708	1377.07	-2.92299E-005	-2.89831E-005	0.00000E+000	...........	1468.24
	2709	1377.58	-2.89924E-005	-2.89906E-005	0.00000E+000	...........	1468.24
	2710	1378.09	-2.88868E-005	-2.85918E-005	0.00000E+000	...........	1468.24
	2711	1378.6	-2.88657E-005	-2.90345E-005	0.00000E+000	...........	1468.24
	2712	1379.11	-2.88612E-005	-2.89484E-005	0.00000E+000	...........	1468.24
	2713	1379.62	-2.88754E-005	-2.92352E-005	0.00000E+000	...........	1468.24
	2714	1380.13	-2.89606E-005	-3.07212E-005	0.00000E+000	...........	1468.24
	2715	1380.63	-2.91788E-005	-2.95641E-005	0.00000E+000	...........	1468.24
	2716	1381.14	-2.94890E-005	-2.96130E-005	0.00000E+000	...........	1468.24
	2717	1381.65	-2.97370E-005	-3.04345E-005	0.00000E+000	...........	1468.24
	2718	1382.16	-2.98770E-005	-3.05296E-005	0.00000E+000	...........	1468.24
	2719	1382.67	-3.00206E-005	-3.08146E-005	0.00000E+000	...........	1468.34
	2720	1383.17	-3.01988E-005	-2.89747E-005	0.00000E+000	...........	1468.34
	2721	1383.68	-3.02717E-005	-3.00183E-005	0.00000E+000	...........	1468.24
	2722	1384.19	-3.01411E-005	-2.91848E-005	0.00000E+000	...........	1468.24
	2723	1384.7	-2.98947E-005	-2.95882E-005	0.00000E+000	...........	1468.34
	2724	1385.21	-2.96723E-005	-2.94447E-005	0.00000E+000	...........	1468.34
	2725	1385.72	-2.95340E-005	-2.93964E-005	0.00000E+000	...........	1468.34
	2726	1386.22	-2.95022E-005	-3.11740E-005	0.00000E+000	...........	1468.34
	2727	1386.73	-2.96544E-005	-3.15188E-005	0.00000E+000	...........	1468.34
	2728	1387.24	-3.00277E-005	-2.97922E-005	0.00000E+000	...........	1468.34
	2729	1387.75	-3.04183E-005	-3.00539E-005	0.00000E+000	...........	1468.24
	2730	1388.26	-3.05382E-005	-2.94243E-005	0.00000E+000	...........	1468.24
	2731	1388.77	-3.03525E-005	-2.98067E-005	0.00000E+000	...........	1468.24
	2732	1389.28	-3.00528E-005	-2.95362E-005	0.00000E+000	...........	1468.24
	2733	1389.78	-2.98151E-005	-2.98310E-005	0.00000E+000	...........	1468.24
	2734	1390.29	-2.97030E-005	-2.99591E-005	0.00000E+000	...........	1468.24
	2735	1390.8	-2.97193E-005	-3.06609E-005	0.00000E+000	...........	1468.34
	2736	1391.31	-2.98579E-005	-3.04473E-005	0.00000E+000	...........	1468.34
	2737	1391.82	-3.00585E-005	-2.94498E-005	0.00000E+000	...........	1468.24
	2738	1392.32	-3.01727E-005	-2.97068E-005	0.00000E+000	...........	1468.24
	2739	1392.83	-3.01067E-005	-2.98277E-005	0.00000E+000	...........	1468.24
	2740	1393.34	-2.99475E-005	-2.99936E-005	0.00000E+000	...........	1468.24
	2741	1393.85	-2.98545E-005	-3.05569E-005	0.00000E+000	...........	1468.34
	2742	1394.36	-2.98939E-005	-2.97323E-005	0.00000E+000	...........	1468.34
	2743	1394.87	-3.00051E-005	-3.04523E-005	0.00000E+000	...........	1468.24
	2744	1395.38	-3.01061E-005	-3.04698E-005	0.00000E+000	...........	1468.24
	2745	1395.88	-3.02157E-005	-3.15832E-005	0.00000E+000	...........	1468.24
	2746	1396.39	-3.04172E-005	-3.11417E-005	0.00000E+000	...........	1468.24
	2747	1396.9	-3.07084E-005	-3.10354E-005	0.00000E+000	...........	1468.34
	2748	1397.41	-3.09627E-005	-3.07744E-005	0.00000E+000	...........	1468.34
	2749	1397.92	-3.10644E-005	-3.07673E-005	0.00000E+000	...........	1468.34
	2750	1398.42	-3.09984E-005	-2.96592E-005	0.00000E+000	...........	1468.34
	2751	1398.93	-3.07706E-005	-2.89307E-005	0.00000E+000	...........	1468.24
	2752	1399.44	-3.03584E-005	-2.85162E-005	0.00000E+000	...........	1468.24
	2753	1399.95	-2.98160E-005	-2.92646E-005	0.00000E+000	...........	1468.34
	2754	1400.46	-2.93330E-005	-2.92912E-005	0.00000E+000	...........	1468.34
	2755	1400.97	-2.90853E-005	-2.92742E-005	0.00000E+000	...........	1468.34
	2756	1401.47	-2.90646E-005	-2.90200E-005	0.00000E+000	...........	1468.34
	2757	1401.98	-2.91233E-005	-2.90373E-005	0.00000E+000	...........	1468.24
	2758	1402.49	-2.91519E-005	-2.93988E-005	0.00000E+000	...........	1468.24
	2759	1403	-2.91789E-005	-3.04312E-005	0.00000E+000	...........	1468.34
	2760	1403.51	-2.93033E-005	-2.95455E-005	0.00000E+000	...........	1468.34
	2761	1404.02	-2.95383E-005	-3.06927E-005	0.00000E+000	...........	1468.24
	2762	1404.53	-2.97943E-005	-2.96988E-005	0.00000E+000	...........	1468.24
	2763	1405.03	-2.99764E-005	-2.97650E-005	0.00000E+000	...........	1467.79
	2764	1405.54	-3.00278E-005	-2.98082E-005	0.00000E+000	...........	1467.79
	2765	1406.05	-2.99569E-005	-2.92673E-005	0.00000E+000	...........	1467.79
	2766	1406.56	-2.98103E-005	-2.90164E-005	0.00000E+000	...........	1467.86
	2767	1407.07	-2.96105E-005	-2.90268E-005	0.00000E+000	...........	1468.06
	2768	1407.57	-2.94048E-005	-3.00168E-005	0.00000E+000	...........	1468.14
	2769	1408.08	-2.93048E-005	-2.95886E-005	0.00000E+000	...........	1468.24
	2770	1408.59	-2.93720E-005	-2.99821E-005	0.00000E+000	...........	1468.24
	2771	1409.1	-2.95427E-005	-3.00027E-005	0.00000E+000	...........	1468.24
	2772	1409.61	-2.97111E-005	-2.94389E-005	0.00000E+000	...........	1468.24
	2773	1410.12	-2.98141E-005	-3.03967E-005	0.00000E+000	...........	1468.24
	2774	1410.63	-2.98594E-005	-2.96704E-005	0.00000E+000	...........	1468.24
	2775	1411.13	-2.98848E-005	-2.97224E-005	0.00000E+000	...........	1468.24
	2776	1411.64	-2.99049E-005	-3.08577E-005	0.00000E+000	...........	1468.24
	2777	1412.15	-2.99638E-005	-3.03481E-005	0.00000E+000	...........	1468.24
	2778	1412.66	-3.00837E-005	-2.91937E-005	0.00000E+000	...........	1468.24
	2779	1413.17	-3.01431E-005	-2.97622E-005	0.00000E+000	...........	1468.24
	2780	1413.67	-3.00489E-005	-3.02584E-005	0.00000E+000	...........	1468.24
	2781	1414.18	-2.99424E-005	-3.12759E-005	0.00000E+000	...........	1468.24
	2782	1414.69	-3.00624E-005	-3.24052E-005	0.00000E+000	...........	1468.34
	2783	1415.2	-3.04905E-005	-3.14467E-005	0.00000E+000	...........	1468.34
	2784	1415.71	-3.10327E-005	-3.05817E-005	0.00000E+000	...........	1468.34
	2785	1416.22	-3.13532E-005	-3.06032E-005	0.00000E+000	...........	1468.34
	2786	1416.72	-3.13018E-005	-3.04237E-005	0.00000E+000	...........	1468.24
	2787	1417.23	-3.10148E-005	-3.00385E-005	0.00000E+000	...........	1468.24
	2788	1417.74	-3.06705E-005	-2.92198E-005	0.00000E+000	...........	1468.24
	2789	1418.25	-3.03364E-005	-3.05328E-005	0.00000E+000	...........	1468.24
	2790	1418.76	-3.01002E-005	-3.12345E-005	0.00000E+000	...........	1468.24
	2791	1419.27	-3.00917E-005	-2.99453E-005	0.00000E+000	...........	1468.24
	2792	1419.78	-3.02345E-005	-2.90913E-005	0.00000E+000	...........	1468.24
	2793	1420.28	-3.02583E-005	-2.99703E-005	0.00000E+000	...........	1468.24
	2794	1420.79	-3.00890E-005	-3.03770E-005	0.00000E+000	...........	1468.24
	2795	1421.3	-2.99279E-005	-2.97970E-005	0.00000E+000	...........	1468.24
	2796	1421.81	-2.98845E-005	-2.89479E-005	0.00000E+000	...........	1468.24
	2797	1422.32	-2.98448E-005	-3.00358E-005	0.00000E+000	...........	1468.24
	2798	1422.82	-2.97488E-005	-2.99683E-005	0.00000E+000	...........	1468.24
	2799	1423.33	-2.97029E-005	-3.01290E-005	0.00000E+000	...........	1468.24
	2800	1423.84	-2.97930E-005	-3.10088E-005	0.00000E+000	...........	1468.24
	2801	1424.35	-3.00257E-005	-3.15366E-005	0.00000E+000	...........	1468.24
	2802	1424.86	-3.04109E-005	-3.26068E-005	0.00000E+000	...........	1468.34
	2803	1425.37	-3.09559E-005	-3.30383E-005	0.00000E+000	...........	1468.34
	2804	1425.88	-3.15929E-005	-3.23385E-005	0.00000E+000	...........	1468.34
	2805	1426.38	-3.21317E-005	-3.15182E-005	0.00000E+000	...........	1468.34
	2806	1426.89	-3.23785E-005	-3.26648E-005	0.00000E+000	...........	1468.24
	2807	1427.4	-3.23816E-005	-3.32640E-005	0.00000E+000	...........	1468.24
	2808	1427.91	-3.23829E-005	-3.20261E-005	0.00000E+000	...........	1468.34
	2809	1428.42	-3.24681E-005	-3.24210E-005	0.00000E+000	...........	1468.34
	2810	1428.92	-3.25247E-005	-3.26756E-005	0.00000E+000	...........	1468.34
	2811	1429.43	-3.25101E-005	-3.22511E-005	0.00000E+000	...........	1468.34
	2812	1429.94	-3.24502E-005	-3.10016E-005	0.00000E+000	...........	1468.24
	2813	1430.45	-3.22837E-005	-3.12294E-005	0.00000E+000	...........	1468.24
	2814	1430.96	-3.19646E-005	-3.10991E-005	0.00000E+000	...........	1468.34
	2815	1431.47	-3.15948E-005	-3.10830E-005	0.00000E+000	...........	1468.34
	2816	1431.97	-3.13084E-005	-3.09207E-005	0.00000E+000	...........	1468.24
	2817	1432.48	-3.11462E-005	-3.14673E-005	0.00000E+000	...........	1468.24
	2818	1432.99	-3.10923E-005	-3.10167E-005	0.00000E+000	...........	1468.24
	2819	1433.5	-3.11072E-005	-3.10407E-005	0.00000E+000	...........	1468.24
	2820	1434.01	-3.11328E-005	-3.13626E-005	0.00000E+000	...........	1468.24
	2821	1434.52	-3.11351E-005	-3.05319E-005	0.00000E+000	...........	1468.24
	2822	1435.03	-3.11072E-005	-3.13539E-005	0.00000E+000	...........	1468.24
	2823	1435.53	-3.10462E-005	-3.01377E-005	0.00000E+000	...........	1468.24
	2824	1436.04	-3.09370E-005	-3.02208E-005	0.00000E+000	...........	1468.24
	2825	1436.55	-3.07692E-005	-3.09349E-005	0.00000E+000	...........	1468.19
	2826	1437.06	-3.06001E-005	-3.00447E-005	0.00000E+000	...........	1467.88
	2827	1437.57	-3.04785E-005	-2.95973E-005	0.00000E+000	...........	1468.00
	2828	1438.07	-3.03535E-005	-3.04864E-005	0.00000E+000	...........	1468.24
	2829	1438.58	-3.02074E-005	-2.98284E-005	0.00000E+000	...........	1468.24
	2830	1439.09	-3.01334E-005	-3.17168E-005	0.00000E+000	...........	1468.24
	2831	1439.6	-3.02320E-005	-3.08008E-005	0.00000E+000	...........	1468.24
	2832	1440.11	-3.04748E-005	-3.01094E-005	0.00000E+000	...........	1468.24
	2833	1440.62	-3.06630E-005	-3.00705E-005	0.00000E+000	...........	1468.24
	2834	1441.13	-3.06563E-005	-3.13464E-005	0.00000E+000	...........	1468.24
	2835	1441.63	-3.05982E-005	-3.18452E-005	0.00000E+000	...........	1468.24
	2836	1442.14	-3.07398E-005	-3.23701E-005	0.00000E+000	...........	1468.24
	2837	1442.65	-3.11428E-005	-3.27673E-005	0.00000E+000	...........	1468.24
	2838	1443.16	-3.16801E-005	-3.30997E-005	0.00000E+000	...........	1468.24
	2839	1443.67	-3.22089E-005	-3.33400E-005	0.00000E+000	...........	1468.24
	2840	1444.17	-3.26586E-005	-3.35940E-005	0.00000E+000	...........	1468.24
	2841	1444.68	-3.30074E-005	-3.31679E-005	0.00000E+000	...........	1468.24
	2842	1445.19	-3.32323E-005	-3.31465E-005	0.00000E+000	...........	1468.24
	2843	1445.7	-3.32968E-005	-3.22340E-005	0.00000E+000	...........	1468.24
	2844	1446.21	-3.31457E-005	-3.05040E-005	0.00000E+000	...........	1468.24
	2845	1446.72	-3.27027E-005	-3.01707E-005	0.00000E+000	...........	1468.24
	2846	1447.22	-3.20026E-005	-3.10582E-005	0.00000E+000	...........	1468.24
	2847	1447.73	-3.13146E-005	-3.13506E-005	0.00000E+000	...........	1468.24
	2848	1448.24	-3.09185E-005	-3.01198E-005	0.00000E+000	...........	1468.24
	2849	1448.75	-3.07706E-005	-2.95074E-005	0.00000E+000	...........	1468.24
	2850	1449.26	-3.06141E-005	-3.03631E-005	0.00000E+000	...........	1468.24
	2851	1449.77	-3.03526E-005	-2.91462E-005	0.00000E+000	...........	1468.34
	2852	1450.28	-3.00679E-005	-2.95468E-005	0.00000E+000	...........	1468.34
	2853	1450.78	-2.98133E-005	-2.92153E-005	0.00000E+000	...........	1468.24
	2854	1451.29	-2.96125E-005	-3.00335E-005	0.00000E+000	...........	1468.24
	2855	1451.8	-2.95393E-005	-3.07077E-005	0.00000E+000	...........	1468.24
	2856	1452.31	-2.96792E-005	-3.10806E-005	0.00000E+000	...........	1468.24
	2857	1452.82	-3.00005E-005	-2.97571E-005	0.00000E+000	...........	1468.24
	2858	1453.32	-3.02854E-005	-2.93862E-005	0.00000E+000	...........	1468.24
	2859	1453.83	-3.03207E-005	-3.03199E-005	0.00000E+000	...........	1468.34
	2860	1454.34	-3.01963E-005	-3.19446E-005	0.00000E+000	...........	1468.34
	2861	1454.85	-3.02330E-005	-3.12598E-005	0.00000E+000	...........	1468.34
	2862	1455.36	-3.05385E-005	-3.03384E-005	0.00000E+000	...........	1468.34
	2863	1455.87	-3.08408E-005	-2.99028E-005	0.00000E+000	...........	1468.24
	2864	1456.38	-3.08546E-005	-3.01108E-005	0.00000E+000	...........	1468.24
	2865	1456.88	-3.06313E-005	-3.12573E-005	0.00000E+000	...........	1468.34
	2866	1457.39	-3.04488E-005	-3.04902E-005	0.00000E+000	...........	1468.34
	2867	1457.9	-3.04423E-005	-2.99186E-005	0.00000E+000	...........	1468.24
	2868	1458.41	-3.04842E-005	-3.04521E-005	0.00000E+000	...........	1468.24
	2869	1458.92	-3.04494E-005	-3.04572E-005	0.00000E+000	...........	1468.24
	2870	1459.42	-3.03804E-005	-3.01265E-005	0.00000E+000	...........	1468.24
	2871	1459.93	-3.03428E-005	-3.06129E-005	0.00000E+000	...........	1468.24
	2872	1460.44	-3.03565E-005	-3.11673E-005	0.00000E+000	...........	1468.24
	2873	1460.95	-3.04587E-005	-3.11614E-005	0.00000E+000	...........	1468.34
	2874	1461.46	-3.06678E-005	-3.15433E-005	0.00000E+000	...........	1468.34
	2875	1461.97	-3.09412E-005	-3.19369E-005	0.00000E+000	...........	1468.24
	2876	1462.47	-3.12501E-005	-3.28624E-005	0.00000E+000	...........	1468.24
	2877	1462.98	-3.16087E-005	-3.22910E-005	0.00000E+000	...........	1468.24
	2878	1463.49	-3.19733E-005	-3.20382E-005	0.00000E+000	...........	1468.24
	2879	1464	-3.22256E-005	-3.25452E-005	0.00000E+000	...........	1468.34
	2880	1464.51	-3.23276E-005	-3.24842E-005	0.00000E+000	...........	1468.34
	2881	1465.02	-3.23687E-005	-3.27119E-005	0.00000E+000	...........	1468.24
	2882	1465.53	-3.24191E-005	-3.20323E-005	0.00000E+000	...........	1468.24
	2883	1466.03	-3.24364E-005	-3.16287E-005	0.00000E+000	...........	1468.15
	2884	1466.54	-3.23584E-005	-3.27697E-005	0.00000E+000	...........	1468.15
	2885	1467.05	-3.22421E-005	-3.20718E-005	0.00000E+000	...........	1468.06
	2886	1467.56	-3.21747E-005	-3.12706E-005	0.00000E+000	...........	1468.06
	2887	1468.07	-3.20894E-005	-3.10096E-005	0.00000E+000	...........	1468.06
	2888	1468.57	-3.18706E-005	-3.10722E-005	0.00000E+000	...........	1468.10
	2889	1469.08	-3.15422E-005	-3.03264E-005	0.00000E+000	...........	1468.15
	2890	1469.59	-3.11873E-005	-2.99368E-005	0.00000E+000	...........	1468.21
	2891	1470.1	-3.08424E-005	-3.07741E-005	0.00000E+000	...........	1468.24
	2892	1470.61	-3.05466E-005	-2.93882E-005	0.00000E+000	...........	1468.24
	2893	1471.12	-3.03219E-005	-3.00313E-005	0.00000E+000	...........	1468.24
	2894	1471.63	-3.01271E-005	-2.93205E-005	0.00000E+000	...........	1468.24
	2895	1472.13	-2.99409E-005	-3.00868E-005	0.00000E+000	...........	1468.24
	2896	1472.64	-2.98241E-005	-3.06900E-005	0.00000E+000	...........	1468.24
	2897	1473.15	-2.98745E-005	-3.09868E-005	0.00000E+000	...........	1468.24
	2898	1473.66	-3.01081E-005	-3.04168E-005	0.00000E+000	...........	1468.24
	2899	1474.17	-3.04082E-005	-3.14572E-005	0.00000E+000	...........	1468.24
	2900	1474.67	-3.07016E-005	-3.29378E-005	0.00000E+000	...........	1468.34
	2901	1475.18	-3.10787E-005	-3.23375E-005	0.00000E+000	...........	1468.34
	2902	1475.69	-3.15525E-005	-3.10428E-005	0.00000E+000	...........	1468.24
	2903	1476.2	-3.18799E-005	-3.09408E-005	0.00000E+000	...........	1468.24
	2904	1476.71	-3.18538E-005	-3.12912E-005	0.00000E+000	...........	1468.24
	2905	1477.22	-3.16045E-005	-3.20859E-005	0.00000E+000	...........	1468.24
	2906	1477.72	-3.14293E-005	-3.15164E-005	0.00000E+000	...........	1468.24
	2907	1478.23	-3.14190E-005	-3.02119E-005	0.00000E+000	...........	1468.24
	2908	1478.74	-3.13907E-005	-3.07724E-005	0.00000E+000	...........	1468.24
	2909	1479.25	-3.12175E-005	-3.15312E-005	0.00000E+000	...........	1468.24
	2910	1479.76	-3.10516E-005	-3.19719E-005	0.00000E+000	...........	1468.24
	2911	1480.27	-3.10846E-005	-3.11251E-005	0.00000E+000	...........	1468.24
	2912	1480.78	-3.12874E-005	-3.27296E-005	0.00000E+000	...........	1468.24
	2913	1481.28	-3.15642E-005	-3.31730E-005	0.00000E+000	...........	1468.24
	2914	1481.79	-3.19170E-005	-3.23433E-005	0.00000E+000	...........	1468.24
	2915	1482.3	-3.22881E-005	-3.24625E-005	0.00000E+000	...........	1468.24
	2916	1482.81	-3.24960E-005	-3.10308E-005	0.00000E+000	...........	1468.24
	2917	1483.32	-3.23968E-005	-3.04897E-005	0.00000E+000	...........	1468.24
	2918	1483.82	-3.19867E-005	-3.03946E-005	0.00000E+000	...........	1468.24
	2919	1484.33	-3.14330E-005	-3.13490E-005	0.00000E+000	...........	1468.24
	2920	1484.84	-3.10132E-005	-3.14195E-005	0.00000E+000	...........	1468.24
	2921	1485.35	-3.08847E-005	-3.05620E-005	0.00000E+000	...........	1468.24
	2922	1485.86	-3.09382E-005	-3.09756E-005	0.00000E+000	...........	1468.24
	2923	1486.37	-3.09613E-005	-2.99662E-005	0.00000E+000	...........	1468.24
	2924	1486.88	-3.08427E-005	-2.97679E-005	0.00000E+000	...........	1468.24
	2925	1487.38	-3.06013E-005	-3.07356E-005	0.00000E+000	...........	1468.24
	2926	1487.89	-3.03911E-005	-3.15303E-005	0.00000E+000	...........	1468.24
	2927	1488.4	-3.04182E-005	-3.17580E-005	0.00000E+000	...........	1468.24
	2928	1488.91	-3.07261E-005	-3.17435E-005	0.00000E+000	...........	1468.24
	2929	1489.42	-3.11613E-005	-3.24552E-005	0.00000E+000	...........	1468.24
	2930	1489.92	-3.15698E-005	-3.22421E-005	0.00000E+000	...........	1468.24
	2931	1490.43	-3.19021E-005	-3.26127E-005	0.00000E+000	...........	1468.24
	2932	1490.94	-3.21420E-005	-3.16762E-005	0.00000E+000	...........	1468.24
	2933	1491.45	-3.22465E-005	-3.19104E-005	0.00000E+000	...........	1468.24
	2934	1491.96	-3.22237E-005	-3.32026E-005	0.00000E+000	...........	1468.24
	2935	1492.47	-3.22019E-005	-3.20128E-005	0.00000E+000	...........	1468.24
	2936	1492.97	-3.22527E-005	-3.15693E-005	0.00000E+000	...........	1468.24
	2937	1493.48	-3.22508E-005	-3.13927E-005	0.00000E+000	...........	1468.24
	2938	1493.99	-3.20697E-005	-3.07793E-005	0.00000E+000	...........	1468.24
	2939	1494.5	-3.17580E-005	-3.16874E-005	0.00000E+000	...........	1468.24
	2940	1495.01	-3.14752E-005	-3.14167E-005	0.00000E+000	...........	1468.24
	2941	1495.52	-3.13334E-005	-3.09283E-005	0.00000E+000	...........	1468.24
	2942	1496.03	-3.12970E-005	-3.14448E-005	0.00000E+000	...........	1468.24
	2943	1496.53	-3.12957E-005	-3.21054E-005	0.00000E+000	...........	1468.24
	2944	1497.04	-3.13871E-005	-3.31983E-005	0.00000E+000	...........	1467.79
	2945	1497.55	-3.17049E-005	-3.43408E-005	0.00000E+000	...........	1467.81
	2946	1498.06	-3.22714E-005	-3.29693E-005	0.00000E+000	...........	1467.88
	2947	1498.57	-3.28733E-005	-3.27356E-005	0.00000E+000	...........	1468.00
	2948	1499.07	-3.32063E-005	-3.26291E-005	0.00000E+000	...........	1468.24
	2949	1499.58	-3.32082E-005	-3.38115E-005	0.00000E+000	...........	1468.24
	2950	1500.09	-3.31169E-005	-3.35810E-005	0.00000E+000	...........	1468.24
	2951	1500.6	-3.31570E-005	-3.35370E-005	0.00000E+000	...........	1468.24
	2952	1501.11	-3.33146E-005	-3.34560E-005	0.00000E+000	...........	1468.24
	2953	1501.62	-3.34658E-005	-3.40907E-005	0.00000E+000	...........	1468.17
	2954	1502.13	-3.35668E-005	-3.32062E-005	0.00000E+000	...........	1468.15
	2955	1502.63	-3.36188E-005	-3.34718E-005	0.00000E+000	...........	1468.15
	2956	1503.14	-3.36026E-005	-3.34023E-005	0.00000E+000	...........	1468.15
	2957	1503.65	-3.35321E-005	-3.33251E-005	0.00000E+000	...........	1468.24
	2958	1504.16	-3.34418E-005	-3.26245E-005	0.00000E+000	...........	1468.24
	2959	1504.67	-3.33120E-005	-3.25478E-005	0.00000E+000	...........	1468.24
	2960	1505.17	-3.31065E-005	-3.23252E-005	0.00000E+000	...........	1468.24
	2961	1505.68	-3.28552E-005	-3.25475E-005	0.00000E+000	...........	1468.24
	2962	1506.19	-3.26497E-005	-3.30018E-005	0.00000E+000	...........	1468.24
	2963	1506.7	-3.25583E-005	-3.20205E-005	0.00000E+000	...........	1468.24
	2964	1507.21	-3.25439E-005	-3.25772E-005	0.00000E+000	...........	1468.24
	2965	1507.72	-3.25569E-005	-3.42608E-005	0.00000E+000	...........	1468.24
	2966	1508.22	-3.26920E-005	-3.40447E-005	0.00000E+000	...........	1468.24
	2967	1508.73	-3.30551E-005	-3.46029E-005	0.00000E+000	...........	1468.24
	2968	1509.24	-3.35733E-005	-3.53189E-005	0.00000E+000	...........	1468.24
	2969	1509.75	-3.41041E-005	-3.49093E-005	0.00000E+000	...........	1468.24
	2970	1510.26	-3.45477E-005	-3.48289E-005	0.00000E+000	...........	1468.24
	2971	1510.77	-3.48087E-005	-3.39266E-005	0.00000E+000	...........	1468.24
	2972	1511.28	-3.48114E-005	-3.36329E-005	0.00000E+000	...........	1468.24
	2973	1511.78	-3.46062E-005	-3.54627E-005	0.00000E+000	...........	1468.34
	2974	1512.29	-3.44196E-005	-3.48199E-005	0.00000E+000	...........	1468.34
	2975	1512.8	-3.44509E-005	-3.50285E-005	0.00000E+000	...........	1468.34
	2976	1513.31	-3.46487E-005	-3.49528E-005	0.00000E+000	...........	1468.34
	2977	1513.82	-3.48228E-005	-3.40817E-005	0.00000E+000	...........	1468.24
	2978	1514.32	-3.48422E-005	-3.42359E-005	0.00000E+000	...........	1468.24
	2979	1514.83	-3.47182E-005	-3.53930E-005	0.00000E+000	...........	1468.24
	2980	1515.34	-3.46052E-005	-3.44993E-005	0.00000E+000	...........	1468.24
	2981	1515.85	-3.46019E-005	-3.40424E-005	0.00000E+000	...........	1468.34
	2982	1516.36	-3.46021E-005	-3.39769E-005	0.00000E+000	...........	1468.34
	2983	1516.87	-3.45064E-005	-3.51737E-005	0.00000E+000	...........	1468.24
	2984	1517.38	-3.44230E-005	-3.50088E-005	0.00000E+000	...........	1468.24
	2985	1517.88	-3.44530E-005	-3.27099E-005	0.00000E+000	...........	1468.24
	2986	1518.39	-3.44219E-005	-3.27052E-005	0.00000E+000	...........	1468.24
	2987	1518.9	-3.40986E-005	-3.26884E-005	0.00000E+000	...........	1468.24
	2988	1519.41	-3.35675E-005	-3.30887E-005	0.00000E+000	...........	1468.24
	2989	1519.92	-3.31266E-005	-3.32421E-005	0.00000E+000	...........	1468.24
	2990	1520.42	-3.29218E-005	-3.18957E-005	0.00000E+000	...........	1468.24
	2991	1520.93	-3.28282E-005	-3.21375E-005	0.00000E+000	...........	1468.24
	2992	1521.44	-3.26849E-005	-3.30541E-005	0.00000E+000	...........	1468.24
	2993	1521.95	-3.25249E-005	-3.19356E-005	0.00000E+000	...........	1468.24
	2994	1522.46	-3.24624E-005	-3.37280E-005	0.00000E+000	...........	1468.24
	2995	1522.97	-3.25262E-005	-3.23523E-005	0.00000E+000	...........	1468.24
	2996	1523.47	-3.26695E-005	-3.33581E-005	0.00000E+000	...........	1468.24
	2997	1523.98	-3.28595E-005	-3.51177E-005	0.00000E+000	...........	1468.24
	2998	1524.49	-3.31847E-005	-3.51573E-005	0.00000E+000	...........	1468.24
	2999	1525	-3.37275E-005	-3.51410E-005	0.00000E+000	...........	1468.24
	3000	1525.51	-3.43158E-005	-3.33713E-005	0.00000E+000	...........	1468.24
	3001	1526.02	-3.46317E-005	-3.42056E-005	0.00000E+000	...........	1468.24
	3002	1526.53	-3.45522E-005	-3.30971E-005	0.00000E+000	...........	1468.24
	3003	1527.03	-3.42316E-005	-3.37688E-005	0.00000E+000	...........	1468.24
	3004	1527.54	-3.39125E-005	-3.44960E-005	0.00000E+000	...........	1468.21
	3005	1528.05	-3.37863E-005	-3.46128E-005	0.00000E+000	...........	1467.79
	3006	1528.56	-3.39069E-005	-3.43577E-005	0.00000E+000	...........	1467.86
	3007	1529.07	-3.41545E-005	-3.48092E-005	0.00000E+000	...........	1468.06
	3008	1529.57	-3.43679E-005	-3.39822E-005	0.00000E+000	...........	1468.14
	3009	1530.08	-3.44428E-005	-3.32881E-005	0.00000E+000	...........	1468.24
	3010	1530.59	-3.43169E-005	-3.33542E-005	0.00000E+000	...........	1468.24
	3011	1531.1	-3.40110E-005	-3.28197E-005	0.00000E+000	...........	1468.24
	3012	1531.61	-3.36377E-005	-3.29637E-005	0.00000E+000	...........	1468.24
	3013	1532.12	-3.33293E-005	-3.39736E-005	0.00000E+000	...........	1468.24
	3014	1532.63	-3.32133E-005	-3.42484E-005	0.00000E+000	...........	1468.24
	3015	1533.13	-3.33403E-005	-3.34967E-005	0.00000E+000	...........	1468.24
	3016	1533.64	-3.35751E-005	-3.35035E-005	0.00000E+000	...........	1468.24
	3017	1534.15	-3.36947E-005	-3.25432E-005	0.00000E+000	...........	1468.24
	3018	1534.66	-3.35864E-005	-3.26611E-005	0.00000E+000	...........	1468.24
	3019	1535.17	-3.33144E-005	-3.32579E-005	0.00000E+000	...........	1468.24
	3020	1535.67	-3.30462E-005	-3.23904E-005	0.00000E+000	...........	1468.24
	3021	1536.18	-3.28956E-005	-3.34631E-005	0.00000E+000	...........	1468.24
	3022	1536.69	-3.28667E-005	-3.29903E-005	0.00000E+000	...........	1468.24
	3023	1537.2	-3.29269E-005	-3.32998E-005	0.00000E+000	...........	1468.24
	3024	1537.71	-3.30255E-005	-3.29769E-005	0.00000E+000	...........	1468.24
	3025	1538.22	-3.31292E-005	-3.46568E-005	0.00000E+000	...........	1468.24
	3026	1538.72	-3.32720E-005	-3.28916E-005	0.00000E+000	...........	1468.24
	3027	1539.23	-3.34174E-005	-3.22541E-005	0.00000E+000	...........	1468.24
	3028	1539.74	-3.33879E-005	-3.24161E-005	0.00000E+000	...........	1468.24
	3029	1540.25	-3.31239E-005	-3.27609E-005	0.00000E+000	...........	1468.24
	3030	1540.76	-3.28089E-005	-3.25235E-005	0.00000E+000	...........	1468.24
	3031	1541.27	-3.26396E-005	-3.36047E-005	0.00000E+000	...........	1468.24
	3032	1541.78	-3.26850E-005	-3.37443E-005	0.00000E+000	...........	1468.24
	3033	1542.28	-3.29412E-005	-3.47164E-005	0.00000E+000	...........	1468.24
	3034	1542.79	-3.33503E-005	-3.40806E-005	0.00000E+000	...........	1468.24
	3035	1543.3	-3.37624E-005	-3.33399E-005	0.00000E+000	...........	1468.24
	3036	1543.81	-3.39585E-005	-3.22938E-005	0.00000E+000	...........	1468.24
	3037	1544.32	-3.38230E-005	-3.37566E-005	0.00000E+000	...........	1468.24
	3038	1544.82	-3.35515E-005	-3.53789E-005	0.00000E+000	...........	1468.34
	3039	1545.33	-3.35287E-005	-3.48109E-005	0.00000E+000	...........	1468.34
	3040	1545.84	-3.38993E-005	-3.55594E-005	0.00000E+000	...........	1468.24
	3041	1546.35	-3.44539E-005	-3.55098E-005	0.00000E+000	...........	1468.24
	3042	1546.86	-3.49242E-005	-3.44382E-005	0.00000E+000	...........	1468.24
	3043	1547.37	-3.51589E-005	-3.50330E-005	0.00000E+000	...........	1468.24
	3044	1547.88	-3.51480E-005	-3.46765E-005	0.00000E+000	...........	1468.24
	3045	1548.38	-3.50007E-005	-3.41412E-005	0.00000E+000	...........	1468.24
	3046	1548.89	-3.48135E-005	-3.44955E-005	0.00000E+000	...........	1468.24
	3047	1549.4	-3.46381E-005	-3.49673E-005	0.00000E+000	...........	1468.24
	3048	1549.91	-3.45570E-005	-3.50967E-005	0.00000E+000	...........	1468.24
	3049	1550.42	-3.46221E-005	-3.49132E-005	0.00000E+000	...........	1468.24
	3050	1550.92	-3.47778E-005	-3.53528E-005	0.00000E+000	...........	1468.24
	3051	1551.43	-3.49083E-005	-3.35943E-005	0.00000E+000	...........	1468.24
	3052	1551.94	-3.48800E-005	-3.35973E-005	0.00000E+000	...........	1468.24
	3053	1552.45	-3.46246E-005	-3.40493E-005	0.00000E+000	...........	1468.24
	3054	1552.96	-3.42654E-005	-3.39613E-005	0.00000E+000	...........	1468.24
	3055	1553.47	-3.40079E-005	-3.39654E-005	0.00000E+000	...........	1468.24
	3056	1553.97	-3.39359E-005	-3.50226E-005	0.00000E+000	...........	1468.24
	3057	1554.48	-3.40482E-005	-3.52736E-005	0.00000E+000	...........	1468.24
	3058	1554.99	-3.43299E-005	-3.52455E-005	0.00000E+000	...........	1468.24
	3059	1555.5	-3.46645E-005	-3.37671E-005	0.00000E+000	...........	1468.24
	3060	1556.01	-3.48382E-005	-3.44971E-005	0.00000E+000	...........	1468.24
	3061	1556.52	-3.47337E-005	-3.29636E-005	0.00000E+000	...........	1468.24
	3062	1557.03	-3.44206E-005	-3.39519E-005	0.00000E+000	...........	1468.24
	3063	1557.53	-3.40801E-005	-3.46739E-005	0.00000E+000	...........	1468.24
	3064	1558.04	-3.39185E-005	-3.45170E-005	0.00000E+000	...........	1468.24
	3065	1558.55	-3.40047E-005	-3.41305E-005	0.00000E+000	...........	1468.23
	3066	1559.06	-3.41853E-005	-3.40886E-005	0.00000E+000	...........	1468.15
	3067	1559.57	-3.42702E-005	-3.37080E-005	0.00000E+000	...........	1468.18
	3068	1560.07	-3.42220E-005	-3.45525E-005	0.00000E+000	...........	1468.24
	3069	1560.58	-3.41459E-005	-3.43697E-005	0.00000E+000	...........	1468.24
	3070	1561.09	-3.41529E-005	-3.44748E-005	0.00000E+000	...........	1468.24
	3071	1561.6	-3.42456E-005	-3.45224E-005	0.00000E+000	...........	1468.24
	3072	1562.11	-3.43405E-005	-3.36518E-005	0.00000E+000	...........	1468.24
	3073	1562.62	-3.43408E-005	-3.37269E-005	0.00000E+000	...........	1468.24
	3074	1563.13	-3.42139E-005	-3.40809E-005	0.00000E+000	...........	1468.24
	3075	1563.63	-3.40012E-005	-3.16774E-005	0.00000E+000	...........	1468.24
	3076	1564.14	-3.36936E-005	-3.26774E-005	0.00000E+000	...........	1468.24
	3077	1564.65	-3.32938E-005	-3.37831E-005	0.00000E+000	...........	1468.24
	3078	1565.16	-3.30183E-005	-3.44676E-005	0.00000E+000	...........	1468.24
	3079	1565.67	-3.30922E-005	-3.34871E-005	0.00000E+000	...........	1468.24
	3080	1566.17	-3.33825E-005	-3.24062E-005	0.00000E+000	...........	1468.24
	3081	1566.68	-3.34922E-005	-3.10091E-005	0.00000E+000	...........	1468.24
	3082	1567.19	-3.31750E-005	-3.17973E-005	0.00000E+000	...........	1468.24
	3083	1567.7	-3.25754E-005	-3.18917E-005	0.00000E+000	...........	1468.24
	3084	1568.21	-3.20697E-005	-3.28696E-005	0.00000E+000	...........	1468.24
	3085	1568.72	-3.19031E-005	-3.20455E-005	0.00000E+000	...........	1468.24
	3086	1569.22	-3.20079E-005	-3.20944E-005	0.00000E+000	...........	1468.24
	3087	1569.73	-3.21184E-005	-3.03843E-005	0.00000E+000	...........	1468.24
	3088	1570.24	-3.20107E-005	-3.12726E-005	0.00000E+000	...........	1468.24
	3089	1570.75	-3.17027E-005	-3.18147E-005	0.00000E+000	...........	1468.24
	3090	1571.26	-3.14353E-005	-3.17470E-005	0.00000E+000	...........	1468.24
	3091	1571.77	-3.14038E-005	-3.25593E-005	0.00000E+000	...........	1468.24
	3092	1572.28	-3.16049E-005	-3.27372E-005	0.00000E+000	...........	1468.24
	3093	1572.78	-3.19324E-005	-3.25213E-005	0.00000E+000	...........	1468.34
	3094	1573.29	-3.22495E-005	-3.21580E-005	0.00000E+000	...........	1468.34
	3095	1573.8	-3.24420E-005	-3.29647E-005	0.00000E+000	...........	1468.34
	3096	1574.31	-3.25122E-005	-3.22968E-005	0.00000E+000	...........	1468.34
	3097	1574.82	-3.25634E-005	-3.41164E-005	0.00000E+000	...........	1468.24
	3098	1575.32	-3.26900E-005	-3.23881E-005	0.00000E+000	...........	1468.24
	3099	1575.83	-3.28648E-005	-3.28244E-005	0.00000E+000	...........	1468.34
	3100	1576.34	-3.29637E-005	-3.30355E-005	0.00000E+000	...........	1468.34
	3101	1576.85	-3.29773E-005	-3.40704E-005	0.00000E+000	...........	1468.34
	3102	1577.36	-3.30668E-005	-3.43905E-005	0.00000E+000	...........	1468.34
	3103	1577.87	-3.33579E-005	-3.50157E-005	0.00000E+000	...........	1468.34
	3104	1578.38	-3.38082E-005	-3.46923E-005	0.00000E+000	...........	1468.34
	3105	1578.88	-3.42652E-005	-3.48809E-005	0.00000E+000	...........	1468.24
	3106	1579.39	-3.45870E-005	-3.43664E-005	0.00000E+000	...........	1468.24
	3107	1579.9	-3.47165E-005	-3.44385E-005	0.00000E+000	...........	1468.24
	3108	1580.41	-3.46753E-005	-3.38544E-005	0.00000E+000	...........	1468.24
	3109	1580.92	-3.44945E-005	-3.26974E-005	0.00000E+000	...........	1468.24
	3110	1581.42	-3.41826E-005	-3.37813E-005	0.00000E+000	...........	1468.24
	3111	1581.93	-3.38235E-005	-3.36674E-005	0.00000E+000	...........	1468.24
	3112	1582.44	-3.35709E-005	-3.29913E-005	0.00000E+000	...........	1468.24
	3113	1582.95	-3.34458E-005	-3.28180E-005	0.00000E+000	...........	1468.24
	3114	1583.46	-3.33236E-005	-3.26876E-005	0.00000E+000	...........	1468.24
	3115	1583.97	-3.31336E-005	-3.24042E-005	0.00000E+000	...........	1468.24
	3116	1584.47	-3.29338E-005	-3.37775E-005	0.00000E+000	...........	1468.24
	3117	1584.98	-3.28484E-005	-3.31741E-005	0.00000E+000	...........	1468.24
	3118	1585.49	-3.29317E-005	-3.30917E-005	0.00000E+000	...........	1468.24
	3119	1586	-3.30711E-005	-3.26393E-005	0.00000E+000	...........	1468.24
	3120	1586.51	-3.30993E-005	-3.21777E-005	0.00000E+000	...........	1468.24
	3121	1587.02	-3.29732E-005	-3.31991E-005	0.00000E+000	...........	1468.24
	3122	1587.53	-3.28075E-005	-3.27456E-005	0.00000E+000	...........	1468.24
	3123	1588.03	-3.27317E-005	-3.26869E-005	0.00000E+000	...........	1467.88
	3124	1588.54	-3.27344E-005	-3.24257E-005	0.00000E+000	...........	1467.88
	3125	1589.05	-3.27098E-005	-3.19614E-005	0.00000E+000	...........	1467.79
	3126	1589.56	-3.26043E-005	-3.26951E-005	0.00000E+000	...........	1467.86
	3127	1590.07	-3.24685E-005	-3.21698E-005	0.00000E+000	...........	1468.06
	3128	1590.57	-3.24039E-005	-3.37014E-005	0.00000E+000	...........	1468.10
	3129	1591.08	-3.24843E-005	-3.28111E-005	0.00000E+000	...........	1468.15
	3130	1591.59	-3.27158E-005	-3.45673E-005	0.00000E+000	...........	1468.15
	3131	1592.1	-3.30484E-005	-3.34450E-005	0.00000E+000	...........	1468.15
	3132	1592.61	-3.33676E-005	-3.24729E-005	0.00000E+000	...........	1468.15
	3133	1593.12	-3.34920E-005	-3.28640E-005	0.00000E+000	...........	1468.15
	3134	1593.63	-3.33607E-005	-3.33274E-005	0.00000E+000	...........	1468.15
	3135	1594.13	-3.31713E-005	-3.40958E-005	0.00000E+000	...........	1468.15
	3136	1594.64	-3.31603E-005	-3.36122E-005	0.00000E+000	...........	1468.24
	3137	1595.15	-3.33290E-005	-3.30938E-005	0.00000E+000	...........	1468.24
	3138	1595.66	-3.34779E-005	-3.30302E-005	0.00000E+000	...........	1468.24
	3139	1596.17	-3.34629E-005	-3.31331E-005	0.00000E+000	...........	1468.24
	3140	1596.67	-3.33278E-005	-3.30442E-005	0.00000E+000	...........	1468.24
	3141	1597.18	-3.31982E-005	-3.34963E-005	0.00000E+000	...........	1468.24
	3142	1597.69	-3.31562E-005	-3.34582E-005	0.00000E+000	...........	1468.24
	3143	1598.2	-3.32218E-005	-3.40122E-005	0.00000E+000	...........	1468.24
	3144	1598.71	-3.33640E-005	-3.32622E-005	0.00000E+000	...........	1468.24
	3145	1599.22	-3.35267E-005	-3.47647E-005	0.00000E+000	...........	1468.24
	3146	1599.72	-3.36947E-005	-3.39164E-005	0.00000E+000	...........	1468.24
	3147	1600.23	-3.38592E-005	-3.31901E-005	0.00000E+000	...........	1468.24
	3148	1600.74	-3.39215E-005	-3.33184E-005	0.00000E+000	...........	1468.24
	3149	1601.25	-3.38060E-005	-3.33732E-005	0.00000E+000	...........	1468.24
	3150	1601.76	-3.35875E-005	-3.27058E-005	0.00000E+000	...........	1468.24
	3151	1602.27	-3.33754E-005	-3.34611E-005	0.00000E+000	...........	1468.24
	3152	1602.78	-3.32313E-005	-3.34591E-005	0.00000E+000	...........	1468.24
	3153	1603.28	-3.31921E-005	-3.31322E-005	0.00000E+000	...........	1468.24
	3154	1603.79	-3.32295E-005	-3.32934E-005	0.00000E+000	...........	1468.24
	3155	1604.3	-3.32602E-005	-3.28855E-005	0.00000E+000	...........	1468.24
	3156	1604.81	-3.32568E-005	-3.42476E-005	0.00000E+000	...........	1468.34
	3157	1605.32	-3.33104E-005	-3.45965E-005	0.00000E+000	...........	1468.34
	3158	1605.82	-3.35076E-005	-3.31222E-005	0.00000E+000	...........	1468.24
	3159	1606.33	-3.37532E-005	-3.43278E-005	0.00000E+000	...........	1468.24
	3160	1606.84	-3.38910E-005	-3.37271E-005	0.00000E+000	...........	1468.24
	3161	1607.35	-3.39136E-005	-3.36521E-005	0.00000E+000	...........	1468.24
	3162	1607.86	-3.38716E-005	-3.32660E-005	0.00000E+000	...........	1468.34
	3163	1608.37	-3.37536E-005	-3.26728E-005	0.00000E+000	...........	1468.34
	3164	1608.88	-3.35651E-005	-3.42810E-005	0.00000E+000	...........	1468.24
	3165	1609.38	-3.34155E-005	-3.33376E-005	0.00000E+000	...........	1468.24
	3166	1609.89	-3.33912E-005	-3.28878E-005	0.00000E+000	...........	1468.24
	3167	1610.4	-3.34210E-005	-3.40806E-005	0.00000E+000	...........	1468.24
	3168	1610.91	-3.34541E-005	-3.43862E-005	0.00000E+000	...........	1468.24
	3169	1611.42	-3.35712E-005	-3.38846E-005	0.00000E+000	...........	1468.24
	3170	1611.92	-3.37772E-005	-3.40364E-005	0.00000E+000	...........	1468.24
	3171	1612.43	-3.39586E-005	-3.43930E-005	0.00000E+000	...........	1468.24
	3172	1612.94	-3.40653E-005	-3.40186E-005	0.00000E+000	...........	1468.24
	3173	1613.45	-3.41228E-005	-3.40482E-005	0.00000E+000	...........	1468.24
	3174	1613.96	-3.41160E-005	-3.28543E-005	0.00000E+000	...........	1468.24
	3175	1614.47	-3.40038E-005	-3.43269E-005	0.00000E+000	...........	1468.24
	3176	1614.97	-3.38380E-005	-3.35442E-005	0.00000E+000	...........	1468.24
	3177	1615.48	-3.37519E-005	-3.47171E-005	0.00000E+000	...........	1468.24
	3178	1615.99	-3.38144E-005	-3.40288E-005	0.00000E+000	...........	1468.24
	3179	1616.5	-3.39939E-005	-3.53682E-005	0.00000E+000	...........	1468.24
	3180	1617.01	-3.42341E-005	-3.43435E-005	0.00000E+000	...........	1468.24
	3181	1617.52	-3.44327E-005	-3.28479E-005	0.00000E+000	...........	1468.24
	3182	1618.03	-3.44358E-005	-3.47018E-005	0.00000E+000	...........	1468.24
	3183	1618.53	-3.42427E-005	-3.34808E-005	0.00000E+000	...........	1468.24
	3184	1619.04	-3.40298E-005	-3.37062E-005	0.00000E+000	...........	1467.79
	3185	1619.55	-3.38736E-005	-3.29090E-005	0.00000E+000	...........	1467.81
	3186	1620.06	-3.37085E-005	-3.34018E-005	0.00000E+000	...........	1467.88
	3187	1620.57	-3.35271E-005	-3.37540E-005	0.00000E+000	...........	1468.00
	3188	1621.07	-3.34010E-005	-3.26327E-005	0.00000E+000	...........	1468.24
	3189	1621.58	-3.33182E-005	-3.25167E-005	0.00000E+000	...........	1468.24
	3190	1622.09	-3.31763E-005	-3.27229E-005	0.00000E+000	...........	1468.24
	3191	1622.6	-3.29988E-005	-3.44258E-005	0.00000E+000	...........	1468.24
	3192	1623.11	-3.29705E-005	-3.33341E-005	0.00000E+000	...........	1468.24
	3193	1623.62	-3.31590E-005	-3.35464E-005	0.00000E+000	...........	1468.24
	3194	1624.13	-3.34141E-005	-3.43421E-005	0.00000E+000	...........	1468.24
	3195	1624.63	-3.36372E-005	-3.48110E-005	0.00000E+000	...........	1468.16
	3196	1625.14	-3.38699E-005	-3.35966E-005	0.00000E+000	...........	1468.15
	3197	1625.65	-3.40828E-005	-3.43493E-005	0.00000E+000	...........	1468.24
	3198	1626.16	-3.41719E-005	-3.35035E-005	0.00000E+000	...........	1468.24
	3199	1626.67	-3.41094E-005	-3.33126E-005	0.00000E+000	...........	1468.24
	3200	1627.17	-3.39501E-005	-3.42578E-005	0.00000E+000	...........	1468.24
	3201	1627.68	-3.38338E-005	-3.53817E-005	0.00000E+000	...........	1468.24
	3202	1628.19	-3.39238E-005	-3.40370E-005	0.00000E+000	...........	1468.24
	3203	1628.7	-3.41739E-005	-3.39792E-005	0.00000E+000	...........	1468.24
	3204	1629.21	-3.43746E-005	-3.57078E-005	0.00000E+000	...........	1468.24
	3205	1629.72	-3.45161E-005	-3.58612E-005	0.00000E+000	...........	1468.24
	3206	1630.22	-3.47585E-005	-3.49554E-005	0.00000E+000	...........	1468.24
	3207	1630.73	-3.50785E-005	-3.56802E-005	0.00000E+000	...........	1468.24
	3208	1631.24	-3.53272E-005	-3.61335E-005	0.00000E+000	...........	1468.24
	3209	1631.75	-3.54924E-005	-3.54224E-005	0.00000E+000	...........	1468.24
	3210	1632.26	-3.56233E-005	-3.59042E-005	0.00000E+000	...........	1468.24
	3211	1632.77	-3.57155E-005	-3.60790E-005	0.00000E+000	...........	1468.24
	3212	1633.28	-3.57684E-005	-3.51187E-005	0.00000E+000	...........	1468.24
	3213	1633.78	-3.57681E-005	-3.55105E-005	0.00000E+000	...........	1468.24
	3214	1634.29	-3.56859E-005	-3.53416E-005	0.00000E+000	...........	1468.24
	3215	1634.8	-3.55763E-005	-3.63371E-005	0.00000E+000	...........	1468.24
	3216	1635.31	-3.55728E-005	-3.66656E-005	0.00000E+000	...........	1468.24
	3217	1635.82	-3.57458E-005	-3.59545E-005	0.00000E+000	...........	1468.24
	3218	1636.32	-3.59856E-005	-3.55714E-005	0.00000E+000	...........	1468.24
	3219	1636.83	-3.60900E-005	-3.53779E-005	0.00000E+000	...........	1468.24
	3220	1637.34	-3.59709E-005	-3.48135E-005	0.00000E+000	...........	1468.24
	3221	1637.85	-3.56903E-005	-3.47627E-005	0.00000E+000	...........	1468.24
	3222	1638.36	-3.53578E-005	-3.48496E-005	0.00000E+000	...........	1468.24
	3223	1638.87	-3.50672E-005	-3.44375E-005	0.00000E+000	...........	1468.24
	3224	1639.38	-3.48652E-005	-3.49824E-005	0.00000E+000	...........	1468.24
	3225	1639.88	-3.47839E-005	-3.61625E-005	0.00000E+000	...........	1468.24
	3226	1640.39	-3.48930E-005	-3.59228E-005	0.00000E+000	...........	1468.24
	3227	1640.9	-3.51964E-005	-3.58632E-005	0.00000E+000	...........	1468.24
	3228	1641.41	-3.55612E-005	-3.66837E-005	0.00000E+000	...........	1468.24
	3229	1641.92	-3.58756E-005	-3.65005E-005	0.00000E+000	...........	1468.24
	3230	1642.42	-3.61252E-005	-3.60112E-005	0.00000E+000	...........	1468.24
	3231	1642.93	-3.62744E-005	-3.57963E-005	0.00000E+000	...........	1468.24
	3232	1643.44	-3.62664E-005	-3.58085E-005	0.00000E+000	...........	1468.24
	3233	1643.95	-3.61386E-005	-3.61477E-005	0.00000E+000	...........	1468.24
	3234	1644.46	-3.59825E-005	-3.45044E-005	0.00000E+000	...........	1468.24
	3235	1644.97	-3.58148E-005	-3.60473E-005	0.00000E+000	...........	1468.24
	3236	1645.47	-3.56332E-005	-3.51686E-005	0.00000E+000	...........	1468.24
	3237	1645.98	-3.54715E-005	-3.40953E-005	0.00000E+000	...........	1468.24
	3238	1646.49	-3.52868E-005	-3.47214E-005	0.00000E+000	...........	1468.24
	3239	1647	-3.50291E-005	-3.46343E-005	0.00000E+000	...........	1468.24
	3240	1647.51	-3.47960E-005	-3.52519E-005	0.00000E+000	...........	1468.24
	3241	1648.02	-3.47338E-005	-3.58812E-005	0.00000E+000	...........	1468.24
	3242	1648.53	-3.49159E-005	-3.70038E-005	0.00000E+000	...........	1468.24
	3243	1649.03	-3.53233E-005	-3.60488E-005	0.00000E+000	...........	1468.24
	3244	1649.54	-3.58017E-005	-3.61478E-005	0.00000E+000	...........	1468.25
	3245	1650.05	-3.61435E-005	-3.65662E-005	0.00000E+000	...........	1468.34
	3246	1650.56	-3.62823E-005	-3.57163E-005	0.00000E+000	...........	1468.27
	3247	1651.07	-3.62601E-005	-3.50642E-005	0.00000E+000	...........	1468.06
	3248	1651.57	-3.60664E-005	-3.43608E-005	0.00000E+000	...........	1468.14
	3249	1652.08	-3.56743E-005	-3.39928E-005	0.00000E+000	...........	1468.24
	3250	1652.59	-3.51658E-005	-3.47348E-005	0.00000E+000	...........	1468.24
	3251	1653.1	-3.47093E-005	-3.36536E-005	0.00000E+000	...........	1468.24
	3252	1653.61	-3.44062E-005	-3.43440E-005	0.00000E+000	...........	1468.24
	3253	1654.12	-3.42170E-005	-3.31472E-005	0.00000E+000	...........	1468.24
	3254	1654.63	-3.40753E-005	-3.50477E-005	0.00000E+000	...........	1468.16
	3255	1655.13	-3.40152E-005	-3.44630E-005	0.00000E+000	...........	1468.15
	3256	1655.64	-3.41191E-005	-3.52440E-005	0.00000E+000	...........	1468.15
	3257	1656.15	-3.43687E-005	-3.48452E-005	0.00000E+000	...........	1468.15
	3258	1656.66	-3.46390E-005	-3.47089E-005	0.00000E+000	...........	1468.24
	3259	1657.17	-3.48276E-005	-3.56097E-005	0.00000E+000	...........	1468.24
	3260	1657.67	-3.49449E-005	-3.50584E-005	0.00000E+000	...........	1468.24
	3261	1658.18	-3.50274E-005	-3.40239E-005	0.00000E+000	...........	1468.24
	3262	1658.69	-3.50063E-005	-3.43251E-005	0.00000E+000	...........	1468.24
	3263	1659.2	-3.48311E-005	-3.47310E-005	0.00000E+000	...........	1468.24
	3264	1659.71	-3.46278E-005	-3.49260E-005	0.00000E+000	...........	1468.24
	3265	1660.22	-3.45486E-005	-3.43881E-005	0.00000E+000	...........	1468.24
	3266	1660.72	-3.45825E-005	-3.48036E-005	0.00000E+000	...........	1468.24
	3267	1661.23	-3.46369E-005	-3.49002E-005	0.00000E+000	...........	1468.24
	3268	1661.74	-3.47146E-005	-3.63060E-005	0.00000E+000	...........	1468.24
	3269	1662.25	-3.48896E-005	-3.47406E-005	0.00000E+000	...........	1468.24
	3270	1662.76	-3.50907E-005	-3.35659E-005	0.00000E+000	...........	1468.24
	3271	1663.27	-3.50698E-005	-3.36099E-005	0.00000E+000	...........	1468.24
	3272	1663.78	-3.47451E-005	-3.50006E-005	0.00000E+000	...........	1468.24
	3273	1664.28	-3.43692E-005	-3.36457E-005	0.00000E+000	...........	1468.24
	3274	1664.79	-3.41797E-005	-3.45770E-005	0.00000E+000	...........	1468.24
	3275	1665.3	-3.41930E-005	-3.60350E-005	0.00000E+000	...........	1468.24
	3276	1665.81	-3.43876E-005	-3.46379E-005	0.00000E+000	...........	1468.24
	3277	1666.32	-3.47041E-005	-3.53033E-005	0.00000E+000	...........	1468.24
	3278	1666.82	-3.49834E-005	-3.54413E-005	0.00000E+000	...........	1468.24
	3279	1667.33	-3.51313E-005	-3.43716E-005	0.00000E+000	...........	1468.24
	3280	1667.84	-3.51382E-005	-3.45264E-005	0.00000E+000	...........	1468.24
	3281	1668.35	-3.50146E-005	-3.50336E-005	0.00000E+000	...........	1468.24
	3282	1668.86	-3.48617E-005	-3.51235E-005	0.00000E+000	...........	1468.24
	3283	1669.37	-3.48304E-005	-3.59427E-005	0.00000E+000	...........	1468.24
	3284	1669.88	-3.49733E-005	-3.53121E-005	0.00000E+000	...........	1468.34
	3285	1670.38	-3.51869E-005	-3.45159E-005	0.00000E+000	...........	1468.34
	3286	1670.89	-3.52943E-005	-3.54104E-005	0.00000E+000	...........	1468.24
	3287	1671.4	-3.52581E-005	-3.56598E-005	0.00000E+000	...........	1468.24
	3288	1671.91	-3.52439E-005	-3.64765E-005	0.00000E+000	...........	1468.24
	3289	1672.42	-3.54118E-005	-3.66227E-005	0.00000E+000	...........	1468.24
	3290	1672.92	-3.57370E-005	-3.57549E-005	0.00000E+000	...........	1468.24
	3291	1673.43	-3.60343E-005	-3.59349E-005	0.00000E+000	...........	1468.24
	3292	1673.94	-3.61324E-005	-3.51442E-005	0.00000E+000	...........	1468.34
	3293	1674.45	-3.60029E-005	-3.49976E-005	0.00000E+000	...........	1468.34
	3294	1674.96	-3.57202E-005	-3.47274E-005	0.00000E+000	...........	1468.24
	3295	1675.47	-3.54138E-005	-3.62853E-005	0.00000E+000	...........	1468.24
	3296	1675.97	-3.52748E-005	-3.65404E-005	0.00000E+000	...........	1468.24
	3297	1676.48	-3.54119E-005	-3.52549E-005	0.00000E+000	...........	1468.24
	3298	1676.99	-3.56771E-005	-3.59837E-005	0.00000E+000	...........	1468.24
	3299	1677.5	-3.58504E-005	-3.63586E-005	0.00000E+000	...........	1468.24
	3300	1678.01	-3.59209E-005	-3.58811E-005	0.00000E+000	...........	1468.24
	3301	1678.52	-3.59790E-005	-3.61698E-005	0.00000E+000	...........	1468.24
	3302	1679.03	-3.60250E-005	-3.55474E-005	0.00000E+000	...........	1468.06
	3303	1679.53	-3.60038E-005	-3.53894E-005	0.00000E+000	...........	1468.06
	3304	1680.04	-3.58834E-005	-3.52140E-005	0.00000E+000	...........	1468.06
	3305	1680.55	-3.57001E-005	-3.59064E-005	0.00000E+000	...........	1468.05
	3306	1681.06	-3.55743E-005	-3.64236E-005	0.00000E+000	...........	1467.97
	3307	1681.57	-3.56359E-005	-3.69662E-005	0.00000E+000	...........	1468.06
	3308	1682.07	-3.58974E-005	-3.61983E-005	0.00000E+000	...........	1468.24
	3309	1682.58	-3.62281E-005	-3.73005E-005	0.00000E+000	...........	1468.24
	3310	1683.09	-3.65102E-005	-3.71701E-005	0.00000E+000	...........	1468.24
	3311	1683.6	-3.67404E-005	-3.70051E-005	0.00000E+000	...........	1468.24
	3312	1684.11	-3.69138E-005	-3.63867E-005	0.00000E+000	...........	1468.24
	3313	1684.62	-3.69748E-005	-3.72793E-005	0.00000E+000	...........	1468.17
	3314	1685.13	-3.69555E-005	-3.75130E-005	0.00000E+000	...........	1468.15
	3315	1685.63	-3.69667E-005	-3.63949E-005	0.00000E+000	...........	1468.24
	3316	1686.14	-3.70046E-005	-3.67678E-005	0.00000E+000	...........	1468.24
	3317	1686.65	-3.69791E-005	-3.70917E-005	0.00000E+000	...........	1468.24
	3318	1687.16	-3.69039E-005	-3.66265E-005	0.00000E+000	...........	1468.24
	3319	1687.67	-3.68468E-005	-3.66579E-005	0.00000E+000	...........	1468.24
	3320	1688.17	-3.68181E-005	-3.74325E-005	0.00000E+000	...........	1468.24
	3321	1688.68	-3.68517E-005	-3.79393E-005	0.00000E+000	...........	1468.24
	3322	1689.19	-3.70104E-005	-3.72837E-005	0.00000E+000	...........	1468.24
	3323	1689.7	-3.72369E-005	-3.70288E-005	0.00000E+000	...........	1468.24
	3324	1690.21	-3.73629E-005	-3.67237E-005	0.00000E+000	...........	1468.24
	3325	1690.72	-3.73085E-005	-3.71932E-005	0.00000E+000	...........	1468.24
	3326	1691.22	-3.71634E-005	-3.70082E-005	0.00000E+000	...........	1468.24
	3327	1691.73	-3.70458E-005	-3.65371E-005	0.00000E+000	...........	1468.34
	3328	1692.24	-3.69316E-005	-3.50088E-005	0.00000E+000	...........	1468.34
	3329	1692.75	-3.66837E-005	-3.56363E-005	0.00000E+000	...........	1468.24
	3330	1693.26	-3.63032E-005	-3.69404E-005	0.00000E+000	...........	1468.24
	3331	1693.77	-3.60258E-005	-3.62181E-005	0.00000E+000	...........	1468.24
	3332	1694.28	-3.60230E-005	-3.66226E-005	0.00000E+000	...........	1468.24
	3333	1694.78	-3.62225E-005	-3.78688E-005	0.00000E+000	...........	1468.24
	3334	1695.29	-3.65137E-005	-3.68731E-005	0.00000E+000	...........	1468.24
	3335	1695.8	-3.68213E-005	-3.69406E-005	0.00000E+000	...........	1468.34
	3336	1696.31	-3.70214E-005	-3.66309E-005	0.00000E+000	...........	1468.34
	3337	1696.82	-3.70420E-005	-3.68420E-005	0.00000E+000	...........	1468.24
	3338	1697.32	-3.69652E-005	-3.75950E-005	0.00000E+000	...........	1468.24
	3339	1697.83	-3.69437E-005	-3.73634E-005	0.00000E+000	...........	1468.24
	3340	1698.34	-3.70521E-005	-3.76601E-005	0.00000E+000	...........	1468.24
	3341	1698.85	-3.72346E-005	-3.74298E-005	0.00000E+000	...........	1468.24
	3342	1699.36	-3.73813E-005	-3.68507E-005	0.00000E+000	...........	1468.24
	3343	1699.87	-3.73954E-005	-3.63893E-005	0.00000E+000	...........	1468.24
	3344	1700.38	-3.72398E-005	-3.67561E-005	0.00000E+000	...........	1468.24
	3345	1700.88	-3.69955E-005	-3.68599E-005	0.00000E+000	...........	1468.34
	3346	1701.39	-3.67839E-005	-3.55530E-005	0.00000E+000	...........	1468.34
	3347	1701.9	-3.66123E-005	-3.64885E-005	0.00000E+000	...........	1468.24
	3348	1702.41	-3.64650E-005	-3.76507E-005	0.00000E+000	...........	1468.24
	3349	1702.92	-3.64492E-005	-3.67032E-005	0.00000E+000	...........	1468.24
	3350	1703.42	-3.66194E-005	-3.72809E-005	0.00000E+000	...........	1468.24
	3351	1703.93	-3.68616E-005	-3.77557E-005	0.00000E+000	...........	1468.24
	3352	1704.44	-3.70944E-005	-3.78904E-005	0.00000E+000	...........	1468.24
	3353	1704.95	-3.73425E-005	-3.82764E-005	0.00000E+000	...........	1468.24
	3354	1705.46	-3.76156E-005	-3.81663E-005	0.00000E+000	...........	1468.24
	3355	1705.97	-3.78689E-005	-3.80962E-005	0.00000E+000	...........	1468.24
	3356	1706.47	-3.80488E-005	-3.82657E-005	0.00000E+000	...........	1468.24
	3357	1706.98	-3.81382E-005	-3.79370E-005	0.00000E+000	...........	1468.24
	3358	1707.49	-3.81594E-005	-3.82619E-005	0.00000E+000	...........	1468.24
	3359	1708	-3.81447E-005	-3.79212E-005	0.00000E+000	...........	1468.24
	3360	1708.51	-3.81138E-005	-3.78799E-005	0.00000E+000	...........	1468.24
	3361	1709.02	-3.80658E-005	-3.79370E-005	0.00000E+000	...........	1468.24
	3362	1709.53	-3.79932E-005	-3.72967E-005	0.00000E+000	...........	1468.24
	3363	1710.03	-3.78834E-005	-3.74344E-005	0.00000E+000	...........	1467.79
	3364	1710.54	-3.77401E-005	-3.78168E-005	0.00000E+000	...........	1467.79
	3365	1711.05	-3.76368E-005	-3.83626E-005	0.00000E+000	...........	1467.79
	3366	1711.56	-3.76897E-005	-3.92318E-005	0.00000E+000	...........	1467.86
	3367	1712.07	-3.79441E-005	-3.84889E-005	0.00000E+000	...........	1468.06
	3368	1712.57	-3.83071E-005	-3.94091E-005	0.00000E+000	...........	1468.14
	3369	1713.08	-3.86472E-005	-3.93972E-005	0.00000E+000	...........	1468.24
	3370	1713.59	-3.89193E-005	-3.91582E-005	0.00000E+000	...........	1468.24
	3371	1714.1	-3.91194E-005	-3.92897E-005	0.00000E+000	...........	1468.24
	3372	1714.61	-3.92335E-005	-3.93798E-005	0.00000E+000	...........	1468.18
	3373	1715.12	-3.92792E-005	-3.91767E-005	0.00000E+000	...........	1468.15
	3374	1715.63	-3.92783E-005	-3.86236E-005	0.00000E+000	...........	1468.24
	3375	1716.13	-3.92105E-005	-3.88010E-005	0.00000E+000	...........	1468.24
	3376	1716.64	-3.90517E-005	-3.77348E-005	0.00000E+000	...........	1468.24
	3377	1717.15	-3.88263E-005	-3.92010E-005	0.00000E+000	...........	1468.24
	3378	1717.66	-3.86160E-005	-3.78343E-005	0.00000E+000	...........	1468.24
	3379	1718.17	-3.84802E-005	-3.82987E-005	0.00000E+000	...........	1468.24
	3380	1718.67	-3.83921E-005	-3.84224E-005	0.00000E+000	...........	1468.24
	3381	1719.18	-3.83333E-005	-3.86144E-005	0.00000E+000	...........	1468.24
	3382	1719.69	-3.83377E-005	-3.85113E-005	0.00000E+000	...........	1468.24
	3383	1720.2	-3.84095E-005	-3.89508E-005	0.00000E+000	...........	1468.24
	3384	1720.71	-3.85049E-005	-3.80262E-005	0.00000E+000	...........	1468.24
	3385	1721.22	-3.85321E-005	-3.71264E-005	0.00000E+000	...........	1468.24
	3386	1721.72	-3.83832E-005	-3.77253E-005	0.00000E+000	...........	1468.24
	3387	1722.23	-3.80985E-005	-3.85064E-005	0.00000E+000	...........	1468.24
	3388	1722.74	-3.79186E-005	-3.94323E-005	0.00000E+000	...........	1468.24
	3389	1723.25	-3.80613E-005	-3.99235E-005	0.00000E+000	...........	1468.24
	3390	1723.76	-3.85036E-005	-3.92332E-005	0.00000E+000	...........	1468.24
	3391	1724.27	-3.89869E-005	-3.84838E-005	0.00000E+000	...........	1468.24
	3392	1724.78	-3.92272E-005	-3.87381E-005	0.00000E+000	...........	1468.24
	3393	1725.28	-3.91684E-005	-3.89995E-005	0.00000E+000	...........	1468.24
	3394	1725.79	-3.89973E-005	-3.90745E-005	0.00000E+000	...........	1468.24
	3395	1726.3	-3.89150E-005	-3.96197E-005	0.00000E+000	...........	1468.24
	3396	1726.81	-3.89799E-005	-3.91989E-005	0.00000E+000	...........	1468.24
	3397	1727.32	-3.91210E-005	-3.90836E-005	0.00000E+000	...........	1468.24
	3398	1727.82	-3.91951E-005	-3.76817E-005	0.00000E+000	...........	1468.24
	3399	1728.33	-3.90862E-005	-3.89164E-005	0.00000E+000	...........	1468.24
	3400	1728.84	-3.88463E-005	-3.88121E-005	0.00000E+000	...........	1468.24
	3401	1729.35	-3.86677E-005	-3.89203E-005	0.00000E+000	...........	1468.24
	3402	1729.86	-3.86353E-005	-3.79201E-005	0.00000E+000	...........	1468.24
	3403	1730.37	-3.86115E-005	-3.72205E-005	0.00000E+000	...........	1468.24
	3404	1730.88	-3.84189E-005	-3.73719E-005	0.00000E+000	...........	1468.24
	3405	1731.38	-3.80667E-005	-3.77231E-005	0.00000E+000	...........	1468.24
	3406	1731.89	-3.77452E-005	-3.79607E-005	0.00000E+000	...........	1468.24
	3407	1732.4	-3.76031E-005	-3.73360E-005	0.00000E+000	...........	1468.24
	3408	1732.91	-3.76017E-005	-3.76985E-005	0.00000E+000	...........	1468.24
	3409	1733.42	-3.76410E-005	-3.85663E-005	0.00000E+000	...........	1468.24
	3410	1733.92	-3.77462E-005	-3.91291E-005	0.00000E+000	...........	1468.24
	3411	1734.43	-3.79933E-005	-3.84081E-005	0.00000E+000	...........	1468.24
	3412	1734.94	-3.83121E-005	-3.85724E-005	0.00000E+000	...........	1468.24
	3413	1735.45	-3.85410E-005	-3.87299E-005	0.00000E+000	...........	1468.24
	3414	1735.96	-3.86286E-005	-3.84669E-005	0.00000E+000	...........	1468.24
	3415	1736.47	-3.86261E-005	-3.81865E-005	0.00000E+000	...........	1468.24
	3416	1736.97	-3.85567E-005	-3.78587E-005	0.00000E+000	...........	1468.24
	3417	1737.48	-3.83827E-005	-3.63353E-005	0.00000E+000	...........	1468.24
	3418	1737.99	-3.80328E-005	-3.60802E-005	0.00000E+000	...........	1468.24
	3419	1738.5	-3.75204E-005	-3.75365E-005	0.00000E+000	...........	1468.24
	3420	1739.01	-3.70645E-005	-3.73552E-005	0.00000E+000	...........	1468.24
	3421	1739.52	-3.69148E-005	-3.80265E-005	0.00000E+000	...........	1468.24
	3422	1740.03	-3.70898E-005	-3.81161E-005	0.00000E+000	...........	1468.24
	3423	1740.53	-3.74180E-005	-3.77839E-005	0.00000E+000	...........	1468.24
	3424	1741.04	-3.77014E-005	-3.72701E-005	0.00000E+000	...........	1468.24
	3425	1741.55	-3.77963E-005	-3.69899E-005	0.00000E+000	...........	1468.18
	3426	1742.06	-3.76708E-005	-3.67937E-005	0.00000E+000	...........	1467.79
	3427	1742.57	-3.74158E-005	-3.71239E-005	0.00000E+000	...........	1467.91
	3428	1743.07	-3.71951E-005	-3.81300E-005	0.00000E+000	...........	1468.15
	3429	1743.58	-3.71691E-005	-3.81566E-005	0.00000E+000	...........	1468.15
	3430	1744.09	-3.73715E-005	-3.77809E-005	0.00000E+000	...........	1468.15
	3431	1744.6	-3.76616E-005	-3.81882E-005	0.00000E+000	...........	1468.15
	3432	1745.11	-3.78895E-005	-3.84303E-005	0.00000E+000	...........	1468.15
	3433	1745.62	-3.80286E-005	-3.75664E-005	0.00000E+000	...........	1468.15
	3434	1746.13	-3.80802E-005	-3.76693E-005	0.00000E+000	...........	1468.15
	3435	1746.63	-3.80001E-005	-3.66255E-005	0.00000E+000	...........	1468.24
	3436	1747.14	-3.77799E-005	-3.76100E-005	0.00000E+000	...........	1468.24
	3437	1747.65	-3.75329E-005	-3.81448E-005	0.00000E+000	...........	1468.24
	3438	1748.16	-3.74245E-005	-3.71847E-005	0.00000E+000	...........	1468.24
	3439	1748.67	-3.74729E-005	-3.77238E-005	0.00000E+000	...........	1468.24
	3440	1749.17	-3.75387E-005	-3.69618E-005	0.00000E+000	...........	1468.24
	3441	1749.68	-3.75220E-005	-3.74754E-005	0.00000E+000	...........	1468.24
	3442	1750.19	-3.74562E-005	-3.80681E-005	0.00000E+000	...........	1468.24
	3443	1750.7	-3.74238E-005	-3.64148E-005	0.00000E+000	...........	1468.24
	3444	1751.21	-3.74002E-005	-3.69396E-005	0.00000E+000	...........	1468.24
	3445	1751.72	-3.72938E-005	-3.72670E-005	0.00000E+000	...........	1468.24
	3446	1752.22	-3.71403E-005	-3.68540E-005	0.00000E+000	...........	1468.24
	3447	1752.73	-3.70200E-005	-3.59249E-005	0.00000E+000	...........	1468.24
	3448	1753.24	-3.68896E-005	-3.66715E-005	0.00000E+000	...........	1468.24
	3449	1753.75	-3.66901E-005	-3.54704E-005	0.00000E+000	...........	1468.34
	3450	1754.26	-3.64498E-005	-3.62860E-005	0.00000E+000	...........	1468.34
	3451	1754.77	-3.62155E-005	-3.51465E-005	0.00000E+000	...........	1468.24
	3452	1755.28	-3.59950E-005	-3.54384E-005	0.00000E+000	...........	1468.24
	3453	1755.78	-3.58048E-005	-3.68369E-005	0.00000E+000	...........	1468.24
	3454	1756.29	-3.57398E-005	-3.60673E-005	0.00000E+000	...........	1468.24
	3455	1756.8	-3.58663E-005	-3.66666E-005	0.00000E+000	...........	1468.24
	3456	1757.31	-3.60867E-005	-3.59335E-005	0.00000E+000	...........	1468.24
	3457	1757.82	-3.62723E-005	-3.76218E-005	0.00000E+000	...........	1468.24
	3458	1758.32	-3.64463E-005	-3.74498E-005	0.00000E+000	...........	1468.24
	3459	1758.83	-3.67048E-005	-3.74557E-005	0.00000E+000	...........	1468.24
	3460	1759.34	-3.70328E-005	-3.79633E-005	0.00000E+000	...........	1468.24
	3461	1759.85	-3.73415E-005	-3.80256E-005	0.00000E+000	...........	1468.24
	3462	1760.36	-3.76037E-005	-3.83483E-005	0.00000E+000	...........	1468.24
	3463	1760.87	-3.78019E-005	-3.64749E-005	0.00000E+000	...........	1468.24
	3464	1761.38	-3.78300E-005	-3.68514E-005	0.00000E+000	...........	1468.24
	3465	1761.88	-3.76061E-005	-3.64627E-005	0.00000E+000	...........	1468.24
	3466	1762.39	-3.72161E-005	-3.59129E-005	0.00000E+000	...........	1468.24
	3467	1762.9	-3.68232E-005	-3.69005E-005	0.00000E+000	...........	1468.24
	3468	1763.41	-3.65662E-005	-3.72684E-005	0.00000E+000	...........	1468.24
	3469	1763.92	-3.65605E-005	-3.81280E-005	0.00000E+000	...........	1468.24
	3470	1764.42	-3.68270E-005	-3.77908E-005	0.00000E+000	...........	1468.24
	3471	1764.93	-3.72511E-005	-3.88283E-005	0.00000E+000	...........	1468.24
	3472	1765.44	-3.76844E-005	-3.79740E-005	0.00000E+000	...........	1468.24
	3473	1765.95	-3.79754E-005	-3.58692E-005	0.00000E+000	...........	1468.24
	3474	1766.46	-3.79211E-005	-3.57815E-005	0.00000E+000	...........	1468.24
	3475	1766.97	-3.74364E-005	-3.55865E-005	0.00000E+000	...........	1468.24
	3476	1767.47	-3.67308E-005	-3.54239E-005	0.00000E+000	...........	1468.24
	3477	1767.98	-3.61315E-005	-3.66304E-005	0.00000E+000	...........	1468.24
	3478	1768.49	-3.58347E-005	-3.58267E-005	0.00000E+000	...........	1468.24
	3479	1769	-3.58422E-005	-3.70528E-005	0.00000E+000	...........	1468.24
	3480	1769.51	-3.60507E-005	-3.73604E-005	0.00000E+000	...........	1468.24
	3481	1770.02	-3.63839E-005	-3.75193E-005	0.00000E+000	...........	1468.24
	3482	1770.53	-3.67726E-005	-3.72141E-005	0.00000E+000	...........	1468.24
	3483	1771.03	-3.70799E-005	-3.63098E-005	0.00000E+000	...........	1468.24
	3484	1771.54	-3.71896E-005	-3.78230E-005	0.00000E+000	...........	1468.24
	3485	1772.05	-3.71659E-005	-3.74565E-005	0.00000E+000	...........	1468.15
	3486	1772.56	-3.71721E-005	-3.69168E-005	0.00000E+000	...........	1468.13
	3487	1773.07	-3.72438E-005	-3.80160E-005	0.00000E+000	...........	1468.06
	3488	1773.57	-3.73061E-005	-3.61549E-005	0.00000E+000	...........	1468.10
	3489	1774.08	-3.72524E-005	-3.51989E-005	0.00000E+000	...........	1468.15
	3490	1774.59	-3.69311E-005	-3.43424E-005	0.00000E+000	...........	1468.21
	3491	1775.1	-3.62893E-005	-3.39700E-005	0.00000E+000	...........	1468.24
	3492	1775.61	-3.54981E-005	-3.45195E-005	0.00000E+000	...........	1468.24
	3493	1776.12	-3.48322E-005	-3.44291E-005	0.00000E+000	...........	1468.24
	3494	1776.63	-3.44706E-005	-3.50026E-005	0.00000E+000	...........	1468.16
	3495	1777.13	-3.44283E-005	-3.56077E-005	0.00000E+000	...........	1468.15
	3496	1777.64	-3.46352E-005	-3.59366E-005	0.00000E+000	...........	1468.15
	3497	1778.15	-3.49835E-005	-3.52417E-005	0.00000E+000	...........	1468.15
	3498	1778.66	-3.52965E-005	-3.47480E-005	0.00000E+000	...........	1468.15
	3499	1779.17	-3.54024E-005	-3.49254E-005	0.00000E+000	...........	1468.15
	3500	1779.67	-3.53053E-005	-3.56414E-005	0.00000E+000	...........	1468.24
	3501	1780.18	-3.51954E-005	-3.58170E-005	0.00000E+000	...........	1468.24
	3502	1780.69	-3.52270E-005	-3.51613E-005	0.00000E+000	...........	1468.24
	3503	1781.2	-3.53354E-005	-3.46657E-005	0.00000E+000	...........	1468.24
	3504	1781.71	-3.53295E-005	-3.40727E-005	0.00000E+000	...........	1468.24
	3505	1782.22	-3.51295E-005	-3.50574E-005	0.00000E+000	...........	1468.24
	3506	1782.72	-3.48796E-005	-3.55442E-005	0.00000E+000	...........	1468.34
	3507	1783.23	-3.48103E-005	-3.58635E-005	0.00000E+000	...........	1468.34
	3508	1783.74	-3.49684E-005	-3.42268E-005	0.00000E+000	...........	1468.24
	3509	1784.25	-3.51290E-005	-3.41794E-005	0.00000E+000	...........	1468.24
	3510	1784.76	-3.50559E-005	-3.43391E-005	0.00000E+000	...........	1468.24
	3511	1785.27	-3.47839E-005	-3.44871E-005	0.00000E+000	...........	1468.24
	3512	1785.78	-3.45284E-005	-3.45518E-005	0.00000E+000	...........	1468.24
	3513	1786.28	-3.44426E-005	-3.58318E-005	0.00000E+000	...........	1468.24
	3514	1786.79	-3.45764E-005	-3.56320E-005	0.00000E+000	...........	1468.24
	3515	1787.3	-3.48835E-005	-3.51944E-005	0.00000E+000	...........	1468.24
	3516	1787.81	-3.52032E-005	-3.56007E-005	0.00000E+000	...........	1468.24
	3517	1788.32	-3.53885E-005	-3.50267E-005	0.00000E+000	...........	1468.24
	3518	1788.82	-3.54208E-005	-3.52015E-005	0.00000E+000	...........	1468.24
	3519	1789.33	-3.53568E-005	-3.51136E-005	0.00000E+000	...........	1468.24
	3520	1789.84	-3.52489E-005	-3.44091E-005	0.00000E+000	...........	1468.24
	3521	1790.35	-3.50835E-005	-3.34240E-005	0.00000E+000	...........	1468.24
	3522	1790.86	-3.47832E-005	-3.33263E-005	0.00000E+000	...........	1468.24
	3523	1791.37	-3.43679E-005	-3.48012E-005	0.00000E+000	...........	1468.24
	3524	1791.88	-3.40582E-005	-3.49873E-005	0.00000E+000	...........	1468.24
	3525	1792.38	-3.40465E-005	-3.38808E-005	0.00000E+000	...........	1468.24
	3526	1792.89	-3.42153E-005	-3.38636E-005	0.00000E+000	...........	1468.24
	3527	1793.4	-3.43092E-005	-3.47347E-005	0.00000E+000	...........	1468.24
	3528	1793.91	-3.43272E-005	-3.61953E-005	0.00000E+000	...........	1468.24
	3529	1794.42	-3.44934E-005	-3.55141E-005	0.00000E+000	...........	1468.24
	3530	1794.92	-3.48754E-005	-3.55580E-005	0.00000E+000	...........	1468.24
	3531	1795.43	-3.52661E-005	-3.49944E-005	0.00000E+000	...........	1468.24
	3532	1795.94	-3.54698E-005	-3.60719E-005	0.00000E+000	...........	1468.24
	3533	1796.45	-3.55117E-005	-3.51356E-005	0.00000E+000	...........	1468.24
	3534	1796.96	-3.55015E-005	-3.52562E-005	0.00000E+000	...........	1468.24
	3535	1797.47	-3.54797E-005	-3.61322E-005	0.00000E+000	...........	1468.24
	3536	1797.97	-3.54857E-005	-3.57452E-005	0.00000E+000	...........	1468.24
	3537	1798.48	-3.55819E-005	-3.65486E-005	0.00000E+000	...........	1468.24
	3538	1798.99	-3.57709E-005	-3.63170E-005	0.00000E+000	...........	1468.24
	3539	1799.5	-3.59870E-005	-3.58216E-005	0.00000E+000	...........	1468.24
	3540	1800.01	-3.61446E-005	-3.67026E-005	0.00000E+000	...........	1468.24
