Freq,Vmod,IHr1,IHi1,VHr1,VHi1,IHr2,IHi2,VHr2,VHi2,IHr3,IHi3,VHr3,VHi3,IHr4,IHi4,VHr4,VHi4,IHr5,IHi5,VHr5,VHi5,IHr6,IHi6,VHr6,VHi6,IHr7,IHi7,VHr7,VHi7,IHr8,IHi8,VHr8,VHi8,IHr9,IHi9,VHr9,VHi9,IHr10,IHi10,VHr10,VHi10,Modulation,File Number,Rank,theta,Re{I1} Rot,Im{I1} Rot,Re{I2} Rot,Im{I2} Rot,Re{A1} Rot,Im{A1} Rot,Re{A2} Rot,Im{A2} Rot,Re{A1} Processed,Im{A1} Processed,Re{A2} Processed,Im{A2} Processed,I1 Mag (A * 10^6),I2 Mag (A * 10^6),I3 Mag (A * 10^6),I1_mag_div_g1,I2_mag_div_g2,h1_2nd,h1_4th,h1_6th,h2_2nd,h2_4th,h2_6th,"Re{A1}, 2nd order","Im{A1}, 2nd order","Re{A2}, 2nd order","Im{A2}, 2nd order","Re{A1}, 4th order","Im{A1}, 4th order","Re{A2}, 4th order","Im{A2}, 4th order","Re{A1}, 6th order","Im{A1}, 6th order","Re{A2}, 6th order","Im{A2}, 6th order"
0.0946587,0.0009973,3.591198543619494e-07,3.523980503317371e-07,0.0009972563022264246,-2.202285662861181e-20,8.663634740413137e-11,-8.126278519168665e-10,4.232797508794842e-07,-3.294867799433418e-08,7.626109840727359e-10,2.0175232850498906e-10,2.3469965571939651e-07,5.762949614709436e-08,-2.3737073029262535e-10,2.8216890886676124e-10,-1.052655645515279e-08,-1.4470663680153023e-07,-6.530927329777545e-10,-3.320308116845926e-10,-3.3413076415988563e-07,2.5472154574790696e-08,2.6562014858937533e-11,-4.0888131369900517e-10,-1.537203576042668e-07,8.695272311791246e-08,4.4482133353791233e-10,1.1323352447820233e-10,1.858028258178613e-07,-1.0374708048647506e-07,2.8533103441670376e-11,3.0173052022655034e-10,1.7675308290017442e-07,1.2374980416175077e-07,-3.8982259034698817e-10,-3.0831329900583366e-10,-3.3970659855170184e-07,-4.568547450231201e-08,2.7401087417400427e-11,-1.0877010279355073e-10,5.2130993432702744e-08,-1.5810595559395324e-08,1mV,1,1,1.5773473513003504,3.591198543619494e-07,3.45234304567168e-07,8.663634740413137e-11,-8.126278519168665e-10,0.0003601078815548183,0.00034618412919167833,8.711371905677604e-05,-0.0008171054818294604,0.0003601078815548183,0.00035336758418572117,8.711371905677604e-05,-0.0008171054818294604,0.5031415861112628,0.0008172330649224553,0.0007888469528910989,0.016752764963468083,3.952607432172155e-06,1,0.9999057327950529,0.9999057446434608,1,0.9995600863769133,0.999560255216726,0.0003601078815548183,0.00035336758418572117,8.711371905677604e-05,-0.0008171054818294604,0.0003601418311186224,0.00035340089830062976,8.715205843456145e-05,-0.0008174650958615278,0.0003601418268511129,0.0003534008941129971,8.715204371335066e-05,-0.0008174649577801535
0.1193355,0.001,4.0352928173363964e-07,3.9718867961366113e-07,0.0009999611454640346,-2.0328790734103208e-20,-9.339796557768604e-11,-6.487906936639629e-10,4.785572892412167e-07,2.114959784321399e-07,4.4679746126759624e-10,2.26456437050136e-10,3.137436356009219e-07,4.377545659174085e-08,-1.865086906223507e-10,1.4215332941705195e-10,-1.6666480298934257e-07,2.6637178566050568e-08,-5.465651710773534e-10,-3.2721273973880253e-10,-4.611297215771985e-07,-3.6206695502389925e-08,-1.1186918443183522e-11,-2.2380978758904246e-10,-5.510872722447064e-08,-1.0383340082836888e-08,2.7917105634840627e-10,2.3114886304527247e-10,2.3297119732296294e-07,1.051521113693957e-07,7.558032561095914e-11,2.107923141910271e-10,4.213944461946698e-08,-1.1774040840298555e-08,-2.730900712792572e-10,-2.0241921169248813e-10,-1.532516063735918e-07,-5.505050653508355e-08,9.66067898627105e-11,-1.1941972380538832e-10,1.4036867677806445e-07,-2.4285625609397427e-08,1mV,1,2,1.5813615511010863,4.0352928173363964e-07,3.8813290464809733e-07,-9.339796557768604e-11,-6.487906936639629e-10,0.0004035449612858515,0.00038814798595797757,-9.34052238699349e-05,-0.0006488411135251863,0.0004035449612858515,0.0003972041127951473,-9.34052238699349e-05,-0.0006488411135251863,0.5662108515647777,0.0006554788662947241,0.0005009096617920356,0.01679074278594806,2.8235266191414925e-06,1,0.9999052207425388,0.9999052327200157,1,0.9995576967985146,0.9995578674775598,0.0004035449612858515,0.0003972041127951473,-9.34052238699349e-05,-0.0006488411135251863,0.00040358321260306585,0.0003972417630744841,-9.3446555580636e-05,-0.000649128225017286,0.00040358320776869906,0.00039724175831607904,-9.344653962421227e-05,-0.0006491281141756936
0.1502404,0.0009999,4.52369996326096e-07,4.4608600415480115e-07,0.0009999286433800196,9.486769009248164e-20,-1.935060807895994e-10,-3.516725776983893e-10,2.7338931624222103e-07,4.4091878134021414e-08,5.004613317084192e-10,4.6265485393248027e-10,4.484381814061804e-07,-7.147300105785731e-08,-8.007073492949528e-11,8.420214234068097e-11,9.36511295654447e-08,-1.8395363734853922e-08,-5.409836881851484e-10,-3.9383625358134464e-10,-3.4159500535806563e-07,5.135947473984735e-08,-7.067951052204142e-11,-1.9688119330883373e-10,3.564943707555107e-08,-1.4170292799288411e-07,2.9969626964539076e-10,3.998319424563448e-11,9.160415333118233e-08,-1.1482916053451048e-07,4.849020036900523e-11,2.3107083726220764e-10,4.221247684422712e-09,1.9033463316938647e-08,-2.188515079079904e-10,-1.4877584605981412e-10,-1.1897140345795213e-07,1.105994703915759e-08,-5.979939662036729e-11,3.879897486485799e-11,-2.5007490184496228e-08,1.4233637941399139e-07,1mV,1,3,1.589897363395274,4.52369996326096e-07,4.3468538128124767e-07,-1.935060807895994e-10,-3.516725776983893e-10,0.0004524022782235415,0.00043471640117428545,-0.00019353369962548612,-0.0003517227714037738,0.0004524022782235415,0.0004461178376158063,-0.00019353369962548612,-0.0003517227714037738,0.6353198695766326,0.0004013953228521486,0.000681550481184372,0.01679096364688799,1.5409798617803283e-06,1,0.9999052269037249,0.9999052388796446,1,0.9995577255507161,0.9995578962075718,0.0004524022782235415,0.0004461178376158063,-0.00019353369962548612,-0.0003517227714037738,0.00045244515785204583,0.00044616012159196406,-0.00019361933250914228,-0.0003518783982285652,0.00045244515243308546,0.00044616011624827996,-0.00019361929945206115,-0.00035187833815154395
0.1890121,0.001,5.059514000766881e-07,5.007543324823062e-07,0.0009999540908999128,-2.0328790734103208e-20,6.220624223306876e-11,-5.464255823573793e-10,2.752424071476991e-07,-1.9086485182029847e-07,5.522690967442263e-10,3.5740264418836146e-10,4.747942157726877e-07,3.431015654795725e-07,-3.802952390819795e-10,-3.6503560205924814e-11,-2.3333048899198944e-07,3.051191533110145e-08,-5.2489778100077e-10,-3.8858139065388085e-10,-2.7067853478530395e-07,-8.015904896777203e-08,5.1264795259293225e-11,-1.6146255559511609e-10,-2.7305295171627497e-08,-7.748512883454205e-08,2.7678692271110365e-10,2.9594059548263825e-10,9.182973247176792e-08,1.126101059116545e-07,1.057278568408767e-10,2.0105122478683573e-10,9.683833024257074e-08,-3.2343056869088314e-08,-2.536576473651024e-10,-3.125619301530173e-10,-1.943091468273444e-07,-5.522583481145432e-08,8.328653598353494e-11,-1.1077848706144007e-10,-6.161892913164864e-08,-4.134967425738607e-08,1mV,1,4,1.601048822384004,5.059514000766881e-07,4.86411249594587e-07,6.220624223306876e-11,-5.464255823573793e-10,0.0005059746289165686,0.00048643358132255773,6.221195429162043e-05,-0.0005464757576261064,0.0005059746289165686,0.0005007773227185363,6.221195429162043e-05,-0.0005464757576261064,0.7118579357844942,0.0005499550287317686,0.0006578280970675515,0.01677355341921847,1.8823500721106082e-06,1,0.9999052220798388,0.9999052340569776,1,0.9995577030392476,0.9995578737134765,0.0005059746289165686,0.0005007773227185363,6.221195429162043e-05,-0.0005464757576261064,0.0005060225886850788,0.0005008247898504836,6.223948262562456e-05,-0.0005467175691453293,0.0005060225826238017,0.000500824783851467,6.223947199825022e-05,-0.0005467174757934566
0.238186,0.0010009,5.671598691094983e-07,5.633204186708861e-07,0.0010008600000516402,-6.776263578034403e-20,8.054224092055015e-11,-3.527037041637652e-10,4.929766784315614e-07,4.2242120296848103e-08,5.100490247497605e-10,2.622420641768166e-10,3.8300764973078115e-07,1.6585352292740053e-07,-4.290258523733611e-10,-2.3920346148798954e-11,-2.0235757616706027e-07,-2.439398629164963e-08,-7.498274020331796e-10,-5.066907185498535e-10,-3.159136194869371e-07,-4.2972557959546496e-08,-2.3564549945448247e-10,-1.6111886768025153e-10,-2.334415895592804e-07,2.499534816828313e-07,2.905576699611028e-10,1.1471717720691124e-10,1.4681952886965542e-07,-5.970986690158622e-08,8.559981570317582e-11,1.0093450165344713e-10,1.3401142763573543e-07,5.0872210145675434e-08,-2.678416870127718e-10,-4.3159324871950265e-10,-1.9231844384462373e-07,-9.345353120442006e-08,2.0219090511995546e-10,-1.494850299528293e-10,8.742409224877013e-08,-5.4699198807476385e-08,1mV,1,5,1.6152784952461963,5.671598691094983e-07,5.452294257676128e-07,8.054224092055015e-11,-3.527037041637652e-10,0.0005666725307038299,0.0005447609313385301,8.040388676029656e-05,-0.00035209783543885525,0.0005666725307038299,0.0005628363793555753,8.040388676029656e-05,-0.00035209783543885525,0.7993748877841019,0.00036178302268534483,0.0005735162664405426,0.016779110502000438,1.1030827382221153e-06,1,0.9999050502737957,0.9999050622943964,1,0.9995569012777133,0.999557072571273,0.0005666725307038299,0.0005628363793555753,8.040388676029656e-05,-0.00035209783543885525,0.000566726341214761,0.0005628898255903984,8.043952941300079e-05,-0.0003522539187001517,0.0005667263344017233,0.0005628898188234821,8.043951562812176e-05,-0.0003522538583345865
0.3004808,0.001,6.357840099089801e-07,6.334328416242027e-07,0.0010000277720020533,-3.7269449679189215e-20,3.938141139256181e-11,-5.713237277202108e-10,4.367130971944541e-07,-1.2750317309273128e-07,6.683262483825334e-10,2.558428087643405e-10,2.2679636388221997e-07,-1.475176914500955e-07,-2.9042045643696547e-10,-9.356416950277464e-11,-2.438121035646431e-07,9.921088848056699e-08,-8.392466082778503e-10,-6.161450452851104e-10,-5.627422920523333e-07,-3.146039472982081e-08,-2.4520737792913657e-10,-3.727875000415687e-10,-1.45233869092763e-07,1.2525586108667345e-08,2.7292525545383064e-10,1.330084175103232e-11,-2.8041702696858673e-08,3.020754877504717e-08,1.8078565136937663e-10,2.6724977031290835e-10,7.67555471432745e-08,5.441836626294829e-08,-7.73735414443743e-10,-4.1403886149605937e-10,-3.860222143633234e-07,-6.594338727784295e-09,-7.230882376314721e-12,-9.166442541622727e-12,-7.965657586029555e-08,7.160532262955414e-08,1mV,1,6,1.5470204912480914,6.357840099089801e-07,6.106293354597284e-07,3.938141139256181e-11,-5.713237277202108e-10,0.0006357663534045079,0.0006106123775315259,3.9379224082405135e-05,-0.0005712919954346419,0.0006357663534045079,0.0006334152504145676,3.9379224082405135e-05,-0.0005712919954346419,0.8974733823930682,0.0005726794019513779,0.0007156224682564813,0.016772189569847887,1.5546091533018529e-06,1,0.9999052081119997,0.999905220092669,1,0.9995576378559987,0.9995578085805373,0.0006357663534045079,0.0006334152504145676,3.9379224082405135e-05,-0.0005712919954346419,0.0006358266246106957,0.0006334752987341362,3.939665166970422e-05,-0.0005715448252289231,0.0006358266169923449,0.0006334752911439585,3.939664494075355e-05,-0.0005715447276090298
0.3780242,0.0010003,7.115772003808169e-07,7.117613996092922e-07,0.00100025098605488,-4.0657581468206416e-20,6.624390771392746e-11,-4.6539798684158165e-10,6.31786897950376e-07,-6.511898401410875e-08,5.592518311234458e-10,3.210674053644776e-10,1.7722615953504167e-07,5.56109342530475e-09,-3.831903283160039e-10,-1.2029130857542872e-10,-2.7519683584414783e-07,4.286987705422217e-09,-7.332983005577402e-10,-7.343899140642982e-10,-3.242119238224412e-07,-9.657122922086594e-08,-3.1726238515499723e-10,-4.68744851692942e-10,-1.6407074012830524e-07,-2.1536559523735418e-08,4.5248101277816924e-10,9.507054127686566e-12,8.823677109149306e-08,4.2242355487974085e-09,1.8902572361300219e-10,3.753830532315787e-10,9.312933646674962e-08,2.1124056047194422e-08,-1.0041712966891956e-09,-6.117999079327776e-10,-3.0295235913691555e-07,8.892094443615918e-08,7.080510628501663e-11,6.121807164035086e-11,-9.823977275870801e-08,-4.369502869591652e-08,1mV,1,7,1.5475384635266523,7.115772003808169e-07,6.830667166592046e-07,6.624390771392746e-11,-4.6539798684158165e-10,0.0007113986492403971,0.0006828953194570781,6.62106676345316e-05,-0.00046516445795466703,0.0007113986492403971,0.0007115828022490353,6.62106676345316e-05,-0.00046516445795466703,1.0064523844055315,0.000470088865498225,0.0006448619149883213,0.016769108722642846,1.1377273132351734e-06,1,0.9999051657906892,0.9999051777820589,1,0.9995574403565499,0.9995576112335678,0.0007113986492403971,0.0007115828022490353,6.62106676345316e-05,-0.00046516445795466703,0.0007114661205673926,0.000711650291041692,6.623998277769183e-05,-0.00046537041211832633,0.0007114661120351303,0.0007116502825072212,6.623997145379154e-05,-0.00046537033256202333
0.4763719,0.0009998,7.973117854354789e-07,8.001719272724208e-07,0.0009998283527710558,9.147955830346444e-20,2.727786856713358e-11,-8.314422176240599e-10,4.927634797276365e-07,-5.413618679830018e-08,8.841094764646349e-10,3.877266985519688e-10,2.0350053741832258e-07,2.8051163067454494e-08,-2.165533931266109e-10,2.4203088218857714e-10,-6.39977911249088e-08,-8.751622209431128e-09,-9.395457462851706e-10,-7.165894375318616e-10,-3.3221280633523425e-07,5.200048492713563e-08,-1.1548161087085908e-10,-5.194175285642596e-10,-1.0358681407318554e-07,5.913314106768362e-08,4.09041560382238e-10,-4.379903613899606e-11,1.2756627433022782e-07,-8.214178490040675e-08,5.496730721246933e-11,4.1996810832424396e-10,4.9154477530785707e-08,-1.579155735249484e-08,-1.143735542354991e-09,-6.932369123933341e-10,-2.7784109918637655e-07,1.817089352106323e-08,-1.637205941736217e-11,-1.7047127641632051e-10,3.185396337570768e-08,-3.5586977733760775e-08,1mV,1,8,1.547510945022714,7.973117854354789e-07,7.640272440269511e-07,2.727786856713358e-11,-8.314422176240599e-10,0.0007974486652891011,0.0007641584097004505,2.7287235319832252e-05,-0.000831727720636023,0.0007974486652891011,0.0008003092981457457,2.7287235319832252e-05,-0.000831727720636023,1.1295933765692732,0.0008318895619979736,0.0009653919199706305,0.01676585162041581,1.793538189199655e-06,1,0.9999052459138311,0.9999052578849469,1,0.9995578142645453,0.9995579848529453,0.0007974486652891011,0.0008003092981457457,2.7287235319832252e-05,-0.000831727720636023,0.0007975242339690883,0.0008003851379080714,2.729930668383565e-05,-0.0008320956614680579,0.0007975242244209289,0.0008003851283256603,2.729930202483125e-05,-0.0008320955194594203
0.5978954,0.0010005,8.921469555030275e-07,8.985791494590945e-07,0.0010005182658741922,8.809142651444724e-20,-1.4446483605652157e-10,-1.0009298612351543e-09,3.706899112813314e-07,-8.143024630554219e-08,6.332886188765689e-10,4.991194070579301e-10,2.782811584757521e-07,6.28478842850759e-09,-6.252666000118429e-10,1.8788334859617184e-10,-2.2876940818311418e-07,-9.73400960839577e-08,-1.35656734341029e-09,-7.504251946719115e-10,-5.931076413012699e-07,6.177461058975333e-08,-3.569527519396654e-10,-5.969082288959835e-10,-1.1120543492120906e-07,1.2026889790183125e-08,5.189500204559021e-10,-2.0324212401277836e-10,1.2251627636082402e-07,4.036128387131436e-08,3.91052193966796e-10,4.219026039935041e-10,-3.318235498817502e-08,-6.481907695062445e-08,-1.1523024115812978e-09,-8.818834871071119e-10,-2.775630908484281e-07,-3.052718432576379e-08,7.053386286189513e-12,-1.2908341391311357e-10,-2.6413948068521115e-08,-1.2304505027329436e-07,1mV,1,9,1.5477843711108266,8.921469555030275e-07,8.531825760274299e-07,-1.4446483605652157e-10,-1.0009298612351543e-09,0.0008916848256873389,0.0008527406296595402,-0.00014431520999658992,-0.0009998931716469273,0.0008916848256873389,0.0008981136877835713,-0.00014431520999658992,-0.0009998931716469273,1.2662427405738408,0.0010113014763012379,0.0008063340854140125,0.01677571005610917,1.9461936726655223e-06,1,0.9999051151020976,0.9999051271062893,1,0.9995572038097889,0.999557374869522,0.0008916848256873389,0.0008981136877835713,-0.00014431520999658992,-0.0009998931716469273,0.000891769441139714,0.0008981989132957555,-0.00014437914052996254,-0.0010003361166683186,0.0008917694304337268,0.0008981989025125803,-0.00014437911582156873,-0.001000335945475315
0.7515633,0.001,9.983715982146989e-07,1.0093471877932353e-06,0.0009999712910850915,-1.6940658945086007e-20,-1.3843753420312648e-10,-1.2448016601571685e-09,4.892678265377196e-07,1.3429293323378222e-07,9.34380776033908e-10,4.248473578853052e-10,2.863074149479425e-07,-6.67461399283481e-08,-4.768872067097097e-10,2.4395205004288994e-10,-2.1732528201511595e-07,-1.0252332293601212e-07,-1.5463890398379772e-09,-9.692044915124494e-10,-5.293679498281048e-07,-7.042035059913494e-08,-2.702840611416746e-10,-5.104219583419504e-10,-7.643798647446256e-08,6.569930322095707e-08,5.274625212581316e-10,8.856604420401295e-11,1.6956421899102505e-07,2.3917442579106666e-08,7.925288986994702e-11,4.036145594117114e-10,1.3011185627645382e-07,-7.315388596002115e-08,-1.308530236701963e-09,-1.1388779424014286e-09,-4.054802834061261e-07,-7.119444331032841e-08,2.1134690286766106e-10,1.3776782755945214e-11,1.1607030287094267e-07,-1.6895657061334653e-07,1mV,1,10,1.5483155262546215,9.983715982146989e-07,9.52314224669639e-07,-1.3843753420312648e-10,-1.2448016601571685e-09,0.0009984002612028423,0.0009523415653626029,-0.0001384454833282201,-0.0012448731370450685,0.0009984002612028423,0.0010093761658876925,-0.0001384454833282201,-0.0012448731370450685,1.419692781424166,0.0012524759973773089,0.001026432029958074,0.016775989308308294,2.149832631102309e-06,1,0.9999052188192655,0.9999052307972285,1,0.999557687823239,0.9995578585092112,0.0009984002612028423,0.0010093761658876925,-0.0001384454833282201,-0.0012448731370450685,0.000998494899728396,0.0010094718448210628,-0.00013850674654878215,-0.001245424003246935,0.0009984948877673275,0.0010094718327285006,-0.00013850672289716614,-0.001245423790576498
0.9486946,0.0010003,1.119833412752709e-06,1.136902847682989e-06,0.0010002868537024475,-4.0657581468206416e-20,-1.516031300072591e-11,-1.1608224901625967e-09,4.362133951084419e-07,3.356430265630251e-08,1.1725630169415935e-09,3.8214777704233657e-10,3.4910438093402776e-07,8.624433383916639e-08,-3.7884089047133397e-10,1.2003074020523164e-10,-8.114196917930726e-08,5.69154897657507e-08,-1.85155768077862e-09,-1.3746187998597724e-09,-7.735273921406429e-07,-2.1364275243312223e-09,-1.4364933967828335e-10,-7.301075933341906e-10,-1.7864181832853753e-07,3.110882579268867e-08,6.949085829621003e-10,1.8384948658946376e-10,-1.7256433272460447e-07,-1.2506665516140992e-08,2.403745537701488e-10,8.177708087109798e-10,1.567718061033305e-07,1.4470867535862217e-09,-1.6469939617122949e-09,-1.0931513996269388e-09,-2.7533594502579907e-07,-2.429191824053286e-07,1.2949875733015965e-10,-3.5929833181047497e-10,1.0478525083346148e-07,1.4795300420318366e-08,1mV,1,11,1.548684997857898,1.119833412752709e-06,1.0648877044060194e-06,-1.516031300072591e-11,-1.1608224901625967e-09,0.0011195122765112564,0.0010645823250245259,-1.5151619157867113e-05,-0.0011601568041496601,0.0011195122765112564,0.0011365768164150844,-1.5151619157867113e-05,-0.0011601568041496601,1.595799159476865,0.0011609214825980144,0.001233264348060695,0.01678384911437775,1.7736080636587197e-06,1,0.9999051589893143,0.9999051709824041,1,0.9995574086168003,0.9995575795183291,0.0011195122765112564,0.0011365768164150844,-1.5151619157867113e-05,-0.0011601568041496601,0.0011196184622577993,0.0011366846207333458,-1.5158328103269334e-05,-0.0011606705069147547,0.001119618448828841,0.0011366846070996921,-1.5158325511541254e-05,-0.001160670308466593
1.195791,0.0010001,1.2565115730073365e-06,1.2794974070351409e-06,0.0010000577143824986,2.710505431213761e-20,3.5365979161881484e-11,-1.1173559099804659e-09,4.503372549311886e-07,-2.9268471910891157e-07,1.1417509840547524e-09,4.00992033168613e-11,1.809153855123131e-07,-1.2392693548731375e-07,-4.096226030374223e-10,1.627801967707655e-10,-1.359201720161729e-07,-5.526350821612579e-09,-2.1424076273300047e-09,-1.5972584102995122e-09,-6.208826086125987e-07,4.9586294609555084e-08,-3.5656557375426954e-10,-8.423789722584157e-10,-1.609500733990236e-07,-9.845027866212314e-08,3.8432777673644936e-10,-1.7213410015892142e-10,6.583537055674222e-08,-7.250497918548124e-09,2.6761573916863773e-10,4.809974896229721e-10,4.412773260466436e-08,1.1343585982113079e-07,-1.976029120324169e-09,-1.2979383259090387e-09,-4.862098082919465e-07,-1.0923266670503742e-07,-1.6819563462890764e-10,-5.911180107623212e-10,-2.1580441751560727e-07,-2.1979381677890358e-07,1mV,1,12,1.5494136852544365,1.2565115730073365e-06,1.1887460382525485e-06,3.5365979161881484e-11,-1.1173559099804659e-09,0.0012564390584029336,0.001188677434468428,3.536189726396357e-05,-0.001117226946132425,0.0012564390584029336,0.001279423565894081,3.536189726396357e-05,-0.001117226946132425,1.7933028042444534,0.0011179154628371294,0.0011424549250174567,0.016799739064959684,1.521245631827529e-06,1,0.9999052024354829,0.9999052144175872,1,0.9995576113655866,0.9995577821105731,0.0012564390584029336,0.001279423565894081,3.536189726396357e-05,-0.001117226946132425,0.0012565581770577928,0.0012795448636308436,3.537754788906311e-05,-0.0011177214133821457,0.0012565581620001545,0.0012795448482977503,3.537754184585175e-05,-0.0011177212224523854
0.0946587,0.0009967,3.5909960969973846e-07,3.523949504546444e-07,0.0009967369594772431,-6.352747104407253e-20,7.441854810427636e-12,-9.12966461874046e-10,3.457491659337952e-07,1.190752558713242e-07,7.190546492954612e-10,2.4642137340448206e-10,1.5881376407650587e-07,1.7445064492263766e-07,-2.1586303211141467e-10,3.551095637460625e-10,-1.1616709013702364e-07,2.920347765189598e-08,-5.893878588283901e-10,-2.903810135757846e-10,-2.690936026643179e-07,3.1779647123470627e-09,-2.3635828080588954e-11,-3.47956913006628e-10,-6.752450943202133e-08,-9.486470165518993e-08,3.783286267698261e-10,1.6674717009512197e-10,1.1264886323970794e-07,-4.746598448884405e-08,-2.010412143510448e-11,3.376374344970382e-10,-5.692740720887501e-08,7.651385083757996e-08,-3.275027197897569e-10,-2.5824293040337473e-10,-2.2812899365745278e-07,-6.094632992914853e-08,6.574411176617413e-12,-1.9166942979090137e-10,-1.1301564382440917e-08,4.833399263543432e-08,1mV,2,1,1.5773396797632138,3.5909960969973846e-07,3.4523493536534054e-07,7.441854810427636e-12,-9.12966461874046e-10,0.000360275202284136,0.00034636513884907537,7.4906597064557015e-06,-0.0009189538446413545,0.000360275202284136,0.0003535485938431182,7.4906597064557015e-06,-0.0009189538446413545,0.5031249653837859,0.0009129967917303069,0.0007601072831804533,0.01675221155435099,4.415775694152761e-06,1,0.9999058309528516,0.9999058427765974,1,0.9995605444466404,0.9995607129350198,0.000360275202284136,0.0003535485938431182,7.4906597064557015e-06,-0.0009189538446413545,0.0003603091322517991,0.00035358189031281794,7.493952965703095e-06,-0.0009193578615591415,0.0003603091279911943,0.00035358188613176183,7.493951702504198e-06,-0.0009193577065899494
0.1193355,0.001,4.037290501319514e-07,3.971484844482516e-07,0.0010000163337691918,-1.0333801956502464e-19,1.2050801854770483e-10,-6.053861565352508e-10,5.42928153976753e-07,1.1265246317153749e-07,5.618007437464277e-10,3.0014490513347737e-10,3.2666493350250864e-07,9.034364288478836e-08,-1.3181555461482057e-10,2.3789727029371014e-10,-2.4268388362030743e-08,1.4035695073268114e-07,-6.21403340214194e-10,-3.871122916063193e-10,-3.062027350467779e-07,-6.395141553276363e-09,4.669491900703673e-11,-3.439540759217942e-10,-1.1139964857447889e-07,-1.1794821154768334e-07,3.1827014288208133e-10,1.873190683310898e-10,2.1811505000964655e-07,-3.7239062000855536e-08,-9.490330146482648e-12,1.9267157000897654e-10,-2.1123062662743952e-08,-1.0157510821541129e-10,-2.4719628173582095e-10,-2.1629617770723552e-10,-2.5212909598241663e-07,-7.840216220754847e-09,8.687616476473096e-12,-1.0174966931967634e-10,-1.1499438372116829e-07,-5.975987246516433e-08,1mV,2,2,1.58092895388274,4.037290501319514e-07,3.880922096903964e-07,1.2050801854770483e-10,-6.053861565352508e-10,0.00040372245582254043,0.00038808587078535646,0.00012050408194383313,-0.0006053663805442712,0.00040372245582254043,0.00039714199762252614,0.00012050408194383313,-0.0006053663805442712,0.5663250520858061,0.0006172637856369165,0.0006369513637253817,0.01679412935398947,2.6589121623857756e-06,1,0.9999052102804304,0.9999052222605517,1,0.9995576479753423,0.99955781869207,0.00040372245582254043,0.00039714199762252614,0.00012050408194383313,-0.0006053663805442712,0.00040376072818873855,0.00039717964616980527,0.0001205574107585697,-0.0006056342840960433,0.0004037607233511776,0.00039717964141109394,0.00012055739016829838,-0.0006056341806584018
0.1502404,0.001,4.5239036851446145e-07,4.460948925995391e-07,0.0009999719992643515,4.404571325722362e-20,2.128020341079002e-12,-3.8229385477303424e-10,7.257736269504719e-07,1.0559345025356008e-07,4.502448134921945e-10,2.8858359703784173e-10,4.465700067374437e-07,1.5368705694423383e-07,-2.764784222004283e-10,-5.2053076918068836e-11,-3.749268747759354e-07,-9.565540719368108e-10,-4.927341036670339e-10,-3.8701205320490526e-10,-4.4538635891124526e-07,6.729270151978785e-08,-1.2337133048128642e-10,-2.354775208261088e-10,-1.576315224216151e-07,-4.268660688577641e-08,2.768576457921857e-10,1.1498008706630878e-10,4.663803514102807e-08,-1.7661076928221505e-10,3.666594807573116e-11,2.4313720508117796e-10,1.193758004322707e-07,-6.13678875663285e-08,-2.6615623899674463e-10,-2.1072130490904487e-10,-1.914936034204083e-07,3.9684665299324804e-08,8.239922361853506e-11,-6.460291873210107e-11,5.7587882277754056e-08,-6.147862528409874e-08,1mV,2,3,1.5899109012601091,4.5239036851446145e-07,4.34693775406626e-07,2.128020341079002e-12,-3.8229385477303424e-10,0.00045240303613228275,0.0004347059474929466,2.1281395183545726e-06,-0.0003823152646906053,0.00045240303613228275,0.0004461073839344675,2.1281395183545726e-06,-0.0003823152646906053,0.6353406163059658,0.00038229977748855396,0.0005347905052970934,0.01679151196529374,1.4676709586124383e-06,1,0.9999052186850175,0.9999052306630144,1,0.9995576871967481,0.9995578578832038,0.00045240303613228275,0.0004461073839344675,2.1281395183545726e-06,-0.0003823152646906053,0.00045244591955149636,0.0004461496705869247,2.1290812382454117e-06,-0.0003824844424565485,0.0004524459141315869,0.0004461496652424389,2.1290808746793335e-06,-0.00038248437714275663
0.1890121,0.0009996,5.057811441855289e-07,5.006834269057286e-07,0.000999561010348755,-3.3881317890172014e-20,1.982136977283382e-10,-3.0434045378447284e-10,7.240393800973939e-07,6.569578059326146e-08,5.203731170235164e-10,2.974312266587724e-10,3.6891183614818505e-07,-5.4824413140190654e-08,-2.389260982215913e-10,1.1570889528823522e-10,-5.089914783571656e-08,1.3782069573568258e-07,-5.744903189137409e-10,-3.66177823951284e-10,-2.875936602121581e-07,5.7186175022739995e-08,-5.255296211580746e-11,-1.7471597682582067e-10,-1.5830787154246997e-07,-3.011276309357647e-08,2.1741369615286992e-10,2.2900409401023986e-10,1.0168446095935612e-08,8.951818715822094e-08,1.3535423448326273e-10,2.2140531267627265e-10,5.0630372738655304e-08,-8.757493201860249e-08,-1.0473719496262402e-10,-1.9150659239534145e-10,-1.4009573803295947e-07,-1.0793355605379638e-07,1.0987980183776525e-10,-7.665941536779504e-12,-6.231761231006166e-08,3.918787781303774e-08,1mV,2,4,1.6011359205194562,5.057811441855289e-07,4.863459822637829e-07,1.982136977283382e-10,-3.0434045378447284e-10,0.0005060032743864806,0.0004865595768827486,0.00019838783991394805,-0.00030460783445694357,0.0005060032743864806,0.0005009033182787272,0.00019838783991394805,-0.00030460783445694357,0.7116870518645726,0.00036319661586650264,0.0005993776067826627,0.01676952687064016,1.2431256018209545e-06,1,0.9999052965793281,0.9999053085376454,1,0.9995580507035313,0.9995582211095512,0.0005060032743864806,0.0005009033182787272,0.00019838783991394805,-0.00030460783445694357,0.0005060511991660767,0.0005009507600292902,0.00019847555604630897,-0.0003047425151971391,0.0005060511931139829,0.0005009507540381947,0.0001984755222099312,-0.00030474246324422823
0.238186,0.0010014,5.672431122353603e-07,5.635188884561802e-07,0.0010014161394863916,-2.710505431213761e-20,-2.7319679292300313e-11,-5.37767640930279e-10,5.055948637272866e-07,-1.304230998908376e-07,4.655088527744955e-10,3.677002885325563e-10,2.720750356040926e-08,-1.4933842960537985e-08,-2.58325390617606e-10,-4.05828188281787e-11,-2.045649207360034e-07,-2.1064536972993232e-07,-7.171173037601282e-10,-6.390991636244127e-10,-2.926261750579013e-07,2.3494972400501375e-08,-2.0935755773689214e-10,-2.228620998827733e-10,-2.0609594666770086e-07,9.252335484027311e-08,1.539757725917042e-10,1.5274288835873073e-10,4.59556287901704e-10,-3.899179886380047e-08,-6.873956196690199e-11,3.694876901786264e-10,9.294578134447032e-08,7.056103963986785e-08,-5.378165878578393e-10,-5.520440130803047e-10,-2.728151834895669e-07,-8.34759217511724e-08,1.0744698533870867e-10,-6.527308864640871e-11,-4.244247437998873e-08,3.3236541912376885e-08,1mV,2,5,1.6155718402483128,5.672431122353603e-07,5.454178430834637e-07,-2.7319679292300313e-11,-5.37767640930279e-10,0.0005664409528353409,0.0005446465476012786,-2.7242466394132734e-05,-0.0005362477622504199,0.0005664409528353409,0.000562721995618324,-2.7242466394132734e-05,-0.0005362477622504199,0.7995738152449381,0.0005384611411312349,0.0005932132788452666,0.01678328604703977,1.6417773989959757e-06,1,0.999904944724652,0.9999049567719924,1,0.9995564087150426,0.9995565803896447,0.0005664409528353409,0.000562721995618324,-2.7242466394132734e-05,-0.0005362477622504199,0.0005664948011546479,0.0005627754903975229,-2.725455627777293e-05,-0.0005364857426503635,0.0005664947943292434,0.0005627754836169304,-2.7254551596782187e-05,-0.0005364856505085296
0.3004808,0.0009995,6.355560695388388e-07,6.333337138585342e-07,0.000999450814332439,2.371692252312041e-20,9.90686735715816e-11,-5.137260150631187e-10,4.811119320923959e-07,-1.98306850713943e-07,5.919620323214114e-10,2.870212628346784e-10,3.588608283537211e-07,1.6078020210488878e-09,-2.0541907572748277e-10,1.8681953893246045e-10,-3.109051133606727e-08,1.156126257284017e-07,-7.416903885975141e-10,-5.912988912972328e-10,-4.3798541339029076e-07,-1.3447069683866455e-07,-7.527424492057527e-11,-2.464622916085442e-10,1.440881247000772e-08,-2.148523651209452e-08,1.8365989537132762e-10,1.8666099710707236e-10,1.332426301533974e-07,3.4464543914404566e-08,4.752490092496269e-11,2.592807201245686e-10,2.117689478695777e-08,-3.875668032184667e-08,-8.898432379086552e-10,-3.9502384914181907e-10,-2.7285864893859714e-07,-2.9965503400793335e-09,3.7394053602965494e-11,-8.793126943222692e-11,-2.9582961745338385e-08,3.793363996041547e-08,1mV,2,6,1.5471162349877101,6.355560695388388e-07,6.105433639864591e-07,9.90686735715816e-11,-5.137260150631187e-10,0.0006359052996153137,0.0006108788498954378,9.917757746731544e-05,-0.000514290742159619,0.0006359052996153137,0.0006336817227784795,9.917757746731544e-05,-0.000514290742159619,0.8972419465436852,0.0005231911893714039,0.0006578755604438497,0.016767864443314597,1.4202672719713498e-06,1,0.9999053174592231,0.9999053294122677,1,0.999558148143041,0.9995583184739281,0.0006359052996153137,0.0006336817227784795,9.917757746731544e-05,-0.000514290742159619,0.0006359655144460679,0.0006337417270553935,9.92214186353896e-05,-0.0005145180829300005,0.000635965506843624,0.0006337417194795331,9.922140172744942e-05,-0.0005145179952529538
0.3780242,0.0010004,7.116957758658208e-07,7.11644886983272e-07,0.00100041197743466,5.082197683525802e-20,1.195329871972955e-10,-7.071510864097036e-10,7.145573498914277e-07,-1.228189516719579e-08,6.628382995612605e-10,4.518309484425466e-10,3.947517460634976e-07,7.516061599090028e-08,-3.1500511905674217e-10,-1.1607915060669645e-10,-2.450347679425572e-07,-1.3181434525521036e-07,-9.925112355423314e-10,-6.298325685749938e-10,-5.839617727802809e-07,3.739098058382817e-08,-1.200029428460635e-10,-4.6378543474585697e-10,-9.262379647425077e-08,-4.7765193648045323e-08,2.833020178157597e-10,3.99277317951659e-11,5.417399603102933e-08,1.264993840159307e-07,1.5526760714127448e-10,3.6912113710302906e-10,8.67954249935817e-08,6.506638577723319e-09,-9.666242407239336e-10,-6.698631657146159e-10,-2.3020616458081674e-07,9.241040698044573e-09,7.753367403757745e-11,-1.5485512631286655e-10,5.6777019045751984e-08,-3.75204674747945e-09,1mV,2,7,1.5474118524095941,7.116957758658208e-07,6.829455855957473e-07,1.195329871972955e-10,-7.071510864097036e-10,0.0007114026940089328,0.0006826643432908645,0.0001194345582403892,-0.0007065687856955457,0.0007114026940089328,0.0007113518260828218,0.0001194345582403892,-0.0007065687856955457,1.006453835282417,0.0007171825388551598,0.0008021881433527639,0.016769132896575577,1.73575300952101e-06,1,0.9999051352609141,0.9999051472600057,1,0.9995572978842657,0.9995574688713215,0.0007114026940089328,0.0007113518260828218,0.0001194345582403892,-0.0007065687856955457,0.0007114701874426319,0.0007114193146904905,0.00011948745558978251,-0.000706881723730215,0.0007114701789048261,0.0007114193061532951,0.00011948743514992899,-0.0007068816028090788
0.4763719,0.0010005,7.974984073206614e-07,8.00572745362645e-07,0.0010005092288415287,8.809142651444724e-20,-4.495201776454657e-11,-9.41927676892767e-10,4.281132806190385e-07,-8.855970133226045e-08,5.659809490562009e-10,2.7938196526698137e-10,1.3201162039909443e-07,-4.8117620958248697e-08,-3.8302042991029313e-10,2.0192660761762242e-10,-1.823172489968178e-07,4.370959784204814e-08,-1.2900687196004949e-09,-7.28911564253899e-10,-4.757054082973953e-07,1.996408969233685e-08,-2.416672534835275e-12,-3.527619960058063e-10,1.136674867235435e-09,8.963403102133434e-08,3.7487208263508996e-10,-2.573093759245693e-11,1.5502942355845296e-08,-1.6961646516360294e-08,2.5039049386343914e-10,2.2665972160190628e-10,8.661778940429438e-08,-2.7662338392759266e-08,-8.882465351270972e-10,-9.522218022326558e-10,-8.380217548629011e-08,-1.0733992197874349e-07,-3.30769313771804e-11,-1.0704775677956169e-10,3.837666407192688e-08,3.358198748481581e-08,1mV,2,8,1.5478890986180203,7.974984073206614e-07,7.644034478423066e-07,-4.495201776454657e-11,-9.41927676892767e-10,0.0007970925048278368,0.0007640143896797385,-4.490627098302128e-05,-0.0009409690956812784,0.0007970925048278368,0.0008001652781250338,-4.490627098302128e-05,-0.0009409690956812784,1.1300090399180327,0.0009429996990443363,0.0006311804157378448,0.016772021052862834,2.033089546859729e-06,1,0.9999051168161573,0.9999051288199154,1,0.9995572118087345,0.9995573828622875,0.0007970925048278368,0.0008001652781250338,-4.490627098302128e-05,-0.0009409690956812784,0.0007971681426792722,0.0008002412075586491,-4.49261637578121e-05,-0.0009413859302546187,0.0007971681331093507,0.0008002411979518357,-4.492615606962925e-05,-0.0009413857691559055
0.5978954,0.0010001,8.917111062714593e-07,8.982111329150006e-07,0.001000078415784125,-7.792703114739563e-20,1.1551662152496554e-10,-9.225568246114178e-10,5.198194696985648e-07,7.458026539988847e-08,8.030117383451062e-10,2.7902447544671388e-11,1.656466681460737e-07,-2.2463179865162984e-07,-2.2336667446381294e-10,1.2343930422330359e-10,-1.5283307398840365e-07,1.0068319542307608e-07,-1.397640107619564e-09,-8.952331580802826e-10,-4.6480851797632555e-07,4.857003166853858e-08,-1.794879738049382e-10,-5.806562879032147e-10,-2.280101424984512e-07,-4.211515925169295e-08,5.645517911368737e-10,-2.767008574035879e-10,3.2010485837555366e-09,3.4248697452958516e-08,3.52894287320697e-10,4.09752652729335e-10,8.655350310392912e-08,1.6443531455534336e-08,-1.2948818202147495e-09,-9.981973756363276e-10,-4.489229905803817e-07,8.32164863814661e-08,1.8518092201654483e-10,-1.8240745312078808e-10,2.4821438925194797e-09,-5.6696254469490234e-08,1mV,2,9,1.5482206904885185,8.917111062714593e-07,8.528345168270385e-07,1.1551662152496554e-10,-9.225568246114178e-10,0.000891641187528581,0.000852767646383371,0.00011549850700277753,-0.0009224121555945384,0.000891641187528581,0.0008981407045074022,0.00011549850700277753,-0.0009224121555945384,1.2656744985739101,0.0009297608211177994,0.0008034963587341342,0.01676818174994236,1.7892731985024461e-06,1,0.9999051985107839,0.9999052104938804,1,0.9995575930503245,0.9995577638094494,0.000891641187528581,0.0008981407045074022,0.00011549850700277753,-0.0009224121555945384,0.0008917257244552317,0.0008982258576563605,0.0001155496269607774,-0.0009228204177606582,0.0008917257137685834,0.0008982258468918132,0.00011554960722089453,-0.0009228202601109328
0.7515633,0.001,9.982183245584338e-07,1.0091506435803438e-06,0.0010000278631866507,3.3881317890172014e-21,1.5658950327211482e-10,-1.0978953618994556e-09,4.851714709750051e-07,2.6503331124916345e-08,8.37567720430388e-10,3.411645812481406e-10,1.0466653306889031e-07,-1.0014680244476259e-07,-2.895042588395621e-10,4.1893165266648224e-10,-2.4744293056978407e-07,5.1075423658635474e-08,-1.4944249622340495e-09,-1.2257206061623107e-09,-5.724613594187623e-07,-8.050899392403e-08,-1.7855688137708246e-10,-5.094040111906862e-10,-2.365760242453752e-07,6.437689686724327e-08,2.322999596293334e-10,1.5157686906550955e-11,-5.324416463766044e-09,-1.684741518936276e-08,5.385787950638093e-10,5.618732892184252e-10,2.3455565743308022e-07,-2.5876230886199238e-08,-1.295167088932057e-09,-9.905123954333067e-10,-2.4584914670899905e-07,1.2314309572415886e-07,1.2088345966041879e-11,-2.9629771584391753e-10,-1.075456733591362e-07,-4.603849913511933e-08,1mV,2,10,1.5486527481993129,9.982183245584338e-07,9.521144538895341e-07,1.5658950327211482e-10,-1.0978953618994556e-09,0.0009981905117898908,0.0009520879256859527,0.00015658077747169498,-0.0010978341827296543,0.0009981905117898908,0.0010091225262110425,0.00015658077747169498,-0.0010978341827296543,1.4194452595725093,0.0011090060857431505,0.0009043854033569846,0.01677306443329921,1.9035713867684089e-06,1,0.9999052080947131,0.9999052200753868,1,0.9995576377753278,0.9995578084999287,0.0009981905117898908,0.0010091225262110425,0.00015658077747169498,-0.0010978341827296543,0.0009982851411404392,0.0010092181919263055,0.0001566500735467242,-0.001098320038025077,0.000998285129179177,0.0010092181798340455,0.00015665004679087167,-0.0010983198504318748
0.9486946,0.0010001,1.1196885569094187e-06,1.1359086090109454e-06,0.0010000589111437673,-5.759824041329242e-20,-1.6409228457791573e-10,-1.661395922345322e-09,2.7479892207510446e-07,-5.927420485714847e-08,1.5590316697810446e-09,1.277930649322942e-10,1.4531694971035865e-07,-2.937480978590711e-07,-1.928387994042888e-10,4.1461676699604945e-10,-1.299725843281558e-07,-1.1094095533896555e-07,-1.871389764408754e-09,-1.1756163031759562e-09,-5.97287674075522e-07,-1.0341653747016851e-07,-1.8511073889595535e-10,-8.065014242320716e-10,-6.048976028294471e-08,3.438092582582514e-08,4.1875920927685984e-10,1.2600600477748749e-10,-1.5098656616004115e-07,1.0786816456971662e-07,1.2386141692719418e-10,5.862166999817928e-10,-8.687059054271786e-08,-5.3818871636322605e-08,-1.4931431742318003e-09,-1.0613866957740593e-09,-3.7505431467090716e-07,-8.008709126697848e-08,4.056650240681613e-10,-1.5464863444608248e-10,2.1374548140408764e-07,7.011626258208815e-08,1mV,2,11,1.548798198433465,1.1196885569094187e-06,1.063909876342554e-06,-1.6409228457791573e-10,-1.661395922345322e-09,0.0011196225986615438,0.0010638472038869795,-0.00016407295255790373,-0.00166120019017363,0.0011196225986615438,0.001135841695277538,-0.00016407295255790373,-0.00166120019017363,1.5949892891487005,0.001669479765868297,0.0015642604689836861,0.016775331287238036,2.550562479240788e-06,1,0.9999052022085957,0.9999052141907574,1,0.9995576103067799,0.9995577810525837,0.0011196225986615438,0.001135841695277538,-0.00016407295255790373,-0.00166120019017363,0.0011197287464736812,0.001135949380769982,-0.00016414556886575768,-0.0016619354132712584,0.0011197287330556385,0.0011359493671575626,-0.00016414554082619094,-0.001661935129377217
1.195791,0.0009998,1.2557396094621627e-06,1.2791453230499478e-06,0.0009997896707744855,0.0,-1.9392940011207469e-10,-1.3631433461573698e-09,4.815509894605913e-07,-2.447107539496338e-08,9.437730413722186e-10,3.5027839144585527e-10,3.037945810933156e-07,-9.144770457985702e-08,-4.3598190811829553e-10,3.8695213850419365e-10,-9.378964578034024e-08,3.8121301390829486e-08,-1.906456530972797e-09,-1.5271172354102193e-09,-5.409589503908457e-07,3.6166238853491584e-09,-1.8961518859482785e-10,-7.858355989153622e-10,-4.591676692014959e-08,-1.353776628749968e-07,3.7194370908219637e-10,7.146242458589072e-11,-3.10194692225661e-08,-1.4508443302114309e-08,1.4966764331529419e-10,4.958282391500097e-10,2.2273889475946383e-08,-8.08603034557304e-08,-1.9983962001193465e-09,-1.1695573234970064e-09,-2.891156038653302e-07,-5.468944632718244e-08,2.2088185485538855e-10,-7.16021658801944e-10,-2.2480647776933547e-08,-5.1715802537771015e-08,1mV,2,12,1.5491338266676717,1.2557396094621627e-06,1.1884182781878359e-06,-1.9392940011207469e-10,-1.3631433461573698e-09,0.0012560037837652453,0.0011886682898686375,-0.00019401100389772376,-0.001363716944886415,0.0012560037837652453,0.0012794144212942907,-0.00019401100389772376,-0.001363716944886415,1.7925107319770055,0.0013768690549216874,0.0010066789483916228,0.016792318897332542,1.873626499522955e-06,1,0.9999052532455023,0.9999052652147656,1,0.9995578484790105,0.9995580190410128,0.0012560037837652453,0.0012794144212942907,-0.00019401100389772376,-0.001363716944886415,0.0012561227973235424,0.0012795356531446905,-0.00019409682410372045,-0.0013643201811296183,0.0012561227822872533,0.0012795356378281402,-0.00019409679098353897,-0.001364319948325541
0.0946587,0.005001,1.7932644037190685e-06,1.757446469477916e-06,0.0050010178600500225,5.454892180317694e-19,-7.282408598367331e-09,-1.1236398899620657e-08,-5.326824469441597e-07,-2.2615916245094873e-07,-2.071294281833018e-09,-4.038658204528978e-09,1.3588253620611028e-07,1.7165038580667077e-07,-5.048171397249755e-10,1.827847214726016e-09,-3.309502481058549e-07,-8.704105967437523e-08,-1.851963455690774e-09,-3.7898066658152315e-10,-1.1430107417285453e-07,1.0166370413885615e-07,5.711615580813929e-10,-1.1040884361777954e-09,4.908740562725065e-07,3.048312981564543e-08,1.250855041740091e-09,3.0563811333812996e-10,1.071783792811026e-07,-1.4442848188172246e-08,-3.243775569054448e-10,8.875916906243742e-10,-3.3656300911048055e-08,-4.535470080271245e-08,-9.232174149139387e-10,-2.2944877800730057e-10,2.1138713732898427e-08,1.0992823136264679e-07,3.1076897923644385e-10,-6.71156581160017e-10,1.8735780569983327e-07,3.543034347319651e-08,5mV,1,1,1.57396065366672,1.7932644037190685e-06,1.7215218827558421e-06,-7.282408598367331e-09,-1.1236398899620657e-08,0.00035857988391609774,0.00034423430008278806,-0.00029117778057571,-0.0004492730185433986,0.00035857988391609774,0.0003514177550768309,-0.00029117778057571,-0.0004492730185433986,2.510859477295832,0.013389926632546225,0.004538834662659941,0.0836023891496251,6.476135853492905e-05,1,0.9976293695291636,0.9976368627142692,1,0.9889370578027635,0.9890438356905195,0.00035857988391609774,0.0003514177550768309,-0.00029117778057571,-0.0004492730185433986,0.00035943196428281924,0.0003522528163366766,-0.00029443509905741983,-0.00045429890102571417,0.00035942926461288724,0.00035225017058885437,-0.0002944033116311966,-0.0004542498545878205
0.1193355,0.0050004,2.0099288401664217e-06,1.9751892580207603e-06,0.00500040952862121,2.846030702774449e-19,-8.451758454941539e-09,-1.0945674360606643e-08,-7.354915415624719e-07,1.1101197472703315e-07,-3.3634650778642496e-09,-4.563342969772175e-09,2.095252955445435e-07,1.4372075581074585e-07,-6.079411938598418e-10,1.2901294622179143e-09,-2.933650442757752e-07,2.589321898163175e-07,-1.3647269997054106e-09,-4.926668632223667e-10,-2.867467931894106e-07,6.081798404704327e-08,5.599056881552062e-10,-5.488278402294277e-10,4.099785115227519e-07,-1.2575596555067852e-07,8.94305126896476e-10,3.0778363494717703e-10,1.55495850803963e-07,-6.850461005946098e-09,-3.596477272501701e-10,5.248124667744266e-10,-1.2281447490418795e-07,-1.2152630747747874e-08,-6.642108114012932e-10,-1.9878459742862976e-10,5.1197512650016554e-08,-9.447482027387566e-08,2.420543029217502e-10,-4.157321959685839e-10,1.0168546581566645e-07,7.116637245991261e-08,5mV,1,2,1.5810531343016359,2.0099288401664217e-06,1.9299049150917744e-06,-8.451758454941539e-09,-1.0945674360606643e-08,0.0004019528457943384,0.0003859493715555569,-0.0003380149652090119,-0.000437755262163987,0.0004019528457943384,0.00039500549839272664,-0.0003380149652090119,-0.000437755262163987,2.8180110978371498,0.013828955426535925,0.005668950201737664,0.08356692454933888,5.95693099648904e-05,1,0.9976299462282878,0.9976374357681289,1,0.9889397490653433,0.9890464750080786,0.0004019528457943384,0.00039500549839272664,-0.0003380149652090119,-0.000437755262163987,0.0004029077588478479,0.0003959439067422877,-0.0003417953070735333,-0.00044265109434393134,0.0004029047341079935,0.00039594093428199493,-0.0003417584246546665,-0.0004426033287873671
0.1502404,0.0050001,2.2523487569016406e-06,2.219994856247436e-06,0.005000074747129885,2.981555974335137e-19,-9.604896797049075e-09,-1.0498284496315478e-08,-5.581975330358468e-07,-1.867339757909872e-07,-5.02216749608945e-09,-5.293915660808467e-09,2.155209171229839e-07,1.2984848775679565e-07,-4.268356899713952e-10,6.291473342581263e-10,-2.3743880761163164e-07,-1.313546187503195e-07,-7.026196444365947e-10,-4.2281927229032017e-10,-1.7051350883745147e-07,-1.4599813494032097e-07,7.026873665332704e-10,-6.154246969042554e-11,4.409354491727525e-07,1.0079510459482278e-08,5.239511341113468e-10,1.54618580140411e-10,-5.3213091385452534e-08,2.446496163599226e-08,-1.5583720827089293e-10,2.0949328721164924e-10,7.37661941634944e-08,-3.360686748713648e-08,-3.0723392098381126e-10,-1.910746981162575e-10,4.8827798399838714e-08,-2.069385547244885e-08,2.2675776787249854e-10,-1.87848108191941e-10,8.906496474241278e-08,-9.178054188107651e-08,5mV,1,3,1.590098821316924,2.2523487569016406e-06,2.162986821815181e-06,-9.604896797049075e-09,-1.0498284496315478e-08,0.00045046301721679685,0.0004325908973774375,-0.0003841843851240496,-0.0004199188246680019,0.00045046301721679685,0.0004439923338189584,-0.0003841843851240496,-0.0004199188246680019,3.162507246550028,0.014229125758371156,0.007297102807452456,0.08358237598522994,5.462643682190161e-05,1,0.9976302635717257,0.997637751106045,1,0.9889412300013865,0.9890479273654368,0.00045046301721679685,0.0004439923338189584,-0.0003841843851240496,-0.0004199188246680019,0.0004515330314900881,0.00044504697785467407,-0.0003884805016406395,-0.000424614539195027,0.00045152964261565355,0.0004450436376597819,-0.0003884385928065343,-0.00042456873226210084
0.1890121,0.0050006,2.519343502809562e-06,2.4919834507629653e-06,0.005000600160270438,-1.6263032587282567e-19,-1.0684190824755317e-08,-1.1822803151409648e-08,-4.259280360196634e-07,2.2968113942175862e-07,-5.509214822532402e-09,-5.81733882922676e-09,4.2242702234226034e-07,5.685398972365662e-09,-4.0966248952945297e-10,6.311839604977948e-10,-2.8368426246075407e-07,-1.3046871683390863e-07,-8.360114372466233e-10,-4.210471942403826e-10,-1.3882457920177943e-07,-1.0410192335654282e-07,7.790925277940828e-10,-1.7402286619912313e-10,3.844351552935598e-07,4.2296268739711626e-08,6.481100624247219e-10,2.828636504193313e-10,4.9214022345320066e-08,-1.0895056892750571e-07,-3.4680125449525727e-10,3.474861792651385e-10,-1.1678804481836709e-08,-1.5635041711757604e-08,-3.9047190863083537e-10,-2.8887934324692575e-10,-7.64796605844158e-08,6.6054591941999115e-09,3.0968724507966207e-10,-3.1454456347014895e-10,2.6306142975702956e-08,5.819712902392605e-09,5mV,1,4,1.6013006571456339,2.519343502809562e-06,2.420256135239357e-06,-1.0684190824755317e-08,-1.1822803151409648e-08,0.0005038082274255082,0.00048399313235803013,-0.00042726505582972623,-0.0004727986172660476,0.0005038082274255082,0.0004983368737540088,-0.00042726505582972623,-0.0004727986172660476,3.5435960836451508,0.01593520027915456,0.008012045869491767,0.08349797792118678,5.454196039217134e-05,1,0.9976297655167405,0.9976372561987481,1,0.9889389057447894,0.9890456479633963,0.0005038082274255082,0.0004983368737540088,-0.00042726505582972623,-0.0004727986172660476,0.000505005208184172,0.0004995208553103727,-0.00043204393451175277,-0.00047808678020405486,0.0005050014163917112,0.0004995171046967503,-0.0004319973064029284,-0.00047803518294591945
0.238186,0.0050027,2.8227495055947522e-06,2.8013749119428583e-06,0.005002740774504599,3.2526065174565133e-19,-1.1847644530683412e-08,-1.3085381581796458e-08,-3.7106813736295544e-07,-1.901998669181929e-07,-6.39326569614467e-09,-6.592942616716064e-09,-4.9360722138071815e-09,-1.5514413089690018e-07,-5.978020933640377e-10,6.480685885893225e-10,-4.1441603344567113e-07,-1.7283684033977823e-08,-1.0426122343147966e-09,-5.010648893483624e-10,-1.9070221925910765e-07,7.860642443511536e-08,9.058686936888042e-10,-1.2506867298206708e-10,4.81359914687389e-07,1.9007901943026376e-08,5.843020556970156e-10,3.088637044365423e-10,7.516078309542728e-08,-1.1792067595290133e-07,-4.6284417546873235e-10,3.5402523628841253e-10,-5.21871647190578e-08,-3.702469591409256e-09,-5.214327264281542e-10,-4.797143125834601e-10,-1.230228546378624e-07,-4.2045497919787055e-08,3.786206306850541e-10,-1.8369200970717214e-10,9.047752511051606e-08,3.7547078317444996e-08,5mV,1,5,1.6155169751933423,2.8227495055947522e-06,2.7109481311305476e-06,-1.1847644530683412e-08,-1.3085381581796458e-08,0.0005642406098633559,0.0005418925851497877,-0.00047338666055102773,-0.0005228419094614103,0.0005642406098633559,0.0005599680331668329,-0.00047338666055102773,-0.0005228419094614103,3.976885234526925,0.01765202232229074,0.009183721392159665,0.08347597331819549,5.3821323548854116e-05,1,0.9976277358229134,0.997635239339348,1,0.9889294338402629,0.9890363589494547,0.0005642406098633559,0.0005599680331668329,-0.00047338666055102773,-0.0005228419094614103,0.0005655823205415702,0.0005612995840627185,-0.0004786859854223852,-0.0005286948608972866,0.0005655780666258404,0.0005612953623587453,-0.00047863423449250606,-0.0005286377034882399
0.3004808,0.0050005,3.164571219112763e-06,3.1508150449640572e-06,0.00500047200378472,-3.1170812458958252e-19,-1.3489017245685455e-08,-1.472284720331675e-08,-2.9821473002182537e-07,1.1060806430119367e-08,-6.7020163011983924e-09,-7.42637428663253e-09,3.5334539791238186e-07,-7.228591613715313e-08,-3.88158509015211e-10,1.036877450428846e-09,-3.266308300580373e-07,-6.698209239019904e-08,-1.5895963917433233e-09,-5.351567941372953e-10,-2.801201743660927e-07,-7.08695353655007e-08,5.05812142863122e-10,-2.1780184703647484e-10,3.094973893669633e-07,1.1077313818303448e-07,7.560379055373099e-10,3.350794850896922e-11,-8.490752183123223e-09,2.9450205606873982e-08,-2.2098710951787709e-10,4.720740130936928e-10,-3.52194124849407e-08,-6.920213696701263e-08,-6.516944858001588e-10,-1.6132797487097523e-10,-7.41600933500623e-08,1.0039405991980191e-07,3.483788911466925e-11,-4.2972637261519224e-10,-5.629138757601471e-08,8.982125879086309e-08,5mV,1,6,1.5473438684793668,3.164571219112763e-06,3.0367899175065452e-06,-1.3489017245685455e-08,-1.472284720331675e-08,0.0006328545018785399,0.0006073006538598921,-0.000539458834375419,-0.000588802716041383,0.0006328545018785399,0.0006301035267429339,-0.000539458834375419,-0.000588802716041383,4.465663046895577,0.019967869591586664,0.010003402298552518,0.08345534101288087,5.4205254690920304e-05,1,0.9976298870049698,0.9976373769191154,1,0.9889394726898592,0.9890462039664342,0.0006328545018785399,0.0006301035267429339,-0.000539458834375419,-0.000588802716041383,0.0006343580020226351,0.0006316004912749722,-0.000545492266486362,-0.0005953880215134635,0.0006343532394835778,0.0006315957494383456,-0.0005454334005954355,-0.000595323771205097
0.3780242,0.0050007,3.5427622516660196e-06,3.5398650136631067e-06,0.005000726886073087,2.0328790734103208e-19,-1.5366781128793475e-08,-1.6608259659459396e-08,-5.040264853904196e-07,1.8847581774838177e-07,-7.506683111131979e-09,-8.204176753635424e-09,1.968941445133416e-07,5.9437753910114895e-08,-5.215173909991368e-10,1.1775875575561625e-09,-3.376442907337766e-07,9.5591658325025e-09,-1.663883348831216e-09,-3.462423046307597e-10,-1.580227236788794e-07,1.286311969900286e-07,8.368931699288584e-10,-3.368952333715453e-10,5.46651965784652e-07,-8.396756234026649e-08,9.856302555259717e-10,-5.961020726115833e-11,-5.11593672506169e-08,1.1426890493782784e-07,-2.3276599298475451e-10,7.442045641351225e-10,-1.470143531861407e-07,1.1598170847023835e-07,-8.84159474262573e-10,-3.3668200842883224e-10,-2.090966499688175e-09,-3.335325388548039e-08,1.6761988023822152e-10,-6.056283561529903e-10,6.066103797091535e-08,1.0258026230816984e-08,5mV,1,7,1.5474796525421592,3.5427622516660196e-06,3.396406747171607e-06,-1.5366781128793475e-08,-1.6608259659459396e-08,0.0007084494579243137,0.0006791826117580075,-0.000614492565729507,-0.0006641372714888385,0.0007084494579243137,0.0007078700945499647,-0.000614492565729507,-0.0006641372714888385,5.008174186945357,0.02262680382149166,0.011120198178802658,0.0834442033662875,5.476226860136568e-05,1,0.9976296453816913,0.9976371368230467,1,0.9889383451145595,0.9890450981538736,0.0007084494579243137,0.0007078700945499647,-0.000614492565729507,-0.0006641372714888385,0.0007101327243069869,0.0007095519843730534,-0.0006213659008826517,-0.0006715659017265674,0.0007101273917893187,0.0007095466562162686,-0.0006212988334672535,-0.0006714934159509007
0.4763719,0.0049964,3.966350061775178e-06,3.976211776949805e-06,0.004996410233877695,-3.3881317890172014e-19,-1.6843898358081004e-08,-1.8630032024155096e-08,-4.0256066192888676e-07,-5.707869994569659e-08,-8.031686373510791e-09,-9.144955336151663e-09,1.7969687665249105e-07,-1.9617166352889355e-07,-3.2172215746895167e-10,1.6315851820931863e-09,-1.5073664233515956e-07,1.2376863966982885e-07,-2.1010599309635906e-09,-3.7875215154551994e-10,-2.2636993770822303e-07,9.266927937055442e-08,1.0315633696801208e-09,-4.682980954900177e-10,4.146375593742897e-07,-3.210165464459012e-09,1.3436103982492739e-09,1.0658780102898796e-10,8.219854978028944e-08,-1.1123321977255239e-07,-3.018664148897967e-11,7.337663401165042e-10,1.8591199199362933e-08,-1.85697817518225e-08,-1.0626173911777552e-09,-1.0945847804112966e-10,-2.7003732182967192e-08,1.7947273395543435e-08,4.489964921134389e-11,-6.71476172774932e-10,-9.413066100728495e-08,4.644158157418982e-08,5mV,1,8,1.5478036744719148,3.966350061775178e-06,3.7955871079579604e-06,-1.6843898358081004e-08,-1.8630032024155096e-08,0.0007938399523085015,0.0007596628239655615,-0.0006747244276888875,-0.0007462724737526729,0.0007938399523085015,0.0007958137124108567,-0.0006747244276888875,-0.0007462724737526729,5.6162436652711465,0.025115632684015912,0.012171203477990486,0.08335841012277907,5.414882987172677e-05,1,0.9976337358191597,0.9976412014273911,1,0.9889574338227453,0.9890638187400422,0.0007938399523085015,0.0007958137124108567,-0.0006747244276888875,-0.0007462724737526729,0.0007957228427692228,0.0007977012843871122,-0.0006822583102295796,-0.0007546052521876592,0.0007957168881685141,0.0007976953149812111,-0.0006821849256890335,-0.0007545240859213124
0.5978954,0.0050001,4.438281633617676e-06,4.466039058091497e-06,0.005000057382801215,4.336808689942018e-19,-1.857954124769201e-08,-2.106887264698301e-08,-3.9407799254043546e-07,1.645695133657327e-08,-8.730819902817434e-09,-1.005226451475821e-08,2.0096891277714034e-07,3.488079627525356e-08,-7.879196555476132e-10,1.9318414144850664e-09,-3.7928619150439537e-07,-7.664432400992779e-08,-2.4745010159904034e-09,-4.4066543198767924e-10,-2.1305873959013186e-07,1.8030811656449333e-07,9.219491862397604e-10,-6.572752330859733e-10,4.498657304228282e-07,-2.547632884715398e-08,1.5990819386450045e-09,2.349108473562791e-10,1.1123982622572168e-07,5.64530439910764e-08,-3.639458251987666e-10,8.203345262003831e-10,-4.230402249792511e-08,-4.922988750295166e-08,-1.24310667755525e-09,2.893850347238266e-11,-3.859582388805946e-08,1.2752222319513202e-07,2.0605819395452418e-10,-8.737235649427079e-10,1.291673098099434e-07,-9.959756654699607e-08,5mV,1,9,1.5473454598346073,4.438281633617676e-06,4.239171163838166e-06,-1.857954124769201e-08,-2.106887264698301e-08,0.0008876461395991397,0.000847824502658653,-0.0007431645918633794,-0.0008427355623574219,0.0008876461395991397,0.0008931975607826842,-0.0007431645918633794,-0.0008427355623574219,6.296336135222354,0.02809086591028261,0.013314474756823874,0.08341647776983535,5.405931542218269e-05,1,0.997630280031004,0.9976377674613126,1,0.9889413068113516,0.9890480026932493,0.0008876461395991397,0.0008931975607826842,-0.0007431645918633794,-0.0008427355623574219,0.0008897546088632692,0.0008953192166089081,-0.0007514749224699377,-0.0008521593309461997,0.0008897479311132451,0.0008953124970956168,-0.0007513938553434093,-0.0008520674022520564
0.7515633,0.0049998,4.9683541175211e-06,5.01675560992374e-06,0.004999800256450316,1.7618285302889447e-19,-2.0997724580425934e-08,-2.3683197413935328e-08,-5.949037441377498e-07,-2.0373172575018013e-07,-9.4887905199834e-09,-1.0897881492236025e-08,1.7581994111613152e-07,-5.622808050104317e-08,-8.514271627496718e-10,2.2450891180599876e-09,-4.162113830422657e-07,-1.1719066529397897e-08,-2.5044993174173404e-09,-4.4869062804671953e-10,-8.344601978250233e-08,5.4362087472402655e-08,1.1798052614424316e-09,-1.0434205170403791e-09,4.2320948355332546e-07,5.408566860066349e-09,1.9815363141380493e-09,4.7507434022481403e-11,2.67236316826265e-08,9.315073380504837e-08,-3.6938956494711444e-10,1.2246198103361964e-09,-2.1059519493075647e-07,9.161160507120372e-08,-1.4485304541210863e-09,-3.387033565899028e-10,-5.968451867173893e-08,-4.071979024922244e-08,3.426325829335089e-10,-1.0158645726414368e-09,8.101010721893407e-08,-6.410496854574592e-08,5mV,1,10,1.5475314744749218,4.9683541175211e-06,4.731593999591855e-06,-2.0997724580425934e-08,-2.3683197413935328e-08,0.0009937105209575827,0.0009463566056439065,-0.00083997609379917,-0.0009474035901478839,0.0009937105209575827,0.0010033912061689963,-0.00083997609379917,-0.0009474035901478839,7.060621749307222,0.031651197091150544,0.014449946939381727,0.0834327796310726,5.432820785587271e-05,1,0.9976305237489194,0.9976380096391919,1,0.9889424441616238,0.9890491180980081,0.0009937105209575827,0.0010033912061689963,-0.00083997609379917,-0.0009474035901478839,0.0009960706867943397,0.0010057743646399563,-0.0008493680281983043,-0.0009579966920633542,0.0009960632126646523,0.0010057668176976186,-0.00084927641957205,-0.0009578933672877533
0.9486946,0.0050001,5.5740154131216215e-06,5.6496477046503675e-06,0.005000089162733443,-4.607859233063394e-19,-2.3448305550452282e-08,-2.633943369896476e-08,-4.6304512776495907e-07,-2.835504383545624e-08,-1.027353077426509e-08,-1.1883711474785596e-08,3.405886227821147e-07,-3.705379477632318e-08,-1.1094072604331531e-09,2.9976221455957845e-09,-2.5325771222350853e-07,-1.205032012544122e-08,-3.303269436242018e-09,-4.729237051433046e-10,-6.210695021270558e-08,1.3089505024021519e-07,1.3793963768990612e-09,-1.2355678501971166e-09,4.853022173142582e-07,1.887664696979235e-08,1.970145877697242e-09,-7.229772569866006e-12,1.0329919870668431e-07,6.333533789604214e-08,-1.8478873917876657e-10,1.6655038902444406e-09,-1.7854892649593904e-08,-4.8033755134831455e-08,-1.680227192659879e-09,-1.6152991598019294e-10,8.23910996935486e-08,1.642053188463041e-08,2.6930337303367596e-10,-1.4578022985814117e-09,1.825116075209229e-08,4.8384478654412214e-08,5mV,1,11,1.5478815977453366,5.5740154131216215e-06,5.28966882847193e-06,-2.3448305550452282e-08,-2.633943369896476e-08,0.0011147832032008052,0.0010579149003775326,-0.0009378987714725766,-0.0010535397730291835,0.0011147832032008052,0.001129909391768091,-0.0009378987714725766,-0.0010535397730291835,7.936508490033799,0.03526455445301318,0.015708852058177982,0.08347238447936807,5.387573498874898e-05,1,0.9976302499074379,0.9976377375281061,1,0.9889411662347102,0.9890478648292329,0.0011147832032008052,0.001129909391768091,-0.0009378987714725766,-0.0010535397730291835,0.0011174312359756907,0.0011325933549758806,-0.000948386823701078,-0.0010653209806609886,0.0011174228492628556,0.0011325848544660316,-0.0009482845116242299,-0.0010652060537141804
1.195791,0.0050001,6.253161020409547e-06,6.359177938751589e-06,0.0050001421588439544,-4.472333961502706e-19,-2.6387558599773468e-08,-2.7177462875509527e-08,-6.537572179176818e-07,3.21742420884499e-08,-1.3188241269903767e-08,-1.3213724194110565e-08,1.397726102153629e-07,1.0730740738972019e-07,-8.456779975876176e-10,2.0441193200240565e-09,-2.545420202719344e-07,6.935761057203591e-08,-2.9267570841980133e-09,-5.708654523368947e-10,-2.545607735919807e-07,9.070585320568092e-08,1.3905548326600767e-09,-1.1196105604181907e-09,3.815816732749295e-07,-1.1884826613146942e-07,2.1605525387560784e-09,4.89218482276013e-10,2.6397097712138334e-08,6.156254314139484e-08,-2.8959001545822104e-10,1.0137542951571913e-09,-5.408601901733349e-08,-7.900180635447814e-09,-1.9563182041650173e-09,-5.6394138013349864e-11,-2.7420543672661618e-09,3.345027144516599e-08,1.2274737223686017e-10,-8.145048282510726e-10,5.924392939693313e-08,-4.104764221388914e-08,5mV,1,12,1.5482907305846407,6.253161020409547e-06,5.905434381258187e-06,-2.6387558599773468e-08,-2.7177462875509527e-08,0.0012505966474071796,0.0011810532968173728,-0.0010554423269533313,-0.0010870367013893361,0.0012505966474071796,0.0012717994282430258,-0.0010554423269533313,-0.0010870367013893361,8.918585471019172,0.03788030804001173,0.01866901751221033,0.08354969857128414,5.154705794291761e-05,1,0.9976301996730523,0.9976376876111718,1,0.9889409318075777,0.9890476349257801,0.0012505966474071796,0.0012717994282430258,-0.0010554423269533313,-0.0010870367013893361,0.0012535673517271536,0.0012748204982766414,-0.0010672450628817667,-0.001099192748956664,0.0012535579428657251,0.0012748109298961329,-0.001067129923456653,-0.0010990741628646727
0.0946587,0.0050006,1.7932653616799022e-06,1.7585434272255812e-06,0.005000564826603438,1.3552527156068805e-19,-7.284900211311609e-09,-1.1240464671445149e-08,-3.376777018098951e-07,-6.655986588950934e-08,-2.0432848082158543e-09,-3.990941520606911e-09,3.130430670776686e-07,2.59362467646861e-07,-5.394015040832944e-10,1.899420587626354e-09,-3.025630183600295e-07,-3.600398765457849e-08,-1.7510639764701324e-09,-4.817541458653719e-10,-2.3601765831740973e-07,-7.817364585797368e-08,6.422021402441843e-10,-1.0706665716314136e-09,4.314434148659607e-07,1.3591969048915839e-08,1.3610688387905688e-09,3.7317838044341975e-10,1.6488199600349602e-07,4.095835118524397e-08,-3.560901963111672e-10,9.100454432722528e-10,-7.441691054023251e-08,-1.0969210591197316e-08,-9.44212819645677e-10,-3.295937552473082e-10,-4.777108236751714e-08,3.775461787774719e-08,2.538147959470384e-10,-8.358791626631813e-10,3.192704732452098e-08,-3.599749756849874e-08,5mV,2,1,1.5739580680332759,1.7932653616799022e-06,1.722622094848882e-06,-7.284900211311609e-09,-1.1240464671445149e-08,0.00035861256155296197,0.00034448550405433864,-0.00029133018431935694,-0.00044951702145247974,0.00035861256155296197,0.0003516689590483814,-0.00029133018431935694,-0.00044951702145247974,2.5116280860906226,0.013394693617950893,0.004483595323887951,0.08362798099661892,6.478441440815334e-05,1,0.997629799012232,0.9976372894825286,1,0.988939062057083,0.9890458012588089,0.00035861256155296197,0.0003516689590483814,-0.00029133018431935694,-0.00044951702145247974,0.0003594645648195649,0.0003525044654806563,-0.0002945886106605636,-0.00045454471230759515,0.00035946186588411625,0.0003525018188030953,-0.00029455681824700755,-0.00045449565720855046
0.1193355,0.0050003,2.0098257579516936e-06,1.9774811814157085e-06,0.005000263609356309,-4.404571325722362e-19,-8.351468309022529e-09,-1.0920869643876805e-08,-6.657085321087853e-07,1.211899342661537e-07,-3.447763249087209e-09,-4.658542551491333e-09,3.8669749484475517e-07,6.622637509622789e-08,-4.314184703269232e-10,1.2973813861676022e-09,-2.0577991481229066e-07,4.1396789486537464e-08,-1.3657461868710518e-09,-3.5447342298046746e-10,-2.864852305191713e-07,-9.701627946661014e-09,6.454174578836994e-10,-5.527104227127554e-10,5.38074334320607e-07,-2.0507296694728517e-08,9.30146392515999e-10,3.2150707335121584e-10,7.913202953955683e-08,-8.227704383337215e-08,-3.723763587629435e-10,6.558137909662873e-10,-1.0468773590597307e-07,9.325297739643916e-08,-5.787801378217028e-10,-3.234016582775623e-10,-1.3725621824838123e-07,-4.272171073833752e-08,2.5597184381945144e-10,-5.347177980138644e-10,1.2863033203376506e-07,-6.966931463276339e-08,5mV,2,2,1.581094755186039,2.0098257579516936e-06,1.9321981599500937e-06,-8.351468309022529e-09,-1.0920869643876805e-08,0.00040194396035260656,0.0003864192592435798,-0.00033402351074338717,-0.00043678872790281405,0.00040194396035260656,0.00039547538608074957,-0.00033402351074338717,-0.00043678872790281405,2.819544537718701,0.013748178668287576,0.005795609556018398,0.08361239805899998,5.922135774423159e-05,1,0.9976300845495418,0.9976375732151983,1,0.9889403945645284,0.9890471080501325,0.00040194396035260656,0.00039547538608074957,-0.00033402351074338717,-0.00043678872790281405,0.0004028987964352495,0.00039641485577223535,-0.00033775899192637547,-0.00044167346212523783,0.0004028957721161371,0.00039641188012416853,-0.00033772254933529035,-0.0004416258076563469
0.1502404,0.0050009,2.2522873802282436e-06,2.2222333313250683e-06,0.00500092537358932,4.607859233063394e-19,-9.629507776999245e-09,-1.0523260364103491e-08,-8.326296985958284e-07,-4.559109985086567e-08,-4.8164868792134885e-09,-5.224882385074672e-09,2.703871386426502e-07,-1.7526095640070103e-07,-4.5151196522644306e-10,5.527551896067015e-10,-2.9334293219896026e-07,-1.1513445978339878e-07,-8.646478181219139e-10,-3.929303956818782e-10,-1.4275783169726877e-07,-7.531246020288788e-08,6.12761569102e-10,-7.724648276096441e-11,3.0003546179250984e-07,8.29285198742969e-09,5.929454412305413e-10,2.0391014879475521e-10,1.1517780667718728e-07,-6.061067917379292e-08,-2.803898394526999e-10,3.154692994818026e-10,-4.4938843231334944e-08,1.3493885693476225e-08,-3.9926454983478885e-10,-2.061904995802358e-10,2.251339212712195e-08,-1.7866884719624994e-09,2.637672166334215e-10,-1.5333601437694602e-10,1.3402046990943454e-07,1.8314364172941163e-07,5mV,2,3,1.5901074701167655,2.2522873802282436e-06,2.165215598529301e-06,-9.629507776999245e-09,-1.0523260364103491e-08,0.0004503741231818676,0.00043296298920278794,-0.00038503777637574583,-0.0004207746506519848,0.0004503741231818676,0.00044436442564430874,-0.00038503777637574583,-0.0004207746506519848,3.1640353066910487,0.014264165896329182,0.0071061903855370555,0.08362276131474157,5.476095793830039e-05,1,0.9976294572109918,0.9976369498418112,1,0.9889374669846286,0.9890442369738044,0.0004503741231818676,0.00044436442564430874,-0.00038503777637574583,-0.0004207746506519848,0.00045144429119098925,0.0004454203135566883,-0.0003893449173786138,-0.00042548155439491004,0.0004514409006736173,0.0004454169682816667,-0.0003893028865461594,-0.0004254356225151629
0.1890121,0.0050001,2.519210343277019e-06,2.4942533515988598e-06,0.005000100255956057,-4.0657581468206416e-19,-1.0790282896304854e-08,-1.1599523906458828e-08,-5.215728120536359e-07,2.78185812971797e-07,-5.497241568364376e-09,-5.835815847928338e-09,1.6908064089345363e-07,2.0131639341576863e-07,-4.6266890714919044e-10,6.705625166972076e-10,-3.665615324364837e-07,5.919047403329812e-09,-9.6667512653486e-10,-3.874366630728649e-10,-2.6581893913948504e-07,1.0396344523303448e-07,7.661748285352079e-10,-2.9163632896429184e-11,4.330800956404898e-07,-8.037754172647652e-08,5.157333286673269e-10,3.2064956539227154e-10,1.8436686921876646e-07,-4.894138426743194e-09,-3.7014846799314896e-10,2.482647144209764e-10,-8.278547586959318e-08,4.957540660947067e-08,-2.984859978038805e-10,-1.9511982588348914e-10,2.867834223975794e-08,4.811266701573238e-08,2.4867275622542687e-10,-2.6623126406629964e-10,8.472811310320925e-08,9.044711516093728e-08,5mV,2,4,1.601327804443325,2.519210343277019e-06,2.4225332065734596e-06,-1.0790282896304854e-08,-1.1599523906458828e-08,0.0005038319662243106,0.00048449692657417584,-0.0004315940077307222,-0.00046396235007622447,0.0005038319662243106,0.0004988406679701544,-0.0004315940077307222,-0.00046396235007622447,3.5450980995786368,0.015842321794446636,0.00801725710401536,0.08353337001732052,5.4224061994568436e-05,1,0.9976302393923476,0.9976377270794644,1,0.9889411171642889,0.989047816705703,0.0005038319662243106,0.0004988406679701544,-0.0004315940077307222,-0.00046396235007622447,0.0005050287634937695,0.0005000256089610878,-0.00043642032901643744,-0.00046915063194722864,0.0005050249730423228,0.0005000218560604019,-0.0004363732475223142,-0.0004691000194728494
0.238186,0.0050031,2.822555673996423e-06,2.8057919330108295e-06,0.005003067830177005,1.6263032587282567e-19,-1.1811727723295634e-08,-1.322909433993829e-08,-5.889467122428328e-07,-2.3386024525657607e-07,-6.300257221412593e-09,-6.341802279494284e-09,4.022762185864306e-07,2.3442642557188133e-07,-6.451284215477542e-10,7.922537837959275e-10,-3.804813436741234e-07,3.29214088001994e-08,-1.11097325049583e-09,-6.31136062315135e-10,-4.6383719453519696e-07,-5.5368323759517335e-08,8.468868606481386e-10,-2.5747268239894164e-10,3.8723598367602817e-07,-1.4669670134039912e-07,5.278637851531423e-10,3.441933888016396e-10,-3.237065255970072e-08,-1.9986356763159667e-08,-4.1304030987520723e-10,1.8357117943689584e-10,-1.9171726563459142e-07,-1.4254608805152084e-07,-6.076345792648478e-10,-4.653866368852993e-10,-4.985929251210891e-08,3.878984146068071e-08,4.1757626202879126e-10,-2.4022715480846834e-10,-1.1447485262758642e-09,-7.465791395295088e-08,5mV,2,5,1.6155155972029955,2.822555673996423e-06,2.7153592405207133e-06,-1.1811727723295634e-08,-1.322909433993829e-08,0.0005641649823277656,0.0005427388419846081,-0.00047188986010140424,-0.0005285150169038916,0.0005641649823277656,0.0005608142900016534,-0.00047188986010140424,-0.0005285150169038916,3.979860412647415,0.017734876623880357,0.008939334270971213,0.08353842316895978,5.407394775767567e-05,1,0.9976274256378163,0.9976349311166217,1,0.9889279863098093,0.989034939382787,0.0005641649823277656,0.0005608142900016534,-0.00047188986010140424,-0.0005285150169038916,0.0005655066889997299,0.0005621480280006398,-0.00047717312750169405,-0.000534432258182973,0.0005655024345391688,0.0005621437988081987,-0.00047712152656193306,-0.0005343744653082878
0.3004808,0.0050006,3.1647433246231774e-06,3.1551653584671956e-06,0.005000619421632905,2.710505431213761e-19,-1.3621859208815976e-08,-1.4830364228394916e-08,-5.339037559849836e-07,-6.725307676339229e-08,-6.942541770776938e-09,-7.5239189326833e-09,1.6228633442466457e-07,6.293461930374101e-08,-3.8120088983895106e-10,9.306093009372076e-10,-3.4010578908295096e-07,-3.699178868995482e-09,-1.5483350548880354e-09,-1.3125161819107996e-10,-2.701922122804107e-07,1.1748035743285427e-07,6.938145611842373e-10,-4.4105680542425717e-10,4.376058973263926e-07,4.3721114629356665e-09,9.169498427767751e-10,4.510778899247529e-11,3.232226065709487e-08,-4.156768533208794e-08,-2.090233179565443e-10,4.291280779138679e-10,-2.0225149273719934e-07,5.7776618125162385e-08,-9.632217769024758e-10,-3.613617105570559e-10,-2.0844772825170355e-07,6.940422243701939e-08,1.398691055576691e-10,-3.439034562753718e-10,8.61880383420748e-08,3.709522266378792e-08,5mV,2,6,1.5473213545280724,3.1647433246231774e-06,3.041136869459231e-06,-1.3621859208815976e-08,-1.4830364228394916e-08,0.0006328702622183873,0.0006081520333867311,-0.0005447393906472009,-0.0005930676164692277,0.0006328702622183873,0.0006309549062697729,-0.0005447393906472009,-0.0005930676164692277,4.468855418339062,0.0201369002443688,0.010237589674555863,0.0835150007867281,5.4664109329498705e-05,1,0.9976297472573189,0.9976372380547378,1,0.988938820534155,0.9890455643973746,0.0006328702622183873,0.0006309549062697729,-0.0005447393906472009,-0.0005930676164692277,0.0006343738886678878,0.0006324539820553593,-0.0005508322449643255,-0.0005997010170446078,0.0006343691254472434,0.0006324492332504072,-0.0005507727957701429,-0.0005996362936328254
0.3780242,0.0050002,3.5427485869955346e-06,3.54438883447036e-06,0.005000170310220171,-2.303929616531697e-19,-1.5128320958528894e-08,-1.6617740583624527e-08,-3.8620387213425644e-07,-1.1035965107133696e-08,-7.490668843601014e-09,-8.291758777047121e-09,1.9076111898989687e-08,8.820142018233119e-08,-5.259678499705626e-10,1.3056209914509554e-09,-2.635440967822778e-07,-7.287837403331266e-08,-1.7224267724286483e-09,-6.547504829632137e-10,-3.998724990732159e-07,-2.6648949922068787e-08,8.659235122926129e-10,-2.397646192295199e-10,4.457923982472955e-07,6.590566357838275e-08,1.1084310927012978e-09,-6.964512123063133e-11,-1.1661789059167001e-07,2.6312031632425392e-08,-3.7209433022178326e-10,5.79580025772146e-10,-2.7569709218864816e-07,3.681071310012039e-08,-8.979023167289601e-10,-3.410784583960615e-10,-3.600428961398081e-08,-6.657534391762498e-10,1.598317074040103e-10,-6.775299545674443e-10,5.20907127769542e-08,-1.8839805550503133e-07,5mV,2,7,1.5475139675582166,3.5427485869955346e-06,3.4009465347390637e-06,-1.5128320958528894e-08,-1.6617740583624527e-08,0.0007085255835694801,0.0006801661390988322,-0.0006050916163245547,-0.0006646643429215893,0.0007085255835694801,0.0007088536218907895,-0.0006050916163245547,-0.0006646643429215893,5.011363064135048,0.02247254763325481,0.01117422853449995,0.0834973351677772,5.438893178895978e-05,1,0.9976301729884797,0.9976376610952323,1,0.988940807279572,0.9890475128007981,0.0007085255835694801,0.0007088536218907895,-0.0006050916163245547,-0.0006646643429215893,0.0007102086552244465,0.0007105374727864963,-0.0006118582749043102,-0.0006720971953316209,0.0007102033245132731,0.0007105321396072714,-0.0006117922632564418,-0.0006720246846780737
0.4763719,0.0049964,3.9667269112326405e-06,3.982605203061802e-06,0.004996415920166178,3.1170812458958252e-19,-1.699940117615798e-08,-1.8772529686457253e-08,-4.296858633122895e-07,1.9224583951602919e-07,-7.966802865808588e-09,-9.02374683281187e-09,2.3778481768149336e-07,-6.673386702028238e-08,-5.05478716727042e-10,1.549014915501463e-09,-2.3046600214341655e-07,8.845206128089901e-08,-1.9914193107131725e-09,-3.731711330280128e-10,-1.3113514084194812e-07,1.2380839602696836e-07,7.245520443864243e-10,-4.735509292399009e-10,3.490707905571253e-07,8.973562877438953e-08,1.2926301403276052e-09,1.8368003222976252e-10,2.3983908881809177e-08,9.038235658731167e-08,-1.1819695210282342e-10,8.649237445169886e-10,-1.8695315399192928e-07,-5.4528958282448766e-08,-1.074459167743481e-09,5.7666405854232035e-11,1.5701998932944973e-07,2.3401648722166156e-08,1.2916697915586836e-10,-6.052434401424313e-10,5.999086744655187e-08,1.6491380899648332e-08,5mV,2,8,1.5477446434498257,3.9667269112326405e-06,3.801980328505578e-06,-1.699940117615798e-08,-1.8772529686457253e-08,0.0007939144728168886,0.0007609415207329509,-0.0006809519315904305,-0.0007519788619825301,0.0007939144728168886,0.0007970924091782461,-0.0006809519315904305,-0.0007519788619825301,5.621037857171234,0.02532562953169931,0.012037356636958887,0.0834295673300573,5.460157911049247e-05,1,0.9976337304331855,0.9976411960754026,1,0.9889574086881988,0.9890637940897926,0.0007939144728168886,0.0007970924091782461,-0.0006809519315904305,-0.0007519788619825301,0.0007957975443273761,0.000798983018379038,-0.0006885553671049173,-0.0007603753765088745,0.0007957915891405149,0.0007989770393543383,-0.000688481304906213,-0.0007602935892265218
0.5978954,0.0050001,4.439718467915146e-06,4.473587658998379e-06,0.005000067079806011,5.285485590866834e-19,-1.8795547167289036e-08,-2.0932647982430674e-08,-5.156994766679014e-07,-2.515902243771941e-08,-8.660991386277715e-09,-1.0028101321144832e-08,2.419628442810274e-07,-4.831037679170047e-08,-7.416279575205487e-10,1.8017244056196802e-09,-4.3751657850721814e-07,3.58070715441168e-08,-2.37354516408675e-09,-4.0495857989419005e-10,-1.097152288162437e-07,-9.298989497648527e-08,9.798193692739097e-10,-7.847309348158262e-10,4.877527036050422e-07,1.725485750612609e-07,1.5302231955573952e-09,3.294711594608746e-10,3.5531480551142875e-08,4.549014504946746e-08,6.88147526260398e-11,1.0543739766896032e-09,6.933342951091394e-08,1.224573576537172e-08,-1.2386258838489753e-09,-2.899125925410729e-10,-3.2545963450785347e-08,5.387116100759628e-08,9.346867197527531e-12,-8.191302639026237e-10,-3.766790562358218e-08,-3.72353966154555e-08,5mV,2,9,1.54730991969092,4.439718467915146e-06,4.246719324762286e-06,-1.8795547167289036e-08,-2.0932647982430674e-08,0.0008879317811247034,0.0008493324703409871,-0.0007518017142709854,-0.0008372834532218784,0.0008879317811247034,0.0008947055284650183,-0.0007518017142709854,-0.0008372834532218784,6.302704706480338,0.02813269174597671,0.013250493873826874,0.08350085124853121,5.413980692614007e-05,1,0.9976302708394261,0.9976377583278188,1,0.988941263917322,0.9890479606269169,0.0008879317811247034,0.0008947055284650183,-0.0007518017142709854,-0.0008372834532218784,0.0008900409370874241,0.0008968307745034592,-0.0007602086612232189,-0.0008466462911106492,0.0008900342571365804,0.0008968240435934088,-0.0007601266512843818,-0.0008465549564362468
0.7515633,0.0050002,4.96978127904681e-06,5.02659930254391e-06,0.0050002224558,-1.2197274440461925e-19,-2.08468275610703e-08,-2.3504553422616684e-08,-4.068233693349623e-07,2.327554408231902e-07,-9.522874543842273e-09,-1.106014028922949e-08,-2.1491297011453992e-08,1.1947675178723644e-08,-7.833764492320613e-10,2.386715968712535e-09,-4.6099221842541594e-07,-1.7124039591302337e-07,-2.7038314649117237e-09,-5.16398812468297e-10,-2.718079127192354e-07,-1.8026784845279798e-08,1.202070960310982e-09,-1.0091274972442429e-09,4.072549809123721e-07,-3.2921435737198566e-09,2.0075039930779876e-09,2.2796056120781643e-10,-4.285031860559018e-08,-1.7980465368769403e-07,-3.249660849578929e-10,1.2628718394491473e-09,-1.0627993189403963e-07,-6.734542238688936e-08,-1.4832619636915068e-09,2.3162105520181803e-11,-1.0840366104533386e-08,-1.1620193022634713e-08,1.1901937264605553e-10,-1.0361691952598333e-09,5.5756375483931466e-08,-7.19525831117383e-08,5mV,2,10,1.547512221217226,4.96978127904681e-06,4.741413612240774e-06,-2.08468275610703e-08,-2.3504553422616684e-08,0.0009939120355099643,0.0009482405341268325,-0.000833798907431141,-0.0009400984828997402,0.0009939120355099643,0.0010052751346519223,-0.000833798907431141,-0.0009400984828997402,7.068622674177697,0.031417419546449735,0.014594925241165046,0.08352732362808371,5.392693661788556e-05,1,0.9976301235595042,0.9976376119786284,1,0.9889405766110194,0.9890472865835406,0.0009939120355099643,0.0010052751346519223,-0.000833798907431141,-0.0009400984828997402,0.0009962730796096314,0.0010076631718628753,-0.0008431233657015771,-0.0009506117001704437,0.000996265601432894,0.0010076556081903792,-0.0008430323997059099,-0.0009505091370778803
0.9486946,0.0049999,5.575441320792632e-06,5.66171158192806e-06,0.004999867955562334,-2.0328790734103208e-19,-2.3386613625580245e-08,-2.636669010027404e-08,-5.871791659116455e-07,2.4240468348236507e-08,-1.051822242560217e-08,-1.1663916766704e-08,2.2142326393968365e-07,9.882084650973554e-08,-1.1684115918243646e-09,2.806164509841167e-09,-4.590146163815308e-07,1.1869197416996944e-07,-3.0915010475523087e-09,-6.312242934959708e-10,-2.101794141088788e-07,-1.1267499403010801e-07,1.4189311137487782e-09,-1.1706217428336504e-09,3.7854817427547063e-07,6.348033105225073e-08,2.178698614282525e-09,1.540933848548812e-10,5.9321107835490095e-08,-8.088095192965845e-08,-6.134892508296095e-10,1.4521561984448575e-09,-1.6087280523911893e-07,-9.317227295234552e-08,-2.057581325595993e-09,-5.723952513735393e-10,7.813064961132517e-08,-1.5384256101186347e-07,3.445507434656189e-10,-1.376325841343417e-09,1.463117743801532e-07,-1.2374850803499225e-07,5mV,2,11,1.5478735106483872,5.575441320792632e-06,5.301748631447398e-06,-2.3386613625580245e-08,-2.636669010027404e-08,0.0011151177131768,0.0010603777296856855,-0.0009355139561364615,-0.0010547233114139864,0.0011151177131768,0.001132372221076244,-0.0009355139561364615,-0.0010547233114139864,7.946101179732122,0.03524395045558974,0.015706048431576896,0.08357327578235038,5.3844257049438194e-05,1,0.9976304595813463,0.9976379458770739,1,0.9889421447129495,0.9890488244270665,0.0011151177131768,0.001132372221076244,-0.0009355139561364615,-0.0010547233114139864,0.0011177663056165677,0.0011350617958792498,-0.0009459744042033965,-0.0010665166987297628,0.0011177579178751503,0.0011350532783521165,-0.0009458723705357857,-0.0010664016632596107
1.195791,0.0050001,6.254748651685707e-06,6.376731283538778e-06,0.005000087417311261,4.472333961502706e-19,-2.6460312456103413e-08,-2.720848579511503e-08,-1.7496777848519918e-07,1.2572330159108365e-07,-1.3198479226036485e-08,-1.300055906448904e-08,2.4070431033065863e-07,9.091001894976544e-08,-8.007962399911044e-10,2.3488596381382834e-09,-2.43751981020873e-07,3.753807332016302e-08,-3.0194395878142163e-09,-9.231715596415665e-10,-2.569911916983283e-07,3.069479882608846e-08,1.2969839134260242e-09,-7.220189030452423e-10,4.974405039907257e-07,1.4346357945121435e-07,2.210379486516299e-09,1.7089046060988295e-10,2.628428711088015e-07,-3.0820787854523706e-08,-5.209379628073434e-10,1.3572862606968944e-09,8.12025536624506e-08,8.036177547016049e-08,-1.6189968285112304e-09,3.4419012055890934e-12,9.437366018384732e-08,-5.322410367352054e-08,1.9407396717663874e-10,-1.1109252801272494e-09,5.2913582081040545e-08,-1.4980565546089032e-07,5mV,2,12,1.548276338676266,6.254748651685707e-06,5.922992693627696e-06,-2.6460312456103413e-08,-2.720848579511503e-08,0.0012509278597871247,0.0011845778282037946,-0.0010583754897847727,-0.0010883013769198535,0.0012509278597871247,0.0012753239596294478,-0.0010583754897847727,-0.0010883013769198535,8.932221591419811,0.037953258549663395,0.018526046255728307,0.08367744234330463,5.164632810048887e-05,1,0.9976302515618939,0.9976377391721071,1,0.9889411739555046,0.9890478724010429,0.0012509278597871247,0.0012753239596294478,-0.0010583754897847727,-0.0010883013769198535,0.0012538992856608619,0.0012783533354494769,-0.0010702107644598809,-0.0011004712975666024,0.001253889874720669,0.0012783437409733312,-0.0010700953101647425,-0.0011003525787663438
0.0946587,0.0100012,3.5349528494918098e-06,3.4504853722013826e-06,0.010001205687797537,-3.7269449679189215e-19,-2.894796176331976e-08,-3.4938539898453506e-08,-4.345261188473441e-07,3.1182033723134593e-07,-3.2854843586118727e-08,-3.425171842828205e-08,2.5073788656676794e-07,-1.6833981363956937e-07,-2.7288933411266e-10,4.439080884956403e-09,-9.946064582352769e-08,-1.327041199008747e-07,-3.0935218629788183e-09,-3.874970882348405e-10,-1.3898314799273969e-07,2.281044905181843e-07,6.478114736093748e-10,-2.531515619961166e-09,8.533156366203141e-08,1.6271644466852926e-07,2.312449166432389e-09,6.762392294805257e-10,-1.2636125385674928e-07,3.29375786218716e-08,-2.630508228162573e-10,2.3420525576988886e-09,3.875165955464736e-07,6.4664702288116e-09,-1.926746514156284e-09,-6.609027724779788e-10,-1.9551891778424076e-07,-2.4595323039806436e-08,8.664186975029344e-10,-1.3249473502353778e-09,2.804908154374602e-07,2.1538509917462596e-08,10mV,1,1,1.5739165062757574,3.5349528494918098e-06,3.378642161256924e-06,-2.894796176331976e-08,-3.4938539898453506e-08,0.0003534526695921076,0.0003378234851603145,-0.00028940982584699373,-0.00034930116427651643,0.0003534526695921076,0.00034500694015435733,-0.00028940982584699373,-0.00034930116427651643,4.939811833653786,0.045372745789586624,0.04746178423066966,0.164477572312339,0.00021944860031207256,1,0.9905190518908557,0.9906389030602534,1,0.9557555754906597,0.9574634546545772,0.0003534526695921076,0.00034500694015435733,-0.00028940982584699373,-0.00034930116427651643,0.0003568358114035086,0.00034830924200373003,-0.00030280736337679056,-0.00036547122845419396,0.0003567926400833156,0.0003482671022595334,-0.00030226722956376833,-0.0003648193177279371
0.1193355,0.0099966,3.9607858601545075e-06,3.875886970682791e-06,0.009996587494360625,9.486769009248164e-19,-3.269388809611741e-08,-3.5506737072506616e-08,-4.940308798370379e-07,2.3773857871588603e-07,-3.9031062437773455e-08,-3.827663173661198e-08,3.19569921662888e-07,9.066620573375391e-08,-9.340746886454204e-11,3.2653120906668298e-09,-3.349469187183162e-07,1.533939934447864e-08,-1.98990608343813e-09,-2.085004022516095e-10,-1.1001378967473942e-08,-6.713763284524231e-08,5.687068153959252e-10,-1.8635179800869597e-09,5.414070912572925e-08,1.4647957148203955e-08,1.8313955131223123e-09,6.741741368335615e-10,1.619146056426143e-07,-7.657041829218997e-08,1.5391161138758465e-11,1.7630419680879352e-09,4.306462697312199e-07,-1.0998656308828458e-08,-1.3555910882596618e-09,-4.749156733522264e-10,-6.814948068334301e-08,1.3658913302333709e-08,7.673419228501907e-10,-8.820547029014187e-10,3.337137921948009e-07,6.361615902889973e-08,10mV,1,2,1.5810985929535217,3.9607858601545075e-06,3.785356606394997e-06,-3.269388809611741e-08,-3.5506737072506616e-08,0.00039621379419616003,0.0003786648802434261,-0.00032716213138617596,-0.0003553098287073825,0.00039621379419616003,0.0003877210070805958,-0.00032716213138617596,-0.0003553098287073825,5.541689673692358,0.048266123693306504,0.05466739770760614,0.16433645814693024,0.00020791011283276167,1,0.9905278057840506,0.9906474357350702,1,0.9557964269922365,0.9575011537942651,0.00039621379419616003,0.0003877210070805958,-0.00032716213138617596,-0.0003553098287073825,0.0004000026974331504,0.00039142869570803803,-0.0003422926913586729,-0.00037174216043629185,0.00039995439336312967,0.0003913814270289843,-0.0003416832764010143,-0.0003710803138976965
0.1502404,0.0100005,4.438603968571174e-06,4.3538129871759985e-06,0.010000458511993831,5.421010862427522e-20,-3.726553469762039e-08,-3.642400639121527e-08,-6.319085971630709e-07,-1.909174326990964e-07,-4.597939967892453e-08,-4.287210047895773e-08,4.517797370085832e-07,-8.207039364549473e-08,1.900908559683395e-11,1.99309780823855e-09,-3.15090806578715e-07,1.1939254675740996e-07,-8.693367222503759e-10,1.0716764411065514e-11,-1.4415965565615644e-07,6.58521018781225e-09,4.1608831293004653e-10,-9.508595405242712e-10,3.908395468443436e-08,7.275702813932639e-08,9.645770553936116e-10,4.829687397090455e-10,1.9913787947601497e-07,5.550349767800613e-08,7.832492675027172e-11,1.0824935084546026e-09,3.29360689262701e-07,-3.584818808084503e-09,-8.04989133620094e-10,-4.548782884760744e-10,-1.0072216468953264e-07,-6.750384222889451e-08,5.995372600460247e-10,-2.3586519418265274e-10,2.284213265418624e-07,1.5866459490470585e-08,10mV,1,3,1.5896508083492067,4.438603968571174e-06,4.2397933950654345e-06,-3.726553469762039e-08,-3.642400639121527e-08,0.00044384004625866214,0.0004239599004366181,-0.0003726211759371658,-0.00036420666452168584,0.00044384004625866214,0.00043536133687813893,-0.0003726211759371658,-0.00036420666452168584,6.217466744351608,0.05210977180804806,0.06286590645423107,0.16432235646857954,0.000200052428084092,1,0.990520468454144,0.9906402838119158,1,0.9557621861193384,0.9574695549675871,0.00044384004625866214,0.00043536133687813893,-0.0003726211759371658,-0.00036420666452168584,0.00044808770782025456,0.00043952785504532355,-0.00038986808784527443,-0.00038106410758984586,0.00044803351278104313,0.00043947469529797276,-0.0003891728713502332,-0.0003803845904364189
0.1890121,0.0100009,4.966258153827417e-06,4.885630365668651e-06,0.010000922633214377,5.421010862427522e-19,-4.1148292287367296e-08,-4.026668628730753e-08,-4.80198787941051e-07,1.0283960547368429e-08,-5.134865509178905e-08,-4.75451513704533e-08,3.141942912646774e-07,-2.4425400306184526e-07,1.8317884772970337e-11,2.112265250140999e-09,-3.0503658708251434e-07,-1.2174970184422659e-08,-1.0599464390721371e-09,-1.7932668167303833e-10,4.325072669357664e-08,6.834193562825169e-09,5.256441322797966e-10,-1.0077217239519963e-09,5.472745248945432e-08,6.238953346246123e-08,1.2708763473975913e-09,5.737421801651525e-10,-2.6534283134162236e-08,-3.858450657922954e-08,2.1649341982042196e-10,1.3061303336757807e-09,3.7379829619256774e-07,1.0729178396792653e-07,-8.667347874603802e-10,-6.131642422703648e-10,-1.4001868598560275e-07,-2.885316697511133e-08,6.942599981554358e-10,-8.421107242665129e-11,2.9461712425702317e-07,1.470655223559301e-07,10mV,1,4,1.6008767531672765,4.966258153827417e-06,4.742179717696635e-06,-4.1148292287367296e-08,-4.026668628730753e-08,0.0004965799992626502,0.0004741742228809203,-0.00041140700381829244,-0.000402592570390537,0.0004965799992626502,0.0004885179642768989,-0.00041140700381829244,-0.000402592570390537,6.9665704704970075,0.05757245854336126,0.069980181470005,0.16415373919636625,0.00019705524239062368,1,0.9905195885437198,0.9906394261455603,1,0.9557580798706926,0.9574657656969197,0.0004965799992626502,0.0004885179642768989,-0.00041140700381829244,-0.000402592570390537,0.0005013328408706498,0.000493193642939588,-0.0004304509817734975,-0.0004212285293418654,0.0005012721946619605,0.0004931339813292654,-0.0004296832519320811,-0.0004204772481839057
0.238186,0.0100048,5.5635497462585526e-06,5.489934782165351e-06,0.010004765317921485,-2.168404344971009e-19,-4.617823410664059e-08,-4.47410397863132e-08,-4.823843390793978e-07,2.1327583433064129e-07,-5.7704341883436946e-08,-5.258603584296383e-08,5.75844358263378e-07,-1.8189498537693088e-07,-3.41853372982515e-11,2.686518459875196e-09,-9.959897752098012e-09,-1.4070277734516952e-07,-1.045778694627957e-09,-1.5402619924077823e-10,-9.148380506399511e-08,9.65435772907843e-09,7.508749640502141e-10,-1.0594204384191052e-09,1.8125013897729418e-07,-1.1300147249365513e-09,1.2310205316991634e-09,8.450857006411399e-10,4.052583792998101e-07,8.348731713505323e-08,-2.0338810392936358e-11,1.4895069893346502e-09,4.065840167048536e-07,8.748524424459342e-09,-8.895985956415233e-10,-6.728664254479074e-10,-5.206882902741356e-08,-1.091400451164774e-07,8.889356013163867e-10,-2.98411844253688e-10,2.5686519955505667e-07,-2.3707921709403693e-08,10mV,1,5,1.615006158161688,5.5635497462585526e-06,5.309094166738524e-06,-4.617823410664059e-08,-4.47410397863132e-08,0.0005560899800710562,0.0005306565419608964,-0.00046134254752163464,-0.00044698429190942804,0.0005560899800710562,0.0005487319899779416,-0.00046134254752163464,-0.00044698429190942804,7.816167199562873,0.06429766672569202,0.07807100766531742,0.16406361414120102,0.00019604470587542144,1,0.990512301769828,0.9906323236601037,1,0.9557240749258639,0.9574343868622932,0.0005560899800710562,0.0005487319899779416,-0.00046134254752163464,-0.00044698429190942804,0.0005614165306957274,0.0005539880615288453,-0.00048271520999135784,-0.00046769177803133283,0.0005613485112382185,0.0005539209420812493,-0.00048185291217035537,-0.0004668563173026261
0.3004808,0.0100004,6.238577136283606e-06,6.172454418906057e-06,0.010000437546084043,-6.2341624917916505e-19,-5.196469861518431e-08,-5.0245085946583825e-08,-4.292657316884212e-07,5.0433112888818825e-08,-6.442681940149786e-08,-5.881824664521006e-08,3.0329183848768675e-07,1.696501108998608e-08,4.057668756294354e-10,3.0667766233328243e-09,-1.672907692679718e-07,-5.739246310209678e-08,-1.4337994213492443e-09,4.058012185426525e-10,4.2966097453334035e-08,2.6627188538463435e-08,2.1039234812005066e-10,-1.6017254238269427e-09,8.779187373437838e-08,-1.1410206527832218e-07,1.7863736284809516e-09,3.735764500729369e-10,3.3404564491195795e-07,4.767421227598183e-08,5.274155956533744e-10,1.916715087690731e-09,2.63392689512444e-07,7.560090049368755e-08,-1.4440269922467572e-09,-1.7735999208491603e-11,-1.1887983612069413e-07,1.0376387641241486e-07,6.029058726772045e-10,-6.485182248695445e-10,3.683115809528261e-07,-1.0116796388752453e-08,10mV,1,6,1.5468370897208443,6.238577136283606e-06,5.9444157127679044e-06,-5.196469861518431e-08,-5.0245085946583825e-08,0.0006238304181727028,0.0005944155628566083,-0.000519601515235433,-0.0005024068932702482,0.0006238304181727028,0.00061721843573965,-0.000519601515235433,-0.0005024068932702482,8.7760491246821,0.07228345982274599,0.08723761342798177,0.1640088302128599,0.00019622240277869884,1,0.9905205082016805,0.9906403225546864,1,0.955762371607842,0.9574697261381758,0.0006238304181727028,0.00061721843573965,-0.000519601515235433,-0.0005024068932702482,0.0006298006078695791,0.0006231253473592672,-0.0005436513621699997,-0.0005256608841223456,0.000629724435770951,0.0006230499826091802,-0.0005426819261755408,-0.0005247235286452744
0.3780242,0.0099995,6.982876180467108e-06,6.926958032944106e-06,0.009999519568079438,-2.168404344971009e-19,-5.7990147691044156e-08,-5.6012576026361264e-08,-3.6197175619611795e-07,-1.4530180899890352e-07,-7.125190510334892e-08,-6.490996528320174e-08,3.987591860143726e-07,5.1088674042953574e-08,6.742632364328476e-10,3.837317929066549e-09,-1.7060509717721482e-07,1.2586693968513558e-07,-2.0131340987917544e-09,2.2312934874434196e-10,-1.3097935352339088e-07,-6.8929611999042705e-09,3.0461817760888817e-10,-2.0376176867267587e-09,1.0812389637203475e-07,-5.993965585437078e-09,2.048000739057265e-09,3.104677065480835e-10,2.7218093922257586e-07,-6.09538767226098e-08,9.635032204403352e-10,2.1325202417827746e-09,3.1530951480285443e-07,4.719812922557025e-08,-1.5716367304699092e-09,2.7251108446007233e-11,-6.700394192894693e-08,5.359452321849417e-08,4.073882892245676e-10,-9.865375312569507e-10,1.334336257265527e-07,-3.4181332687673525e-08,10mV,1,7,1.5469370124260293,6.982876180467108e-06,6.640096987406987e-06,-5.7990147691044156e-08,-5.6012576026361264e-08,0.0006983211676246839,0.000664041601418889,-0.0005799572015622524,-0.000560179584601373,0.0006983211676246839,0.0006927290842108462,-0.0005799572015622524,-0.000560179584601373,9.835817573638897,0.08062422652241703,0.09638535974889079,0.1638804744507149,0.0001951298815082441,1,0.9905222484386516,0.990642018804863,1,0.9557704927137073,0.9574772204322215,0.0006983211676246839,0.0006927290842108462,-0.0005799572015622524,-0.000560179584601373,0.0007050030110130684,0.0006993574200910549,-0.0006067954660491632,-0.000586102614458061,0.0007049177749063756,0.0006992728665462557,-0.0006057138375578793,-0.0005850578715058082
0.4763719,0.0100004,7.823714459363248e-06,7.782860429070072e-06,0.010000441603739602,-1.0570971181733668e-18,-6.475593208089935e-08,-6.249069582424144e-08,-5.166370849276446e-07,1.5558967960989848e-07,-7.96077952646349e-08,-7.130219282407247e-08,4.07909530614812e-07,8.305728366052685e-08,6.343572900927186e-10,4.471033373800115e-09,-2.0256225987044539e-07,-1.6992736355404834e-08,-2.3634563486737095e-09,3.92984144324364e-10,5.7540528449412396e-08,9.585551246416585e-08,3.4128227733478866e-10,-2.4447087706488777e-09,6.301580507430093e-08,-6.457668260122033e-08,2.7428790132353423e-09,6.628497426666269e-10,2.933458863999758e-07,1.6097226086425393e-08,7.209195942365137e-10,2.7504527565767346e-09,4.0598463647655574e-07,-1.415390203764078e-07,-1.952589308448841e-09,-3.7068417968486917e-10,-6.816994307350695e-08,1.806771537507594e-08,7.136687086106318e-10,-1.1194755495008078e-09,3.7436321549205996e-07,7.787019026213756e-09,10mV,1,8,1.5470889561584222,7.823714459363248e-06,7.421335580249593e-06,-6.475593208089935e-08,-6.249069582424144e-08,0.0007823368976463619,0.0007421007865767079,-0.000647502131673725,-0.0006248517696482322,0.0007823368976463619,0.0007782516750220031,-0.000647502131673725,-0.0006248517696482322,11.035552745559887,0.08999120959440382,0.10687096784635777,0.1637938427394655,0.00019401934880897907,1,0.990520500509113,0.9906403150565767,1,0.9557623357091938,0.9574696930105506,0.0007823368976463619,0.0007782516750220031,-0.000647502131673725,-0.0006248517696482322,0.0007898240341762256,0.0007856997150710088,-0.0006774719064371438,-0.0006537731675569537,0.0007897285076689833,0.0007856046873860127,-0.0006762638404123252,-0.0006526073610575858
0.5978954,0.0100002,8.74960078098582e-06,8.727889933957103e-06,0.010000166172225053,-2.168404344971009e-19,-7.208320456455431e-08,-6.945618089018693e-08,-5.354796376238921e-07,-2.7779633073196518e-08,-8.856119934505489e-08,-7.814563359416284e-08,5.110778730323383e-07,1.2090623464164317e-07,4.852870196476303e-10,5.4399778527868035e-09,-2.9198342321251895e-07,1.5944897373576065e-08,-2.7836758651839994e-09,6.167135911742176e-10,8.636131529223258e-08,-9.96750122854306e-09,5.401983305280525e-10,-3.2562288661161874e-09,-5.18941730849341e-08,-1.28243874969329e-07,3.360732164931475e-09,3.3017149058497223e-10,3.0519099783794864e-07,6.167365496588554e-08,9.195109797769099e-10,3.334645137774293e-09,4.7648307251060667e-07,2.438906158030745e-08,-2.0208340144292166e-09,-4.721228780503504e-10,1.0771956029673886e-07,-6.439539640674753e-08,9.257111579448147e-10,-1.4193290587355075e-09,2.050009511884549e-07,-1.0058174395744062e-07,10mV,1,9,1.547286565898757,8.74960078098582e-06,8.274151812974764e-06,-7.208320456455431e-08,-6.945618089018693e-08,0.0008749455389338814,0.0008274014321837766,-0.0007208080897896815,-0.0006945387261009845,0.0008749455389338814,0.0008727744903078078,-0.0007208080897896815,-0.0006945387261009845,12.358461737849794,0.10010069652178127,0.11810938184271265,0.16373003706993194,0.00019263824563237603,1,0.9905210226694434,0.9906408240177543,1,0.9557647724574029,0.9574719416708337,0.0008749455389338814,0.0008727744903078078,-0.0007208080897896815,-0.0006945387261009845,0.0008833184949229171,0.0008811266700384512,-0.0007541689237367314,-0.0007266837470010846,0.000883211672405498,0.0008810201125853924,-0.0007528242431123752,-0.0007253880723533076
0.7515633,0.0100002,9.793734089017209e-06,9.79523797779386e-06,0.010000184389230816,0.0,-8.009000537770072e-08,-7.699679000163294e-08,-4.021365171906254e-07,4.629747763347558e-08,-9.79916065046205e-08,-8.564508577394352e-08,5.585890487952042e-07,9.736808567022713e-08,4.2769202725836636e-10,6.542777906289506e-09,-3.376774670522397e-07,1.569483638939018e-07,-3.711218934784378e-09,4.296796355542884e-10,-1.1558972424560347e-07,2.3651538813773888e-08,4.631419771838471e-10,-3.749217778704785e-09,8.863127512594224e-08,2.0359054010893427e-08,4.244277529815667e-09,6.189291676327765e-10,1.953134100536146e-07,4.762578255497058e-09,9.34729144452529e-10,3.619356452865857e-09,3.793813513426511e-07,9.841904077450773e-09,-2.655878447394243e-09,-1.1735570089572097e-10,-5.7163545281603434e-08,-1.5755615101613415e-07,5.938167405834762e-10,-1.6559879724147187e-09,2.1721078732110095e-07,-6.202693033683894e-08,10mV,1,10,1.5475727283575653,9.793734089017209e-06,9.224881455976843e-06,-8.009000537770072e-08,-7.699679000163294e-08,0.0009793553506437407,0.0009224711362233585,-0.000800870519124915,-0.0007699395060438957,0.0009793553506437407,0.0009795057367484481,-0.000800870519124915,-0.0007699395060438957,13.851495025736135,0.11109867070291926,0.13014390367044673,0.16367804041570896,0.00019069710561269479,1,0.9905209881342689,0.9906407903555364,1,0.9557646112932552,0.9574717929463179,0.0009793553506437407,0.0009795057367484481,-0.000800870519124915,-0.0007699395060438957,0.0009887275104472448,0.0009888793357053756,-0.0008379369874777522,-0.0008055744028878433,0.000988607939606701,0.0009887597465039854,-0.0008364429375621483,-0.0008041380557798465
0.9486946,0.0099999,1.0985273652991249e-05,1.1019515729799496e-05,0.009999934961946037,-9.486769009248164e-19,-8.972828335912863e-08,-8.528729299789784e-08,-3.4146923328606793e-07,-2.6835363399638928e-08,-1.0915248602925743e-07,-9.418072574848996e-08,5.204005884363503e-07,1.1406204617192862e-08,7.075703398807937e-10,7.75547428305009e-09,-5.067440105294851e-08,9.998951089271361e-08,-4.439422155679237e-09,2.5760213543503126e-10,-1.7175186254415473e-07,1.3010400525073147e-07,3.4921860675810503e-10,-4.536146185352573e-09,1.05695056786083e-07,-1.1140366344325924e-07,4.521966439854446e-09,1.0931243701601234e-09,4.3882527735810513e-07,1.1969378627923834e-07,9.499916786088387e-10,4.9036457676775255e-09,3.2151618680301965e-07,-5.608322948774519e-08,-3.0105269222112464e-09,-4.2974695844627315e-10,-6.451605150304532e-08,-6.120442913249961e-08,1.0461688053496377e-09,-2.3025451684930873e-09,1.0790218613638307e-07,3.514745943269012e-08,10mV,1,11,1.5479308822955753,1.0985273652991249e-05,1.0299575498275527e-05,-8.972828335912863e-08,-8.528729299789784e-08,0.0010985345099537986,0.0010299642485145904,-0.0008972945052110212,-0.0008528840239263364,0.0010985345099537986,0.0011019587399051488,-0.0008972945052110212,-0.0008528840239263364,15.559754630147681,0.12379453615360153,0.14416752168529332,0.16365002601878192,0.00018912819760003133,1,0.9905214609844913,0.9906412512536493,1,0.9557668179276264,0.9574738292631283,0.0010985345099537986,0.0011019587399051488,-0.0008972945052110212,-0.0008528840239263364,0.0011090466519139844,0.0011125036491484986,-0.0009388215706803992,-0.0008923557586730527,0.0011089125438332101,0.001112369123040887,-0.000937147813117335,-0.0008907648416695795
1.195791,0.01,1.2323029449056446e-05,1.2391133666928519e-05,0.010000015044372717,-6.505213034913027e-19,-1.0042308785022136e-07,-8.956575051063994e-08,-3.7204375117421603e-07,1.1209446554610325e-08,-1.2455280718240363e-07,-1.0259085087210828e-07,5.748454694133395e-07,-6.002722852063965e-08,8.423974336035204e-10,6.629176541531966e-09,-2.1833389316959104e-07,-1.8540945119464326e-07,-3.5583388111763176e-09,4.0716757206436046e-10,-9.233615358849732e-08,-9.099189913674708e-08,7.240405482510062e-10,-3.5319494984383486e-09,7.987835270844258e-08,5.47292185475502e-08,4.141119296252605e-09,7.646867169786023e-10,1.6131100981978296e-07,7.509017683055398e-08,1.180792722971065e-09,3.881957883177399e-09,2.8615668207803153e-07,-8.970199274237321e-08,-2.4599786629256942e-09,-1.7509449696814343e-10,6.466270287560676e-08,-4.097337361614982e-08,1.1073539571497074e-09,-1.575552441755231e-09,2.530162973001833e-07,8.536295183581077e-08,10mV,1,12,1.5483086906907335,1.2323029449056446e-05,1.1483670987453366e-05,-1.0042308785022136e-07,-8.956575051063994e-08,0.0012323010909859535,0.0011483653711016708,-0.0010042278569043063,-0.0008956548101914145,0.0012323010909859535,0.0012391115025273238,-0.0010042278569043063,-0.0008956548101914145,17.47561868301096,0.13456158529798715,0.16136382636663082,0.16371235977462872,0.0001831097526165747,1,0.9905213091700149,0.9906411032764821,1,0.9557661094600698,0.9574731754772282,0.0012323010909859535,0.0012391115025273238,-0.0010042278569043063,-0.0008956548101914145,0.0012440934683359134,0.0012509690514034568,-0.0010507046095949283,-0.0009371066847069797,0.001243943025289579,0.001250817776921472,-0.001048831322510706,-0.0009354359298316615
0.0946587,0.0100008,3.5359846086849386e-06,3.465979492062247e-06,0.010000777230742703,-5.759824041329242e-19,-2.911385463884764e-08,-3.5490287726798795e-08,-1.5699522203610282e-07,-2.9608843966211307e-08,-3.293004179504294e-08,-3.473302242202989e-08,3.745474760676219e-07,-1.4078761412754126e-08,-3.7243895687318256e-10,4.2435793965006684e-09,-4.15577418852921e-07,9.097837657946355e-09,-2.9766575523767802e-09,-3.7607473366886666e-10,-1.8005215434232874e-07,-9.375622224730029e-08,6.695633895604801e-10,-2.62292387337416e-09,2.0379054782951435e-07,1.9285191515346466e-07,2.394408586133262e-09,6.351347708199807e-10,1.5709836835405613e-07,5.512288301552271e-08,-1.9266570151483443e-10,2.3507061763064057e-09,3.2247818262957067e-07,5.5995789092066284e-08,-1.994225717483678e-09,-6.87278083372537e-10,-2.1443279948380768e-07,6.00851264680031e-08,6.492736765876878e-10,-1.2835692077099605e-09,2.1580944448354582e-07,1.0113365106345193e-07,10mV,2,1,1.573923820982249,3.5359846086849386e-06,3.3941393589197584e-06,-2.911385463884764e-08,-3.5490287726798795e-08,0.00035357098024493643,0.0003393875576476264,-0.0002910932952983976,-0.00035484771541371735,0.00035357098024493643,0.0003465710126416692,-0.0002910932952983976,-0.00035484771541371735,4.951383745202229,0.04590399824484699,0.047861994308558704,0.1648628744215275,0.00022201804162955165,1,0.9905198642113333,0.9906396948440954,1,0.9557593663195556,0.9574669528364153,0.00035357098024493643,0.0003465710126416692,-0.0002910932952983976,-0.00035484771541371735,0.0003569549617527912,0.00034988799837710896,-0.0003045675570194426,-0.0003712730713591301,0.0003569117834517833,0.0003498456749163597,-0.00030402437852926226,-0.0003706109274711893
0.1193355,0.0099963,3.962664526533851e-06,3.895924724464259e-06,0.009996301423911084,-5.014435047745458e-19,-3.3058981491454434e-08,-3.616196051455308e-08,-4.336593028774321e-07,1.6586967853930168e-07,-3.895797983819825e-08,-3.8750018255438004e-08,4.774471782389108e-07,5.623317866076609e-08,-1.3526691551043397e-10,3.281133987941662e-09,-2.907825881762462e-07,6.81435982475621e-08,-2.0275508267752383e-09,-6.817480276022179e-11,4.921290927918263e-08,5.55576573942642e-08,6.33563664500278e-10,-1.8208623511722762e-09,1.792365303753798e-07,-3.8397567458403096e-08,1.861224784704574e-09,6.581232564431224e-10,3.1953620258847446e-08,5.138742930923098e-08,-4.098423296989239e-11,1.8624222038060192e-09,5.054417041178634e-07,6.30755629589473e-08,-1.374027794271686e-09,-6.60660709958163e-10,-1.33514055015553e-07,3.029058501073046e-08,7.863557380121078e-10,-7.938182311633556e-10,2.0270333062155195e-07,2.0013228223277675e-08,10mV,2,2,1.5811317158532874,3.962664526533851e-06,3.80539695086674e-06,-3.3058981491454434e-08,-3.616196051455308e-08,0.0003964130690432348,0.0003806804926634422,-0.00033083449296717073,-0.00036188724914660637,0.0003964130690432348,0.00038973661950061195,-0.00033083449296717073,-0.00036188724914660637,5.557062138265296,0.04899575130058139,0.05494804917256153,0.16479232206744143,0.0002110530409684109,1,0.9905283479042667,0.9906479641621635,1,0.9557989568865778,0.9575034885616074,0.0003964130690432348,0.00038973661950061195,-0.00033083449296717073,-0.00036188724914660637,0.00040020365886746695,0.00039346336763123056,-0.00034613397575242383,-0.0003786227705514755,0.00040015533608702217,0.00039341585871044524,-0.0003455177938454939,-0.00037794875263613405
0.1502404,0.0100016,4.441362020392736e-06,4.378292178399797e-06,0.010001555728977372,-4.607859233063394e-19,-3.7426112830628205e-08,-3.711345911894839e-08,-3.007241710433059e-07,-6.344815329449827e-08,-4.603079001414956e-08,-4.362012396293341e-08,3.541602186166927e-07,1.4080713223703782e-08,5.894141034496919e-12,2.0827864306448667e-09,-1.8209992928439537e-07,8.429877557571925e-08,-9.100290795759175e-10,-1.0432925511985956e-10,-8.628890291773037e-08,-8.419417983416009e-08,4.676878745227619e-10,-1.044794675668778e-09,9.988424200043125e-08,-2.2886341181815686e-07,1.0120563409901668e-09,4.552928499103924e-10,5.822883073714821e-08,6.089709254791412e-10,2.2721729544361015e-10,1.2979057120285474e-09,3.860363650057615e-07,-8.960156766241516e-08,-7.725203691066616e-10,-4.0286172742670863e-10,-1.2593404871337582e-07,-3.44622646814452e-08,7.350877821164325e-10,-2.7372477906676383e-10,2.4254016594051745e-07,-3.560587113390981e-08,10mV,2,3,1.5896737099475007,4.441362020392736e-06,4.264260076439533e-06,-3.7426112830628205e-08,-3.711345911894839e-08,0.0004440671172310562,0.00042635967763342557,-0.00037414470569880796,-0.00037101914116392126,0.0004440671172310562,0.00043776111407494643,-0.00037414470569880796,-0.00037101914116392126,6.236596747876513,0.052707900445614096,0.06341568294884482,0.16482794618666213,0.00020234867852043023,1,0.9905183882148063,0.9906382561641998,1,0.9557524783357629,0.9574605966146202,0.0004440671172310562,0.00043776111407494643,-0.00037414470569880796,-0.00037101914116392126,0.00044831789345313466,0.00044195152688070286,-0.00039146611092267364,-0.00038819584523596654,0.00044826364666200754,0.00044189805042456066,-0.0003907677318750298,-0.0003875033003715945
0.1890121,0.0100006,4.968733768398475e-06,4.916550577186058e-06,0.010000600642262774,4.87890977618477e-19,-4.158652527032019e-08,-4.115672870047873e-08,-4.2844939128307853e-07,3.428393004390279e-08,-5.1378826755397684e-08,-4.813232362129171e-08,5.28095867366493e-07,-5.880429576919127e-08,1.0518001094917919e-10,2.2132872666414022e-09,-1.3310431180990566e-07,-8.372564538832251e-08,-1.0244364028375985e-09,-1.018876212504154e-10,-9.708340540526096e-08,9.331352849755477e-08,6.940526425368324e-10,-1.1278562173049676e-09,1.1013566931570468e-07,-4.331655929633589e-08,1.1701203920334204e-09,5.799086141674428e-10,1.626725290557574e-07,-4.3148274611383264e-08,6.293346641777965e-11,1.2869905209211235e-09,3.4030818996701e-07,-4.1890024236828156e-08,-8.914936026678085e-10,-5.081506266968426e-10,-3.2307655803581566e-08,8.174399825073373e-08,7.785525192120025e-10,-2.1009274915316665e-10,1.573177193318413e-07,-1.3271718607732803e-08,10mV,2,4,1.6008572741415457,4.968733768398475e-06,4.773104547768983e-06,-4.158652527032019e-08,-4.115672870047873e-08,0.0004968435343173777,0.0004772817872156329,-0.0004158152999545282,-0.00041151785051756834,0.0004968435343173777,0.0004916255286116115,-0.0004158152999545282,-0.00041151785051756834,6.990048986899295,0.05850910528613294,0.07040244609348403,0.16470696495853152,0.00020026113554858654,1,0.9905201989989103,0.9906400211682707,1,0.9557609286615814,0.9574683945749664,0.0004968435343173777,0.0004916255286116115,-0.0004158152999545282,-0.00041151785051756834,0.0005015985891247074,0.0004963306443507997,-0.00043506204060551353,-0.00043056567618206097,0.0005015379186189608,0.0004962706110256207,-0.0004342861887771392,-0.0004297978427791832
0.238186,0.0100044,5.567226892190629e-06,5.528943104406658e-06,0.010004429038742131,7.047314121155779e-19,-4.637908258917211e-08,-4.5783885775947204e-08,-3.0743961491502527e-07,6.699271426860774e-08,-5.786342970229798e-08,-5.351189486189507e-08,2.993833504161903e-07,-1.7720562406713545e-07,-1.967336928016506e-11,2.414187367192948e-09,-1.9000110529920583e-07,-1.5661738267975113e-07,-1.1424442884927718e-09,-5.543290732872588e-11,-5.858922541332326e-08,1.899865977185433e-07,6.439410478344252e-10,-1.1353060834456667e-09,1.6145584183092047e-07,5.124656157412815e-08,1.4551529563574579e-09,8.665704404989722e-10,2.659599924867091e-07,-5.456394959982741e-08,-3.276275683212494e-11,1.4788658305807372e-09,4.270339140360193e-07,2.04516546396401e-07,-8.949589353613554e-10,-5.935425377781471e-10,3.1947344749555e-08,-2.036331899135566e-08,1.083234008406371e-09,-4.211784054431263e-10,2.2245869059672265e-07,4.131704458027791e-08,10mV,2,5,1.6150309700673797,5.567226892190629e-06,5.348108567376657e-06,-4.637908258917211e-08,-4.5783885775947204e-08,0.0005564762237436594,0.0005345740918013529,-0.00046338026916037725,-0.0004574335698270025,0.0005564762237436594,0.0005526495398183982,-0.00046338026916037725,-0.0004574335698270025,7.846223749097171,0.065170418891996,0.07881433491835918,0.16469450982438022,0.00019870574243332866,1,0.9905129395582526,0.9906329453126864,1,0.9557270512718452,0.9574371332725272,0.0005564762237436594,0.0005526495398183982,-0.00046338026916037725,-0.0004574335698270025,0.0005618061122874737,0.0005579427766636424,-0.00048484582344271654,-0.0004786236501501838,0.0005617380548231328,0.0005578751872056488,-0.00048397983852635837,-0.00047776877868052923
0.3004808,0.0100001,6.243268004551005e-06,6.22074469555956e-06,0.010000066980880415,1.0299920638612292e-18,-5.251804819518578e-08,-5.1574591312641504e-08,-1.9854498054341575e-07,-5.839726855226511e-08,-6.42820771932312e-08,-5.993636984794998e-08,5.424703145283597e-07,4.40139640976216e-08,6.373764320634241e-10,3.0728811530673485e-09,-2.7370819144161834e-07,1.1776768752968275e-07,-1.780851528959699e-09,3.1147660347818373e-10,-2.0241329675264115e-07,4.430275607685761e-08,1.0923895568133551e-10,-1.7072982196469693e-09,1.3701143359704964e-07,1.526740015594384e-08,1.734048839274842e-09,3.023090192194608e-10,1.4344686268979012e-07,-5.0963400569035966e-08,5.737390080883348e-10,1.8531036101483895e-09,4.435420761760199e-07,8.369178976496731e-08,-1.3778262302464758e-09,-2.1378553727899623e-10,-9.67280141858445e-08,-5.191748717672441e-08,4.0558416063072706e-10,-5.673766069755504e-10,2.239771319751671e-07,-1.512286503675541e-08,10mV,2,6,1.5468016100583286,6.243268004551005e-06,5.992714439372641e-06,-5.251804819518578e-08,-5.1574591312641504e-08,0.0006243226186872343,0.0005992674299912576,-0.0005251734466123313,-0.0005157390041727637,0.0006243226186872343,0.0006220703028742993,-0.0005251734466123313,-0.0005157390041727637,8.81340229105552,0.07360763449057342,0.08788944122490928,0.16470689480144807,0.0001998170388912611,1,0.9905212107118876,0.9906410073070455,1,0.9557656499888086,0.9574727514698089,0.0006243226186872343,0.0006220703028742993,-0.0005251734466123313,-0.0005157390041727637,0.0006302970718199296,0.0006280232024786398,-0.0005494793065836598,-0.0005396082231860946,0.0006302208510269431,0.0006279472566609499,-0.000548499626549311,-0.0005386461425466749
0.3780242,0.0100001,6.988554004035203e-06,6.987815980428561e-06,0.010000058756954823,4.0657581468206416e-19,-5.854960208336092e-08,-5.775575294627441e-08,-4.5772959491345205e-07,-6.575400569612774e-08,-7.152644690701502e-08,-6.634564128991518e-08,4.6341562476153557e-07,-1.9496693319678242e-08,3.6097517726860496e-10,3.922843090830616e-09,-1.4604295274448655e-07,1.339053998833859e-07,-1.9789533443466563e-09,9.457121533711831e-11,-1.2030441021480996e-07,-2.460838595961026e-08,2.1958719236441333e-10,-2.0763345657622833e-09,4.084510570828459e-08,-5.491427834912747e-08,2.3286953495879133e-09,3.679461730802961e-10,2.9649323322234536e-07,6.316178732734165e-08,8.077400543029095e-10,2.1553889386114323e-09,2.9988816073362817e-07,-1.680896932205554e-08,-1.4899205264077042e-09,-1.3539381761302284e-10,-4.010197916757838e-08,-7.177221215910033e-08,5.705579769784213e-10,-9.409127973171287e-10,3.1155949323534687e-07,-7.286929873557858e-08,10mV,2,7,1.5469653755996575,6.988554004035203e-06,6.700939466919858e-06,-5.854960208336092e-08,-5.775575294627441e-08,0.0006988512941661283,0.0006700900094471445,-0.0005854891405016005,-0.0005775507424182288,0.0006988512941661283,0.0006987774922391017,-0.0005854891405016005,-0.0005775507424182288,9.882786006164922,0.08224222092399369,0.09755909350394835,0.1646630437642411,0.0001990458143423144,1,0.9905212263023483,0.99064102250343,1,0.955765722744292,0.9574728186097066,0.0006988512941661283,0.0006987774922391017,-0.0005854891405016005,-0.0005775507424182288,0.0007055389380952145,0.0007054644299220761,-0.0006125864598078328,-0.0006042806607040753,0.000705453618708495,0.0007053791195454783,-0.0006114942681628883,-0.0006032032776208293
0.4763719,0.0100003,7.831068367173557e-06,7.858914537404528e-06,0.010000348424711565,-1.111307226797642e-18,-6.530416557601015e-08,-6.45097448046884e-08,-2.778561417298487e-07,2.0248958174468148e-07,-7.964654100822211e-08,-7.359333446254391e-08,3.4830389845816866e-07,-1.2431204034830338e-07,6.249888333874112e-10,4.467331586325131e-09,-3.3615897552472707e-07,-1.8982803107138942e-07,-2.4378449550086682e-09,6.290790058348843e-10,1.0194148853687314e-07,-6.815945935463723e-08,5.506257505610448e-10,-2.3173378099031725e-09,1.0513900603675044e-07,-6.535182709503858e-08,2.705213938228175e-09,3.846348007979996e-10,2.6834277638041366e-07,-1.0284446268616254e-08,6.711355965863315e-10,2.6127560069967783e-09,3.484657985127409e-07,-2.2682985662937368e-08,-2.1947222511105817e-09,-3.7167812790054415e-10,-4.771657815582571e-08,-3.498856187031044e-08,4.941702298487869e-10,-9.25281317336574e-10,3.2642157246125335e-07,1.0335369825799605e-07,10mV,2,8,1.5470857513803515,7.831068367173557e-06,7.497393057088696e-06,-6.530416557601015e-08,-6.45097448046884e-08,0.0007830795522906417,0.0007497131838488858,-0.0006529961509682545,-0.0006450524968177622,0.0007830795522906416,0.000785864072294181,-0.0006529961509682545,-0.0006450524968177622,11.094510781353748,0.09179401514447971,0.10844146057615721,0.16466892017923698,0.00019790616353712213,1,0.9905206771585988,0.9906404872406408,1,0.9557631600734611,0.9574704537425598,0.0007830795522906416,0.000785864072294181,-0.0006529961509682545,-0.0006450524968177622,0.0007905736551981716,0.0007933848231704819,-0.0006832196283000325,-0.0006749083075855139,0.0007904780416070562,0.0007932888695909755,-0.0006820013593274066,-0.0006737048587728023
0.5978954,0.0099996,8.758125993598482e-06,8.82078953011081e-06,0.009999643198883917,-3.2526065174565133e-19,-7.274905320485985e-08,-7.214309268016464e-08,-3.09405504339988e-07,5.205231776373322e-09,-8.836411389639579e-08,-8.07496691726681e-08,5.483918770496393e-07,4.6892372910741114e-08,6.298333004500893e-10,5.233796904478801e-09,-2.6002733252312516e-07,-4.867607943169405e-09,-3.0513307014729194e-09,2.628539892918049e-10,-1.8838523043331732e-07,-1.3064752150555863e-07,1.2384322477787254e-10,-2.8928045591941464e-09,2.1939275655884743e-07,-5.28885730318285e-09,3.137085588291309e-09,3.3376755017632474e-10,3.7165037426944e-07,-9.918002788715739e-08,7.008070707272858e-10,3.581853015545152e-09,3.8253228636530456e-07,1.6251937680517376e-08,-2.4279868933796333e-09,-1.1609983751524669e-10,-6.975575185555209e-08,1.3223552829053442e-07,9.615848835127814e-10,-1.3498291858083654e-09,3.0270467826685424e-07,-3.985952741069873e-08,10mV,2,9,1.5473204814509272,8.758125993598482e-06,8.367075138028277e-06,-7.274905320485985e-08,-7.214309268016464e-08,0.0008758438495661521,0.0008367373686855292,-0.0007275424487139256,-0.0007214824110290465,0.0008758438495661521,0.0008821104268095603,-0.0007275424487139256,-0.0007214824110290465,12.43024934803232,0.10245511487311092,0.11970265534310653,0.16468110916334214,0.0001971691933324864,1,0.9905220140775334,0.990641790367062,1,0.955769399028489,0.9574762111542721,0.0008758438495661521,0.0008821104268095603,-0.0007275424487139256,-0.0007214824110290465,0.0008842245170914447,0.0008905510571928722,-0.0007612112811452748,-0.0007548708001767076,0.0008841176074770944,0.0008904433826506678,-0.0007598543339649628,-0.0007535251556373117
0.7515633,0.0100002,9.805231472071413e-06,9.91217944758869e-06,0.010000222716701137,6.505213034913027e-19,-8.110890978714878e-08,-8.028720279231618e-08,-2.23770685551978e-07,3.1992815800372646e-08,-9.834804973375666e-08,-8.898392186889332e-08,5.328550344026417e-07,-1.406345577072593e-07,7.249305499629278e-10,6.351205011807909e-09,-2.3112322837960452e-07,-4.7632374182794e-08,-3.8710673797713944e-09,3.7114286471051234e-10,-1.1007819343846204e-07,1.6838429407298453e-07,7.51287133037306e-10,-3.5451571735568855e-09,1.758020630315969e-07,2.5310862264909713e-08,4.09555007712754e-09,6.263497591293186e-10,2.521592770164807e-07,1.1473506359453232e-07,9.337691170111187e-10,3.5813620102464975e-09,3.686300647010686e-07,8.51533721690453e-08,-3.1320703354878292e-09,-3.95524008085112e-10,-1.0342169660989487e-07,-1.4989260579926347e-07,8.588846743030177e-10,-1.7237806666966893e-09,2.8016095943231855e-07,2.1768629416162645e-08,10mV,2,10,1.54757900609667,9.805231472071413e-06,9.341820739779713e-06,-8.110890978714878e-08,-8.028720279231618e-08,0.0009805013098054232,0.000934161268646363,-0.0008110529704607778,-0.0008028362665159665,0.0009805013098054232,0.0009911958691714527,-0.0008110529704607778,-0.0008028362665159665,13.942520059949686,0.11412576474694199,0.13262909649697077,0.16475364988610655,0.00019589301001875348,1,0.9905209154741603,0.990640719532091,1,0.9557642722127481,0.9574714800382603,0.0009805013098054232,0.0009911958691714527,-0.0008110529704607778,-0.0008028362665159665,0.000989884508734537,0.00100068141286746,-0.0008485910114458031,-0.000839994013018787,0.0009897647961296637,0.0010005603945289307,-0.0008470779416096741,-0.0008384962719556779
0.9486946,0.0100002,1.1000954064828527e-05,1.1164856594320862e-05,0.01000024426968782,-3.2526065174565133e-19,-9.055333012469012e-08,-8.913549307313779e-08,-4.2704815846094886e-07,-2.1256310239882572e-07,-1.1029240088952193e-07,-9.790090630281873e-08,4.335859700546178e-07,2.403133447797737e-07,5.401226275439448e-10,7.733143261853745e-09,-2.406818736067203e-07,1.5098248597954257e-08,-4.699792435339872e-09,3.475799005676587e-10,-1.9878264328997982e-08,2.6371581839740616e-07,2.8751511417342076e-10,-4.5227087499126125e-09,2.5857820397484214e-07,5.7919459533252565e-08,4.3730627507440116e-09,6.121469712128182e-10,2.906766022276647e-07,1.1669457923344316e-07,1.090449683927927e-09,4.590725991037557e-09,4.782391222740914e-07,3.413229419390016e-08,-3.5422808480496497e-09,-4.937933828022618e-10,-1.4770074748194924e-07,1.3648374026907058e-07,6.534720715702526e-10,-1.9724756892522306e-09,1.1968846111466882e-07,-1.0916884018751776e-07,10mV,2,11,1.5479121395976618,1.1000954064828527e-05,1.044489409434334e-05,-9.055333012469012e-08,-8.913549307313779e-08,0.0011000685351430866,0.001044463896347344,-0.0009054890640004192,-0.000891311386128745,0.0011000685351430866,0.0011164583877379024,-0.0009054890640004192,-0.000891311386128745,15.674023513706278,0.12706314069021948,0.14747542557622376,0.16485185125394783,0.00019412183709241416,1,0.9905208746145098,0.9906406797052749,1,0.955764081534379,0.957471304077782,0.0011000685351430866,0.0011164583877379024,-0.0009054890640004192,-0.000891311386128745,0.0011105960140125372,0.0011271427148593965,-0.0009473980886023165,-0.0009325642209716,0.0011104617018860637,0.0011270064016249157,-0.0009457088271408497,-0.0009309014090894753
1.195791,0.01,1.234230952003957e-05,1.2573343124196946e-05,0.010000046057573745,-7.589415207398531e-19,-1.0198204124274748e-07,-9.457959011012471e-08,-4.286893483027004e-07,3.8957699481339546e-08,-1.2520262273957752e-07,-1.0730483779459204e-07,7.67831314773517e-07,7.644029552559331e-08,6.900097601036134e-10,6.793638906201831e-09,-3.394526495573604e-07,7.25289786579821e-08,-3.3649166978154422e-09,5.496230549360301e-10,-1.6829234298734465e-07,3.2171632264358235e-08,6.517504258022898e-10,-3.4932277374619334e-09,1.998872121785802e-07,9.436713975709294e-09,4.158433779875507e-09,5.211111782661475e-10,9.653003846855316e-08,-3.5636696818186386e-08,9.900633852323175e-10,4.121159389586933e-09,3.456491750239173e-07,-1.497181733306274e-08,-2.530169787390092e-09,-9.10054948477776e-10,-1.876487976865667e-07,-3.931438477279566e-08,9.873731555920251e-10,-1.368950572368279e-09,1.5337490579944336e-07,1.2925921292977635e-07,10mV,2,12,1.5483329627548554,1.234230952003957e-05,1.1665877630393776e-05,-1.0198204124274748e-07,-9.457959011012471e-08,0.0012342252674618294,0.001166582390043932,-0.001019811018401604,-0.0009457871889485438,0.0012342252674618294,0.001257328521469585,-0.001019811018401604,-0.0009457871889485438,17.61878433965437,0.13908858904107355,0.16489398095440802,0.16505354190459598,0.00018927004371046432,1,0.9905212503771034,0.9906410459696547,1,0.9557658350931493,0.957472922287007,0.0012342252674618294,0.001257328521469585,-0.001019811018401604,-0.0009457871889485438,0.0012460361319779306,0.0012693604715607108,-0.0010670092829821785,-0.0009895595283089054,0.001245885452135441,0.0012692069711677377,-0.0010651069024131747,-0.0009877952336129249
0.0946587,0.0200012,6.7114817088610185e-06,6.555454983098173e-06,0.02000114842695614,1.3349239248727773e-18,-1.0387104987643711e-07,-1.0464536425560579e-07,-2.5654980987340733e-07,5.142643561315186e-08,-2.6902187149255577e-07,-2.5234767016229937e-07,9.017986386595518e-08,8.561322316613055e-08,6.422251703174296e-09,1.204608214312958e-08,1.8801237257459235e-07,-1.335008538269402e-08,5.744570856134957e-09,8.047113540212764e-09,-3.2419385588630134e-07,1.5853285271738835e-08,4.775620602129126e-10,-4.043779100006158e-09,1.5050804069190802e-07,3.427857667925896e-08,2.9980760770781606e-09,6.164040178216216e-10,1.3066850444030863e-07,2.4613995293407223e-08,-4.983230512153317e-10,2.8662984151761928e-09,1.1396641975760815e-07,-2.6766886715636704e-08,-2.518903178155734e-09,-7.178730382911186e-10,-3.382970574640397e-08,-1.8437991982711138e-08,8.297894285110683e-10,-2.0114706312857447e-09,1.8666559413086018e-07,-7.239975476963413e-08,20mV,1,1,1.5736369137555672,6.7114817088610185e-06,6.411777633543963e-06,-1.0387104987643711e-07,-1.0464536425560579e-07,0.0003355548174331708,0.0003205704740885088,-0.00025964780518112187,-0.00026158336883731374,0.0003355548174331708,0.00032775392908255163,-0.00025964780518112187,-0.00026158336883731374,9.381789635448168,0.14744438701633136,0.3688524284557414,0.31237910170400407,0.0007131255512870346,1,0.9620809964150341,0.9639981308588697,1,0.8230446499368256,0.8503638157614821,0.0003355548174331708,0.00032775392908255163,-0.00025964780518112187,-0.00026158336883731374,0.00034878021568198104,0.00034067186682186707,-0.00031547232000238583,-0.0003178240316092111,0.00034808658512046055,0.00033999436159750724,-0.00030533731606231736,-0.00030761347553702245
0.1193355,0.0200004,7.520328609310669e-06,7.3682413674218095e-06,0.02000035593483093,2.439454888092385e-19,-1.1646468312191812e-07,-1.1203238315287851e-07,-1.9383335469419797e-07,-1.216582180164881e-07,-3.0444330210836374e-07,-2.81409723091965e-07,1.2187147417925503e-07,1.3366484805966985e-07,7.449623935664846e-09,1.1042170894605006e-08,2.49696308690462e-07,-5.283695279182852e-08,8.161918964653058e-09,9.055246553928616e-09,-4.031971671299484e-07,7.839801445734014e-08,2.6639465429710416e-10,-2.9979504327918777e-09,8.524573000313836e-08,-3.9525018057763575e-08,2.0611715978896045e-09,5.113715737372567e-10,2.3292656519277897e-07,1.0696498705700874e-07,-5.001512601402518e-10,2.0601986709818275e-09,1.285786932372715e-07,-5.386390597442784e-09,-1.86712794588616e-09,-6.636553698855339e-10,-6.919141871883824e-08,6.135794386036987e-08,7.203242472155112e-10,-1.2927918197806698e-09,2.5407248113754565e-07,1.068468488656789e-07,20mV,1,2,1.5807445328549652,7.520328609310669e-06,7.18711560728744e-06,-1.1646468312191812e-07,-1.1203238315287851e-07,0.0003760097387173946,0.00035934938511624024,-0.0002911513446221184,-0.00028007098909147603,0.0003760097387173946,0.00036840551195341,-0.0002911513446221184,-0.00028007098909147603,10.528358050551024,0.16160221932140095,0.41458069956202837,0.3122139950102021,0.0006961142325543041,1,0.9620840012341334,0.9640008318506843,1,0.823058672425956,0.8503735087118067,0.0003760097387173946,0.00036840551195341,-0.0002911513446221184,-0.00028007098909147603,0.00039082838737060404,0.0003829244759094113,-0.0003537431223025123,-0.00034028070959506444,0.00039005125959853455,0.00038216306436805324,-0.0003423805441248643,-0.00032935055739888135
0.1502404,0.0200016,8.424271582570204e-06,8.278313569448037e-06,0.02000157317161305,-1.2468324983583301e-18,-1.3079006978190864e-07,-1.1980049098080243e-07,-4.7370100573062956e-07,1.4487035577744518e-07,-3.4399566865436987e-07,-3.132482884009423e-07,8.398611104810414e-08,9.39496299157047e-08,8.575864445006378e-09,9.914678805444276e-09,2.3620860388802731e-07,-1.4339951518374494e-07,1.1011980838040003e-08,1.0348789476025968e-08,-1.8452004562988845e-07,5.655402890990402e-08,1.8255433424517053e-10,-1.6328099912782675e-09,2.2144968654681473e-07,1.3923865971017522e-08,1.0125526957977467e-09,1.5245685122230637e-10,1.0673050849849413e-07,-2.306697226477794e-08,-3.1523625807033386e-10,1.2034280549675104e-09,7.629012870276872e-08,-2.415293534412825e-08,-1.035185420658059e-09,-4.972078618571849e-10,-3.609954054644499e-08,-1.607249343324365e-08,6.712067417019186e-10,-5.761546960897985e-10,2.4747476040305474e-07,-5.340988630085266e-08,20mV,1,3,1.5896794160597567,8.424271582570204e-06,8.050266904201461e-06,-1.3079006978190864e-07,-1.1980049098080243e-07,0.0004211804496721404,0.0004024816865718687,-0.000326923741717028,-0.0002994541163277102,0.0004211804496721404,0.0004138831230133896,-0.000326923741717028,-0.0002994541163277102,11.810962164489707,0.1773645962214496,0.4652499438356623,0.3121536816893069,0.0006809129439475981,1,0.962079385900994,0.9639966831991883,1,0.8230371342046382,0.8503586207039072,0.0004211804496721404,0.0004138831230133896,-0.000326923741717028,-0.0002994541163277102,0.00043778138877562794,0.00043019643605167284,-0.00039721627145409253,-0.00036384034678714093,0.000436910683421006,0.00042934081644331747,-0.00038445396301904725,-0.0003521503857746853
0.1890121,0.0200017,9.425383139089705e-06,9.29478137808389e-06,0.020001745741879576,4.336808689942018e-19,-1.4567459808228323e-07,-1.3332346176714002e-07,-2.9507055802318114e-07,-2.470496653549149e-07,-3.852396865017242e-07,-3.4752511772590047e-07,-1.203814188408981e-07,2.4254961291655877e-07,9.469537542219278e-09,1.1082143881918026e-08,3.4305940235800446e-07,-1.2157552702686363e-07,1.2365562257596317e-08,1.1111216035954398e-08,-3.1257798333608684e-07,3.550902308587134e-08,2.1601117755912205e-10,-1.94853551893929e-09,1.5766109432632796e-07,-1.3192817230019245e-07,1.0032751047090352e-09,3.4555084358532837e-10,1.9043140560826095e-08,4.2185676514687484e-09,-5.368347613927353e-10,1.3617573120639642e-09,1.3941522183185106e-07,5.996169772236381e-08,-1.1127406090195168e-09,-8.168472669514455e-10,-5.406519489507492e-08,3.04288436140635e-08,8.222715121088308e-10,-6.376763100876292e-10,1.6450249996615776e-07,2.3492354353082144e-08,20mV,1,4,1.6008472819874047,9.425383139089705e-06,9.007881509694253e-06,-1.4567459808228323e-07,-1.3332346176714002e-07,0.00047122802482959646,0.00045035476532598784,-0.0003641229259673246,-0.0003332504749477519,0.00047122802482959646,0.00046469850672196646,-0.0003641229259673246,-0.0003332504749477519,13.237477410179462,0.19747464136949028,0.5188287998042781,0.3119155147587798,0.0006759032757261595,1,0.9620787315525928,0.9639960950201399,1,0.8230340805787664,0.8503565099913125,0.00047122802482959646,0.00046469850672196646,-0.0003641229259673246,-0.0003332504749477519,0.0004898019355122147,0.00048301505010098363,-0.000442415368402812,-0.00040490483056717,0.00048882773204569,0.000482054345575184,-0.0004282003156194389,-0.00039189501230625786
0.238186,0.0200092,1.0559855769311886e-05,1.0450565608733232e-05,0.020009180582256262,3.2526065174565133e-19,-1.627526457604191e-07,-1.478655687190069e-07,3.811848087123064e-08,-4.622532920846088e-08,-4.3196505317016587e-07,-3.8556551329834746e-07,1.7562937447415178e-07,5.3631835944609214e-08,1.0390024893383312e-08,1.2101775937863462e-08,1.5183970523891925e-07,-8.9307464100019e-08,1.3735283551461248e-08,1.2099789993499196e-08,-3.968649006287073e-07,-2.392337160684167e-08,4.2191748544562855e-10,-2.1121116970067557e-09,1.9337151150613243e-07,-1.6572212085110333e-08,1.0556766729268316e-09,5.173178298908228e-10,6.286210419028236e-08,1.655263751742248e-08,-5.716852080673252e-10,1.4624755252817008e-09,2.4841061733484017e-07,1.0883426519060799e-07,-1.2085486719644175e-09,-8.693658389696598e-10,-6.418853797207065e-08,-6.37196531393242e-08,1.1089937089591248e-09,-6.28690361950195e-10,1.5579156277233435e-07,8.23743517385606e-09,20mV,1,5,1.6150154991667083,1.0559855769311886e-05,1.0088890705254987e-05,-1.627526457604191e-07,-1.478655687190069e-07,0.0005277505356054487,0.0005042130867768574,-0.0004065083304300648,-0.00036932478232359233,0.0005277505356054487,0.0005222885347939027,-0.0004065083304300648,-0.00036932478232359233,14.85681242430917,0.21989236029160228,0.5790117202659393,0.3118487973346295,0.0006704556369289526,1,0.9620505349160531,0.96397075078293,1,0.8229024962749142,0.8502655723779107,0.0005277505356054487,0.0005222885347939027,-0.0004065083304300648,-0.00036932478232359233,0.0005485684134581344,0.0005428909561798401,-0.0004939933130233926,-0.0004488074638191507,0.0005474756730707997,0.000541809525205722,-0.00047809571930943395,-0.00043436403204085214
0.3004808,0.02,1.1841294240566884e-05,1.1755112898692778e-05,0.01999997787784958,-1.5178830414797062e-18,-1.8271033289080236e-07,-1.6487309735907924e-07,-2.2184781939876288e-07,-1.5560082216020697e-07,-4.839911248649042e-07,-4.285492668948702e-07,5.873952535395967e-08,1.0374529358213549e-07,1.2567984886435777e-08,1.3964526005660879e-08,2.1157309659190865e-07,1.0762354853472683e-07,1.4897057568789795e-08,1.407107049710059e-08,-4.3277037591976154e-07,-6.646813875941162e-08,-4.0920736166226664e-10,-2.888297735743565e-09,1.2515732204967855e-07,-1.2363051674020594e-09,1.637116355960447e-09,-2.7413905181366236e-10,3.1001067772525414e-08,3.089413187202198e-08,1.2875564088373743e-10,2.1136951680820565e-09,2.5529039180121126e-07,-3.7480623457232394e-08,-1.896468082646686e-09,-2.82456618154422e-10,-9.995801473520509e-08,-3.8084002883997484e-08,3.7765880059137287e-10,-1.012964618546773e-09,1.9379751049612477e-07,4.9793997563697916e-08,20mV,1,6,1.5467952337894921,1.1841294240566884e-05,1.1299055945480527e-05,-1.8271033289080236e-07,-1.6487309735907924e-07,0.0005920653669162993,0.0005649534221732558,-0.0004567768427150492,-0.000412183655236076,0.0005920653669162993,0.0005877562950562975,-0.0004567768427150492,-0.000412183655236076,16.68529078418161,0.2461020194509672,0.6464533108462869,0.311818562589708,0.0006680744073924759,1,0.9620854346358796,0.9640021203248798,1,0.8230653616341046,0.8503781327023576,0.0005920653669162993,0.0005877562950562975,-0.0004567768427150492,-0.000412183655236076,0.0006153979112472256,0.0006109190243366959,-0.0005549703146396171,-0.0005007909146094198,0.0006141743409410413,0.0006097043592167795,-0.0005371455651893233,-0.00048470631991232683
0.3780242,0.0200004,1.325742074231809e-05,1.3204328921743518e-05,0.020000367252018442,-6.505213034913027e-19,-2.0398378735713943e-07,-1.8297709211645827e-07,-1.1090665533592916e-07,-9.496440931290116e-08,-5.412187216174817e-07,-4.7338672426318596e-07,8.8881177269625e-08,1.2048758898951308e-07,1.4045108898113614e-08,1.5690778957163394e-08,1.727616359569815e-07,-1.1755948037483935e-08,1.6464483972455597e-08,1.531646709073213e-08,-3.4551373297097617e-07,3.2050809701273455e-08,-4.84552344703894e-10,-3.2219780485837037e-09,1.1187264603995442e-07,5.2585291913243045e-09,1.952124363079229e-09,-8.931702337792042e-11,1.6266720268085856e-07,4.8977946121758716e-08,1.0770679520619956e-10,2.461501089500592e-09,2.5044364884120214e-07,-8.897629185172158e-09,-2.1744966292639523e-09,-4.3239953792560255e-10,-1.359756797683769e-07,-1.8774859921575843e-07,5.986038605462908e-10,-1.3960538072969774e-09,3.572622993505403e-07,-3.086520292102107e-08,20mV,1,7,1.5469283744688485,1.325742074231809e-05,1.2630568730368414e-05,-2.0398378735713943e-07,-1.8297709211645827e-07,0.0006628588653030933,0.000631516840226708,-0.0005099407405442791,-0.0004574259310772609,0.0006628588653030933,0.0006602043230186653,-0.0005099407405442791,-0.0004574259310772609,18.7113202904669,0.27402554943646684,0.7190359485713429,0.31176056528532586,0.000663207267816729,1,0.9620839583246381,0.9640007932797419,1,0.8230584721816447,0.8503733702918725,0.0006628588653030933,0.0006602043230186653,-0.0005099407405442791,-0.0004574259310772609,0.0006889823487519612,0.0006862231900928245,-0.0006195680595967887,-0.000555763589754179,0.000687612364973168,0.000684858692670268,-0.0005996668738218516,-0.000537911871488002
0.4763719,0.0200005,1.4856737392343768e-05,1.4847352686443523e-05,0.020000477320682174,-5.421010862427522e-19,-2.2802526095945587e-07,-2.0284449336067163e-07,-1.3694809526637798e-07,6.274383190174379e-08,-6.053514670456261e-07,-5.227182272528957e-07,1.2601774400433158e-07,2.8242216768307573e-08,1.5571851238650164e-08,1.7747009167167388e-08,2.2895955402841941e-07,9.252905327570431e-09,1.8131692709992388e-08,1.6757177045464162e-08,-3.1916725101490497e-07,-3.7339566040502736e-08,-5.383877256030566e-10,-4.024570716133291e-09,1.9777231727784374e-07,-2.3434656951514412e-08,2.617297085333198e-09,-3.2386293397105763e-10,4.459881495150533e-08,-2.3400930298806658e-08,2.392261367578984e-10,2.9853591408650374e-09,5.889520756954276e-08,6.145520378150207e-08,-2.729266060343794e-09,-1.0931492814381079e-10,6.578013416126292e-08,1.477232282661952e-07,5.900421261920401e-10,-1.9472865978039806e-09,2.5858551672189535e-07,-7.679556215899471e-08,20mV,1,8,1.5470919008836495,1.4856737392343768e-05,1.4124317661970884e-05,-2.2802526095945587e-07,-2.0284449336067163e-07,0.0007428191414702214,0.0007061990289284323,-0.0005700359430794328,-0.0005070870288001977,0.0007428191414702214,0.0007423499173737274,-0.0005700359430794328,-0.0005070870288001977,21.003964571973242,0.3051907733244495,0.7998029405776786,0.3117487768241867,0.0006579855451415183,1,0.9620835409943489,0.9640004181457186,1,0.823056524640295,0.8503720240473122,0.0007428191414702214,0.0007423499173737274,-0.0005700359430794328,-0.0005070870288001977,0.0007720942203236223,0.0007716065037413295,-0.0006925841980641109,-0.0006161023132910742,0.0007705589411455387,0.0007700721943686063,-0.0006703371312315393,-0.0005963119840028803
0.5978954,0.0199996,1.661728989729703e-05,1.6663231850386196e-05,0.01999955225084071,-8.673617379884035e-19,-2.54076149177939e-07,-2.24477192286107e-07,-2.346641630313332e-07,-1.2286756701679577e-08,-6.757535546704626e-07,-5.748393787385207e-07,7.60669752810537e-08,2.3574062386100613e-07,1.728770572898743e-08,1.9909218995284644e-08,1.224488370958407e-07,6.409919881830326e-08,1.960867984700586e-08,1.7970101604537517e-08,-3.031586700906115e-07,7.154224865594924e-08,-4.090032270908869e-10,-4.785478318827653e-09,2.1857450651777678e-07,1.2526561144266648e-07,3.501522682981539e-09,-2.3641487965629057e-11,1.753926692112171e-07,-7.048501086343257e-08,1.201121628003203e-10,3.5128985374531475e-09,1.719847395228474e-07,2.2996709282724444e-08,-3.246958267522384e-09,-3.4861036861038754e-10,-1.342664882633308e-07,1.0151400226523495e-07,6.543263171114194e-10,-2.2122758169745506e-09,3.354051794559791e-07,8.033646272829674e-09,20mV,1,9,1.5472956506371922,1.661728989729703e-05,1.5755791003654203e-05,-2.54076149177939e-07,-2.24477192286107e-07,0.0008308830962252417,0.0007878071871829974,-0.0006352188144954924,-0.0005612181089276311,0.0008308830962252417,0.0008331802453070286,-0.0006352188144954924,-0.0005612181089276311,23.532905031689882,0.3390349531209786,0.8871770837878165,0.31177370573565816,0.0006524539873013659,1,0.962087048366798,0.9640035709021867,1,0.8230728923783907,0.8503833385076794,0.0008308830962252417,0.0008331802453070286,-0.0006352188144954924,-0.0005612181089276311,0.0008636256954458714,0.0008660133682512443,-0.0007717649559080167,-0.0006818571163313476,0.0008619087328147956,0.0008642916587199735,-0.0007469793747490692,-0.0006599589661675421
0.7515633,0.0200006,1.8604813057264e-05,1.872246776640574e-05,0.0200006408817993,-3.2526065174565133e-19,-2.835214415287451e-07,-2.4784778872642796e-07,-1.28107758184305e-07,4.9998071018743094e-08,-7.545018148830327e-07,-6.313298316149529e-07,6.42919635951096e-08,5.6041824654518095e-09,1.9170354770060654e-08,2.271623447993012e-08,2.524322831747454e-07,3.1939687020904975e-08,2.128980230717427e-08,1.944392301356577e-08,-1.910728063153659e-07,-7.488479089385889e-08,-3.501792015478654e-10,-5.8042907940837125e-09,2.0236309695090235e-07,6.825476850459949e-08,4.2593811411458134e-09,-5.517278952387623e-11,2.2372962030604685e-07,2.2397714103134237e-08,1.4356362990404127e-10,4.415570095096772e-09,-5.088456580273729e-08,2.7205399126225774e-09,-3.686524177096019e-09,-4.457929392362371e-11,-2.6314498664494912e-08,7.97002299329534e-08,5.287331282022448e-10,-2.8698310339136235e-09,1.881613234822627e-07,4.579124580694269e-08,20mV,1,10,1.547567463524299,1.8604813057264e-05,1.758173920346654e-05,-2.835214415287451e-07,-2.4784778872642796e-07,0.0009302108451031929,0.0008790587915343265,-0.0007087581800723217,-0.0006195797634405103,0.0009302108451031929,0.0009360933920594161,-0.0007087581800723217,-0.0006195797634405103,26.394504506806772,0.3765805812613254,0.9837938528720104,0.31189418668459834,0.0006463878138426186,1,0.9620829208407745,0.9639998606967305,1,0.8230536305902809,0.8503700235376535,0.0009302108451031929,0.0009360933920594161,-0.0007087581800723217,-0.0006195797634405103,0.0009668717996680284,0.00097298618630643,-0.0008611324386771875,-0.0007527817634388631,0.000964949148883573,0.0009710513768983899,-0.0008334703252165363,-0.0007286001931993973
0.9486946,0.0200003,2.0873806739148136e-05,2.108572357367745e-05,0.020000337989871157,-3.2526065174565133e-19,-3.169053669152183e-07,-2.7352380586832065e-07,-2.864188132838777e-07,-9.974461043013991e-08,-8.44011853461038e-07,-6.921536480855126e-07,1.820434987133602e-07,4.520677212378315e-08,2.138617496885017e-08,2.5287103791504035e-08,3.78856150304333e-07,3.508719656153635e-08,2.328284010099575e-08,2.074212788273081e-08,-3.1701242436594016e-07,1.5676115581450497e-07,-2.7558928876720405e-10,-6.784836019508268e-09,1.9920699035537972e-07,-2.0727498631055147e-08,4.756701257254829e-09,7.873260428044977e-11,1.1982852984324207e-07,9.455967947330505e-08,1.3442862577804587e-10,5.14684423952038e-09,8.667670958553076e-08,-6.75465550861605e-08,-3.925819560851279e-09,-3.6474817739484364e-10,-1.0353802394055623e-08,3.393597427919318e-08,6.596649813160101e-10,-3.25593109233042e-09,2.927013892038806e-07,-5.0229961500338284e-08,20mV,1,11,1.5479126856416117,2.0873806739148136e-05,1.9645809412457414e-05,-3.169053669152183e-07,-2.7352380586832065e-07,0.0010436726994173466,0.000982273870691921,-0.0007922366402657915,-0.0006837864031876858,0.0010436726994173466,0.0010542683620824794,-0.0007922366402657915,-0.0006837864031876858,29.670246820827817,0.4186218866188913,1.0915276823520421,0.3120574057642494,0.0006395532900896307,1,0.9620840692729993,0.9640008930101922,1,0.8230589899406633,0.8503737281956629,0.0010436726994173466,0.0010542683620824794,-0.0007922366402657915,-0.0006837864031876858,0.0010848040548119666,0.0010958172947184745,-0.0009625514695160625,-0.0008307866283520966,0.0010826470255212843,0.0010936383666517336,-0.0009316334853697473,-0.0008041010446531023
1.195791,0.02,2.3424543758193655e-05,2.3742344284091024e-05,0.020000011395557547,-1.734723475976807e-18,-3.548059908587219e-07,-2.900100683172817e-07,-2.2492058713994172e-07,6.19771960395579e-08,-9.499543116397505e-07,-7.569750513166916e-07,2.3086683828227483e-07,1.3359979025609553e-07,2.3982262377181935e-08,2.269653434423244e-08,1.3402967146862443e-07,-5.468012368372451e-08,2.9362046633189544e-08,2.2292117878918877e-08,-3.1140374815724117e-07,1.5106427516070374e-08,-5.324202740693644e-10,-4.4723919466086715e-09,1.83220625964445e-07,-1.1955746948143956e-08,3.205854319963149e-09,3.790191807954978e-12,3.281816107439179e-07,7.187710306406058e-08,2.827762488128573e-10,3.4507446588403003e-09,1.663606859521344e-07,-2.744090682385421e-08,-3.0205172879739228e-09,-3.991855520139061e-10,-1.255158916256484e-07,-6.90699526177754e-08,7.037425825198831e-10,-1.7822131975197965e-09,1.2305658738378666e-07,-4.8074443196427566e-08,20mV,1,12,1.5483158530337142,2.3424543758193655e-05,2.19274206214752e-05,-3.548059908587219e-07,-2.900100683172817e-07,0.0011712265205707218,0.0010963704063861573,-0.0008870139663446467,-0.0007250243445873048,0.0011712265205707218,0.0011871165378118103,-0.0008870139663446467,-0.0007250243445873048,33.35278342783161,0.45825007460406797,1.2146704995672117,0.3124503331793726,0.0006235810733907351,1,0.9620853075546996,0.9640020060923286,1,0.8230647685885979,0.8503777227498106,0.0011712265205707218,0.0011871165378118103,-0.0008870139663446467,-0.0007250243445873048,0.001217383231376425,0.0012338994562021378,-0.0010776964343470925,-0.0008808837071602346,0.0012149627419536157,0.00123144612802612,-0.0010430823181448922,-0.000852590943049215
0.0946587,0.0200009,6.709278797126476e-06,6.517986844473575e-06,0.020000851008119484,-1.043544591017298e-18,-1.0426151542234087e-07,-1.0498270730810598e-07,-1.9893790086634745e-07,1.848917698026121e-08,-2.689298310412246e-07,-2.486934821016319e-07,-6.745208973328907e-08,9.210012412690561e-08,6.354676177614288e-09,1.2021225126081989e-08,2.0257249587092766e-07,1.096337101259303e-07,5.6506894903865225e-09,7.821672789857964e-09,-4.4841883987933334e-07,-3.151786989611656e-08,4.589371366213501e-10,-3.912934211009807e-09,1.315706788505309e-07,6.480826742030975e-08,2.9915543910822322e-09,6.278605545224527e-10,1.0806548646891725e-07,3.410672221414077e-08,-5.892717836206424e-10,2.8744887063071302e-09,1.2786506062026745e-07,2.4457250229267254e-08,-2.5629671114839794e-09,-7.17042014785419e-10,5.7762632570194556e-08,-6.55528781579482e-08,8.972221612990622e-10,-2.0076688434615715e-09,2.5781213918010364e-07,2.567523909438114e-09,20mV,2,1,1.5736525890833064,6.709278797126476e-06,6.374311631414192e-06,-1.0426151542234087e-07,-1.0498270730810598e-07,0.00033544966633683725,0.00031870202067034524,-0.0002606316081224983,-0.00026243443441166606,0.00033544966633683725,0.00032588547566438813,-0.0002606316081224983,-0.00026243443441166606,9.354067269498412,0.1479588876407986,0.36629455642105346,0.3114560488421307,0.0007156139711508581,1,0.9620821241244877,0.9639991445390353,1,0.8230499125809425,0.8503674534882469,0.00033544966633683725,0.00032588547566438813,-0.0002606316081224983,-0.00026243443441166606,0.0003486705115138716,0.0003387293740240209,-0.0003166656166759104,-0.00031885603825497895,0.00034797714109719715,0.0003380557726741758,-0.0003064929249742277,-0.0003086129805828619
0.1193355,0.0200012,7.51855347858665e-06,7.320760488589121e-06,0.020001163581956857,1.6534083130403943e-18,-1.1726371689014212e-07,-1.1220885649826246e-07,-3.2380339575378e-07,1.8475172966382497e-07,-3.041030396990871e-07,-2.766020625747476e-07,8.960788510293365e-08,4.050313687551874e-08,7.453603157770316e-09,1.0973125601439358e-08,2.0377034546321705e-07,-1.0677248087466301e-07,8.222337643483102e-09,8.777964232868574e-09,-2.6942753406444973e-07,1.1267519540488039e-08,2.685383495013429e-10,-2.9326870848267473e-09,1.0901568912766229e-07,-7.1018515427101e-08,2.042949973530667e-09,4.1399091836729695e-10,1.5350036954278332e-07,-2.499991313256296e-08,-4.914208199424903e-10,2.1871604881039693e-09,1.9498086421206706e-07,-3.063865238353004e-08,-1.8470869380479893e-09,-7.983417315935858e-10,-4.6952929909172863e-08,-2.8866332547430695e-08,8.544154820399709e-10,-1.295118342079951e-09,2.391132713545945e-07,1.6390388840504938e-08,20mV,2,2,1.5807498763258772,7.51855347858665e-06,7.139627414299939e-06,-1.1726371689014212e-07,-1.1220885649826246e-07,0.0003759058040687779,0.00035696060306914494,-0.00029312518371569585,-0.00028048950304377024,0.0003759058040687779,0.0003660167299063147,-0.00029312518371569585,-0.00028048950304377024,10.493911593950802,0.162300975892134,0.4110807217260731,0.31119249994160136,0.0006991241812791462,1,0.9620809389520593,0.9639980792064026,1,0.8230443817762765,0.8503636304006682,0.0003759058040687779,0.0003660167299063147,-0.00029312518371569585,-0.00028048950304377024,0.0003907216002826446,0.0003804427622326622,-0.0003561474814797708,-0.00034079511294205525,0.0003899445571284093,0.00037968616100110135,-0.00034470569205503676,-0.00032984654213352374
0.1502404,0.0200014,8.422147469025425e-06,8.217447528015557e-06,0.02000135015423877,1.6805133673525319e-18,-1.315975224230978e-07,-1.2016058237242083e-07,-3.128453824223333e-07,-4.2722233607368424e-08,-3.4352023004225835e-07,-3.072238368986974e-07,1.1595071979555225e-07,-8.66259975721514e-08,8.701930958223368e-09,9.966297626830057e-09,3.989065135859969e-07,9.859981871054984e-08,1.0939420311243758e-08,9.853559440490409e-09,-3.1390177314782715e-07,-1.156236874470288e-08,9.907728978249283e-11,-1.653979260070955e-09,1.0260256387432486e-07,2.159385971595466e-08,1.008630924003732e-09,2.333882634415236e-10,-2.316025214217132e-08,-9.050225762238086e-08,-2.4107217260003073e-10,1.259178272363107e-09,2.389891005495793e-07,-6.561088294424034e-08,-1.1348453846400677e-09,-4.753967448150195e-10,-1.2725082257743353e-07,6.818920039978519e-08,5.881885901963858e-10,-5.617379496642763e-10,2.1486389267231037e-07,1.0776001098823918e-07,20mV,2,3,1.589674101749888,8.422147469025425e-06,7.989403405487401e-06,-1.315975224230978e-07,-1.2016058237242083e-07,0.0004210789473749885,0.00039944320477756614,-0.00032894939131712365,-0.00030036090120782734,0.0004210789473749885,0.000410844641219087,-0.00032894939131712365,-0.00030036090120782734,11.766860748122262,0.17820346086419608,0.46086075381512315,0.3109881187745259,0.0006841333938323818,1,0.9620802315253423,0.9639974433135712,1,0.8230410804515973,0.8503613484338586,0.0004210789473749885,0.000410844641219087,-0.00032894939131712365,-0.00030036090120782734,0.0004376755010415125,0.00042703781634480546,-0.0003996755437002382,-0.0003649403515107912,0.00043680504579722107,0.00042618851747871963,-0.00038683483430069083,-0.00035321560858923433
0.1890121,0.0200014,9.422103512825041e-06,9.218460616974705e-06,0.02000137318263084,2.168404344971009e-18,-1.4669476630973316e-07,-1.3327373953795598e-07,-2.7124518500906897e-07,-1.386354941380326e-07,-3.845506983194665e-07,-3.3991396550703505e-07,2.9093495045399666e-08,-6.835884699672852e-08,9.613577408503247e-09,1.083102718914064e-08,1.787127165766898e-07,-1.0200011276443749e-07,1.214580339521228e-08,1.0609748129922456e-08,-3.661501093115579e-07,-1.5631552207117727e-08,2.0259625444989684e-10,-1.931128896076223e-09,1.5215272641944662e-07,-6.048189173514314e-08,1.0579960870126761e-09,3.934462708944623e-10,9.785499342268526e-08,-3.151943721276191e-08,-4.416168614858803e-10,1.3981981067040036e-09,2.399948981161006e-07,1.5613078756207054e-08,-1.1286768424936545e-09,-6.523806258214449e-10,-9.281379387786565e-08,5.412894955030127e-09,9.161884760790927e-10,-6.359008239322882e-10,2.182538205415488e-07,6.623070763657409e-08,20mV,2,4,1.6008527051271277,9.422103512825041e-06,8.931566092478586e-06,-1.4669476630973316e-07,-1.3327373953795598e-07,0.000471072832189701,0.00044654764505042794,-0.00036668656128405273,-0.00033313860126035777,0.000471072832189701,0.00046089138644640656,-0.00036668656128405273,-0.00033313860126035777,13.181655842613386,0.19819496490349636,0.513245305409321,0.3106001876430089,0.000678368751965746,1,0.962080144208057,0.963997364825766,1,0.8230406729709329,0.8503610667732862,0.000471072832189701,0.00046089138644640656,-0.00036668656128405273,-0.00033313860126035777,0.0004896399068473323,0.000479057165061641,-0.00044552665904155496,-0.00040476566007099766,0.0004886660994917172,0.00047810440491163436,-0.000431212781972078,-0.0003917613520624357
0.238186,0.0200097,1.0556323424620942e-05,1.0354263137332126e-05,0.020009716303861863,1.6263032587282567e-18,-1.6350197769803146e-07,-1.4756925382887932e-07,-2.7970206720438283e-08,2.2940701147139247e-07,-4.310682079210711e-07,-3.760628747760358e-07,-7.50615333660559e-08,-4.478089476868824e-08,1.0518973333838211e-08,1.2055062540679629e-08,3.491599775071053e-07,-2.2963384390346592e-08,1.3735193301567758e-08,1.1502396115817336e-08,-4.0873154008419794e-07,1.3827746891403436e-07,5.84983539886403e-10,-1.953352329275804e-09,2.278868495074365e-07,4.770864496471341e-08,1.0330658822885363e-09,5.764612404787582e-10,1.1022064359507191e-07,-1.943964768663876e-08,-5.43162934437063e-10,1.4240601781275846e-09,1.4215226364594726e-07,1.7521609139432834e-08,-1.3083841660732948e-09,-9.980926035565865e-10,6.238883298877368e-09,8.85982232298755e-08,1.04047391711101e-09,-6.600466799429604e-10,2.2252742758193356e-07,-2.7848273040103248e-08,20mV,2,5,1.6150210021722355,1.0556323424620942e-05,9.992578550445848e-06,-1.6350197769803146e-07,-1.4756925382887932e-07,0.0005275598746286861,0.0004993863180617551,-0.0004083580747520016,-0.00036856493869111235,0.0005275598746286861,0.0005174617660788003,-0.0004083580747520016,-0.00036856493869111235,14.786707860856511,0.2202489077992892,0.572051645977092,0.3103772822359661,0.000671542756490745,1,0.9620485027868069,0.9639689243077709,1,0.8228930130050987,0.8502590196788358,0.0005275598746286861,0.0005174617660788003,-0.0004083580747520016,-0.00036856493869111235,0.0005483713899044393,0.0005378749247879362,-0.0004962468611329325,-0.00044788925518417146,0.0005472789229253719,0.0005368033688953108,-0.0004802749107045625,-0.0004334737181974602
0.3004808,0.0200002,1.1836227606692565e-05,1.1632477370384224e-05,0.020000224694569843,-1.1384122811097797e-18,-1.8397072692583206e-07,-1.6457059597473233e-07,-1.9072476276632245e-07,9.804210835017083e-08,-4.827381235829279e-07,-4.162629338625368e-07,1.7638053255183423e-07,1.1803629663323304e-07,1.2728249290441678e-08,1.3762624024918877e-08,2.5679775662318065e-07,3.4656129206980356e-08,1.488750885576623e-08,1.3538399253780355e-08,-3.3423206366212805e-07,1.2441414722206362e-08,-4.358349887012635e-10,-2.824676038448463e-09,1.354713572422809e-07,1.2027737266140431e-09,1.7355358076881554e-09,-3.574110045612955e-10,1.4798243616000463e-07,-5.208607930141268e-08,2.540043996513568e-10,1.995217893001348e-09,2.659143491725858e-07,-2.4696224982897565e-08,-1.8455148673972714e-09,-2.1250830955104513e-10,-1.1715839799809632e-07,-2.809516569053254e-08,4.699334800822848e-10,-1.2256406770605492e-09,2.2254811729550906e-07,9.29068176468011e-09,20mV,2,6,1.5467875728822231,1.1836227606692565e-05,1.1176414789041675e-05,-1.8397072692583206e-07,-1.6457059597473233e-07,0.0005918047315691487,0.0005588144613233333,-0.0004599164831828946,-0.0004114172455628004,0.0005918047315691487,0.000581617334206375,-0.0004599164831828946,-0.0004114172455628004,16.59550582928801,0.24683741496194947,0.6374252317473892,0.31014064064401164,0.0006700707295733934,1,0.9620844988342029,0.9640012791390743,1,0.8230609945596133,0.8503751139040311,0.0005918047315691487,0.000581617334206375,-0.0004599164831828946,-0.0004114172455628004,0.0006151276029145701,0.0006045387228576539,-0.0005587878495310998,-0.0004998624017931176,0.0006139045086098588,0.000603336683044449,-0.0005408395373559796,-0.0004838067798974075
0.3780242,0.0200002,1.3249258035163633e-05,1.304984969371678e-05,0.02000017734464109,6.505213034913027e-19,-2.0549910788784895e-07,-1.8278558645673196e-07,-2.7741321064317953e-07,-1.0836936824953046e-08,-5.394925955198682e-07,-4.5856912044381e-07,-9.435235670110297e-08,1.3625971892814022e-08,1.4098535509973795e-08,1.5565895819391997e-08,3.074729372262083e-07,2.2393264106263998e-08,1.6252037132079357e-08,1.4472131361231406e-08,-3.828943138649824e-07,2.3075714122628512e-08,-4.4922240172454054e-10,-3.406785979710996e-09,5.833664539099514e-08,-4.9053554835182745e-08,2.1337907432223713e-09,-2.433782704912704e-10,1.6492685407720671e-07,-5.0471746318721626e-08,1.2043596180561383e-10,2.5076785376019938e-09,6.665916069539928e-08,9.170236143173493e-08,-2.219104846514757e-09,-1.737717139869379e-10,-3.68981584744933e-08,4.046823302961043e-09,4.764233081978714e-10,-1.3887218957625559e-09,3.234615105635553e-07,7.264244956651417e-08,20mV,2,7,1.546932623687859,1.3249258035163633e-05,1.2476094950306295e-05,-2.0549910788784895e-07,-1.8278558645673196e-07,0.0006624570275979918,0.0006237992161429097,-0.0005137386587994223,-0.0004569558622385621,0.0006624570275979918,0.000652486698934867,-0.0005137386587994223,-0.0004569558622385621,18.596811971704938,0.2750280966720186,0.7080521865267938,0.30985267329091165,0.0006656336715382611,1,0.9620846783616013,0.9640014405148589,1,0.8230618323541393,0.8503756930380606,0.0006624570275979918,0.000652486698934867,-0.0005137386587994223,-0.0004569558622385621,0.0006885641591612647,0.000678200904359095,-0.0006241799080027997,-0.0005551901986896502,0.000687195059837445,0.0006768524107042655,-0.0006041314009858802,-0.0005373576243766295
0.4763719,0.0200002,1.4846451978641576e-05,1.465323871723346e-05,0.020000228953795735,1.5178830414797062e-18,-2.2962176982428805e-07,-2.026214039146319e-07,-2.82830598890691e-07,7.354234011486996e-08,-6.026987216894918e-07,-5.035549696383801e-07,3.3181095074551203e-07,-6.159681994260362e-08,1.567019755313598e-08,1.7437707810234408e-08,2.3181641265374392e-07,1.6646947411371334e-09,1.7693360365375673e-08,1.5691822973827472e-08,-2.507928400984881e-07,8.11624010541599e-08,-4.1709421492426636e-10,-3.985691957651722e-09,2.1788104970743285e-07,3.606845023990614e-08,2.817141468034874e-09,-7.935252057420629e-11,1.6299134591627663e-07,-2.5614735560230324e-08,1.0807039972713203e-10,2.878255662833683e-09,1.6709234153663864e-07,5.026333093377505e-08,-2.7379499523069265e-09,-3.15586970109829e-11,-6.112319823090517e-08,-4.936547518316242e-09,4.514800710567322e-10,-1.9018744607770652e-09,2.3504156646865526e-07,1.1071211114392852e-07,20mV,2,8,1.547102934270506,1.4846451978641576e-05,1.3930212671444427e-05,-2.2962176982428805e-07,-2.026214039146319e-07,0.0007423141011505246,0.0006965026602258314,-0.0005740412815924594,-0.0005065419122508467,0.0007423141011505246,0.0007326535486711265,-0.0005740412815924594,-0.0005065419122508467,20.859878745053624,0.3062378005759164,0.7853746600022549,0.3096102005498852,0.0006602429161273117,1,0.9620844826853141,0.9640012646229678,1,0.8230609191981327,0.8503750618096974,0.0007423141011505246,0.0007326535486711265,-0.0005740412815924594,-0.0005065419122508467,0.0007715685207588223,0.0007615272482372719,-0.0006974468939088,-0.0006154367197319311,0.0007700343644682378,0.0007600130576153091,-0.0006750448212472654,-0.0005956688230871522
0.5978954,0.0199997,1.6603626290058348e-05,1.641952317785288e-05,0.019999712145172634,1.6263032587282567e-18,-2.5579222163394264e-07,-2.2378420504663463e-07,-2.2604594606522424e-07,-6.653095445821758e-08,-6.721734448943637e-07,-5.512313348800229e-07,1.8821012777425066e-07,1.1171739800275476e-07,1.7221075466804704e-08,1.9758595689382144e-08,1.4347231264212225e-07,9.387817348714177e-08,1.9360432000199385e-08,1.6694678274344447e-08,-5.301620541655972e-07,-4.3153731940719325e-08,-5.76110283427109e-10,-4.865090208428852e-09,1.320633825808779e-07,2.7866186624518245e-08,3.604621880826162e-09,1.29013395956036e-10,2.899630755342395e-07,1.0370169234071105e-07,2.0782924935383428e-10,3.490856057819533e-09,1.0822293623413668e-07,4.407572673670786e-08,-3.3987332023550673e-09,-1.44230214103182e-10,8.997571316684272e-09,9.85703106863851e-08,8.165150458266072e-10,-2.5073350691720786e-09,2.187920049559298e-07,-1.2336214273471117e-07,20mV,2,9,1.5473081612598074,1.6603626290058348e-05,1.551207507622607e-05,-2.5579222163394264e-07,-2.2378420504663463e-07,0.0008301932632598412,0.0007756149170362058,-0.0006394989622387215,-0.0005594766173051993,0.0008301932632598412,0.0008209879751602371,-0.0006394989622387215,-0.0005594766173051993,23.351255798521088,0.33986619584298505,0.869294613220839,0.3093671412043004,0.0006540536678752884,1,0.9620864421441957,0.9640030259699096,1,0.8230700633395798,0.8503813828560027,0.0008301932632598412,0.0008209879751602371,-0.0006394989622387215,-0.0005594766173051993,0.0008629092219713594,0.0008533411751760128,-0.0007769678314431404,-0.0006797436114188642,0.0008611936279189178,0.0008516446038478134,-0.0007520143022075184,-0.0006579125890858513
0.7515633,0.0200006,1.8585716702243223e-05,1.841661372000284e-05,0.020000645245255192,9.215718466126788e-19,-2.8534078058293396e-07,-2.466579879995537e-07,-2.632504154103128e-07,1.8308217769660369e-07,-7.501123899147454e-07,-6.01880635058887e-07,5.566922340593908e-09,4.023553569001607e-08,1.9099214900218553e-08,2.218987379887868e-08,2.6522054084735867e-07,4.228441810703617e-08,2.0788364304379457e-08,1.7873080562367547e-08,-1.4819320027215663e-07,1.084126575592175e-07,-4.972504934594162e-10,-5.731515482260809e-09,2.3408848068906156e-07,1.2430668907749704e-07,4.282222796164112e-09,-1.0046360242337201e-10,2.6679956198912355e-07,-2.39725349792277e-08,1.663148281960707e-10,4.1046303100652485e-09,1.5541643943884975e-07,-5.15190689148966e-08,-3.547973547424781e-09,-2.5970519586581545e-11,5.314842606374606e-08,3.597717374997137e-08,6.289077245981043e-10,-2.7736619494779993e-09,1.7298578565210396e-07,1.0929995641327347e-07,20mV,2,10,1.5475580750988083,1.8585716702243223e-05,1.7275884908195676e-05,-2.8534078058293396e-07,-2.466579879995537e-07,0.0009292558552155892,0.0008637663783519225,-0.0007133059249885278,-0.0006166051832002098,0.0009292558552155892,0.0009208009788770122,-0.0007133059249885278,-0.0006166051832002098,26.164871989899734,0.377173069170727,0.9617322373522164,0.3091807033881573,0.0006474047992729441,1,0.9620829042963526,0.963999845825152,1,0.8230535533829787,0.8503699701683702,0.0009292558552155892,0.0009208009788770122,-0.0007133059249885278,-0.0006166051832002098,0.0009658791888576669,0.0009570910934650346,-0.0008666579739029646,-0.0007491677554465213,0.0009639585102009814,0.0009551878901897926,-0.0008388183379139033,-0.0007251022552902757
0.9486946,0.0200002,2.0847478378111604e-05,2.0700440888782695e-05,0.020000165153473654,-1.2468324983583301e-18,-3.186413384665199e-07,-2.7169014040084145e-07,-2.1910987946251143e-07,1.2562426083392776e-07,-8.37975349224945e-07,-6.557470039431324e-07,1.0190580638873603e-07,3.609418751623831e-08,2.1479300302685473e-08,2.447030364244321e-08,2.612120640324889e-07,-9.582777065926781e-08,2.2696695384380273e-08,1.8561063419920465e-08,-3.739762826927157e-07,-4.643369625749625e-08,-5.158794832861301e-10,-6.685941904445896e-09,1.863155754405597e-07,1.1098664541256857e-07,4.996586462063853e-09,2.4426821325254387e-10,8.073746419405412e-08,-2.892252175375361e-08,3.47658910259253e-11,5.031995890657008e-09,2.21788075548192e-07,1.0791291027586484e-08,-4.366801439925308e-09,-3.1350943973021005e-10,-6.384424198623683e-08,-4.293123719699873e-08,9.47384822614943e-10,-3.3721254632185193e-09,2.7103521957934083e-07,-1.0399889627420243e-07,20mV,2,11,1.5479039783153763,2.0847478378111604e-05,1.9260539170831187e-05,-3.186413384665199e-07,-2.7169014040084145e-07,0.0010423653113929806,0.0009630190062448556,-0.0007965901901482826,-0.0006792141334984385,0.0010423653113929806,0.0010350134976354142,-0.0007965901901482826,-0.0006792141334984385,29.37899943353785,0.41874554919516965,1.0640520753652347,0.3089942056276896,0.000639742216684364,1,0.9620847245843808,0.9640014820641705,1,0.8230620480604437,0.8503758421474467,0.0010423653113929806,0.0010350134976354142,-0.0007965901901482826,-0.0006792141334984385,0.0010834444043826606,0.0010758028593402089,-0.0009678373483815195,-0.0008252283471203845,0.0010812901544103577,0.0010736638033161411,-0.0009367507291089789,-0.0007987222823536767
1.195791,0.0200003,2.338826887263663e-05,2.326025619607222e-05,0.020000254178582248,-6.505213034913027e-19,-3.563550400775889e-07,-2.8770540242037326e-07,-7.572529346447649e-08,3.881144378924416e-08,-9.414866163683456e-07,-7.119934439391081e-07,1.9330684589120454e-07,1.699953804811013e-07,2.3955656723080216e-08,2.2051514582463826e-08,1.9054502312950032e-07,7.438798135273303e-08,2.8627582203568486e-08,1.9828818047330133e-08,-3.7710161274728733e-07,1.1902312621494957e-08,-6.833568578530952e-10,-4.32983550104344e-09,1.0016644157814073e-07,3.1022694324250903e-08,3.2483078582324183e-09,1.0805263987751195e-10,2.5823257659309075e-07,-6.862368981288756e-08,2.306827284221524e-10,3.2875787475390417e-09,1.2412406974217296e-07,-7.292787765345489e-08,-3.388473357782932e-09,-3.7245402363182066e-10,-6.3035739630574e-08,1.61725796299281e-08,7.513935960493598e-10,-1.8185708427512727e-09,2.428344290518621e-07,-5.370747771387685e-08,20mV,2,12,1.5483166232738832,2.338826887263663e-05,2.1445310501836132e-05,-3.563550400775889e-07,-2.8770540242037326e-07,0.0011693985818281509,0.0010722518979184453,-0.0008908649561709291,-0.0007192452242616237,0.0011693985818281509,0.0011629980293440983,-0.0008908649561709291,-0.0007192452242616237,32.98561260861558,0.4579992501855968,1.180394727628427,0.30901066089396867,0.000623239754602652,1,0.9620843870452657,0.9640011786529099,1,0.8230604728779066,0.8503747532868376,0.0011693985818281509,0.0011629980293440983,-0.0008908649561709291,-0.0007192452242616237,0.0012154844185961527,0.0012088316212217874,-0.0010823809252507753,-0.0008738668031848458,0.00121306758510634,0.0012064280159587207,-0.0010476145402101723,-0.0008457979514109788
0.0946587,0.0500019,1.2682291134250357e-05,1.2545362585033118e-05,0.05000192109583001,3.3068166260807885e-18,-3.0836832843378693e-07,-2.9045061256111756e-07,-2.9902092380694547e-07,2.907061829350408e-07,-2.367718744660193e-06,-2.2111937764221125e-06,-6.847185281383988e-07,1.3639459610663747e-07,1.0251338267667019e-07,1.0325057944026831e-07,-2.5826596647414647e-07,-5.475301942360635e-09,4.234879251604344e-07,3.8678255197536126e-07,2.819597176685276e-07,-1.8186795452158223e-07,-2.4716407041925883e-08,-2.9425812671094418e-08,-1.741785531382542e-07,6.587164318825832e-08,-6.645683718582953e-08,-6.105220246265936e-08,5.46431778464013e-07,-1.2501022494552268e-07,4.239603189993529e-09,9.95066111430147e-09,-2.8129932661567377e-08,-7.668393329483782e-08,6.699428374638327e-09,8.078748968542403e-09,-1.3782115803393917e-08,5.5858158479109165e-08,1.6659850378168076e-10,-5.278294009123564e-09,-1.5419162694276234e-07,7.21145758883495e-08,50mV,1,1,1.573638370839948,1.2682291134250357e-05,1.2186176035225544e-05,-3.0836832843378693e-07,-2.9045061256111756e-07,0.0002536360775007906,0.00024371415673950637,-0.00012333785343800118,-0.00011617131780358187,0.0002536360775007906,0.00025089761173354916,-0.00012333785343800118,-0.00011617131780358187,17.838907780574292,0.4236184419004634,3.2396712750992385,0.5939700424342511,0.002048861547250096,1,0.7630152324850957,0.8378976058638867,1,-0.10592891506955326,0.961144905578218,0.0002536360775007906,0.00025089761173354916,-0.00012333785343800118,-0.00011617131780358187,0.0003324128624204695,0.00032882385704986576,0.001164345479768363,0.001096691283275236,0.00030270533741326005,0.00029943707915822175,-0.0001283238903126704,-0.00012086764142363531
0.1193355,0.0500022,1.4209050804708838e-05,1.4118305074979882e-05,0.050002172690798104,3.903127820947816e-18,-3.451022794798086e-07,-3.1389482787908277e-07,-1.478749142347529e-07,3.0108519215177455e-08,-2.6565775263081456e-06,-2.4657704323862187e-06,-5.960201594863746e-07,4.141069797010999e-07,1.1478769579313186e-07,1.1026491975989802e-07,-3.5481753881025336e-07,-1.0362463634940066e-07,4.778039880865272e-07,4.2939769064643226e-07,3.4767054923820273e-07,-1.5723835538641872e-07,-2.791970666604961e-08,-2.96590579845762e-08,-2.921013197757461e-07,3.630189417162032e-08,-7.694586525584097e-08,-6.74555360561885e-08,6.98499539875426e-07,9.868638806067094e-08,5.117750397846161e-09,8.962904436371469e-09,2.8800024461665954e-07,-2.5282844013003754e-08,9.446096924752563e-09,8.997741406430554e-09,-4.408198747800083e-08,-1.1719299371575831e-07,-1.4479063205614967e-10,-4.060679802434899e-09,-2.0825241372071156e-07,2.8168156390323682e-08,50mV,1,2,1.5807468629905617,1.4209050804708838e-05,1.366547905695795e-05,-3.451022794798086e-07,-3.1389482787908277e-07,0.0002841686678811805,0.00027329770531096955,-0.00013802891576508632,-0.00012554701992037448,0.0002841686678811805,0.00028235383214813924,-0.00013802891576508632,-0.00012554701992037448,20.03056821363287,0.46650353296775676,3.6245590046950023,0.5939980094023662,0.002009500551411773,1,0.7630128476037263,0.8378967281382526,1,-0.10594004451594397,0.9611552531010541,0.0002841686678811805,0.00028235383214813924,-0.00013802891576508632,-0.00012554701992037448,0.0003724297287701302,0.00037005121609011334,0.0013028965241213674,0.0011850761484386548,0.00033914521723050914,0.00033697927520914134,-0.00014360730518795203,-0.00013062095797251468
0.1502404,0.050003,1.5911090263096206e-05,1.588248151796e-05,0.050003040785503786,5.5294310796760726e-18,-3.8577535075502386e-07,-3.387100540441526e-07,-2.5240434179092393e-07,-1.1844736988796373e-07,-2.979520495036794e-06,-2.7450662155690936e-06,-7.825521503511146e-07,1.2340032956526398e-07,1.287647273612121e-07,1.1760458951172468e-07,-3.185892474906954e-07,-4.28990767408485e-08,5.38334053053199e-07,4.7569107566598514e-07,2.432202910461467e-07,-1.3515824614765986e-07,-3.164787211271861e-08,-2.9640849526492468e-08,-3.6156834051340085e-07,-7.002373342434243e-08,-8.86219254694046e-08,-7.448026065059961e-08,4.320800470676081e-07,-4.903986359985178e-08,6.109128111830379e-09,7.516138183359548e-09,-8.760450329527887e-08,5.6071628641984344e-09,1.2387172169810201e-08,1.0235642784466137e-08,-6.107481764476969e-08,3.707098490150912e-08,-5.524677911937885e-10,-2.7533304720596506e-09,-1.3641406247280279e-07,-5.647862026384491e-08,50mV,1,3,1.5896649793716633,1.5911090263096206e-05,1.5312375026561304e-05,-3.8577535075502386e-07,-3.387100540441526e-07,0.00031820245355376346,0.0003062288770046253,-0.0001542913730525336,-0.00013546754400686544,0.0003182024535537635,0.00031763031344614616,-0.0001542913730525336,-0.00013546754400686544,22.48145930603118,0.5133684076379793,4.051287561776271,0.594165843086431,0.0019708510109764125,1,0.7630046187981737,0.8378936997461723,1,-0.10597844560852265,0.9611909579004572,0.0003182024535537635,0.00031763031344614616,-0.0001542913730525336,-0.00013546754400686544,0.00041703869899892813,0.0004162888475648457,0.001455875033518379,0.00127825562291481,0.0003797647048189505,0.0003790818734433349,-0.00016052104088614652,-0.00014093718099759186
0.1890121,0.0500041,1.7794827808326765e-05,1.786120284161953e-05,0.050004077321859006,-2.168404344971009e-19,-4.3024572558283684e-07,-3.752134116804149e-07,-4.302462584939377e-07,1.1290259066706982e-07,-3.3340052995910948e-06,-3.051491809888095e-06,-7.926328786459973e-07,4.1689271421243096e-07,1.4344962728118873e-07,1.2991831044146994e-07,-1.949526961631694e-07,-7.572032183545106e-08,6.028012377695285e-07,5.247163810416923e-07,1.6390401681920663e-07,-2.4858118278729735e-08,-3.512948589958064e-08,-3.2298222780282874e-08,-2.4441780456242203e-07,9.785465021647755e-08,-9.923450172901987e-08,-8.090799164403725e-08,5.993989168567414e-07,-1.7515342698544895e-07,6.669177121570489e-09,8.04884836038338e-09,-3.916922611427631e-09,4.6293657816977516e-08,1.3964509926657302e-08,1.0717248727294258e-08,-1.4068975071768886e-07,6.984391260486482e-08,-4.961937367297126e-10,-2.876914397675794e-09,-1.6289609554875345e-07,-6.632744901424304e-08,50mV,1,4,1.6008475208533,1.7794827808326765e-05,1.7143957287770265e-05,-4.3024572558283684e-07,-3.752134116804149e-07,0.00035586753643683083,0.00034285118746258476,-0.00017207022566120356,-0.0001500608898124393,0.00035586753643683083,0.0003571949288585634,-0.00017207022566120356,-0.0001500608898124393,25.21266474765167,0.5708734436695739,4.519645296205846,0.59408760895462,0.0019539482534335806,1,0.7629947931207383,0.8378900839045804,1,-0.10602429876988828,0.9612335948998634,0.00035586753643683083,0.0003571949288585634,-0.00017207022566120356,-0.0001500608898124393,0.00046640886627979575,0.00046814857988426657,0.0016229319850033551,0.001415344327229427,0.00042471863944072805,0.0004263028477363399,-0.00017900979176568312,-0.00015611282274010814
0.238186,0.0499867,1.9918656612396455e-05,2.011112852820785e-05,0.04998666446133897,5.204170427930421e-18,-4.807365118928852e-07,-4.161142880531037e-07,-4.503219594607517e-08,-2.0033511889409678e-07,-3.7333030689270547e-06,-3.3894400582442034e-06,-8.952607921237367e-07,3.920323314405738e-07,1.5999839545470685e-07,1.432933853633242e-07,-2.499172282253154e-07,4.317933863012658e-08,6.751735565958989e-07,5.763491991255417e-07,2.187810428572927e-07,-1.4171521780214728e-07,-3.900828005015881e-08,-3.4983570169833996e-08,2.1514265769340374e-08,8.807091271412978e-08,-1.1105892350727868e-07,-8.671233567494154e-08,6.154082698168527e-07,-5.130138791841648e-08,7.12927595369223e-09,8.448986265390504e-09,4.2243467490664325e-08,5.962745022586127e-09,1.5610897178275028e-08,1.0678540298910421e-08,8.349036478003545e-08,8.307994092565507e-08,-9.765053752896656e-11,-2.8148551560869538e-09,-1.425403171252841e-07,-7.070192943733737e-08,50mV,1,5,1.615004930853266,1.9918656612396455e-05,1.920759717319143e-05,-4.807365118928852e-07,-4.161142880531037e-07,0.0003984794109997494,0.0003842544282595031,-0.00019239721989361443,-0.00016653453648485532,0.0003984794109997494,0.0004023298762765484,-0.00019239721989361443,-0.00016653453648485532,28.305659715340685,0.6358134117717866,5.042405746554975,0.5941439985840513,0.0019386061680002056,1,0.7631598284647116,0.837950850935198,1,-0.10525413383134552,0.9605179363730858,0.0003984794109997494,0.0004023298762765484,-0.00019239721989361443,-0.00016653453648485532,0.0005221441120680987,0.0005271895365430023,0.0018279302948984702,0.0015822137375782579,0.0004755403142738325,0.0004801354110775432,-0.00020030570237980776,-0.00017337993407357856
0.3004808,0.0500004,2.2326869443627794e-05,2.2680819983064897e-05,0.050000424831501876,-3.2526065174565133e-18,-5.397716857053498e-07,-4.6130159650775374e-07,1.0080868961165456e-07,2.487913559811166e-07,-4.18685271539877e-06,-3.7709579629980726e-06,-8.338339630780285e-07,3.6288351594196985e-07,1.8102094325743882e-07,1.594794338143043e-07,-2.9969710815589886e-07,1.3933345041419723e-08,7.548887796965746e-07,6.416867146260199e-07,2.180499723157389e-07,-1.659385430014377e-07,-4.5251551568082836e-08,-3.964028285020277e-08,-1.2503064366805923e-07,-1.828737745385848e-08,-1.2307721865873576e-07,-9.865702965437143e-08,5.309372322339261e-07,1.8814073280591693e-08,9.572688816486437e-09,1.0165122576726507e-08,-2.6463020620841646e-08,-2.54493108820506e-07,1.6806027361951982e-08,1.3995305693236525e-08,1.2181892188874659e-07,-2.2225656614546722e-08,-1.745554644871086e-09,-4.103323994263947e-09,-1.2068201570244717e-07,-2.1114530263779827e-09,50mV,1,6,1.5467819371075853,2.2326869443627794e-05,2.1540666651534076e-05,-5.397716857053498e-07,-4.6130159650775374e-07,0.0004465335948418012,0.00043080967260027684,-0.00021590500533664596,-0.00018451750303586322,0.0004465335948418012,0.0004536125454833186,-0.00021590500533664596,-0.00018451750303586322,31.826226516145397,0.7100370663773811,5.634701377991617,0.5947758617624636,0.0019274835428210325,1,0.7630294154021016,0.8379028260216612,1,-0.10586272812352626,0.9610833732051991,0.0004465335948418012,0.0004536125454833186,-0.00021590500533664596,-0.00018451750303586322,0.0005852115080078358,0.000594488936241434,0.002039480836774927,0.0017429883614992273,0.000532918115292593,0.0005413665300987921,-0.00022464752939862633,-0.00019198907002261417
0.3780242,0.0500005,2.4987071057106413e-05,2.5549054027705536e-05,0.05000052390868373,4.336808689942018e-19,-6.025637706354897e-07,-5.109536615960876e-07,-6.374799939747504e-10,1.046703248692128e-07,-4.685543756974601e-06,-4.1819784625978875e-06,-6.253901691827858e-07,4.0151981659338785e-07,2.0201749340142275e-07,1.7645967162350874e-07,-2.84318083020666e-07,1.2386588067668493e-07,8.436527509967056e-07,7.05374315066253e-07,2.0435543091816416e-07,-2.0485105783701754e-08,-5.056236789884356e-08,-4.3784594921152136e-08,-2.586011267545475e-07,-8.005424615661719e-08,-1.3677374411160752e-07,-1.0710415422104051e-07,5.931934971491716e-07,-5.770544079901983e-08,1.0630409077157213e-08,1.1487325250264522e-08,1.8371637705873465e-08,-7.803613181878942e-08,1.808245402267831e-08,1.4944369456338213e-08,8.290209986118954e-09,1.1755360323890012e-08,-1.919106185034127e-09,-4.976752722567629e-09,-1.889865088250514e-07,3.6786772137030996e-08,50mV,1,7,1.5469114431096913,2.4987071057106413e-05,2.4114664858486326e-05,-6.025637706354897e-07,-5.109536615960876e-07,0.0004997361848195922,0.00048228824366974816,-0.00024102045731931186,-0.0002043771816167878,0.0004997361848195922,0.0005109757264617053,-0.00024102045731931186,-0.0002043771816167878,35.73664620139251,0.7900359118299043,6.280387261957359,0.595429763811168,0.0019120755697391249,1,0.7630284762740422,0.8379024803500451,1,-0.10586711072113597,0.9610874473619047,0.0004997361848195922,0.0005109757264617053,-0.00024102045731931186,-0.0002043771816167878,0.0006549377911291894,0.0006696679643685907,0.002276632050100835,0.0019305068422537453,0.0005964133017136084,0.0006098272035765288,-0.0002507789046469086,-0.0002126520143175151
0.4763719,0.0499999,2.7992663189666316e-05,2.882567079661206e-05,0.04999992714535908,8.673617379884035e-19,-6.738526244662479e-07,-5.661379767342762e-07,-1.6844700302752175e-07,-5.185106533946252e-08,-5.2482550385500284e-06,-4.633655325689144e-06,-4.869959116340384e-07,5.239371939201757e-07,2.2581907673969874e-07,1.9490695917861121e-07,-2.6434210359437176e-07,-5.105806134194452e-08,9.434763189742765e-07,7.742471293361299e-07,3.6605557609186213e-07,-3.347762303189975e-08,-5.625691854924355e-08,-4.829437856765893e-08,-2.979998872647706e-07,-1.985753036999967e-08,-1.5221620388927531e-07,-1.1591333924028755e-07,5.924234071996316e-07,-7.413302446951189e-08,1.1751306564587649e-08,1.2991370546829976e-08,4.076187025480783e-08,-3.176955079207199e-08,1.9450389165073517e-08,1.575736837289866e-08,-3.914818430365454e-08,-5.463386120476305e-09,-2.1523325832577355e-09,-5.9525122428678565e-09,-1.4094339306528905e-07,-4.699549506714208e-10,50mV,1,8,1.5470785468773314,2.7992663189666316e-05,2.7018129008107295e-05,-6.738526244662479e-07,-5.661379767342762e-07,0.000559854079552685,0.0005403633675217281,-0.0002695418352808718,-0.00022645585062761698,0.000559854079552685,0.0005765142559670233,-0.0002695418352808718,-0.00022645585062761698,40.18094684455249,0.8801077026141915,7.00106724913803,0.5963807921834683,0.0018974955899869442,1,0.7630341328175896,0.837904562430272,1,-0.10584071351791535,0.9610629084628088,0.000559854079552685,0.0005765142559670233,-0.0002695418352808718,-0.00022645585062761698,0.0007337208854410754,0.0007555550022882717,0.0025466743970433197,0.0021395911185848673,0.0006681597220677199,0.0006880428652815685,-0.00028046221834946875,-0.00023563062171427082
0.5978954,0.0500007,3.1305600145052096e-05,3.247699709446028e-05,0.05000066647742942,-1.734723475976807e-18,-7.510024277406899e-07,-6.238408763691315e-07,-1.1028578771823515e-07,-1.2440504778944407e-07,-5.868685199562517e-06,-5.118988361086189e-06,-3.175283640493841e-07,3.859948509980225e-07,2.515974448864393e-07,2.1416336347530958e-07,-3.7832844813032503e-07,3.235313743546592e-08,1.0526807465471438e-06,8.457710448954727e-07,1.6495882318473707e-07,-2.6589340189162015e-08,-6.233976802755996e-08,-5.2874744084706325e-08,-1.483503315553061e-07,2.3843943414193225e-08,-1.6858647563137788e-07,-1.2449555094952e-07,6.095792820548538e-07,-2.4316968726462395e-08,1.2916534181657504e-08,1.4522078618711012e-08,1.2456841070574043e-07,5.2117427922559503e-08,2.1276839531448447e-08,1.668570236274604e-08,1.137603807281134e-07,-1.8471265272474e-08,-2.320610698227318e-09,-6.981427297168145e-09,-2.5016573496930274e-07,-2.3447438995202556e-07,50mV,1,9,1.5472853834480838,3.1305600145052096e-05,3.020831394813958e-05,-7.510024277406899e-07,-6.238408763691315e-07,0.0006261036572219217,0.0006041582258063656,-0.0003003929628377155,-0.0002495296982668423,0.0006261036572219217,0.0006495312839303968,-0.0003003929628377155,-0.0002495296982668423,45.108712470158885,0.9763104452485469,7.7875225721984265,0.5976189692197906,0.0018788553716438938,1,0.7630271248969596,0.8379019829430945,1,-0.10587341714752196,0.9610933100099011,0.0006261036572219217,0.0006495312839303968,-0.0003003929628377155,-0.0002495296982668423,0.0008205522933492983,0.0008512558239893641,0.002837284097661208,0.0023568682771346887,0.0007472278022576811,0.0007751876677137655,-0.00031255338031082637,-0.0002596310843785519
0.7515633,0.0500005,3.504825585770296e-05,3.6648651598606606e-05,0.05000053998365256,4.7704895589362195e-18,-8.375969715425532e-07,-6.86357033693008e-07,-1.1706778168603378e-07,-9.800292138500223e-08,-6.567229680998977e-06,-5.64911088487935e-06,-9.136083665895558e-08,5.936575349751641e-07,2.805135560997831e-07,2.348934875959084e-07,-3.918503235312137e-07,-1.405112023291286e-07,1.1755512198565644e-06,9.216330367851099e-07,2.7202875941196854e-07,7.62185669255514e-08,-6.94079442381746e-08,-5.752461702242135e-08,-2.7435492095515355e-07,-5.384978131487499e-08,-1.8728634781155155e-07,-1.334082000501103e-07,4.596672082905262e-07,-9.88305291565548e-09,1.4379003367493622e-08,1.601409572132829e-08,-3.3009113048249764e-08,7.764902346891237e-08,2.317358917021252e-08,1.7474297612844137e-08,5.828245602314212e-08,-7.759457770886826e-10,-2.6503130134914074e-09,-7.963183765493582e-09,-3.6143579808882614e-08,-2.1646280875455703e-07,50mV,1,10,1.5475352855654174,3.504825585770296e-05,3.3796890774600206e-05,-8.375969715425532e-07,-6.86357033693008e-07,0.0007009575470417284,0.0006759305156634296,-0.0003350315521154963,-0.0002745368836280158,0.0007009575470417285,0.0007329651161885194,-0.0003350315521154963,-0.0002745368836280158,50.70999805426007,1.0828918064317976,8.662618511319558,0.5992214627795814,0.0018587471107592666,1,0.7630283239032201,0.837902424266043,1,-0.10586782178497267,0.9610881083852536,0.0007009575470417285,0.0007329651161885194,-0.0003350315521154963,-0.0002745368836280158,0.0009186520671421833,0.0009606001418650957,0.003164621189580875,0.0025932042333469893,0.0008365622615971414,0.000874761899430661,-0.00034859608520012864,-0.0002856521490930437
0.9486946,0.0499965,3.93277693195765e-05,4.148380385843772e-05,0.04999649629250037,-4.336808689942018e-18,-9.357634289696711e-07,-7.540240183183952e-07,2.2124014871744408e-07,-2.498690191056617e-07,-7.363191660649511e-06,-6.231722718574516e-06,-4.3237668370253124e-07,7.338134211729677e-07,3.133720453112998e-07,2.571122167499881e-07,-3.8013452040776504e-07,-4.881925322316176e-08,1.3131724502170109e-06,1.0021044705505024e-06,1.2977896489054965e-07,-1.9344550406076188e-07,-7.726399813628853e-08,-6.245301378456074e-08,-1.65171379462542e-07,-5.900187427850678e-09,-2.0710589786077666e-07,-1.4167188982545594e-07,6.225560932991906e-07,8.039514398425826e-08,1.5706616597025425e-08,1.7885914218419474e-08,1.01339372285974e-07,-1.96613661165268e-08,2.4359417974425284e-08,1.7554263874783468e-08,-8.888247084047686e-08,1.951605771679169e-07,-2.601193695300844e-09,-9.250600952591607e-09,-3.6921963392253e-07,-2.046319996972608e-07,50mV,1,11,1.547869215909929,3.93277693195765e-05,3.7884331536549216e-05,-9.357634289696711e-07,-7.540240183183952e-07,0.000786610507454215,0.0007577397286983885,-0.0003743578353638391,-0.00030165188184455864,0.0007866105074542149,0.000829734220088947,-0.0003743578353638391,-0.00030165188184455864,57.162745054967004,1.2017509788629657,9.64629252472971,0.6012102978426954,0.0018359856877238573,1,0.7630666515501777,0.8379165336937042,1,-0.10568895943250389,0.960921861112749,0.0007866105074542149,0.000829734220088947,-0.0003743578353638391,-0.00030165188184455864,0.0010308542587416285,0.0010873679493178395,0.0035420713513876073,0.0028541475236796374,0.0009387695263473058,0.0009902349300010972,-0.0003895819738457528,-0.0003139192623791963
1.195791,0.0500003,4.41457775196238e-05,4.695203110787813e-05,0.05000030811874052,-4.9873299934333204e-18,-1.0447559640310364e-06,-8.040301565426758e-07,-1.994993118497959e-07,-3.964744927208552e-08,-8.262783104019818e-06,-6.861026680056002e-06,-1.0622508040589487e-06,7.778198342474707e-08,3.4918007685890074e-07,2.6906178002141744e-07,-3.371129595901942e-07,6.88850479317344e-08,1.4753902419885677e-06,1.0869345697165567e-06,3.7470756229186007e-07,-1.5212173960929674e-07,-8.568042594655828e-08,-5.986292430825178e-08,-1.655153299270273e-07,1.8567260646218916e-08,-2.3555593755570465e-07,-1.507916433959256e-07,6.484253989016124e-07,-6.725823593903582e-08,1.7248207910512286e-08,1.4435608178165539e-08,6.899100054965187e-08,1.0220724986826048e-07,3.114690851842059e-08,1.8564450959140383e-08,3.161678799247706e-08,5.5091944390857375e-08,-2.691000667976556e-09,-6.430997783744839e-09,-9.057414671584087e-08,-9.107431065727561e-08,50mV,1,12,1.5482099085840797,4.41457775196238e-05,4.2414696576011754e-05,-1.0447559640310364e-06,-8.040301565426758e-07,0.0008829101095694568,0.0008482887040472935,-0.0004178972351177549,-0.00032160809886556285,0.0008829101095694568,0.0009390348354729466,-0.0004178972351177549,-0.00032160809886556285,64.44643433090211,1.3183245112674118,10.73998471733157,0.6037370141080923,0.0017939598035499177,1,0.7630305216910622,0.8379032332244091,1,-0.10585756544170999,0.9610785739084828,0.0008829101095694568,0.0009390348354729466,-0.0004178972351177549,-0.00032160809886556285,0.0011571098199488954,0.001230664840761305,0.003947731400906515,0.0030381210594027405,0.0010537136921788125,0.0011206960401135629,-0.0004348210921176445,-0.00033463247188797224
0.0946587,0.050002,1.2681091832850768e-05,1.2571896380834297e-05,0.05000202075532349,9.215718466126788e-19,-3.071673062123163e-07,-2.8825666231253036e-07,-2.1795570932552074e-07,4.0025607249047454e-07,-2.3698237514838147e-06,-2.2222718716819517e-06,-7.884444515058505e-07,2.877027427464679e-07,1.0235051948461696e-07,1.0311067387185552e-07,-3.2621902611127205e-07,1.1396675762579133e-07,4.2415778293612933e-07,3.9012270328183996e-07,4.256978190773356e-07,-9.477882385195323e-08,-2.4608916637946502e-08,-2.9382997987964507e-08,-2.6654396694795294e-07,3.1689980335638005e-08,-6.671620098472831e-08,-6.184019982693347e-08,6.384496517298403e-07,3.066421588813136e-08,4.248581195189721e-09,9.940297523585343e-09,-7.558686892228535e-08,6.454407993460342e-08,6.810687024854362e-09,8.210499353015528e-09,-1.9381741021091983e-07,5.8621876126473514e-08,1.0870046635798078e-10,-5.231044273555615e-09,-1.1465707518722729e-07,1.1049941782576401e-07,50mV,2,1,1.573639934011534,1.2681091832850768e-05,1.2212709115127235e-05,-3.071673062123163e-07,-2.8825666231253036e-07,0.0002536115869177281,0.0002442443111427052,-0.0001228569917274518,-0.00011529334555102278,0.0002536115869177281,0.00025142776613674804,-0.0001228569917274518,-0.00011529334555102278,17.85672614685091,0.42124061695578585,3.248777752442544,0.5945633285201267,0.0020373610231619907,1,0.7630142878091748,0.8378972581859649,1,-0.10593332355718443,0.9611490043120758,0.0002536115869177281,0.00025142776613674804,-0.0001228569917274518,-0.00011529334555102278,0.000332381176826868,0.00032951907998822244,0.001159757738188321,0.0010883576732942364,0.0003026762343951255,0.0003000699234666138,-0.00012782304426917069,-0.00011995366486754236
0.1193355,0.0500021,1.4211921949079546e-05,1.4158159294731608e-05,0.05000208602214532,6.505213034913027e-19,-3.4362474730504554e-07,-3.1182014286551884e-07,-2.7117370451249665e-08,2.454510556472778e-07,-2.660540498444951e-06,-2.480286698689648e-06,-8.611143834823094e-07,2.9258413093523877e-07,1.149137212145765e-07,1.102510583754873e-07,-1.910705101020735e-07,5.293750701962239e-08,4.788176234132718e-07,4.3356280016353863e-07,3.644636502729197e-07,-2.0588413940549865e-07,-2.7845713856453222e-08,-2.9641946717983214e-08,-3.2432455636558254e-07,9.420657490941689e-08,-7.724693540173636e-08,-6.852853322969088e-08,5.919185602526472e-07,2.443520151654093e-07,5.059905239249331e-09,8.848813699750293e-09,7.143400990364487e-08,3.906528518117183e-08,9.572407860526323e-09,9.349993105364664e-09,-1.2337269194869111e-08,-6.477848674921283e-09,-1.212985369336058e-10,-4.103391860024238e-09,-4.9945004560347343e-08,-8.479426057261905e-08,50mV,2,2,1.5807503274108665,1.4211921949079546e-05,1.370533406159199e-05,-3.4362474730504554e-07,-3.1182014286551884e-07,0.00028422658092274903,0.00027409524585678407,-0.00013743843069839132,-0.00012471765037790056,0.00028422658092274903,0.0002831513726939538,-0.00013743843069839132,-0.00012471765037790056,20.06071285128532,0.46401483646229347,3.6373476396355766,0.5948919358536151,0.0019987802960511974,1,0.7630136691416044,0.8378970304932377,1,-0.1059362106725128,0.9611516885882616,0.00028422658092274903,0.0002831513726939538,-0.00013743843069839132,-0.00012471765037790056,0.0003725052281730495,0.0003710960683214247,0.0012973697079203947,0.0011772900841568515,0.0003392142119843005,0.0003379309895957902,-0.0001429934861793363,-0.0001297585509744936
0.1502404,0.0500033,1.5921205261976316e-05,1.593564487449172e-05,0.05000329070894379,0.0,-3.8445719690409034e-07,-3.362712971327924e-07,-4.690095821620061e-10,1.3286554748112188e-07,-2.985176112441406e-06,-2.76305038945408e-06,-7.397267390250375e-07,6.064745073272369e-07,1.2901519210250793e-07,1.1793141509511153e-07,-2.889807838906361e-07,2.585184625431422e-08,5.398848991134517e-07,4.807644598670132e-07,1.7241085782341942e-07,-1.1471537300601463e-07,-3.162785299738694e-08,-2.9616046792254357e-08,-1.4875853031933908e-07,8.089666976736214e-08,-8.911391870001746e-08,-7.56989752231826e-08,6.020112907504955e-07,7.987731868505311e-08,6.135114447527929e-09,7.527543779688037e-09,5.255887230871877e-08,-5.854089991812503e-08,1.2703572389776407e-08,1.0482407063427068e-08,-7.360918432280845e-08,4.2357641902793764e-08,-6.268148499958511e-10,-2.8717612564344093e-09,-1.4050036322813479e-07,-1.6957147794523182e-07,50mV,2,3,1.589660487238742,1.5921205261976316e-05,1.5365535533606806e-05,-3.8445719690409034e-07,-3.362712971327924e-07,0.0003184031497976709,0.00030729048660108413,-0.00015376263857201351,-0.00013449081546539675,0.0003184031497976709,0.000318691923042605,-0.00015376263857201351,-0.00013449081546539675,22.526197072739475,0.510769734348778,4.067643528746482,0.5953482241993379,0.001960874553907727,1,0.7630022497082933,0.8378928278994002,1,-0.10598950136129792,0.961201237861975,0.0003184031497976709,0.000318691923042605,-0.00015376263857201351,-0.00013449081546539675,0.00041730302881728195,0.00041768149853351735,0.0014507346161377447,0.0012689069552930844,0.0003800046249302653,0.00038034926715098703,-0.0001599692473493186,-0.00013991951962582592
0.1890121,0.0500043,1.7813925424780705e-05,1.7930127611902324e-05,0.05000429433350157,4.7704895589362195e-18,-4.282341713792049e-07,-3.71822515807814e-07,-3.2284033494299676e-08,-5.118120104231135e-08,-3.3420119163171134e-06,-3.0742935868627884e-06,-4.93237082468877e-07,4.7293110349376824e-07,1.4367269635056216e-07,1.302466666431436e-07,-3.9241381057831726e-07,1.1118778081904565e-07,6.045695125517701e-07,5.310399519157974e-07,3.4045841848784e-07,-9.254160624523055e-08,-3.507363146872734e-08,-3.249350247902938e-08,-3.3082306649660774e-07,2.0842982294746235e-07,-9.973363909763378e-08,-8.245567395643052e-08,5.719925655522712e-07,-1.1649310028700716e-07,6.606161329367303e-09,8.191322999785425e-09,-9.811906340831648e-08,1.0258735889090251e-07,1.4217436367989441e-08,1.1021392067547106e-08,-1.7142162822390542e-07,-9.028536139281328e-08,-4.81921479981098e-10,-3.025131486457322e-09,-1.0759250032941826e-07,-4.633549102885135e-08,50mV,2,4,1.600837465176335,1.7813925424780705e-05,1.721287894529418e-05,-4.282341713792049e-07,-3.71822515807814e-07,0.00035624791154878553,0.00034422801430800305,-0.00017126424865632276,-0.00014870346193587586,0.0003562479115487856,0.00035857175570398167,-0.00017126424865632276,-0.00014870346193587586,25.274995850024396,0.5671300457553685,4.540960769157916,0.5955563206494268,0.0019411355960968657,1,0.7629927359684577,0.8378893269067473,1,-0.10603389881386382,0.9612425220567624,0.0003562479115487856,0.00035857175570398167,-0.00017126424865632276,-0.00014870346193587586,0.0004669086542437449,0.00046995435054679875,0.001615183922992089,0.0014024143561571373,0.00042517299135907727,0.0004279464413608514,-0.00017816965513538674,-0.00015469921328250887
0.238186,0.0499862,1.9947985320778948e-05,2.0197601500857328e-05,0.049986213866815024,-8.673617379884035e-19,-4.782138379100112e-07,-4.1156847826017163e-07,1.9422638050397736e-07,-1.259595505952631e-07,-3.744312619726239e-06,-3.4154471531204877e-06,-7.331420116392729e-07,4.5094097144020854e-07,1.6041823365901323e-07,1.4368407536495475e-07,-2.9887728177542735e-07,-1.4862035114182129e-07,6.775833313021323e-07,5.839113881378608e-07,4.974517738059648e-07,-6.990481701648923e-08,-3.8901298812415857e-08,-3.5213078526598806e-08,-1.7510791834901675e-07,-1.711334455764932e-08,-1.1177811573484299e-07,-8.868580715755545e-08,6.025210842583135e-07,-1.7400057016698797e-07,7.024096153718212e-09,8.596072630822293e-09,7.330211857202485e-08,1.4353453974916157e-08,1.585307802118537e-08,1.0997235727888745e-08,-2.4739209561139354e-07,-1.8313384462469997e-07,-1.4209513070842785e-10,-2.966886717631325e-09,-1.4289875270845054e-08,-3.5529330170660006e-08,50mV,2,5,1.6150062146180244,1.9947985320778948e-05,1.9294078290538805e-05,-4.782138379100112e-07,-4.1156847826017163e-07,0.0003990697389870143,0.00038598799144793413,-0.00019139106232090696,-0.00016471821186997133,0.0003990697389870143,0.00040406343946497946,-0.00019139106232090696,-0.00016471821186997133,28.387765405988663,0.630933504472552,5.068052510580372,0.595867420819699,0.0019237272456396294,1,0.7631640983396671,0.8379524240933509,1,-0.10523420774822001,0.9604994342417743,0.0003990697389870143,0.00040406343946497946,-0.00019139106232090696,-0.00016471821186997133,0.0005229147176278691,0.000529458134029177,0.001818715286751843,0.0015652534987869236,0.00047624391017043766,0.00048220331828763264,-0.00019926202504428603,-0.00017149225288196155
0.3004808,0.0500005,2.2371496298662682e-05,2.2786870627431665e-05,0.05000053984856557,-4.7704895589362195e-18,-5.370877019077248e-07,-4.554718935735285e-07,-2.6025267873089056e-08,1.5523795032112354e-07,-4.200221655559973e-06,-3.8020731337623617e-06,-5.758348827805446e-07,4.059226084562085e-07,1.813961452786169e-07,1.6024352580219395e-07,-3.946783183610149e-07,-9.175906132730276e-08,7.577539947983818e-07,6.504708313567953e-07,1.9375508844232402e-07,-7.90854899644973e-08,-4.519545858049203e-08,-3.9941836154921177e-08,-3.140156785525633e-07,-4.9096709727704146e-08,-1.2380002919573103e-07,-1.0089222011987023e-07,6.468000111709893e-07,-3.803614822486544e-08,9.486208670677232e-09,1.0474580853317835e-08,3.5010369967697465e-08,-8.926633996700623e-09,1.676447946554314e-08,1.4456562604700359e-08,-1.2805787829110768e-08,1.3157380066289293e-08,-1.8723717593722264e-09,-4.385914157295705e-09,-2.0776084763537406e-07,1.197736781500765e-07,50mV,2,6,1.5467781906046543,2.2371496298662682e-05,2.164671467318136e-05,-5.370877019077248e-07,-4.554718935735285e-07,0.00044742509513733735,0.00043292961913494966,-0.0002148304417018144,-0.00018218482331955183,0.00044742509513733735,0.0004557324920179914,-0.0002148304417018144,-0.00018218482331955183,31.933138267830582,0.704214346187279,5.6654763321641814,0.5967738532368481,0.0019116770478191103,1,0.7630283251836778,0.8379024247373481,1,-0.10586781580950322,0.9610881028302984,0.00044742509513733735,0.0004557324920179914,-0.0002148304417018144,-0.00018218482331955183,0.000586380715328795,0.0005972681183339904,0.0020292327754109587,0.0017208707096344762,0.0005339823372364495,0.0005438968530981957,-0.00022352835402827527,-0.0001895610015180061
0.3780242,0.0500001,2.5046689225089612e-05,2.567672254664669e-05,0.0500001469264509,-4.7704895589362195e-18,-5.992684385740584e-07,-5.031817227596229e-07,-1.4216061979147113e-07,2.7328232785175864e-07,-4.702663511228609e-06,-4.218302764692472e-06,-6.439744315888812e-07,4.168850699063266e-07,2.0249513828417877e-07,1.7729139890771527e-07,-3.545476636263397e-07,-1.2067365012113867e-07,8.473163632187207e-07,7.160933912007811e-07,2.9160268804360563e-07,-1.1918171417942115e-07,-5.01970838701258e-08,-4.422521036264692e-08,-2.1730325736025553e-07,1.1475837706452582e-07,-1.3798561151700238e-07,-1.0987344805256442e-07,4.2505545835086663e-07,6.68239743610127e-08,1.067283951124645e-08,1.1822580829226238e-08,4.059088072726668e-08,-2.2947409377944078e-08,1.8482235513300588e-08,1.5540590211705484e-08,-4.494942042627945e-08,1.2028101749482521e-08,-2.0006308059368616e-09,-5.181204820633461e-09,-2.551717706597545e-07,-7.608697360542776e-08,50mV,2,7,1.5469032173807713,2.5046689225089612e-05,2.4242344192098796e-05,-5.992684385740584e-07,-5.031817227596229e-07,0.000500932312497656,0.0004848454591095252,-0.00023970596666167583,-0.00020127150621778825,0.000500932312497656,0.0005135329419014825,-0.00023970596666167583,-0.00020127150621778825,35.86963509537969,0.7825052763977582,6.317366723125478,0.5976455717885044,0.0018938496336534264,1,0.763032049585295,0.8379037956169565,1,-0.10585043526862337,0.9610719456825523,0.000500932312497656,0.0005135329419014825,-0.00023970596666167583,-0.00020127150621778825,0.0006565023222417861,0.0006730162149553031,0.0022645723284307594,0.0019014707469743393,0.0005978398893978212,0.000612878166428836,-0.00024941521572709825,-0.0002094239740551842
0.4763719,0.0500002,2.8071597795761148e-05,2.897724006296454e-05,0.05000017829498739,1.0842021724855044e-18,-6.690315438774164e-07,-5.54678861763309e-07,3.4279707890674094e-09,2.183817526889449e-07,-5.2692817953269384e-06,-4.678578246675399e-06,-7.841623847090677e-07,5.241425537286494e-07,2.259742954316669e-07,1.9583261892439982e-07,-1.3733561774626056e-07,-7.111705161445862e-08,9.478977724215379e-07,7.874154708152052e-07,3.14124945137823e-07,5.452591003391002e-08,-5.6074267973961435e-08,-4.870503159680215e-08,-4.094872732911834e-07,-6.84777056208273e-08,-1.5361168248700373e-07,-1.1919494059618988e-07,4.5631556703634175e-07,5.145410312879118e-08,1.1784763478654206e-08,1.325753941896651e-08,1.105470344822791e-07,1.2119050037800434e-07,2.005106279159558e-08,1.6078849085990414e-08,-2.0548763587353385e-07,-1.8236433321661656e-08,-2.3798737851107684e-09,-6.0020877499470054e-09,-4.193578588797357e-08,7.903826253970954e-08,50mV,2,8,1.5470717919300527,2.8071597795761148e-05,2.716968919517758e-05,-6.690315438774164e-07,-5.54678861763309e-07,0.0005614299539122918,0.0005433918462227042,-0.0002676107090016442,-0.00022186996237041665,0.0005614299539122918,0.0005795427346679993,-0.0002676107090016442,-0.00022186996237041665,40.34470280561823,0.869063775789809,7.046589604115464,0.5988113200195337,0.0018736850922681319,1,0.7630317522525635,0.8379036861732174,1,-0.10585182282137051,0.9610732355479481,0.0005614299539122918,0.0005795427346679993,-0.0002676107090016442,-0.00022186996237041665,0.0007357884547463217,0.0007595263669658806,0.002528163444603583,0.0020960429065527927,0.0006700411552984015,0.0006916579366237472,-0.0002784498611586746,-0.00023085645730621074
0.5978954,0.0500007,3.1404863851992644e-05,3.26558981911312e-05,0.05000071117886925,-2.8189256484623115e-18,-7.46521212011641e-07,-6.102233007489044e-07,4.126265676512835e-09,1.3945700454248063e-07,-5.892344993256083e-06,-5.171582622209626e-06,-2.1154042038610558e-07,4.163581784303609e-07,2.523129586859494e-07,2.1573271040384172e-07,-3.446531402732676e-07,-2.3427107290194386e-07,1.0580328087207427e-06,8.618622163149283e-07,2.8706343600271485e-07,1.8737844993614423e-08,-6.228286935990936e-08,-5.3507266108966616e-08,-2.692975233789271e-07,-9.405566634326472e-08,-1.7023126388990887e-07,-1.2856716457316266e-07,8.206373726512943e-07,5.543128234313602e-08,1.282899426043461e-08,1.49799679255997e-08,6.644092256804702e-08,-1.5738700710183107e-07,2.1581078600161603e-08,1.7293308856430315e-08,7.044373019410129e-09,-4.731984009138009e-08,-2.6219304130398145e-09,-7.11127424908514e-09,-1.1076090902917935e-07,1.1097200322624006e-07,50mV,2,9,1.5472849624134932,3.1404863851992644e-05,3.0387213016569464e-05,-7.46521212011641e-07,-6.102233007489044e-07,0.0006280883433766963,0.0006077356161568234,-0.0002985999904241047,-0.000244082376801032,0.0006280883433766963,0.0006531086742808545,-0.0002985999904241047,-0.000244082376801032,45.30643618992471,0.9641920953628573,7.839961501046457,0.6002384952298696,0.001855534278554091,1,0.7630267011812694,0.8379018269853112,1,-0.10587539448740935,0.961095148220187,0.0006280883433766963,0.0006531086742808545,-0.0002985999904241047,-0.000244082376801032,0.0008231538193936461,0.0008559447176222708,0.002820296366967625,0.002305373953813775,0.0007495965793946251,0.0007794572744048972,-0.00031068723109992785,-0.0002539627603500425
0.7515633,0.0500003,3.516780170117831e-05,3.685717780464514e-05,0.050000266668271315,-3.469446951953614e-18,-8.334062058336935e-07,-6.697066215094652e-07,2.1417566730418336e-08,1.69495648837902e-07,-6.593699170238581e-06,-5.712735280683035e-06,-2.9035472837967516e-07,5.572436787333508e-07,2.8146564758545576e-07,2.3715055683786936e-07,-2.07649902143121e-07,4.6637823565030775e-08,1.1811185041823283e-06,9.410424462896052e-07,2.2882388618272787e-07,1.0249318721685484e-07,-6.903604334381075e-08,-5.85987687094377e-08,-1.193594718366409e-07,2.073245108663473e-09,-1.8904005088353409e-07,-1.3830875992232962e-07,5.460063193025043e-07,-2.2924491948794157e-08,1.4325507706262827e-08,1.673831364192889e-08,-1.2175583630175002e-07,2.5017477953511687e-08,2.3660804625739395e-08,1.8285774639830106e-08,6.589410032753883e-08,1.0504847953074636e-07,-2.7942864031261e-09,-8.239452694533839e-09,-2.760484469924068e-07,5.7084261223830565e-08,50mV,2,10,1.5475422313341027,3.516780170117831e-05,3.400543256907233e-05,-8.334062058336935e-07,-6.697066215094652e-07,0.0007033522827888186,0.0006801050241328246,-0.000333358926474049,-0.00026787979119453285,0.0007033522827888186,0.0007371396246579143,-0.000333358926474049,-0.00026787979119453285,50.943359059023834,1.0691458566611642,8.724231377878835,0.6019790042506071,0.001835152653520739,1,0.7630309145883206,0.8379033778427843,1,-0.10585573192117037,0.9610768694549376,0.0007033522827888186,0.0007371396246579143,-0.000333358926474049,-0.00026787979119453285,0.0009217873998831352,0.0009660678362627345,0.0031491816307339677,0.002530612054092829,0.0008394193189668564,0.0008797429920329354,-0.0003468597955781719,-0.00027872878820448297
0.9486946,0.0499964,3.947146586856084e-05,4.1725842241440746e-05,0.04999641902368017,-4.119968255444917e-18,-9.325751689830686e-07,-7.337660412278658e-07,1.171525451671765e-07,-9.279228289720629e-08,-7.393936006894132e-06,-6.308233658359086e-06,-4.846381552323365e-07,4.5212835750210205e-07,3.1464746984921147e-07,2.603303683815654e-07,-1.0913522283048088e-07,-5.837015291705916e-08,1.3214411961639772e-06,1.025619311304805e-06,1.0186328704230789e-07,8.59772463525875e-08,-7.686611414228204e-08,-6.41573699118542e-08,-4.477331653252322e-07,-3.8649634956690945e-08,-2.0970740466723217e-07,-1.4714332257601863e-07,4.7050829517204796e-07,-7.647069877236891e-08,1.5810098450350145e-08,1.8754626761938394e-08,8.846019677818887e-08,-7.724962666047319e-08,2.5121648458377764e-08,1.8333778710010683e-08,-1.38753542387664e-07,-1.0631800495280766e-07,-2.696081225363234e-09,-9.407607311800864e-09,-1.0067784918884416e-07,-1.508698909617976e-07,50mV,2,11,1.5478691362612071,3.947146586856084e-05,3.812637548248165e-05,-9.325751689830686e-07,-7.337660412278658e-07,0.000789485859974605,0.0007625821254202941,-0.0003730835058075337,-0.0002935484625891618,0.0007894858599746049,0.0008345766168108526,-0.0003730835058075337,-0.0002935484625891618,57.43729214169627,1.1866377075851806,9.71926445583718,0.6040978522389308,0.0018128962538488337,1,0.7630673839033429,0.8379168033305507,1,-0.1056855417843996,0.9609186850533118,0.0007894858599746049,0.0008345766168108526,-0.0003730835058075337,-0.0002935484625891618,0.0010346214195869868,0.0010937128678488606,0.0035301281472221693,0.0027775650068389292,0.0009422007731991499,0.000996013701472006,-0.00038825710396799603,-0.00030548730829693015
1.195791,0.05,4.431445686113974e-05,4.723344893448767e-05,0.04999998417481391,2.168404344971009e-18,-1.0410860790405757e-06,-7.775461415864731e-07,-1.1811291607793759e-07,-4.068954434391023e-09,-8.298915297458925e-06,-6.953882472986029e-06,-1.1229652541454388e-06,9.693659701148414e-08,3.5059442493527104e-07,2.727999402878726e-07,-2.709343852210432e-07,3.361972151863924e-08,1.4840994944889171e-06,1.1148779488573476e-06,3.366181519505757e-07,5.013865860861284e-08,-8.545797409404674e-08,-6.224046991156774e-08,-2.9414556409006086e-07,1.5612641656927084e-07,-2.388939583497695e-07,-1.5722782337550032e-07,4.959578489143408e-07,2.216086733124019e-08,1.7503718913653235e-08,1.527714337889317e-08,1.690291757638256e-08,2.417784867641285e-08,3.213599378930911e-08,1.9344485062218954e-08,-1.227322992319485e-07,-3.7052007511642e-08,-3.695545135738334e-09,-6.8264085621183835e-09,-2.2838404154144726e-07,8.937551615534025e-08,50mV,2,12,1.5482129671204432,4.431445686113974e-05,4.2696143799279436e-05,-1.0410860790405757e-06,-7.775461415864731e-07,0.000886289417736694,0.0008539231462554426,-0.00041643469522245044,-0.0003110186535116808,0.000886289417736694,0.0009446692776810955,-0.00041643469522245044,-0.0003110186535116808,64.76704243011773,1.2993991789546782,10.827210008238504,0.6067404847970284,0.001768206443775678,1,0.7630335922551248,0.8379043634544721,1,-0.1058432361427506,0.9610652534479476,0.000886289417736694,0.0009446692776810955,-0.00041643469522245044,-0.0003110186535116808,0.001161533943895301,0.0012380441533237764,0.003934447872141831,0.0029384839773059323,0.0010577453184307843,0.0011274189739106481,-0.0004333053283618738,-0.0003236186641810851
0.0946587,0.1000034,1.5562153198496174e-05,1.5868038114978436e-05,0.10000336365640748,8.673617379884035e-18,-3.0916883760590816e-07,-2.587331415733809e-07,6.22984043859974e-08,-1.3291200203902927e-08,-5.9253065200528944e-06,-5.6244962202235756e-06,-2.1792335949792496e-06,4.354580256408943e-07,2.3574568551747026e-07,2.313237402483813e-07,-2.485465684046678e-07,-9.844113029944883e-08,2.463522440034162e-06,2.3033529101842774e-06,1.0379110453577206e-06,-2.576331805177027e-07,-1.4183019091993754e-07,-1.3825326796870542e-07,2.088433048674721e-08,1.0555428781391494e-07,-9.805805463979807e-07,-8.992372484113907e-07,3.590070756169617e-07,7.381361616702648e-08,7.185394669282102e-08,7.118484435304134e-08,1.3147119607612092e-08,-1.4937625189404863e-08,3.7497365651118666e-07,3.357198093618913e-07,4.5207481772625285e-08,-1.714275573903869e-07,-3.2830162883619585e-08,-3.4545916995401875e-08,2.923572166765724e-08,-1.1695497629580803e-07,100mV,1,1,1.5736262203536047,1.5562153198496174e-05,1.5149668452899734e-05,-3.0916883760590816e-07,-2.587331415733809e-07,0.00015561629758739686,0.00015149158887246142,-3.0914803990042696e-05,-2.587157366637582e-05,0.00015561629758739686,0.00015867504386650428,-3.0914803990042696e-05,-2.587157366637582e-05,22.225553891677773,0.4031478744766237,8.169713280641533,0.740029229958808,0.0019498541521590423,1,0.05207000201535528,1.2501650434542464,1,-3.423673323928342,13.649181016575856,0.00015561629758739686,0.00015867504386650428,-3.0914803990042696e-05,-2.587157366637582e-05,0.0029885978790918062,0.0030473408435765285,9.029717810392866e-06,7.556671217886707e-06,0.0001244766028311142,0.00012692327680838045,-2.2649566997828732e-06,-1.8954671078767895e-06
0.1193355,0.1000044,1.7449510988208515e-05,1.7937870304382964e-05,0.10000437164591588,7.589415207398531e-18,-3.4471704833704803e-07,-2.724999769869047e-07,3.576497480906423e-08,1.1378727836325838e-07,-6.648908088971083e-06,-6.2888585746286695e-06,-2.2525544136761055e-06,6.620457229169345e-07,2.637712385231989e-07,2.528725537794719e-07,-1.8961193236192858e-07,3.174466800022931e-08,2.7671418088726343e-06,2.569164863210361e-06,9.028470047767207e-07,-2.9309987408578783e-07,-1.5901094686786433e-07,-1.5027702734526872e-07,2.6620992153388768e-08,5.1161794416128744e-08,-1.103244097389217e-06,-9.988353727955097e-07,4.884396059271723e-07,9.937159424693223e-09,8.07559226213294e-08,7.61571608352952e-08,1.3853420689399552e-07,7.325924478385621e-08,4.230611569072087e-07,3.7097767883969944e-07,-4.0697948888806556e-08,-2.703183106549683e-07,-3.703356662946457e-08,-3.5850369963153146e-08,-9.255395114371385e-08,-8.262776581091528e-08,100mV,1,2,1.5807399439491245,1.7449510988208515e-05,1.703221803048609e-05,-3.4471704833704803e-07,-2.724999769869047e-07,0.0001744874819072086,0.00017031473474771514,-3.44686910695799e-05,-2.7247615308093182e-05,0.0001744874819072086,0.00017937086158488488,-3.44686910695799e-05,-2.7247615308093182e-05,25.02503995570185,0.43941561291341286,9.151924439551808,0.7421069517530976,0.0018928172115461254,1,0.05205089249197026,1.2501942397256638,1,-3.4237625017041386,13.649780196375993,0.0001744874819072086,0.00017937086158488488,-3.44686910695799e-05,-2.7247615308093182e-05,0.0033522476475139457,0.0034460669740207796,1.0067488925538353e-05,7.958383589554181e-06,0.00013956829775947234,0.00014347439452628183,-2.525219496115499e-06,-1.996194438012079e-06
0.1502404,0.100006,1.9558870647396766e-05,2.027603660547249e-05,0.1000059931044547,5.637851296924623e-18,-3.839523344635231e-07,-2.8559290730828475e-07,-1.460794742982208e-07,1.936862016936462e-07,-7.458371935712718e-06,-7.022147151505802e-06,-2.165392989105746e-06,6.793893136098827e-07,2.9519072634074497e-07,2.762320892943283e-07,-2.1494613474562053e-07,-1.219795415517911e-07,3.1068410143025546e-06,2.858408707240574e-06,9.768552792156876e-07,-3.1537286384276147e-07,-1.7843856015108748e-07,-1.6327523881918115e-07,3.5030414270045085e-08,9.730937776991522e-08,-1.2408126992873797e-06,-1.105974589132282e-06,4.9771885973228e-07,9.305990370641007e-08,9.098342209058238e-08,8.129212289484391e-08,1.0581837403279292e-07,5.704323365517403e-08,4.773313546185963e-07,4.078137409133897e-07,7.595215883866117e-08,-7.592428668713911e-08,-4.2092539815263614e-08,-3.7104073054228935e-08,-3.996337979811628e-08,-2.3007064967489333e-08,100mV,1,3,1.5896473715599708,1.9558870647396766e-05,1.9135824631320875e-05,-3.839523344635231e-07,-2.8559290730828475e-07,0.00019557698534094681,0.0001913467787008905,-3.839063172714307e-05,-2.8555867862285634e-05,0.00019557698534094681,0.00020274821514241136,-3.839063172714307e-05,-2.8555867862285634e-05,28.17209756883678,0.47852137240126236,10.243918320097448,0.7445645709934183,0.001837071227094103,1,0.05202015238310731,1.2502412077001033,1,-3.423905955545499,13.650744082721694,0.00019557698534094681,0.00020274821514241136,-3.839063172714307e-05,-2.8555867862285634e-05,0.0037596388395905052,0.0038974936799349037,1.1212525176097206e-05,8.340143751914497e-06,0.0001564314023057382,0.00016216727931674831,-2.8123471874134443e-06,-2.0918909393686432e-06
0.1890121,0.1000078,2.1900493915135354e-05,2.2920480932377243e-05,0.10000779878585211,-2.6020852139652106e-18,-4.272289544434169e-07,-3.0931187482016425e-07,-1.4799691944600718e-07,3.737395016345843e-08,-8.35720705349337e-06,-7.830355637864174e-06,-1.993258104894924e-06,8.569273065361552e-07,3.2972915465704317e-07,3.0701771957815736e-07,-2.7070349634691085e-07,-3.2284029257355475e-07,3.484580595955514e-06,3.173212898867696e-06,1.237795114029341e-06,-3.1555212657177315e-07,-1.9970224502232722e-07,-1.8050603343122937e-07,1.1900924470316393e-07,1.0889510388688951e-07,-1.3929714284278018e-06,-1.2177579761575956e-06,4.237805049756833e-07,6.977085790499963e-08,1.0174467342872936e-07,8.873890598919696e-08,-2.1483470386475947e-08,-5.138342468110777e-08,5.3601092248081e-07,4.431257314611096e-07,-3.6031125660974256e-09,4.811747313589538e-08,-4.6898444311084004e-08,-3.972590385380078e-08,-9.693078877322164e-08,6.455097824966115e-08,100mV,1,4,1.6008247377403988,2.1900493915135354e-05,2.1485994929011917e-05,-4.272289544434169e-07,-3.0931187482016425e-07,0.00021898786075705097,0.00021484319412949117,-4.271623248954513e-05,-3.0926363532191554e-05,0.00021898786075705097,0.00022918693552546977,-4.271623248954513e-05,-3.0926363532191554e-05,31.70142078674628,0.5274451776436866,11.452396218712947,0.7469825765805476,0.0018053048273083897,1,0.0519859191341534,1.2502935158273745,1,-3.424065710707284,13.651817542171118,0.00021898786075705097,0.00022918693552546977,-4.271623248954513e-05,-3.0926363532191554e-05,0.004212445685377555,0.004408634863876051,1.2475295773667133e-05,9.032059003856945e-06,0.00017514916136483123,0.00018330650573182143,-3.128977687959324e-06,-2.2653660171371717e-06
0.238186,0.0999741,2.4546837923872088e-05,2.5951310204225746e-05,0.09997413382701958,-4.336808689942018e-18,-4.755215829094801e-07,-3.35287869291323e-07,1.2101697469655446e-07,1.387177872352704e-07,-9.370772136475877e-06,-8.72556404739279e-06,-1.9932187968258303e-06,8.376712277455221e-07,3.6853103575127346e-07,3.4145529982221693e-07,1.1166547270269085e-07,-1.1175196799151616e-08,3.911979301190862e-06,3.5104271613661745e-06,7.457630365859494e-07,-3.362361541876553e-07,-2.2335545745817134e-07,-1.989133080455115e-07,1.3977041315285552e-09,1.2254135737184755e-07,-1.5645252675423216e-06,-1.3288821818423787e-06,6.621451444748176e-07,9.229415544937035e-08,1.1364232393681751e-07,9.594871738573154e-08,8.797456538968875e-08,1.1311563600792094e-07,6.00955905644642e-07,4.72248155854989e-07,-1.044474769654883e-07,1.0492801478032259e-07,-5.19724465221292e-08,-4.161383335443821e-08,-3.503326738734959e-08,1.3768055952649338e-07,100mV,1,5,1.614989375220616,2.4546837923872088e-05,2.4144232945186325e-05,-4.755215829094801e-07,-3.35287869291323e-07,0.00024553188894183665,0.00024150479750054075,-4.757676768583822e-05,-3.354613888932474e-05,0.00024553188894183665,0.00025958024551758606,-4.757676768583822e-05,-3.354613888932474e-05,35.72139069768696,0.5818408125137432,12.80417269404417,0.7498023405052234,0.0017740427726904476,1,0.052624059034239834,1.2493189570619192,1,-3.4210877245068803,13.631814572387551,0.00024553188894183665,0.00025958024551758606,-4.757676768583822e-05,-3.354613888932474e-05,0.004665772527772542,0.004932729445075497,1.3906912513532808e-05,9.805693858423381e-06,0.0001965325888588654,0.00020777740067920913,-3.4901272631898304e-06,-2.4608711269646677e-06
0.3004808,0.1,2.755177483625258e-05,2.944406224504664e-05,0.10000001062214406,9.974659986866641e-18,-5.32299270119406e-07,-3.6008997045618096e-07,1.2992306214257855e-07,9.280778056198666e-08,-1.0525569543099547e-05,-9.737773060216666e-06,-1.7427922490786491e-06,9.770275990469476e-07,4.1504010981956554e-07,3.8224151078007757e-07,-8.029229569737895e-08,-7.167519096614911e-08,4.385873195224681e-06,3.926386393904423e-06,8.824229808838059e-07,-4.844764063837638e-07,-2.5183928070237464e-07,-2.2436884070380636e-07,7.348885447364812e-08,6.346562660349045e-08,-1.7479937895244244e-06,-1.5029304502692544e-06,3.225838291425237e-07,2.1610304372736168e-07,1.28917564695088e-07,1.1034879834042295e-07,4.1479057782476317e-08,-3.1376943012686484e-08,6.695435795798415e-07,5.488475648424175e-07,8.482120599831612e-08,-1.632841496381802e-08,-6.007220973957743e-08,-5.0053444894669095e-08,-4.087862660553401e-08,1.8515024099202525e-07,100mV,1,6,1.5467631686696324,2.755177483625258e-05,2.7163774714527065e-05,-5.32299270119406e-07,-3.6008997045618096e-07,0.0002755177190966368,0.00027163771829152085,-5.322991570362335e-05,-3.600898939576422e-05,0.0002755177190966368,0.00029444059117456257,-5.322991570362335e-05,-3.600898939576422e-05,40.324348700478,0.6426564399372231,14.339171467658312,0.7535907292110127,0.0017445704883927609,1,0.052133567646770795,1.2500679324228225,1,-3.4233766843150706,13.64718801374367,0.0002755177190966368,0.00029444059117456257,-5.322991570362335e-05,-3.600898939576422e-05,0.005284842981846124,0.005647812042512316,1.5548950820255203e-05,1.051855893064502e-05,0.00022040219731310235,0.00023553967231516114,-3.9004310375160885e-06,-2.6385647621693684e-06
0.3780242,0.1000002,3.0873917825865203e-05,3.3377187925480755e-05,0.10000024487250153,6.5052130349130266e-18,-5.925422878337599e-07,-3.8808834160029875e-07,-5.008389206272529e-08,4.9843092590109294e-08,-1.1796557968920916e-05,-1.0835638711091043e-05,-1.6146464488623154e-06,1.2236711939403659e-06,4.6429858769669853e-07,4.260884062271308e-07,-1.061232879668683e-07,-2.022702748371245e-08,4.915420822754621e-06,4.348350806546407e-06,5.547534672365729e-07,-5.235794408588237e-07,-2.821137287959146e-07,-2.491229683745607e-07,1.604299806133241e-09,1.640270426794632e-08,-1.956892841467155e-06,-1.655042409643249e-06,5.451516472979007e-07,1.043843592557598e-07,1.4420350776566974e-07,1.2187815874689752e-07,-8.645462810041949e-08,-7.642122537713994e-09,7.485847838153518e-07,5.999473143611173e-07,-1.142034046694506e-07,-5.521384862620299e-08,-6.711852381111288e-08,-5.4874609102664666e-08,-6.525099810367072e-08,2.0196337550303197e-08,100mV,1,7,1.546895966830601,3.0873917825865203e-05,3.0508432621509356e-05,-5.925422878337599e-07,-3.8808834160029875e-07,0.0003087384222431543,0.00030508357914930153,-5.925393858981733e-05,-3.880864409640195e-05,0.0003087384222431543,0.00033377106194125883,-5.925393858981733e-05,-3.880864409640195e-05,45.46686129183689,0.7083212009797084,16.017797794684707,0.7575507317521777,0.0017143064557464994,1,0.052129126881029,1.2500747163574562,1,-3.4233974078885323,13.647327242150556,0.0003087384222431543,0.00033377106194125883,-5.925393858981733e-05,-3.880864409640195e-05,0.005922570369301761,0.006402774838393194,1.7308518857109175e-05,1.133629534420258e-05,0.0002469759752783219,0.00026700089008585125,-4.341798034036153e-06,-2.8436809206523024e-06
0.4763719,0.0999973,3.463688099714218e-05,3.7912502966899296e-05,0.0999972996571213,-4.7704895589362195e-18,-6.596638522827971e-07,-4.14935120266654e-07,2.6777999965477217e-07,2.094446381347999e-08,-1.3235875868690595e-05,-1.2054148689689594e-05,-1.513687520042244e-06,1.2178668049335223e-06,5.195281892003701e-07,4.745749178645948e-07,-2.421926892191509e-07,2.1438598282345469e-07,5.513278946838609e-06,4.8135406626907605e-06,6.810177699927891e-07,-6.216309884659569e-07,-3.156667029622971e-07,-2.7619243307994516e-07,1.9073526836454671e-07,-3.0646607681033005e-08,-2.1927862794626726e-06,-1.8190077412365175e-06,4.340086988590692e-07,2.428772182033082e-07,1.6136040064972878e-07,1.3408663367724003e-07,-6.077475476430939e-09,-7.356982905245814e-08,8.373794713983348e-07,6.536326009313166e-07,-5.973945011056755e-08,-1.9834039078009207e-07,-7.514738736285076e-08,-6.009719377442962e-08,-8.179530778077411e-08,-3.033099160297674e-08,100mV,1,8,1.5470559806138424,3.463688099714218e-05,3.4297511742163944e-05,-6.596638522827971e-07,-4.14935120266654e-07,0.0003463781633694897,0.00034298437917589756,-6.596994800976172e-05,-4.1495753051632304e-05,0.0003463781633694897,0.0003791352676211928,-6.596994800976172e-05,-4.1495753051632304e-05,51.35242356914946,0.7793122301358311,17.902259931207887,0.7621920699676695,0.0016801824543897427,1,0.05218495959958058,1.2499894273452452,1,-3.4231368552019577,13.645576810173765,0.0003463781633694897,0.0003791352676211928,-6.596994800976172e-05,-4.1495753051632304e-05,0.006637509466851702,0.007265221062358358,1.9271782227903255e-05,1.2122142586433094e-05,0.00027710487448292685,0.00030331077953707865,-4.8345298207237645e-06,-3.040967313356385e-06
0.5978954,0.0999999,3.883158684422577e-05,4.30110442987409e-05,0.09999990637127613,-1.3010426069826053e-18,-7.347239399571628e-07,-4.188190447957458e-07,1.5312222482660062e-08,-2.252259748681773e-07,-1.483684680504239e-05,-1.3376043679304303e-05,-2.63527924493688e-06,1.0598276164140914e-07,5.796283873761495e-07,5.133249700382571e-07,-1.0092298930148307e-07,-6.064928485419306e-08,6.180547878532245e-06,5.311806277433606e-06,1.319709484154465e-06,6.749431651378032e-08,-3.5275400357749033e-07,-2.9630047083945606e-07,5.6927083537060275e-08,3.894769514959964e-08,-2.4599125533746605e-06,-1.9930012811593685e-06,3.3217285412637516e-07,1.126994938901094e-08,1.8055026398829757e-07,1.4110848721632135e-07,-1.4501933909202553e-08,2.1733976718261268e-08,9.392667983027848e-07,7.097435305592498e-07,-2.8005544140862303e-08,6.204814909262897e-08,-8.327983144084759e-08,-6.01012343913882e-08,1.639191554210568e-08,1.1062347919934714e-07,100mV,1,9,1.5472294473053891,3.883158684422577e-05,3.847374273455932e-05,-7.347239399571628e-07,-4.188190447957458e-07,0.0003883162320177903,0.0003847377875706739,-7.34725315784393e-05,-4.188198290667011e-05,0.0003883162320177903,0.00043011084569470506,-7.34725315784393e-05,-4.188198290667011e-05,57.946890067620544,0.8457119250843029,19.976250089217277,0.767704481359628,0.0016275257537610634,1,0.05213554396349562,1.25006491332,1,-3.4233674615036866,13.647126051826497,0.0003883162320177903,0.00043011084569470506,-7.34725315784393e-05,-4.188198290667011e-05,0.007448205245344374,0.008249858215651515,2.1462064007048507e-05,1.2234147627340533e-05,0.00031063685403862426,0.0003440708087329561,-5.383736568374842e-06,-3.0689232844789867e-06
0.7515633,0.1000002,4.353639043691915e-05,4.8915269967790177e-05,0.10000024162422304,3.903127820947816e-18,-8.171461993743143e-07,-4.420122579101212e-07,8.238771535486367e-08,-2.8403254707467962e-08,-1.6625758386892464e-05,-1.4828243186572311e-05,-2.4393771036122222e-06,-5.4877508906873375e-08,6.478141446157324e-07,5.704363835082973e-07,-4.224084192542975e-08,1.8913220279639331e-07,6.9226067352107325e-06,5.851397809211594e-06,1.1210544359295424e-06,-1.3511540651113803e-07,-3.939514573795927e-07,-3.2729893596352086e-07,4.643096085838676e-08,-6.62772436468603e-08,-2.751263467089257e-06,-2.1760243117582874e-06,3.539168805657467e-07,1.2757114828247626e-07,2.009080488481179e-07,1.535889393049405e-07,6.704693742403282e-08,8.278067601316741e-08,1.0483275661481812e-06,7.667358670393767e-07,-4.10082793901336e-08,-7.348428956839569e-09,-9.295771448496024e-08,-6.596785309037533e-08,1.711950930390104e-07,-9.756975254060053e-09,100mV,1,10,1.5474776779085901,4.353639043691915e-05,4.321179613434017e-05,-8.171461993743143e-07,-4.420122579101212e-07,0.00043536285242708195,0.00043211691724425784,-8.171422505423158e-05,-4.4201012190049506e-05,0.00043536285242708195,0.0004891515177693475,-8.171422505423158e-05,-4.4201012190049506e-05,65.48374552740292,0.9290332326104863,22.27762639823761,0.7737974223787181,0.0015946540796205038,1,0.0521291884598486,1.250074622286229,1,-3.4233971205207068,13.64732531150521,0.00043536285242708195,0.0004891515177693475,-8.171422505423158e-05,-4.4201012190049506e-05,0.008351613851852133,0.009383447780816808,2.386933860650167e-05,1.2911447499063859e-05,0.0003482694910091512,0.00039129785458307355,-5.987563364181215e-06,-3.2388040279794887e-06
0.9486946,0.0999997,4.886626258753402e-05,5.58213717745622e-05,0.09999976413435505,-6.5052130349130266e-18,-9.097484639817922e-07,-4.950448765610866e-07,2.0147343373817217e-07,-1.2911641897029883e-07,-1.8650044751716143e-05,-1.644211617385701e-05,-2.7958077231117894e-06,3.132228949426549e-07,7.263305465990449e-07,6.496265408208127e-07,2.207904111114623e-08,7.498223513351227e-08,7.75638621651175e-06,6.441320825233582e-06,1.2172790717586196e-06,2.0683331210840156e-07,-4.4096401655119447e-07,-3.704352936357809e-07,1.942152077177077e-07,-5.3340671283357176e-08,-3.072535550781802e-06,-2.3710030400940218e-06,3.674796861131607e-07,1.5949814932176609e-07,2.2405999776100007e-07,1.747437283464889e-07,-1.9263264588244508e-07,1.3496615379343044e-07,1.1640952078979744e-06,8.247740991772857e-07,-1.4929226941191856e-07,1.2623233400910593e-07,-1.0295422728487248e-07,-7.670711852016503e-08,-1.3180933410166702e-07,-8.03806383261332e-08,100mV,1,11,1.5477983372880142,4.886626258753402e-05,4.862193961653349e-05,-9.097484639817922e-07,-4.950448765610866e-07,0.000488663778465313,0.0004862205429925546,-9.097527555651397e-05,-4.9504721185093075e-05,0.0004886637784653129,0.0005582150343831131,-9.097527555651397e-05,-4.9504721185093075e-05,74.18852449043395,1.0357179623462227,24.862971534304283,0.7802792686480379,0.0015823272781398875,1,0.05213824039053938,1.2500607941637965,1,-3.4233548781774825,13.647041513091432,0.0004886637784653129,0.0005582150343831131,-9.097527555651397e-05,-4.9504721185093075e-05,0.009372463949780365,0.010706441763316634,2.6574888901073316e-05,1.4460879151228481e-05,0.00039091201063720654,0.0004465503093843688,-6.6663001991488444e-06,-3.627505722584915e-06
1.195791,0.1,5.494394357857467e-05,6.379832255604236e-05,0.10000002095088907,3.0357660829594124e-18,-1.0137971256338083e-06,-4.78282551245576e-07,-5.11738128670942e-09,1.2456520324982024e-08,-2.09525193169715e-05,-1.8198602628803038e-05,-2.732415270376131e-06,1.8888459074316787e-07,8.122894931457175e-07,7.036734001496446e-07,-3.8549251889781513e-07,-9.40472509920124e-08,8.707983354808243e-06,7.070378401888984e-06,9.877245847540922e-07,-5.064574112825581e-08,-4.941913731535468e-07,-3.958890745462757e-07,2.9297514036608277e-08,6.406063158916816e-09,-3.445695018486556e-06,-2.5731108057142018e-06,5.220058218115929e-07,-4.2806289855730846e-10,2.499849544113299e-07,1.8264484045904515e-07,-8.390730528507963e-08,-1.926896836313618e-07,1.303166677492978e-06,8.81972094079179e-07,-4.264622644991537e-08,-1.1371333017225479e-08,-1.1490732076478485e-07,-7.659289786727422e-08,-2.0826449103739814e-07,-3.073065096756039e-09,100mV,1,12,1.5482043589406085,5.494394357857467e-05,5.472370751226492e-05,-1.0137971256338083e-06,-4.78282551245576e-07,0.000549439320673324,0.0005472369604716406,-0.00010137967008349194,-4.7828235083674536e-05,0.000549439320673324,0.0006379830918972937,-0.00010137967008349194,-4.7828235083674536e-05,84.19657295240953,1.1209544195770622,27.752426981601822,0.7887571760979122,0.0015253810068354056,1,0.05213337184136779,1.2500682315437874,1,-3.4233775980736167,13.647194152685863,0.000549439320673324,0.0006379830918972937,-0.00010137967008349194,-4.7828235083674536e-05,0.010539109619557436,0.012237518298999692,2.961393161553073e-05,1.397106620975383e-05,0.0004395274648286895,0.0005103586154728598,-7.428609056869005e-06,-3.504620403913694e-06
0.0946587,0.1000039,1.554778199205967e-05,1.5871314415210184e-05,0.10000387186861205,9.215718466126788e-18,-3.0774900284549025e-07,-2.61955149047805e-07,-2.238215536601911e-07,1.100444578917759e-07,-5.925092153189877e-06,-5.649905520472909e-06,-2.379680863822928e-06,4.898225813461218e-07,2.3615371498863293e-07,2.3209333227777654e-07,-1.3982291397139691e-07,-8.210528206167217e-08,2.4633045192225047e-06,2.3188183290707015e-06,9.488193342937123e-07,-1.7633115472565288e-07,-1.4197478350164892e-07,-1.390412076213768e-07,-1.200079220508815e-07,7.949714818700782e-08,-9.80944764156251e-07,-9.076132670675086e-07,4.2171505645837676e-07,6.627684293599154e-08,7.203030315514948e-08,7.178479073727868e-08,4.307836541291781e-08,2.0929781618096958e-08,3.752183776959088e-07,3.3981936245844636e-07,9.432262152845326e-08,-1.1688494920357278e-08,-3.294054656114211e-08,-3.489409894316274e-08,3.504880498136692e-08,-2.5936709288685126e-08,100mV,2,1,1.5736261396832991,1.554778199205967e-05,1.5152941102411983e-05,-3.0774900284549025e-07,-2.61955149047805e-07,0.000155471800256762,0.00015152354423157087,-3.0772517295540214e-05,-2.619348651074765e-05,0.000155471800256762,0.0001587069992256137,-3.0772517295540214e-05,-2.619348651074765e-05,22.217833965962424,0.4041410012174603,8.187072090440056,0.7397721848156222,0.0019546574822069916,1,0.052060367323069956,1.2501797635893004,1,-3.4237182858256734,13.649483110968111,0.000155471800256762,0.0001587069992256137,-3.0772517295540214e-05,-2.619348651074765e-05,0.002986375399388825,0.003048518621482805,8.988040115023375e-06,7.65059631780737e-06,0.0001243595559492966,0.00012694734297247106,-2.2544822426874756e-06,-1.9190094084734787e-06
0.1193355,0.1000042,1.7432865632045914e-05,1.7942153527468474e-05,0.10000422972494126,-8.023096076392733e-18,-3.4329094387183924e-07,-2.7672049555646195e-07,-9.86970124275077e-08,9.616242570467414e-08,-6.649024047782353e-06,-6.320952491013723e-06,-2.108276725609906e-06,7.905413499083112e-07,2.6434370970104947e-07,2.5393805362882094e-07,-2.0593641244073386e-07,-1.0300185553618217e-07,2.7672895087485677e-06,2.588002977111066e-06,1.0013392191451263e-06,-2.0077372848687768e-07,-1.5923628224805858e-07,-1.514014892337457e-07,1.605159556393648e-07,9.285858749411816e-08,-1.1035933132107923e-06,-1.0095506686509518e-06,3.108175678932398e-07,4.00748464017836e-08,8.101242811059842e-08,7.689341605832014e-08,-7.432589763576988e-09,1.0880752586341422e-08,4.235661813721139e-07,3.7625753736319166e-07,-2.306458442556161e-08,-3.599737663997168e-08,-3.7211073092497105e-08,-3.632032560388798e-08,-8.666400775577711e-08,3.982004291749768e-08,100mV,2,2,1.5807416705975528,1.7432865632045914e-05,1.703650253882595e-05,-3.4329094387183924e-07,-2.7672049555646195e-07,0.00017432128300967376,0.00017035781972106937,-3.432619051888887e-05,-2.7669708800994845e-05,0.00017432128300967376,0.00017941394655823908,-3.432619051888887e-05,-2.7669708800994845e-05,25.01650809661926,0.44093412751275235,9.174091845062412,0.7418539430886648,0.0018993583322645198,1,0.05205358304966401,1.2501901289283042,1,-3.4237499457682343,13.649695833002388,0.00017432128300967376,0.00017941394655823908,-3.432619051888887e-05,-2.7669708800994845e-05,0.0033488815331569944,0.0034467165571880286,1.0025904655016103e-05,8.081696747507713e-06,0.00013943581778165737,0.00014350932902664767,-2.5147952700817425e-06,-2.027130064986116e-06
0.1502404,0.1000066,1.9538816382706976e-05,2.028234281032516e-05,0.1000065832594435,-5.854691731421724e-18,-3.828138265069086e-07,-2.9193115546183e-07,1.5301981304480853e-07,-1.1057304715561677e-08,-7.4582171502508045e-06,-7.063139446042109e-06,-1.98614492010407e-06,4.842848394423911e-07,2.963346063122589e-07,2.7823149648413994e-07,-1.1851991602740017e-07,-1.6272751034331534e-07,3.1077149818775426e-06,2.884056417537435e-06,9.500211055654805e-07,-2.5221562661678047e-07,-1.7889965793639457e-07,-1.6500570984799504e-07,1.4625068063718095e-08,1.7490871740355066e-07,-1.2412237516775274e-06,-1.119552388797849e-06,4.565349763115901e-07,-2.0786777007932713e-08,9.133315900212682e-08,8.246716188073318e-08,1.1451956838038499e-07,-8.067936590869707e-08,4.778857623876079e-07,4.1446308705528536e-07,1.429867088770522e-07,2.489436513336448e-08,-4.230686628142728e-08,-3.773465593126204e-08,2.178928321979787e-08,-4.3814612436813105e-08,100mV,2,3,1.5896497465041581,1.9538816382706976e-05,1.914212410755895e-05,-3.828138265069086e-07,-2.9193115546183e-07,0.0001953753017640661,0.00019140864014821125,-3.827634282289682e-05,-2.9189272208640402e-05,0.0001953753017640661,0.0002028100765897321,-3.827634282289682e-05,-2.9189272208640402e-05,28.16271960434019,0.4814252021800901,10.27194927433597,0.7443167193701895,0.0018482191975772067,1,0.05200896391990195,1.2502583032375256,1,-3.423958168373791,13.651094916902348,0.0001953753017640661,0.0002028100765897321,-3.827634282289682e-05,-2.9189272208640402e-05,0.0037565697725676674,0.0038995215690525234,1.1178975016822756e-05,8.525008418109221e-06,0.00015626794979736952,0.00016221454083892775,-2.8039027679387293e-06,-2.1382367045517482e-06
0.1890121,0.1000077,2.1878103482852586e-05,2.2930830335512545e-05,0.10000767322659103,-5.204170427930421e-18,-4.2582854442952443e-07,-3.1684837208498436e-07,1.2498093355591243e-07,-1.5125694553879342e-07,-8.356968171538958e-06,-7.88243767514473e-06,-2.026537401279358e-06,8.692404293471532e-07,3.3099598604631723e-07,3.0920055475622656e-07,-3.288342977322263e-07,-2.6088646059275365e-08,3.4854365459620507e-06,3.204604064627213e-06,7.763670279442925e-07,-2.474506574435591e-07,-2.001321375937361e-07,-1.8244840459964517e-07,6.811222182065732e-08,-2.035838600825447e-07,-1.3938431569426678e-06,-1.2348932939006734e-06,6.132580211124772e-07,-1.044132370473824e-07,1.021708699757058e-07,9.01358978563741e-08,-1.1876631876112983e-07,4.081808302180799e-08,5.370592763746715e-07,4.515283732255373e-07,-1.1501853180889298e-07,-1.9232073341042373e-07,-4.7188028357006455e-08,-4.0530412404693005e-08,-1.1975577262382997e-07,1.7241467157617534e-08,100mV,2,4,1.6008234159728636,2.1878103482852586e-05,2.149634613313679e-05,-4.2582854442952443e-07,-3.1684837208498436e-07,0.00021876424855203432,0.00021494696796346552,-4.2576320237218e-05,-3.167997526939899e-05,0.00021876424855203432,0.00022929070935944412,-4.2576320237218e-05,-3.167997526939899e-05,31.693443988977734,0.5307756966401835,11.487895400057239,0.7467946187918386,0.0018167043097127584,1,0.051988299585962516,1.2502898784151824,1,-3.424054601932175,13.651742896384205,0.00021876424855203432,0.00022929070935944412,-4.2576320237218e-05,-3.167997526939899e-05,0.004207951602462169,0.004410429100115355,1.2434474676073338e-05,9.252181682944587e-06,0.00017497082262981378,0.00018339003883650076,-3.1187461235074058e-06,-2.320581006384887e-06
0.238186,0.0999733,2.452060835781082e-05,2.5966841172830428e-05,0.09997329143126145,3.469446951953614e-18,-4.7390129405667626e-07,-3.4446626891564847e-07,3.633574712206099e-07,-7.595562841263421e-08,-9.372839891292393e-06,-8.792862751145344e-06,-1.8882898721461901e-06,7.779109226022271e-07,3.701357021637178e-07,3.441287743510731e-07,-1.5153447353232763e-07,1.3057961776363011e-08,3.913960453088911e-06,3.5517459322647465e-06,8.81283133338864e-07,-1.5746352812838774e-07,-2.2404319345882586e-07,-2.0121701814353776e-07,9.352683425316131e-08,-5.518413125281431e-08,-1.5667549379774706e-06,-1.3508538257080083e-06,4.789629839944163e-07,2.1681349202693926e-07,1.1417499607066469e-07,9.760771121135412e-08,-2.0089094663018258e-09,3.3287577106016994e-08,6.025856248424502e-07,4.828450478080978e-07,-1.641480410566901e-08,-1.5334293941022059e-07,-5.228774981299041e-08,-4.258785127527826e-08,3.502436999609268e-08,1.898152057648262e-07,100mV,2,5,1.6149939515159433,2.452060835781082e-05,2.4159779140471745e-05,-4.7390129405667626e-07,-3.4446626891564847e-07,0.00024527159210988296,0.0002416623359558314,-4.7415454001546785e-05,-3.446503466795983e-05,0.00024527159210988296,0.00025973778397287664,-4.7415454001546785e-05,-3.446503466795983e-05,35.71466190141163,0.5858664070667137,12.851636587932344,0.7496611011218322,0.0017863168806060224,1,0.052640024406104935,1.2492945888824587,1,-3.4210132194381773,13.631314324349866,0.00024527159210988296,0.00025973778397287664,-4.7415454001546785e-05,-3.446503466795983e-05,0.004659412583430292,0.004934226131224087,1.3860061613364263e-05,1.0074510812214842e-05,0.00019632806728898724,0.00020790755541911214,-3.478421293304615e-06,-2.528372088551601e-06
0.3004808,0.0999999,2.7521286257076273e-05,2.9464725696031528e-05,0.0999999408189051,-1.0408340855860843e-17,-5.310255956110607e-07,-3.712971192279283e-07,-9.810548274948598e-08,1.022129097685099e-08,-1.0528428818363915e-05,-9.824012471514497e-06,-1.8361373590136954e-06,9.576473212032947e-07,4.172114691582679e-07,3.8600262263061664e-07,-1.6007118692757172e-07,-1.5990585639329263e-07,4.388646172203068e-06,3.9772724206445645e-06,9.099248142115655e-07,-5.187100311543847e-07,-2.53014479027674e-07,-2.2768720505962235e-07,1.1799015226820153e-07,8.201237030659367e-08,-1.7504246199301695e-06,-1.5305496572989546e-06,3.83650058287363e-07,1.566679067387723e-07,1.296234642076059e-07,1.1263311167897285e-07,5.821709540581627e-08,-8.342983148683881e-08,6.713108338673031e-07,5.622575855318986e-07,-7.505597373096414e-08,-1.0235888606306123e-07,-6.043402039579368e-08,-5.134207628931548e-08,-4.387250809484166e-08,-6.797978307163257e-08,100mV,2,6,1.5467646217720687,2.7521286257076273e-05,2.7184439757226337e-05,-5.310255956110607e-07,-3.712971192279283e-07,0.00027521302544484443,0.0002718445584528495,-5.3102622414514176e-05,-3.7129755870371946e-05,0.00027521302544484443,0.00029464743133589125,-5.3102622414514176e-05,-3.7129755870371946e-05,40.3186217223049,0.6479581266880138,14.399966473010558,0.7534837021220026,0.0017589625736024505,1,0.052134890929109834,1.2500659109210703,1,-3.423370508997487,13.647146525887951,0.00027521302544484443,0.00029464743133589125,-5.3102622414514176e-05,-3.7129755870371946e-05,0.0052788645097400135,0.005651636094080195,1.5511795254106153e-05,1.0845964751050322e-05,0.00022015881165982895,0.00023570551661455184,-3.89111542942557e-06,-2.7206973853426915e-06
0.3780242,0.1000004,3.084032682330041e-05,3.3404505271256374e-05,0.10000045610789003,0.0,-5.912257961809162e-07,-4.0111563638632456e-07,-3.8057020368739225e-08,2.6189576487452125e-07,-1.1802127983891617e-05,-1.0943775974103892e-05,-1.7879898090913733e-06,1.2006779746607307e-06,4.6667603575601704e-07,4.305896891192551e-07,-1.528915333747925e-07,1.4173892479621514e-08,4.919912831435855e-06,4.413454572806782e-06,7.634991906795879e-07,-4.3735864688905913e-07,-2.8317402239558164e-07,-2.530750032008136e-07,5.272305500616265e-08,9.354471186398812e-08,-1.961697097203804e-06,-1.690080887138888e-06,3.671590582918779e-07,1.9569111861816952e-07,1.4517346521850493e-07,1.245416800777093e-07,-1.686917400565292e-08,5.429099754239421e-08,7.51119298810494e-07,6.166792121585854e-07,-8.76877131668101e-08,-1.1313731554200979e-07,-6.783964280160933e-08,-5.649885179066762e-08,-2.7810849290110232e-08,1.4777085111421582e-07,100mV,2,7,1.5468954426402313,3.084032682330041e-05,3.05357439074734e-05,-5.912257961809162e-07,-4.0111563638632456e-07,0.00030840186158778037,0.00030535604632171405,-5.91220402962806e-05,-4.011119773712268e-05,0.00030840186158778037,0.00033404352911367135,-5.91220402962806e-05,-4.011119773712268e-05,45.46412575850742,0.7144520248577677,16.095230893638377,0.7575051533855037,0.001729144513591817,1,0.05212512240916278,1.2500808338329557,1,-3.4234160954239075,13.647452792365144,0.00030840186158778037,0.00033404352911367135,-5.91220402962806e-05,-4.011119773712268e-05,0.005916568582169279,0.006408493902259914,1.7269896106204922e-05,1.1716717050766765e-05,0.0002467055355469846,0.0002672175431163426,-4.3320934093544195e-06,-2.93909774573921e-06
0.4763719,0.0999973,3.459771682286418e-05,3.794790515826489e-05,0.09999735119197402,-1.0842021724855044e-17,-6.588304808894485e-07,-4.3118040630898276e-07,-1.4546626497835104e-08,-4.626709318161196e-08,-1.324209126938381e-05,-1.2191286411611766e-05,-1.4552395354372952e-06,1.1524184658441223e-06,5.228843537427824e-07,4.803178342518219e-07,-1.0974989781101507e-07,-7.562100811169022e-08,5.518420485550397e-06,4.895419643829218e-06,9.450283866400204e-07,-5.170397687261843e-07,-3.1747158640572887e-07,-2.8145429920464337e-07,3.377103530291154e-08,9.787997548421148e-08,-2.1978363903380344e-06,-1.863054347069351e-06,4.82946233085718e-07,2.903768357774773e-07,1.624255592165739e-07,1.3759466688502083e-07,3.993901914676803e-08,1.1197985770291198e-07,8.406674120216039e-07,6.749553267084918e-07,-8.846490522878764e-08,3.086620906332636e-08,-7.553565885327052e-08,-6.217405252602235e-08,3.7799829251991596e-08,-6.300676818861696e-08,100mV,2,8,1.5470622040467021,3.459771682286418e-05,3.433291207049883e-05,-6.588304808894485e-07,-4.3118040630898276e-07,0.00034598633274239224,0.0003433382150751855,-6.588653845855509e-05,-4.312032494990048e-05,0.00034598633274239224,0.00037948910352048076,-6.588653845855509e-05,-4.312032494990048e-05,51.35217147556436,0.7873843695005646,17.999456812821897,0.7621883282994464,0.0016975858344543031,1,0.052183982662777906,1.249990919624102,1,-3.4231414142403693,13.645607437458498,0.00034598633274239224,0.00037948910352048076,-6.588653845855509e-05,-4.312032494990048e-05,0.0066301250898808724,0.007272137620710291,1.9247390185069524e-05,1.259671153827261e-05,0.0002767910768875325,0.00030359348821077915,-4.828406412871752e-06,-3.160015055946213e-06
0.5978954,0.0999999,3.87852339662786e-05,4.3057375261264504e-05,0.09999992202523611,0.0,-7.323737184277263e-07,-4.3813712530700723e-07,3.268470050001789e-07,4.422541743255157e-08,-1.4845717443716814e-05,-1.3547015461976318e-05,-2.5468294224482195e-06,4.3214929121586284e-07,5.839849151214276e-07,5.196719025245381e-07,-2.0766440902448854e-07,2.7759662238857167e-08,6.189518710481482e-06,5.4152716432779515e-06,1.3732496848119061e-06,3.104225283990965e-08,-3.5362402593222054e-07,-3.023558054682164e-07,-9.207532572030077e-09,-3.4052397682245823e-09,-2.465742990640967e-06,-2.0480046215490314e-06,3.315054283709149e-07,5.5334484359573275e-08,1.808670426070658e-07,1.4425027733485884e-07,6.111383919854374e-08,1.5317848716593033e-08,9.441084942456472e-07,7.357721246654074e-07,-1.8227405832260794e-07,4.217072833179909e-09,-8.432626171097713e-08,-6.337597254610983e-08,-1.202855814051129e-08,2.663010658269831e-08,100mV,2,9,1.5472274948582716,3.87852339662786e-05,3.852007298681488e-05,-7.323737184277263e-07,-4.3813712530700723e-07,0.0003878526420899679,0.0003852010302277426,-7.323748605624177e-05,-4.381378085805844e-05,0.0003878526420899679,0.00043057408835177384,-7.323748605624177e-05,-4.381378085805844e-05,57.95025399606393,0.8534256874596303,20.09768529820544,0.7677490480816375,0.00164237046216811,1,0.052135247206549495,1.2500653666574681,1,-3.423368846369436,13.647135355806157,0.0003878526420899679,0.00043057408835177384,-7.323748605624177e-05,-4.381378085805844e-05,0.007439355577491994,0.008258790576861078,2.1393396196238645e-05,1.2798440023348343e-05,0.0003102658888367106,0.00034444125870239866,-5.366509831316575e-06,-3.210474558634602e-06
0.7515633,0.0999995,4.348681914038567e-05,4.8971690439477586e-05,0.09999949848176333,4.336808689942018e-19,-8.172665458705063e-07,-4.6206748294580777e-07,1.5641130273719275e-08,7.706932356170538e-08,-1.6639663686719465e-05,-1.5043297597200814e-05,-2.6650598256559643e-06,1.8593283578638365e-07,6.5307757831794e-07,5.775367484273463e-07,-9.0338543493238e-08,1.4881792114472582e-08,6.934189329555614e-06,5.979116327901658e-06,1.2572413305538035e-06,-2.355531789882326e-07,-3.966142674534175e-07,-3.336517951361378e-07,1.8712414847802925e-07,3.031195245400356e-08,-2.760376422297133e-06,-2.2450862654377745e-06,4.5838882030842833e-07,-6.329236617741419e-08,2.0215156049205503e-07,1.5921296003227357e-07,-2.254650961279788e-08,1.7455321694699912e-07,1.0550021409317176e-06,7.994443479444808e-07,9.512892204811737e-08,6.438143492298844e-08,-9.356659557555165e-08,-6.839813660079738e-08,-6.255727110092924e-08,-3.6310794351426344e-09,100mV,2,10,1.5474788307779206,4.348681914038567e-05,4.32682589908609e-05,-8.172665458705063e-07,-4.6206748294580777e-07,0.00043487037235808,0.00043268475990158726,-8.17274743413714e-05,-4.620721176860592e-05,0.00043487037235808,0.0004897193604266769,-8.17274743413714e-05,-4.620721176860592e-05,65.49297598558668,0.9388455494888299,22.431656430256734,0.7739064953202923,0.001611496589222246,1,0.052143276434388985,1.2500531009791023,1,-3.423331376639518,13.646883623122648,0.00043487037235808,0.0004897193604266769,-8.17274743413714e-05,-4.620721176860592e-05,0.008339912680885523,0.009391802623735826,2.387366729936569e-05,1.3497732671724233e-05,0.00034788151960702177,0.0003917588461187008,-5.988728020139055e-06,-3.3859167444144213e-06
0.9486946,0.1000004,4.881252618252448e-05,5.589351607864107e-05,0.1000004208759445,9.974659986866641e-18,-9.07919796776737e-07,-5.191275702713734e-07,-2.85733671273457e-07,-5.3241571459263865e-08,-1.866871984879788e-05,-1.671452046494651e-05,-2.718834982575544e-06,1.2894357635404505e-07,7.318600878501279e-07,6.584116208811043e-07,-2.483257682429928e-07,-9.612175869753173e-08,7.772734805963378e-06,6.603022592485096e-06,1.2952637326698528e-06,-1.579561383060057e-07,-4.4524514203864297e-07,-3.804352980304721e-07,1.3394770985966026e-07,-1.0465858385404811e-07,-3.0864788905082573e-06,-2.4572175479550383e-06,4.905766062551772e-07,1.62920266322518e-07,2.2730571637239829e-07,1.8205908218331713e-07,3.2284455593739877e-07,8.03503347960675e-08,1.1728418335690012e-06,8.657572753244947e-07,1.544943963015807e-07,-3.6956603143111187e-08,-1.0484574872718968e-07,-8.063396095439558e-08,1.3141341625403586e-07,4.43024098887391e-08,100mV,2,11,1.547801096486269,4.881252618252448e-05,4.869403663883566e-05,-9.07919796776737e-07,-5.191275702713734e-07,0.0004881232074320852,0.00048693831698211576,-9.079121543929446e-05,-5.1912320053283084e-05,0.0004881232074320852,0.0005589328083726743,-9.079121543929446e-05,-5.1912320053283084e-05,74.20746493414894,1.0458545747832109,25.057858950158046,0.780478475138143,0.0015978135774511828,1,0.05212579031551978,1.2500798134954905,1,-3.4234129785275744,13.647431851787006,0.0004881232074320852,0.0005589328083726743,-9.079121543929446e-05,-5.1912320053283084e-05,0.009364332022161262,0.010722768997638762,2.6520672793132946e-05,1.5163908175522199e-05,0.00039047363389317386,0.0004471176978770488,-6.652622737032109e-06,-3.8038160305219356e-06
1.195791,0.1000001,5.48817357850011e-05,6.38792491653039e-05,0.10000013395397828,1.3010426069826053e-18,-1.014433743888943e-06,-5.069874570334171e-07,4.019350551787253e-08,1.1986196536257616e-07,-2.09746740845825e-05,-1.8540326618159753e-05,-2.689338025649454e-06,1.5461916374337589e-07,8.195414638965062e-07,7.165676904278745e-07,-9.10087275142786e-08,-2.3401482951929905e-08,8.730938576573262e-06,7.27232788258825e-06,1.0977835109326686e-06,-6.599022453447161e-08,-4.983113560868873e-07,-4.091203751333663e-07,1.0893093369048955e-07,7.524291030039037e-08,-3.4627675344796395e-06,-2.6800086881501048e-06,5.663668592284051e-07,-2.2073812043160666e-08,2.52385084775154e-07,1.9143865165049108e-07,-2.059068361117985e-08,5.18467262702618e-08,1.3158259426674554e-06,9.323712779421228e-07,-1.859174716986011e-07,2.6154474952597548e-08,-1.165282705659808e-07,-8.132143899891776e-08,3.119054340958523e-08,2.639747105418625e-08,100mV,2,12,1.5482032572369464,5.48817357850011e-05,5.4804623866933285e-05,-1.014433743888943e-06,-5.069874570334171e-07,0.0005488166226883114,0.0005480455045405767,-0.000101443102614569,-5.069860987764102e-05,0.0005488166226883114,0.0006387916359662296,-0.000101443102614569,-5.069860987764102e-05,84.21735804866861,1.1340688260990812,27.99429699175351,0.7889518917882944,0.0015432269301622022,1,0.05213122960346339,1.2500715041275194,1,-3.4233875951838373,13.647261316783961,0.0005488166226883114,0.0006387916359662296,-0.000101443102614569,-5.069860987764102e-05,0.010527597888307823,0.012253530960715934,2.9632374305872735e-05,1.4809485770459038e-05,0.00043902818428883,0.0005110040776523986,-7.433220501890009e-06,-3.714929222853657e-06
