Freq,Vmod,IHr1,IHi1,VHr1,VHi1,IHr2,IHi2,VHr2,VHi2,IHr3,IHi3,VHr3,VHi3,IHr4,IHi4,VHr4,VHi4,IHr5,IHi5,VHr5,VHi5,IHr6,IHi6,VHr6,VHi6,IHr7,IHi7,VHr7,VHi7,IHr8,IHi8,VHr8,VHi8,IHr9,IHi9,VHr9,VHi9,IHr10,IHi10,VHr10,VHi10,Modulation,File Number,Rank,theta,Re{I1} Rot,Im{I1} Rot,Re{I2} Rot,Im{I2} Rot,Re{A1} Rot,Im{A1} Rot,Re{A2} Rot,Im{A2} Rot
1500059,0.0100416,0.001918275839734625,0.0007083906395860721,0.01004160952317283,-1.734723475976807e-18,-4.214425326966388e-06,8.045386836581468e-07,-1.0504955761572141e-05,2.33079930798493e-05,2.058186031817959e-06,-5.179060526184935e-07,2.706653082355062e-06,-7.8935837299381e-06,4.8496574736920455e-08,2.793818412550967e-07,1.4076074489825832e-07,2.0125623866010496e-06,2.5005365884169603e-07,-3.0967959702265207e-07,9.507638167552136e-07,2.662572379647448e-07,-3.0797723801086317e-07,-1.7658228508647263e-07,-3.1188015480414273e-06,-1.8659529782970548e-06,2.3841925625516236e-07,3.9127508281714517e-07,-1.1556263046808929e-06,6.103981537407823e-07,-2.0635734246088137e-07,-9.212899515263429e-08,8.049724316071997e-07,-1.3882885168906778e-06,-4.2722613535006554e-08,-5.873380373721065e-07,-5.516339879655328e-07,-5.835508946689215e-07,-4.2191996744932366e-07,-2.0245487737408162e-07,-8.09562038828506e-07,-1.2309670149080923e-06,10mV,2,73,-2.2137344242529875,0.001918275839734625,0.0007083906395860721,-4.214425326966388e-06,8.045386836581468e-07,0.19103270599278496,0.07054552738296913,-0.04179570972814101,0.00797884947019366
1191504,0.0127297,0.002613394130150054,0.0007300141238427787,0.01272974123227472,1.734723475976807e-18,-7.237396238615248e-06,1.0149585465887178e-06,-2.703940450037429e-05,2.7613029147110996e-05,1.4308248431798784e-06,-1.12577460906901e-06,-8.088686380373363e-07,-6.24686085877536e-06,4.665820837298749e-08,3.907387916998322e-07,4.642824270061735e-08,1.5353402854880179e-06,1.2206658632264317e-07,-3.563548432018082e-07,-3.4464005384096876e-06,-2.454253639399495e-06,3.7112263709573684e-07,4.0122246263915706e-08,2.2067264051525353e-06,5.966278794820321e-07,1.7247296551455265e-07,-3.9580355410640773e-07,-3.1065532435014824e-06,-1.046088826565851e-06,-8.551716316350607e-08,-1.0780020982526513e-07,1.8147510301914455e-06,-8.19043870694967e-07,1.0510622259134128e-07,-3.678702602591542e-08,2.736507376846963e-06,2.0261406544202192e-06,1.1711757146948153e-07,-3.800088820762497e-07,1.1363507176048553e-06,-3.2780255967000116e-06,10mV,2,72,2.717590202735016,0.002613394130150054,0.0007300141238427787,-7.237396238615248e-06,1.0149585465887178e-06,0.20529829180848622,0.057347129884456394,-0.044662517501361576,0.006263385664627979
946464.9,0.0125644,0.0026881809645099702,0.0005993306327755671,0.012564441736235901,2.168404344971009e-18,-5.845883754802325e-06,1.651927151867505e-07,-2.427335803028384e-05,1.460682466349416e-05,1.2352389588749373e-07,-2.092882726506768e-06,-8.328516188407727e-07,-6.665613702620098e-06,-2.1569692792469507e-07,-3.08149783873612e-07,-5.919693989694497e-07,-3.2184870894173635e-06,-3.256416219855922e-08,-3.8123209672376516e-07,-2.2262338227168826e-07,-2.5478766457447542e-06,2.889416169729671e-07,1.6605563230851047e-07,-1.0666117641603459e-07,-1.4870032252712315e-06,-4.402471278987159e-07,-2.1888894379494047e-07,-3.2611283270900455e-06,-9.77658406618659e-07,1.0916651885414579e-07,8.600777746590702e-08,9.89734917476907e-07,1.4850461759452063e-06,-9.602635269192588e-08,9.646116945001562e-09,-2.3730305694038477e-06,-1.4837006161073576e-06,2.0532300689636535e-08,4.3550128165918326e-07,2.6388531570007315e-06,2.852296147099596e-06,10mV,2,71,2.9139817010028515,0.0026881809645099702,0.0005993306327755671,-5.845883754802325e-06,1.651927151867505e-07,0.21395148474899964,0.04770053818205823,-0.03703085859087673,0.0010464163046859042
751816.4,0.0125862,0.0027626512938316674,0.0005117876372728366,0.012586212129248911,2.168404344971009e-19,-4.27281227978862e-06,1.614589232075233e-07,-1.8276936383388172e-05,6.782212831422115e-06,2.725750895779855e-07,-1.109837135031459e-06,1.3146739730964957e-06,2.266245238870434e-08,3.377838625066116e-07,1.231620382849826e-07,2.178960649203563e-06,9.343000706597906e-07,8.830852453227736e-08,1.5050743159802417e-07,3.258907386583367e-07,-1.2123628610582266e-06,-3.7078422431726123e-07,-1.278942690520496e-07,-2.2709322987194056e-06,5.293903946479366e-07,2.901989942093592e-07,1.4317680141169621e-08,1.0712971057358124e-06,-6.031398029756674e-07,-1.7915410820212076e-09,5.479059025058041e-08,-4.404566145015257e-07,-2.5728617054765067e-06,-3.979457850194688e-07,-9.098981327930074e-08,-2.042118223294521e-06,3.287601560612676e-07,-5.418448107201451e-08,-1.4493602836617542e-08,2.899356043386957e-06,-2.42596252812483e-07,10mV,2,70,3.014624853258982,0.0027626512938316674,0.0005117876372728366,-4.27281227978862e-06,1.614589232075233e-07,0.21949823071959698,0.040662562494358484,-0.026972656328566345,0.0010192294352496945
597246.1,0.012618,0.0028123697926171537,0.0004471043785615888,0.012618038003414413,1.734723475976807e-18,-3.0016709775236727e-06,6.990197202186638e-07,-1.0920786559192431e-05,4.6425223689434285e-06,1.2116482832937708e-06,-1.0679965571858321e-06,6.156736010402348e-06,-6.092727649734558e-06,-4.764167616122292e-07,3.403726950406491e-08,-1.2789353045972039e-06,2.5494270715015284e-06,-3.3372227596085553e-07,1.2371713827446863e-07,2.3760263479209353e-07,-1.68607018122337e-06,-2.2534511181818297e-07,-2.3819355339549923e-07,-3.651421961943361e-07,-1.963825833473668e-06,-1.1242433421633691e-07,-1.316068084006039e-07,5.671745495955917e-07,5.69136885840259e-07,2.427818550427687e-07,-3.041344352744531e-08,-8.053259401057879e-08,1.3473590902145124e-06,2.4165005122348247e-07,8.263992933271741e-08,8.886589640040067e-07,2.4699530703779765e-06,9.959343152523659e-08,-1.752994359258788e-08,-4.6355140957432775e-07,2.020227116055836e-06,10mV,2,69,2.604818458887539,0.0028123697926171537,0.0004471043785615888,-3.0016709775236727e-06,6.990197202186638e-07,0.2228848725813104,0.03543374797576319,-0.018852954698181403,0.0043904169434619495
474433.6,0.0125966,0.002826681084917663,0.0004106462323768364,0.012596641236654384,2.710505431213761e-19,-2.29749381133369e-06,9.67158455424456e-07,-9.19971234641469e-06,3.949931364250224e-06,3.9201398447993175e-07,-2.1390795021161042e-07,8.786723654936279e-07,8.125822101417062e-07,-5.10359480537828e-07,2.55323208310312e-08,-1.4852655335400752e-06,2.4461381824763175e-06,1.1481175783957e-07,1.9453213821263302e-07,2.1357781874372457e-06,8.002248224700079e-07,-1.8457305490327507e-07,4.253769162260503e-08,9.799482613394529e-07,-2.5831142703065256e-07,3.4116927153055294e-07,2.4019413645458633e-07,1.5767822536571106e-06,2.2116546782801003e-06,2.0423485593164855e-07,5.328671269687704e-08,-4.6475063480174787e-07,-3.0451433624216637e-07,-8.538037696762968e-08,2.7091791561863014e-07,4.768175649743473e-07,-4.721450232778776e-07,-1.8246682424057892e-07,-1.5923603906270698e-07,8.698953761281924e-07,-2.7534152617892238e-06,10mV,2,68,1.6033972414493023,0.002826681084917663,0.0004106462323768364,-2.29749381133369e-06,9.67158455424456e-07,0.2243995865098098,0.032599660866891714,-0.014479208744814696,0.00609520212690982
376816.4,0.0126457,0.0028453101177951523,0.000391805672730587,0.012645707067401715,-8.673617379884035e-19,-2.269640827926308e-06,5.454322885112422e-07,-8.43413383154836e-06,5.155026444582403e-06,4.5960263310117113e-07,1.188592438625719e-06,-5.323847462488861e-07,5.026423255136202e-06,-7.08606061976164e-08,-6.217721084522802e-07,-1.5939801933649547e-06,-1.5695066639284268e-06,-8.560185119659005e-07,-7.049253932343016e-08,-5.502747099622743e-06,7.170447855403094e-07,-1.6918251716749005e-07,-1.0100370301001453e-07,-2.1316535480163904e-06,-1.1528015881864671e-06,1.344700433488884e-07,-5.978990158562973e-08,3.49197795114057e-07,1.3620020709476204e-06,2.2300269379463446e-08,7.393089490498348e-08,3.3602213939223533e-06,1.0011918318769615e-06,8.922036684932526e-08,2.634489784767187e-07,2.9450328110480084e-06,1.939121500388349e-06,-1.3270617163383725e-07,3.0197840547664933e-08,1.1858158220642614e-07,-2.5580056977692684e-07,10mV,2,67,0.9407298124005904,0.0028453101177951523,0.000391805672730587,-2.269640827926308e-06,5.454322885112422e-07,0.22500205821862135,0.030983295014051802,-0.014192892082848031,0.003410787078770437
299355.5,0.012696,0.002853646515671239,0.00039047902241138026,0.012695998033747146,-1.0842021724855044e-18,-1.6099243920974257e-06,8.2102200146292e-07,-7.233910354174514e-06,2.872938326930268e-06,4.807474697894843e-07,1.8805554015849071e-06,6.070639561528814e-07,8.557316232165353e-06,1.0059534446800483e-07,-5.742799976556295e-07,-1.7418683476370925e-06,4.944577105084671e-07,-7.218323433587105e-07,-2.1384355361876666e-07,-4.642031603672496e-06,-1.897285856398111e-07,7.526275524611157e-08,-2.6304313257723326e-08,1.124237323167766e-06,1.349897264658481e-07,-1.0546769935710635e-07,2.9662636378388163e-07,2.310579146495686e-06,1.8276044621870816e-06,-1.3164035629777843e-07,1.7439370111661994e-07,-2.2232205218876087e-06,1.739940274748163e-06,2.0700465448753952e-08,2.0232253897897487e-07,7.272010574614028e-07,1.6962443544808832e-06,-3.44306782295087e-07,1.7740325848276648e-07,7.20870319244896e-07,-1.4205409556504711e-08,10mV,2,66,-1.6644203917558418,0.002853646515671239,0.00039047902241138026,-1.6099243920974257e-06,8.2102200146292e-07,0.2247674037193437,0.030756071430812357,-0.00998784485084487,0.005093556200523438
237832,0.0127068,0.0028454337090074583,0.0004029584900893926,0.012706806814169407,0.0,-1.4908944283626496e-06,8.557272952686699e-07,-5.589243188127539e-06,5.420845587433572e-06,-7.039963069806817e-07,2.8469212298235554e-06,-3.081690548393943e-06,1.2452073199570226e-05,5.842333277092061e-07,-7.632183696071613e-09,-2.618924493634749e-07,-6.800605142334675e-07,-3.9971616387124574e-07,-7.934715206485066e-07,-3.457368794340327e-06,-4.5061105703458177e-07,-2.7542117066798667e-07,-3.546976484488784e-08,-1.5802171221721779e-06,1.886607413561118e-07,-1.9969793666456315e-07,4.895526148985011e-07,1.5546669112303973e-06,1.4572628227825672e-06,5.678713051624121e-08,1.4199871775662952e-07,6.899416696029446e-07,3.0202129219430412e-06,1.4708316415867874e-07,-3.6904912227806676e-08,-1.1794451875584535e-06,-9.615073196723453e-07,1.4794933796331048e-07,-2.6082649368564857e-08,4.3099018334644404e-07,-1.1322619245773324e-07,10mV,2,65,-0.6357278572695663,0.0028454337090074583,0.0004029584900893926,-1.4908944283626496e-06,8.557272952686699e-07,0.22392987873511266,0.031712018289288234,-0.009233663364399904,0.005299837215782627
188847.7,0.0127588,0.0028363819681259356,0.00043616029213295465,0.012758789906396546,-2.6020852139652106e-18,-1.7112775434649105e-06,6.722106207005728e-08,-7.02115214864614e-06,1.5571493215064346e-06,-3.2735279893584786e-06,3.296990830452788e-06,-1.213300028352639e-05,1.399926935240545e-05,3.2013488912898136e-07,5.586078363014954e-07,8.839999923974198e-07,3.0789344718089767e-06,9.795431570777473e-07,-1.4841287516617864e-07,1.4494764850295652e-06,1.2628397260761374e-07,-2.0712771864199503e-07,-2.3686027867040976e-07,-1.2540922561236252e-06,1.0045457925269893e-06,-5.957498656738032e-07,-3.097702329310481e-07,-2.655373264610387e-06,-2.501657720052838e-07,7.557403548808683e-08,6.652493845969456e-08,-1.0430197450099553e-06,1.0575382917615912e-06,-2.164988041587285e-07,1.1747137292084984e-07,-1.8139179571036956e-06,-8.379900690264162e-07,8.017364154694689e-08,9.912924185987032e-08,-1.3175100174455274e-06,1.848188291235077e-06,10mV,2,64,-2.741824960723329,0.0028363819681259356,0.00043616029213295465,-1.7112775434649105e-06,6.722106207005728e-08,0.2223080706661634,0.0341850830159284,-0.010512390352069292,0.00041293947148416115
150058.6,0.0127987,0.0028146064171404744,0.0004834490032894934,0.012798667510243784,-2.6020852139652106e-18,-1.9644917582013897e-06,-4.749806071928781e-07,-6.807534127588394e-06,-2.771065420485403e-06,-6.5792269728398955e-06,7.884343671002876e-08,-2.3332620104825347e-05,-7.2459321895982e-07,-1.1082332465215884e-07,4.5395570078366894e-07,7.756286514557118e-07,1.558118179291846e-06,1.6170297127036186e-08,1.8805980224070875e-06,-1.465817935263448e-06,5.512732695750868e-06,2.5278772922629305e-07,-3.42809699387047e-07,2.6411742342786666e-07,-2.0532092846301725e-06,4.405921470518407e-07,-4.15775260596757e-07,1.1474178093335746e-06,-6.993141086801794e-07,-5.564335735927548e-08,-1.3035657161436396e-09,-4.2174574124525753e-07,-3.2404064652339196e-06,-1.7107125132514505e-07,6.571123502667429e-08,8.123314673038213e-07,1.7704250814184523e-06,-1.6652115556738276e-07,1.4661244669916942e-07,9.355068260321487e-07,3.1973698190049322e-06,10mV,2,63,-2.3608221246781533,0.0028146064171404744,0.0004834490032894934,-1.9644917582013897e-06,-4.749806071928781e-07,0.21991401955615478,0.03777338562022582,-0.011992802931252494,-0.0028996552387912265
119238.3,0.0128634,0.002786135362638426,0.0005473584617922141,0.012863417336430963,-1.3010426069826053e-18,-1.1950673500852347e-06,-1.6663500711644234e-06,-3.7096117241560656e-06,-4.961151653692448e-06,-5.716519898023153e-07,-7.2609172341158155e-06,-3.5347023100619252e-06,-2.8289293843799027e-05,-1.073018316147787e-06,2.3374976449095314e-07,-7.1445631987913785e-06,2.5904421535166263e-07,-1.804661330785383e-06,-1.0297475646124474e-06,-7.462740648109863e-06,-4.21817684966674e-06,-3.9352284847152e-08,-3.1051823158146863e-07,-2.2730546344262353e-06,-1.4851165818634966e-06,-7.766541446284927e-07,-7.58684186692148e-08,-5.715565035242794e-06,7.625524943442519e-08,-9.697797732150004e-08,5.679888431233132e-08,-2.642082634944712e-08,4.180195814644454e-07,-4.0439105825489726e-07,5.505498237648239e-07,-3.1054108693835737e-06,1.233329756144918e-06,1.1969218200539098e-07,1.9252003785549354e-07,-1.836009422582374e-07,-4.970828941235746e-07,10mV,2,62,-1.8300023378732118,0.002786135362638426,0.0005473584617922141,-1.1950673500852347e-06,-1.6663500711644234e-06,0.21659371609966419,0.0425515590046216,-0.00722236880262303,-0.010070557753392093
94746.09,0.0126967,0.002691439680859308,0.000617346049818189,0.012696749474006903,2.6020852139652106e-18,-7.440540705889582e-07,-4.144842529347561e-07,-1.1666670591446004e-06,8.807598044235101e-07,1.3850242504632954e-06,3.306662974323598e-06,5.714128754819535e-06,1.4419042109289128e-05,-4.1886525579832136e-08,3.0235508909471595e-07,-2.4211391888287284e-06,1.6720565231471745e-06,-1.0322666111054888e-06,1.4748599175546433e-06,-4.339867406120239e-06,4.95797528381025e-06,-1.537487483365955e-07,1.0637582146483375e-09,-1.6404677964276476e-07,-3.120242659858557e-07,-4.77880253145689e-07,-1.1799099083837405e-07,-2.3270262130282575e-06,1.7836855597561078e-07,5.233836896425631e-09,2.075819193081473e-08,1.1790333688349805e-06,-3.988513464104783e-07,-6.224527009182542e-08,-2.942647425765105e-07,1.622720369342258e-06,-3.364659159182643e-06,3.2522154271856794e-08,-3.968495444551705e-07,-1.0200365770695471e-06,-1.7761489119398683e-06,10mV,2,61,-2.2192930419984473,0.002691439680859308,0.000617346049818189,-7.440540705889582e-07,-4.144842529347561e-07,0.21197863960136326,0.048622369928778574,-0.00461550681116843,-0.002571123481695542
75292.97,0.0123696,0.002551573806929386,0.0006821591812864601,0.01236961542225297,-8.673617379884035e-19,-8.555661510735018e-07,1.3108934982889131e-08,-2.742832667798554e-06,5.1496691016848546e-06,-4.862748233870691e-07,6.855856031700776e-07,-8.906724373859335e-07,4.366483605561868e-06,4.5129559666728335e-08,4.318816474266638e-08,-7.754344538417507e-08,-4.2331368827275915e-07,2.1672710041439792e-07,4.099569903874221e-07,2.1272924106998726e-06,3.1246668646439297e-06,-2.0036209359588958e-07,6.36222039174792e-08,-5.591742981894284e-07,1.6591158650192634e-06,3.789073304445284e-07,-1.454663125401632e-07,1.0318281947711947e-06,-2.0965163069490642e-06,-5.369562762837051e-08,-1.495158925619219e-07,6.274116418395002e-08,6.940391506461902e-08,2.2682298426040552e-07,9.587639128023256e-08,1.9433003630479567e-06,9.303368384473768e-07,1.4734860134195894e-07,-3.47359756334462e-08,-1.166439937123136e-06,-1.351845640256814e-06,10mV,2,60,0.599672497989173,0.002551573806929386,0.0006821591812864601,-8.555661510735018e-07,1.3108934982889131e-08,0.20627753732255072,0.055147970086382336,-0.005591665704177833,8.567517785754504e-05
59824.22,0.0122507,0.002420625145287888,0.0007770474254480853,0.012250664267373848,2.6020852139652106e-18,-9.219335300389591e-07,-1.4291485930516993e-07,-7.5172230187199e-07,5.224628309597383e-06,-1.1989854596923828e-07,5.641014177097374e-07,-7.35498443614381e-07,2.716236628820966e-06,1.0637636385629323e-07,5.0015035165929674e-08,3.440505886858435e-06,2.788018831737228e-06,5.571808252086766e-07,1.0293900232566495e-08,3.5505345513727942e-06,1.732435797955941e-06,4.857547926171616e-08,-1.373781093301354e-07,-1.7958247982496685e-06,-6.107036847871844e-07,6.187965169093261e-08,1.7933487642333691e-07,-2.392914489034287e-06,2.1519275751463295e-06,2.3281234339221267e-08,3.428221999694818e-07,5.98262911067073e-07,8.846467665770935e-07,-1.2206399454723395e-07,4.491331802480311e-09,-2.750598945117734e-07,5.981885828818273e-07,-1.3204151269291934e-07,-1.250379670605581e-07,-1.7498129021518277e-06,-1.2659632159362388e-06,10mV,2,59,-2.548510595558884,0.002420625145287888,0.0007770474254480853,-9.219335300389591e-07,-1.4291485930516993e-07,0.19759133810682686,0.06342900339841401,-0.00614299743643732,-0.0009522656305854906
47519.53,0.0117813,0.002202653421611546,0.0008421577661706819,0.01178126497633104,6.505213034913027e-19,-1.094456685058861e-06,-4.1334075792688974e-07,-1.97975359038893e-06,7.325746934817144e-06,3.1624885060198854e-07,6.303471312740664e-07,3.164582390607676e-06,1.2516549911552835e-06,-8.78496932110953e-08,2.079595379628412e-07,-4.768811532089723e-07,7.134465352959702e-07,3.671375594236603e-07,-9.4488799349919e-08,1.205145867184973e-06,1.9979295826019132e-07,1.2473360106280092e-07,-7.158712343540393e-08,5.782593357178986e-07,-1.5415954393918784e-06,-7.246464227084211e-08,-1.3585884618774421e-07,8.715738141122493e-07,-4.0285987168978907e-07,-2.016900641778018e-07,-8.88914577039546e-08,-7.724289283338722e-07,1.1545038115157028e-06,1.9365173825005018e-07,1.808687427863948e-07,2.0197955310504144e-07,-3.513682846360061e-07,5.725151881330996e-08,4.478282896869712e-08,6.900221130204719e-07,1.5517992381767833e-06,10mV,2,58,2.9982221520496597,0.002202653421611546,0.0008421577661706819,-1.094456685058861e-06,-4.1334075792688974e-07,0.1869623869793907,0.07148279644525483,-0.007885236624311443,-0.002977997875311505
37792.97,0.0112524,0.0019565158098545864,0.0008891473373368191,0.011252396456811746,0.0,-1.733492681837463e-06,-6.918842030538822e-07,-5.499858351287689e-06,6.350338282977276e-06,5.843527596798479e-07,4.5015782580286224e-07,1.3575795300025167e-06,2.7220913559990566e-06,4.12902560398018e-08,1.091854053534957e-07,1.5820374746649107e-07,2.6336756768305918e-06,3.185052009930231e-07,-4.3509444846081615e-07,1.6145047021582015e-06,-1.6083273459918873e-06,2.9621233949377145e-08,-1.925017145774158e-08,9.333402968109321e-07,1.131267754451002e-06,7.888411685092496e-09,-2.12046994575722e-07,-4.2603190607390706e-07,-1.6738039726722045e-06,-7.260873380631517e-09,-1.292007401647858e-07,2.4567854849311177e-06,-6.159757449092873e-07,-8.361927157455054e-08,1.0845925218491393e-07,5.733970019939969e-07,-4.0255390673146827e-07,-1.5594404718199887e-07,-2.817865534862044e-08,-4.552540250694029e-08,1.0355245827261141e-07,10mV,2,57,0.3437171341412041,0.0019565158098545864,0.0008891473373368191,-1.733492681837463e-06,-6.918842030538822e-07,0.17387547775835704,0.07901848648414492,-0.013690898853409936,-0.005464411094162907
29941.41,0.0107202,0.0016934750331729443,0.0009145287912900883,0.010720158041567944,1.3010426069826053e-18,-1.7783715982552196e-06,-1.2741537506503258e-06,-9.090222964361056e-06,5.350669384708134e-06,1.154088217182431e-06,4.097411083076176e-07,3.930653278455518e-06,1.3217938102565447e-06,-1.1823804709502288e-07,4.1387252385898975e-07,6.843058702420298e-07,1.1814942083808343e-06,-1.2482307805666444e-07,-4.4556752449403186e-07,-9.496294317848905e-07,-2.422736406667914e-06,-3.90840997960122e-08,7.51197994169536e-08,-2.6737621122925333e-06,3.6795798584141503e-06,-9.799273025425155e-09,1.2969721776453762e-07,3.622259628688913e-07,-3.1946587225831856e-06,-1.681645476804751e-08,4.390296300658583e-09,5.219917105417926e-07,-6.617172626616211e-07,2.799698084198989e-07,-1.5393589330526198e-07,-1.4798707382070988e-07,-2.153269011766085e-06,7.470815238795317e-08,1.2779263389066502e-07,8.086717204875172e-07,-1.0524107422616035e-06,10mV,2,56,-1.2433672011213768,0.0016934750331729443,0.0009145287912900883,-1.7783715982552196e-06,-1.2741537506503258e-06,0.15797108835582566,0.08530926388808424,-0.015474625155547381,-0.01108713820058372
23847.66,0.0102539,0.001438860925047432,0.000913097651260461,0.010253936220460606,8.673617379884035e-19,-1.0541436777042039e-06,-2.80371446444935e-06,-9.00689876494191e-06,4.9403991171681685e-06,1.2223970687979494e-06,3.9223762480598995e-07,8.81928478924884e-06,2.1773620515177677e-06,-9.51799140578701e-08,6.876013573004845e-08,-2.317519007876789e-06,-1.1089087925334124e-06,-5.206437865583653e-07,-3.954888405335239e-07,-2.865747161647689e-06,1.2622305226743724e-07,2.6314230014435045e-07,1.7462530063222231e-07,2.820960265181487e-07,1.6554058083839672e-06,1.3690830496624468e-08,1.5161201995791132e-07,7.080177024925243e-07,7.82260349510266e-07,-1.1714778910681559e-07,-9.780611882529774e-08,8.382144204663957e-07,-4.0575075890709615e-07,-5.3968284104327025e-08,7.838854885796785e-08,-1.7397086339190326e-06,2.036693545114227e-06,2.8252655865281502e-08,-6.872895545043749e-08,-5.832743339817215e-07,1.1153097761946048e-06,10mV,2,55,0.9399866364069074,0.001438860925047432,0.000913097651260461,-1.0541436777042039e-06,-2.80371446444935e-06,0.14032278864543188,0.08904850114422154,-0.01002578956475365,-0.026665673583931272
18925.78,0.0099718,0.0012109416964343003,0.0008944325932440786,0.009971804370672242,0.0,-4.3927207658705366e-08,-3.590198518050317e-06,-1.1142773576615648e-05,1.70311234191477e-06,1.4374805096102806e-06,5.639278560206708e-08,6.657234111989285e-06,-1.3831840403555716e-06,1.8719568033019418e-07,-6.019132867306667e-08,3.6253439442008688e-06,-8.273323180342377e-08,-8.531019152953678e-07,-2.0618456676136404e-07,-5.602179794549309e-06,1.137539386651772e-06,1.4165083137001334e-07,-9.354642861237405e-09,1.9194209610209534e-06,-1.373450580168991e-07,3.002421589617669e-07,-5.97702985567271e-09,2.8151489257228205e-06,1.354241828734452e-06,-1.0418267283920652e-07,-6.306013255905998e-08,3.362787764763266e-07,-8.719776726476103e-07,-1.628823365275829e-07,-1.6416973302561915e-07,-1.086085176533641e-06,9.625727707923544e-08,-2.3445283144956706e-08,-4.084180311507952e-08,4.794298685065939e-07,2.5598258451119735e-07,10mV,2,54,0.7687556288927129,0.0012109416964343003,0.0008944325932440786,-4.3927207658705366e-08,-3.590198518050317e-06,0.12143656768836768,0.08969616330166544,-0.0004417597031947131,-0.03610530047952404
15058.59,0.0098324,0.001013974507603853,0.0008542451593356391,0.009832450546065824,1.734723475976807e-18,1.3047361106954917e-06,-3.7858370756132427e-06,-1.0721336537435312e-05,-4.643377732542359e-06,1.3932925974435198e-06,1.1045312320528176e-07,8.961421000394903e-06,-1.3532329133389067e-06,-4.762064787605996e-08,2.033868286297406e-08,-1.161355086465598e-06,1.4763765297850226e-06,-9.32085012695225e-07,1.498814491056768e-07,-4.154073038118489e-06,2.8253762015535488e-06,1.7153210998715165e-07,-3.7447522917658287e-07,-4.1608509357329334e-07,-2.603247235555668e-06,5.912931788502597e-09,1.801222436842939e-08,2.4194352026302947e-06,-1.9670167384017633e-06,-7.609473767691664e-08,4.564659232202126e-08,-5.17493394188905e-07,2.9021530111780123e-07,-4.169503484916915e-07,2.3493906957013732e-08,-2.3856385228376496e-08,3.4523687201614304e-08,1.0509015193253321e-08,-5.704107407327003e-08,7.863760562062072e-07,-1.7400913800905586e-06,10mV,2,53,2.8584318603455037,0.001013974507603853,0.0008542451593356391,1.3047361106954917e-06,-3.7858370756132427e-06,0.1031253096929703,0.0868801887518713,0.013495815763259878,-0.039159611865850597
11863.43,0.0097898,0.0008403755290933056,0.000791659440296286,0.009789780926854952,0.0,3.06844782221417e-06,-3.128086215644539e-06,-8.613106153515908e-06,-5.082088289513185e-06,1.4907375808650706e-06,1.790908962044374e-07,7.874417638040885e-06,-4.167980624560365e-06,8.508840986666288e-08,-3.93953078958272e-08,2.2489477282589482e-06,8.149783322059353e-07,-1.4534702611194242e-06,1.1512112905420366e-07,-5.237242503036213e-06,1.7929132814231353e-06,-9.202894302818587e-08,4.130218870725092e-09,-2.6815923697198887e-06,2.3997336907432444e-06,1.865906785659504e-07,-1.428619029447651e-07,1.8207798687956352e-06,-3.892893565312471e-06,3.006695638513385e-08,-1.4158975302429565e-07,1.2249835247617614e-06,-1.5601240006055213e-06,-1.864569008034237e-07,-3.387736869506195e-08,-2.337461287818744e-06,9.103495235737322e-07,-1.4912595827503394e-07,-2.2110286221178872e-07,9.330220518896623e-07,3.9732813165695406e-08,10mV,2,52,-0.5847911307107251,0.0008403755290933056,0.000791659440296286,3.06844782221417e-06,-3.128086215644539e-06,0.08584211795669704,0.08086589947325952,0.032016422018557526,-0.03263869363052766
9432.87,0.0098004,0.0007033721802217563,0.0007169218881984854,0.00980040801926748,0.0,4.0518101442747574e-06,-1.6441885990437138e-06,-4.623240243166678e-06,-6.77851482106182e-06,1.565274082164211e-06,2.696244438802131e-07,7.253530147442148e-06,-2.20776945281624e-06,-8.08579717027678e-08,4.595226943222558e-08,-1.375599875373208e-06,-1.2392940529535397e-07,-1.3293263387610275e-06,2.7806167102566453e-07,-6.271216561223457e-06,3.4411363324129235e-06,3.497658140076365e-08,-2.1876017365495986e-08,-2.139151373420961e-07,9.594230277044158e-07,2.813263186908405e-07,-9.714745848771506e-08,1.832784231291664e-06,-6.297293287358301e-07,2.4235528545357674e-08,6.804008118630656e-08,4.853164816582018e-07,1.1472089655130667e-06,-2.0907739026973904e-07,1.3789763593314235e-07,-7.321183283395127e-07,7.144587148426557e-08,8.048205012193763e-08,-4.458984616739615e-08,6.02120431014047e-07,-5.9487353422508e-07,10mV,2,51,0.6751273484512182,0.0007033721802217563,0.0007169218881984854,4.0518101442747574e-06,-1.6441885990437138e-06,0.07176968334776831,0.0731522490481035,0.04218526420449836,-0.017118405844037416
7558.594,0.0098495,0.0005980058470257095,0.0006404107873405978,0.009849537832606154,0.0,4.285921444175704e-06,-1.4234943162155251e-07,-2.9766080710981726e-06,-5.0722869996381534e-06,1.3150940690918028e-06,6.549615753987081e-07,7.830008597557892e-06,-1.991858374984936e-06,-3.119055702434083e-08,-5.790332026716415e-08,1.6500067752223008e-06,4.789472791293001e-07,-1.5946930046587403e-06,2.350136849167626e-07,-7.4950992225981895e-06,5.016838519172432e-06,3.316087804215888e-08,-8.944146453616176e-09,4.936582549996698e-07,-1.8880375342430782e-07,1.96564465387975e-07,-1.2924994796143453e-07,9.108775690934799e-07,5.75328015645954e-07,-1.4179116851347685e-07,1.0022534102893345e-07,-1.3014868945316096e-06,-2.2333554214572835e-07,-1.8906462016586573e-07,1.9050401758802833e-08,7.092594264397278e-07,3.481415483824766e-07,-8.254739043776724e-08,1.7751939080792054e-07,-1.3033716033540287e-06,-4.4575911103898564e-07,10mV,2,50,-1.9807335757023072,0.0005980058470257095,0.0006404107873405978,4.285921444175704e-06,-1.4234943162155251e-07,0.06071410224407242,0.06501937433252615,0.044178656167863935,-0.001467317279892173
5960.648,0.0098629,0.0005078810235270571,0.000555309552644072,0.009862898761312933,2.168404344971009e-19,3.6484972012800246e-06,7.581901762918458e-07,-1.4435784597061774e-06,-4.012881289103625e-06,1.309988048929985e-06,6.67443559417795e-07,8.509471380065197e-06,-2.833116555975404e-06,-1.1341018489026112e-07,-7.073778810882127e-08,-4.7412228811697493e-08,9.69900700764564e-07,-1.3279704204624822e-06,-3.2365763709837243e-07,-7.044826660140489e-06,2.9877171394773876e-06,9.764524074024485e-08,-2.239302943070635e-07,1.40173200620411e-07,-1.3583410211631334e-07,3.3129026137151034e-07,-8.080945624035797e-08,9.957408399939005e-07,-1.3590798444167772e-06,-1.6915514316286651e-07,1.242387982954025e-07,-5.678046300401121e-07,1.0904205533569976e-06,-2.1778137903352856e-07,2.3261714096016998e-07,1.336629758939698e-07,1.561463603328134e-06,1.1665548068292904e-07,3.181002708179322e-09,1.2839293559890679e-06,-4.98388583111508e-07,10mV,2,49,1.7386212837592658,0.0005078810235270571,0.000555309552644072,3.6484972012800246e-06,7.581901762918458e-07,0.051494092742715006,0.05630287465002329,0.0375063555992958,0.0077941543586543035
4746.094,0.0099422,0.0004446185950848718,0.00048280095706136915,0.00994216427903801,0.0,2.7925005675735065e-06,1.6075090095281143e-06,-2.015810077536193e-06,-2.3045269485522465e-06,1.3045113802662385e-06,1.1173865818139652e-06,9.038787724603198e-06,-1.4265981186791338e-06,2.386647860021715e-07,1.0099215658718247e-07,-8.531759053065412e-08,-1.5656165583488016e-07,-1.426278914981866e-06,-2.769141562186456e-07,-8.424050956070124e-06,2.891560745717552e-06,2.0622885787248475e-07,7.761291923836803e-08,8.571425549025498e-07,-2.3580850613538792e-07,3.2627692196683494e-07,7.436651670691044e-09,1.6654031252861233e-06,-1.8386112335613095e-06,-2.961226674816227e-07,6.507632424536684e-08,-1.6830249424137856e-06,6.159101688467685e-07,-2.9002563492104256e-07,1.2232259401373365e-07,-1.786804455651558e-06,1.9226739982158225e-06,-1.1578896000667122e-07,2.4258248141375626e-08,-1.5235803899475385e-06,6.279056772381756e-07,10mV,2,48,-0.42405522778303545,0.0004446185950848718,0.00048280095706136915,2.7925005675735065e-06,1.6075090095281143e-06,0.04472050376619733,0.04856095147002382,0.028250842259332203,0.01626265863146998
3761.574,0.0099481,0.00039260652744690846,0.00041366873102898264,0.009948071929605456,-8.673617379884035e-19,2.467615459038719e-06,1.9270147448445584e-06,7.84997697323317e-07,-1.8201147523766344e-06,8.12558084548448e-07,1.0555532206460537e-06,8.962644604140715e-06,1.388103073615709e-07,-1.239462399943553e-07,9.985251492819452e-08,9.763475050147048e-08,3.118885143215945e-07,-1.2168372147703553e-06,-5.271989008681607e-07,-8.081916520561242e-06,2.139291238955065e-06,1.289970251029858e-08,1.1233092594282162e-07,-1.1447388727482721e-07,-1.3521066522591236e-06,3.43877185565361e-07,2.280017381517093e-07,2.206655584118064e-06,6.830145399999302e-07,-2.6785311105360855e-08,9.206802806632976e-08,4.31790413517916e-07,3.2298849085941957e-07,-2.940329666159487e-07,1.0624458095030382e-07,-2.154352001977094e-06,6.011186359282965e-07,8.062397066448643e-08,-9.172424769828891e-08,1.008981429044509e-06,-8.313870278460015e-07,10mV,2,47,-2.1765926951438828,0.00039260652744690846,0.00041366873102898264,2.467615459038719e-06,1.9270147448445584e-06,0.03946558993793678,0.04158280458325847,0.024934441715994005,0.01947184949955924
2993.223,0.0102579,0.00036399945651876837,0.0003659369923552578,0.01025787748418927,0.0,1.993812974527642e-06,2.1968834144459597e-06,2.49839080827209e-06,-5.323946258102501e-06,9.078488794536521e-07,1.0956185391217946e-06,1.0684808995932813e-05,-3.212270489027412e-06,1.2223710794867569e-07,-1.204902655374626e-08,-1.5766049574248213e-07,-6.186379855594737e-07,-1.3270096521390841e-06,1.2130788351163105e-07,-8.346966132561495e-06,6.2192519729123804e-06,1.149295793088808e-07,2.299016093377239e-08,-6.875145340780689e-07,-2.603265171275219e-07,4.687346562301678e-08,-1.0778626558850481e-07,9.553721567199805e-07,-3.022870039450195e-06,-1.455736282532007e-07,8.644959083922839e-09,-1.204586429077404e-06,-7.555260675104049e-07,-1.4163012826573532e-07,8.381055337242443e-08,-1.4376359970405543e-06,-9.475793138042589e-09,4.437572817762335e-08,8.037357765665509e-10,3.690057667682481e-08,1.0948594702249195e-07,10mV,2,46,-0.6488547981520242,0.00036399945651876837,0.0003659369923552578,1.993812974527642e-06,2.1968834144459597e-06,0.035484870732742715,0.035673753456237495,0.018948262924876984,0.020878149096248858
2372.685,0.0098716,0.00031796787457765547,0.00030274306011613615,0.009871649926950655,0.0,1.1129792053145461e-06,1.998947426352819e-06,1.2898937165644547e-06,-1.4183134867865277e-06,5.266662369065317e-07,1.027964446584318e-06,9.810175678390923e-06,-2.302652233729154e-06,4.874613521027427e-08,7.026845507221792e-09,-7.153737872453238e-08,-3.339290585598309e-07,-1.1957402181127615e-06,-3.317832578081343e-07,-9.065242218748125e-06,4.600211014372573e-06,1.2026173634466498e-07,1.5120426361295593e-08,7.895095130124384e-07,3.900430646197766e-07,2.53793444178542e-07,-9.702993277418929e-08,8.556835261615191e-07,-1.0018148979912577e-06,-1.1817211278107913e-07,9.03772450609322e-08,-3.6685213552595536e-07,3.572964026689099e-07,-1.3382885205862005e-07,3.9739366272388855e-08,-1.1444178868616126e-06,-4.92263500457904e-07,1.4145448609065905e-07,5.1184569938678686e-09,3.618686125815198e-07,-5.834097790612761e-07,10mV,2,45,-0.18845657872562513,0.00031796787457765547,0.00030274306011613615,1.1129792053145461e-06,1.998947426352819e-06,0.032210205683000294,0.03066792910571265,0.011421090122618783,0.020512655220993322
1886.433,0.0099152,0.0002930022319653378,0.00026352847709051636,0.009915224820848676,-6.505213034913027e-19,6.286848932815601e-07,1.765954450741288e-06,1.57423790359378e-06,-1.1630922680858369e-06,1.856673440478195e-07,9.155725785673612e-07,9.944607350193884e-06,-9.995125677679365e-07,1.0297627237037665e-08,-6.414437381721694e-08,-6.128865123843007e-07,-9.96078294618311e-07,-9.039907659973881e-07,-3.474068829485394e-07,-9.326116590799827e-06,4.129840694405704e-06,-6.649455502222621e-09,-2.024959124016874e-08,5.334709283375358e-07,-5.582082952293789e-07,1.9009883902215561e-07,-3.38311705654576e-08,7.097864153214338e-07,-2.192372558229617e-06,-2.0817250853059757e-07,5.091349060992654e-08,-1.0832486914081835e-06,2.5093888919557815e-06,-1.7207012832077314e-07,1.2238523426182873e-07,-9.5008841890457e-07,1.4195595191578579e-06,2.6769301445434043e-08,-8.545441207299528e-08,-7.197581576368035e-07,-8.137864629622379e-07,10mV,2,44,1.4698440056592594,0.0002930022319653378,0.00026352847709051636,6.286848932815601e-07,1.765954450741288e-06,0.029550740125351874,0.02657816457539085,0.006394813642807992,0.017962813700249474
1506.696,0.0099534,0.0002718713803801903,0.00023158228781300404,0.009953405013673559,-8.673617379884035e-19,2.3735665194344248e-07,1.5708841849768993e-06,9.561125448179361e-08,-9.367311857721603e-08,3.8539251989209025e-08,9.658610299814868e-07,8.251314664500617e-06,-1.7719579118224957e-07,1.6510693065730757e-09,-1.9833233812806674e-09,1.9222035128683734e-07,-6.116350679580194e-07,-7.614283535820995e-07,-3.777657950879317e-07,-9.317553417428673e-06,3.11124552293584e-06,7.982628792847609e-08,9.443608101300296e-08,1.4493466345137054e-06,-7.529971673680021e-08,1.9261090051190032e-07,7.005734653375366e-08,6.51058823311153e-07,-1.7292133546731359e-06,-2.1340738318955508e-07,3.3806161766208336e-08,-1.3713263296717825e-06,8.466572223743065e-07,-3.0383616960430806e-07,4.930893162104008e-08,-1.1595673045296826e-06,2.018390993197804e-06,1.630563721355392e-07,-1.6531139524116346e-08,8.196217706749934e-07,4.0639304533647824e-07,10mV,2,43,1.3571538673394274,0.0002718713803801903,0.00023158228781300404,2.3735665194344248e-07,1.5708841849768993e-06,0.027314409491697077,0.023266639656968274,0.0023958413424147447,0.01585626205837257
1185.994,0.0099439,0.00025081419373804603,0.00020256038587983054,0.0099438686587815,0.0,-1.1039977758519012e-07,1.4110447533463632e-06,-2.1626612007650934e-06,7.249555459184614e-07,-1.319415182165244e-07,7.821158811469698e-07,7.724093044694727e-06,6.533149889518631e-07,5.724876186714256e-08,4.460919514190981e-08,-7.701450116023854e-07,4.437330156534748e-07,-6.58895545485482e-07,-2.821643801038875e-07,-9.345190405971735e-06,3.7263509128511472e-06,1.2271726006928434e-08,1.8760456582782607e-08,1.5740308630721868e-06,-4.778162798053841e-07,1.4027032702130462e-07,6.043421029394176e-08,1.357652953993692e-06,-6.440793735527313e-07,-1.8353899669943198e-07,-3.313909203880996e-08,-2.5020565797657537e-06,-1.598903450247941e-07,-1.838699140066447e-07,-6.307699577416999e-08,-8.120167632477692e-07,3.040519611213003e-07,9.257394543767174e-08,4.155635793845611e-08,6.740850020326741e-07,-6.274794422442953e-07,10mV,2,42,-0.08310479403526899,0.00025081419373804603,0.00020256038587983054,-1.1039977758519012e-07,1.4110447533463632e-06,0.02522299945268789,0.020370380264520895,-0.0011164966894125887,0.014270199000251945
948.6607,0.0099801,0.00023405963108194612,0.00018112700784215922,0.009980104380161363,-2.168404344971009e-19,-2.6848638289858003e-07,1.2133629183587397e-06,-1.1933074828320433e-06,7.213718606250343e-07,-2.3023847995029028e-07,6.736470540083328e-07,7.851602003015922e-06,-1.1747484728730847e-06,7.314170995045912e-08,-2.473599761177165e-08,8.405152965820806e-07,-4.924218149735228e-07,-5.311932662104455e-07,-2.2966726550691343e-07,-7.00477750793961e-06,4.946980574612698e-06,1.471760645906952e-08,5.77256156307326e-09,1.8019697802544728e-06,-2.5524362497398155e-08,1.823067038213847e-07,-2.6605560413780676e-08,1.3712440031775652e-06,-1.6861365108267875e-06,-6.374223153110569e-08,-6.452156017545289e-08,-1.0021212763199758e-06,7.110780770743109e-07,-1.7101887775844975e-07,1.9728490410365937e-08,-1.737744140915187e-06,2.0196613334727377e-07,2.4649554727778735e-07,2.609150642559042e-08,7.347118670097474e-07,5.730917533967376e-10,10mV,2,41,-0.14396091223910898,0.00023405963108194612,0.00018112700784215922,-2.6848638289858003e-07,1.2133629183587397e-06,0.02345262355644438,0.018148808964584262,-0.0026955792027338033,0.012182054869172697
752.3148,0.0099924,0.00021724898844387104,0.000162176987138502,0.009992409295687416,0.0,-3.1283553819535396e-07,8.192115205569108e-07,-2.0049856707081045e-06,-3.518259368622964e-07,-3.8404797721691155e-07,4.967423166922653e-07,8.103633291283082e-06,-1.4690623138488833e-06,8.619770251947293e-09,5.572158651389882e-08,9.811531173831836e-07,5.175704035573743e-07,-3.950769832022094e-07,-2.433506908968594e-07,-7.28971656022568e-06,2.5968163822523123e-06,1.7092525971440267e-08,8.505228312554239e-08,2.353569425451881e-08,-1.0844221720609378e-06,4.635952687249262e-08,2.9341317071267065e-08,1.684532238388748e-06,-1.0949875376210519e-06,-2.0875246679464167e-08,5.004577511886894e-08,-3.7141863245803935e-07,8.694915051050897e-07,-5.714294575176912e-08,-5.507920911577511e-08,-8.672682418499106e-07,1.0899329088526343e-06,5.3506830983946767e-08,-8.322344100971781e-08,1.158436573365002e-07,-1.177725537773564e-06,10mV,2,40,0.8014653471652453,0.00021724898844387104,0.000162176987138502,-3.1283553819535396e-07,8.192115205569108e-07,0.0217414020998552,0.0162300184409475,-0.0031331100791312533,0.008204566165352041
599.564,0.0099779,0.00020117192852958922,0.00014625270136663253,0.009977864609819623,0.0,-4.951800496246622e-07,8.516917590050397e-07,-2.806230631650658e-06,1.2938328751710394e-06,-5.189665740449348e-07,4.651894921287483e-07,7.745166325805533e-06,-1.8201421330314237e-06,-5.3024866012198555e-08,-2.427292962091946e-08,-1.8206106770673127e-07,4.6695867093343045e-07,-4.899657615926059e-07,-8.022424500163097e-08,-7.387545616447756e-06,4.661671699567706e-06,3.948281811892276e-08,5.90580438783834e-09,-2.446892925974737e-07,-2.956167181477781e-07,8.04970236434405e-08,-5.137335701901593e-09,2.570041560733385e-07,-2.9171654641969266e-06,-1.3919736767218934e-07,-5.2579656664351473e-08,-1.949339403788194e-06,1.7963841318078045e-06,-1.7360435590862287e-07,1.8422218995199636e-07,-5.428260992891296e-07,1.7398641532276356e-06,2.6461368495415872e-09,-1.056866530401419e-07,2.3879732098131886e-07,-1.757950966560786e-06,10mV,2,39,2.0708244012153716,0.00020117192852958922,0.00014625270136663253,-4.951800496246622e-07,8.516917590050397e-07,0.020161821832259355,0.014657715561974984,-0.004973795506710987,0.008554748211792789
474.0168,0.009999,0.0001864734813589251,0.0001327074431104521,0.009999013737158348,0.0,-5.778777093550571e-07,5.999524292541185e-07,-2.8018093591720063e-06,5.795981570512108e-07,-4.490359163692039e-07,3.28955344802292e-07,7.79910729148173e-06,-2.4306694587166265e-06,1.5808795654374288e-08,-3.204311914446237e-08,1.042389585909233e-06,4.4038372948645685e-07,-4.050354351549313e-07,5.537582114074898e-08,-6.224457580715058e-06,5.916372558558167e-06,4.124006011713265e-08,3.920435250638678e-09,-6.22924043386708e-08,-2.7695968955774016e-08,8.95748350824921e-08,-6.701299260288064e-08,1.8094259247855197e-08,-1.0916684381621847e-06,-1.0362422954206941e-07,7.993980483849285e-08,-5.695792366806566e-07,1.5210159105114942e-06,-1.0990064584784494e-07,7.074046005813313e-08,-9.324222814484258e-07,1.6653526087711718e-06,-9.631358459146551e-09,-5.200950005576755e-08,-1.316032925189866e-06,-2.0575643163880846e-07,10mV,2,38,-0.0844167728269935,0.0001864734813589251,0.0001327074431104521,-5.778777093550571e-07,5.999524292541185e-07,0.01864918743595202,0.013272053284343888,-0.005779917140829251,0.006000707889214384
377.1552,0.0099885,0.00017194005775355344,0.00012121323565400157,0.009988541668268831,-2.168404344971009e-19,-6.255769669339382e-07,5.251536349698248e-07,-2.292467407436689e-06,1.6805687142805647e-06,-5.429018673505134e-07,1.4562600195166938e-07,7.2670740334455186e-06,-4.701244301320995e-06,1.7868159074056666e-08,-1.9902723935550604e-08,5.783067188508998e-07,4.972457775022656e-07,-3.5986441377849693e-07,5.6663323675659325e-08,-4.7773701525658065e-06,6.564843317094337e-06,5.821733964197364e-08,1.623493575215388e-08,1.834558771243502e-07,7.848951946937068e-07,1.2536497754315658e-07,-2.7376290647041202e-08,1.3218461536527234e-06,-1.7852517956869541e-06,-1.6953745840388376e-08,4.842327675279781e-08,-6.064488025591387e-07,2.047345932531362e-06,-6.22519300572467e-08,6.147076889795245e-08,-3.3366323302872687e-07,1.4896481606217011e-06,1.109022192370508e-08,2.6000854992775724e-09,-1.1332497970594898e-06,-8.256624866850689e-07,10mV,2,37,0.13549836666157436,0.00017194005775355344,0.00012121323565400157,-6.255769669339382e-07,5.251536349698248e-07,0.01721372983803684,0.01213522851279347,-0.006270130484090898,0.005263591835220437
298.2954,0.009977,0.0001577776644923161,0.00011090808830936556,0.009976985352546774,1.734723475976807e-18,-6.174647655384767e-07,3.294284932226479e-07,-1.79789127490067e-06,1.2523469231838785e-06,-5.757744979014253e-07,1.2788219372179224e-07,6.353159640668299e-06,-5.012911481913076e-06,-3.0245169404292745e-08,-1.4524663027441864e-08,4.65164443197786e-07,-7.53724140872722e-07,-2.925389109801269e-07,1.5236784073023524e-07,-2.8028900927582926e-06,8.117910954826712e-06,3.5002604223001427e-09,-2.785908011300409e-08,-4.400931825796788e-07,-6.230448869929607e-07,4.490042374721297e-08,-2.7087358750732433e-08,2.463796714032807e-07,-8.76511800688217e-07,2.777049484932845e-09,3.873615014470986e-09,1.089812403988455e-06,5.042377327579153e-07,-2.7982010279035667e-08,6.558290867309007e-08,1.196883571870472e-06,1.3689605426526016e-06,-1.4306191834146945e-08,-8.671221906320906e-09,-1.410869613207543e-06,-5.644107399365492e-07,10mV,2,36,-2.0817493675971876,0.0001577776644923161,0.00011090808830936556,-6.174647655384767e-07,3.294284932226479e-07,0.015814162185979457,0.011116392817100267,-0.006203167541632075,0.0033095008014998296
236.7424,0.0099976,0.0001450637668805822,0.00010232699265644147,0.00999763685815993,0.0,-6.820989857821534e-07,2.280261101375342e-07,-1.96944658148666e-06,1.9613198200954967e-06,-5.87983515406401e-07,1.8563593797441907e-08,5.5261587842880515e-06,-5.335272427658235e-06,-2.2468663368318833e-08,8.667353192527643e-09,1.17266892488874e-07,-1.010606344232018e-06,-1.7087079070932662e-07,1.5283909690754698e-07,-1.4099643779968994e-06,7.668591870916515e-06,4.667942944595663e-08,-3.810385906523687e-08,8.124908807922737e-07,-8.234568220459333e-07,-1.774543673618159e-09,-9.612210006727039e-08,-1.111970170456904e-06,-1.8714575084377625e-06,1.895619286578324e-08,2.7064259840532224e-08,1.8840982300460522e-06,7.98680113681603e-07,1.468016853885062e-09,1.74516422413488e-08,9.545043295063722e-07,9.876330287086486e-07,-1.6440914002517528e-08,-3.435098415045544e-08,-3.9338886198503013e-07,2.9409986555823945e-08,10mV,2,35,-0.26468123282537986,0.0001450637668805822,0.00010232699265644147,-6.820989857821534e-07,2.280261101375342e-07,0.014509805560919449,0.010235117969195252,-0.006824214794228572,0.002281339199598131
189.0121,0.0099758,0.00013264679481039517,9.436353093785849e-05,0.00997575847388347,0.0,-6.552643085787099e-07,1.65495174349415e-07,-2.2148204570426523e-06,5.681060105319565e-07,-6.09852242831434e-07,-1.7154978880660814e-08,2.709714939981951e-06,-5.837112336795352e-06,-1.267391285727164e-08,1.659470807378271e-08,7.682963616585448e-07,-1.2117739917356786e-06,-1.4253036091592166e-07,1.9994492725320987e-07,1.7104336727178015e-06,8.037844304618969e-06,-2.8600590488899186e-08,-8.227513657880537e-09,-1.5996519912622235e-06,3.0836174705864277e-07,-4.653040954122266e-08,-4.3791214952348114e-08,-1.0132996226254369e-06,-9.641588534624422e-07,3.295061272967391e-08,-2.0121302003943497e-08,9.089795524523364e-07,-5.736667459511521e-07,5.208159188905055e-08,-1.252652172812712e-08,2.2347048784913758e-06,-4.903178934744417e-07,2.5738379915824063e-08,1.5394941682401067e-08,8.206527196856898e-07,6.269535915147177e-07,10mV,2,34,-0.3274933133679271,0.00013264679481039517,9.436353093785849e-05,-6.552643085787099e-07,1.65495174349415e-07,0.01329691322796802,0.009459283841414381,-0.006584528194139224,0.0016630047253166004
149.6011,0.0099617,0.00012066733623010997,8.688861692035799e-05,0.009961657058863723,8.673617379884035e-19,-6.471788233144635e-07,7.579274497989766e-08,-1.744784668647662e-06,4.5070089577303445e-07,-6.04653349701472e-07,-1.878596178262171e-07,2.01879254320784e-06,-8.03231668461348e-06,-4.037019132621469e-09,-1.6644440592002806e-08,1.9722189845799068e-07,3.8567226011076224e-07,6.665575382970542e-08,2.625518494802506e-07,6.118506788191e-06,6.677033933833481e-06,-5.91100003898798e-08,1.7940913533709346e-08,-1.7128695444108252e-06,-1.2836875019534497e-06,1.8905034995623527e-09,-2.6100702292024966e-08,-1.4301440891699794e-06,6.910708079634114e-07,8.439139277256373e-08,-1.1317728703973379e-08,7.506286744774758e-07,-7.969065683011836e-07,8.284386995559365e-08,-6.112466316564473e-08,1.0459759570399795e-06,-1.0780159573572508e-06,8.201214797472969e-09,1.972788420278623e-08,-2.30109019374456e-07,-1.3373664120344029e-08,10mV,2,33,-1.466850064081413,0.00012066733623010997,8.688861692035799e-05,-6.471788233144635e-07,7.579274497989766e-08,0.01211317911438661,0.008722305576966825,-0.006521704619540686,0.000763773283760383
119.1737,0.0098874,0.00010911352780304428,7.974350155264212e-05,0.009887366124977957,-1.734723475976807e-18,-6.769581002828825e-07,5.592185620515355e-08,-9.378266307293668e-07,1.7926852527484219e-06,-6.518379868631887e-07,-2.1867375391016215e-07,-1.3326409475673144e-06,-7.760802828091147e-06,5.133294229772567e-08,-5.590611808982039e-08,-6.823293402158201e-07,-1.1875585949283619e-06,1.2175457512839343e-07,7.434294937675007e-08,7.824322787955505e-06,-4.464470303360182e-07,-4.390362116801134e-08,1.225831715747543e-08,-5.421694832292663e-07,1.0165893435037243e-06,-3.577664089464648e-08,6.266494129509967e-08,-4.859675375801415e-07,1.0453006015937912e-06,5.015236070864662e-09,3.8438537194548287e-08,-1.0804197400699015e-06,-4.963846261927266e-08,-7.870348230073808e-09,2.632642531377603e-08,-1.5154401354650172e-06,2.256776127964084e-07,1.4355833993311062e-08,1.8650218995530073e-08,8.548093389343409e-07,-4.0893260493932716e-07,10mV,2,32,2.4097504434165486,0.00010911352780304428,7.974350155264212e-05,-6.769581002828825e-07,5.592185620515355e-08,0.011035651600621548,0.008065191532777382,-0.006924693522164256,0.0005720320286431439
94.69697,0.010064,4.940273709904598e-05,2.9551768384181547e-05,0.005032024001150583,-4.343161437046425e-19,-2.55080607416194e-07,-1.0989321711373965e-07,-4.162331874728482e-07,1.3000109198295867e-07,-3.1236534704366756e-07,-4.132761582106674e-08,1.2360481821762582e-06,-3.0726173512095854e-07,7.768390022840706e-09,8.61949238824287e-10,1.4846900901979297e-07,-3.529537422885023e-07,-2.8312205048209143e-08,1.5778493928011185e-08,2.0006329594574804e-07,2.009297132630938e-07,-2.231039959610754e-08,-2.060803717118087e-08,-2.598034316900525e-07,-5.681597906315038e-07,1.1121438770056029e-08,-7.038270748969099e-09,-5.1628329733850704e-08,-6.203443399925506e-07,6.654884583263805e-09,2.2705284506484428e-08,2.1530075134258156e-08,4.763505722355824e-07,-5.519667646775315e-09,6.154395411386174e-09,3.2662297319110517e-07,-6.137010826970582e-07,3.006808114269488e-08,1.888567071731437e-08,-3.4557870863400646e-07,4.2610976082569695e-07,10mV,2,31,1.5704878385246022,4.940273709904598e-05,2.9551768384181547e-05,-2.55080607416194e-07,-1.0989321711373965e-07,0.009817667222523172,0.00587273995064898,-0.01007377008590216,-0.004339957531141039
75,0.0100009,4.4249166874347365e-05,2.695097818385791e-05,0.005000429600654191,-6.500977870176755e-20,-2.583329220961733e-07,-8.725200761996187e-08,-2.2767356260595957e-07,3.718353924142812e-07,-3.082390147783013e-07,-5.673332932124559e-08,3.434330682491536e-07,-3.4585979892194503e-07,1.5671282331999595e-08,-2.6671776589137352e-08,3.3615182961410976e-07,6.099506795470001e-08,-1.451368708992397e-09,-1.0017043234699439e-09,-3.558961462005175e-07,-5.474200510959101e-07,3.145008937834177e-08,2.1840461944274097e-08,-1.0538822485966707e-07,5.824890567486479e-07,4.888467220560753e-09,5.7561198612280956e-09,4.0862578491747875e-07,7.748909458646368e-08,5.402288983360767e-08,1.8196534244150617e-08,4.685931814535913e-07,-5.018835333812853e-07,9.079809914087948e-09,-2.370833325987213e-08,2.1065642663991324e-07,-3.5623062689556995e-07,4.151569386612379e-09,-2.3946759025413753e-08,1.6243944941619427e-07,-1.3764724747582246e-07,10mV,2,30,1.5704777141714716,4.4249166874347365e-05,2.695097818385791e-05,-2.583329220961733e-07,-8.725200761996187e-08,0.008849073061354244,0.005389732550245682,-0.010331541432793384,-0.003489480645770907
54.50581,0.0099994,7.76500663380216e-05,5.210532032290752e-05,0.009999392689315585,-9.5481788979241e-19,-4.997641139170809e-07,-2.553691550175713e-07,-4.683697786955159e-09,5.0659977802384194e-08,-6.167735402009358e-07,-1.7557710488795718e-07,-1.488180840123633e-07,-1.0826833979945705e-06,-1.6768604117661422e-08,2.1591059276686985e-08,-2.2712962253727946e-07,-4.61508825543007e-07,-3.5720445975173684e-08,1.6684380220172402e-08,-2.3525358953027115e-07,1.170236106343373e-06,-3.125413038814843e-08,-2.7426851079675215e-08,-9.215133077121365e-07,-3.1500638007224483e-07,2.805014247001338e-08,-7.395995461618396e-09,4.5435442212154216e-08,-9.20582175735745e-07,-2.5168153150739445e-09,2.461335947571824e-08,1.068020056576697e-06,-2.828515806672407e-07,-4.098463744998649e-08,3.0962563888821636e-08,-5.167568216417909e-07,-6.040844658612649e-07,3.226295943560887e-08,-2.5840200276505484e-08,-6.259354346847852e-07,1.2752186681847974e-07,10mV,2,29,1.5706305885768381,7.76500663380216e-05,5.210532032290752e-05,-4.997641139170809e-07,-2.553691550175713e-07,0.00776547823959261,0.0052108484926872,-0.0049982482186452645,-0.0025540017552666823
45.95588,0.0100002,7.252713697187371e-05,5.704923409363952e-05,0.010000185608570503,4.336808689942018e-19,-4.6811836342303163e-07,-1.8139679838247026e-07,-1.392633088702427e-06,3.327358536179222e-08,-5.723802459918443e-07,-1.7665582861013533e-07,3.126120055887471e-07,-3.8375851279889415e-07,-1.0422033025449386e-08,2.7691892766516135e-08,-5.979642311683514e-07,-4.929896502494317e-07,-2.6814507229626907e-08,-2.010284970245472e-08,-1.0478492857039677e-06,-6.175224830232096e-07,1.539652317233325e-08,-2.027475550611055e-08,6.787398977994429e-07,-2.888962038587783e-07,1.9232263915894153e-08,1.365522241626831e-08,-6.14560745093576e-08,-3.059356650656069e-07,-5.586603374064184e-09,1.941532309652123e-08,5.064620781363448e-07,1.0012303991070477e-06,-1.1394468575401867e-08,-1.5136832973240153e-08,3.015297800654906e-07,-1.4142970646086555e-07,1.9397793713635525e-08,-1.2434685494303272e-08,7.176940911603317e-07,-7.20935036468006e-07,10mV,2,28,1.6213202158432098,7.252713697187371e-05,5.704923409363952e-05,-4.6811836342303163e-07,-1.8139679838247026e-07,0.007252579083103763,0.0057048175230614085,-0.004681009865507754,-0.001813900648098538
37.5,0.0099986,6.605941443537243e-05,5.269948648964349e-05,0.009998561853255705,-1.0842021724855044e-19,-4.408435396574133e-07,-1.8972227766300705e-07,-4.710426246361721e-07,7.987405281739645e-08,-5.400083551925995e-07,-1.9200911921519535e-07,5.787737955773055e-07,-5.253508699395135e-07,-3.3789414361089127e-09,2.4613446313552112e-08,3.0914829291986866e-07,-4.740975812956138e-08,-2.3920412776123065e-08,-1.2094268936088474e-08,4.027097908787437e-08,-7.128381327195656e-07,1.0454226021287369e-08,-1.6884305253167417e-08,7.219598977175106e-07,-2.7647347728585313e-07,2.2146285236464272e-08,7.308304091254853e-09,-2.5218261230636544e-07,5.780896560553304e-07,1.2998928807457688e-11,1.719027632398319e-08,4.6187794379748634e-07,-1.9402719779895085e-07,-9.047232203619892e-09,-1.0318118008702648e-08,-3.074266505053704e-08,1.4015097469749323e-07,7.598909924398281e-09,-7.760529065374755e-09,1.8961819427817154e-07,1.1575878721686993e-06,10mV,2,27,1.6073858441065525,6.605941443537243e-05,5.269948648964349e-05,-4.408435396574133e-07,-1.8972227766300705e-07,0.006606891611503341,0.005270706653925796,-0.004409703665563715,-0.0018977685913233741
30.04808,0.0100002,5.956200298006725e-05,4.819238661260175e-05,0.010000224993132235,1.0299920638612292e-18,-4.1077107499104183e-07,-2.1967577109255958e-07,-2.4913095130041137e-07,-1.120600892438712e-06,-4.977893902174099e-07,-2.0500873994916928e-07,7.603161854225925e-07,-4.198873867459198e-07,-8.943477230687138e-09,3.393069318958003e-08,-1.0684500866252969e-06,3.8252550124546063e-07,-3.457816021597709e-08,-1.4165951103304967e-08,-1.7696064282319605e-07,6.270039969803158e-07,1.1231731210461351e-08,-2.2445072014348814e-08,-1.3890919709721205e-06,-4.399114535225926e-07,1.0436945584797647e-08,-4.881382099332527e-10,-1.3764308587772228e-06,9.559383965292545e-07,4.142073233908231e-09,1.4030014987485472e-08,1.8330705462806042e-06,-2.3495721828484522e-07,-2.1909533823829676e-08,-1.0372041658471394e-08,-4.168392046729898e-07,6.049499404363285e-07,6.57542838680233e-09,-7.73846500281207e-09,9.10089970410487e-07,2.5490428381874095e-07,10mV,2,26,1.595278700380962,5.956200298006725e-05,4.819238661260175e-05,-4.1077107499104183e-07,-2.1967577109255958e-07,0.005956066290605674,0.004819130234139572,-0.00410752591480685,-0.0021966588631819888
23.91582,0.0099995,5.346036806610083e-05,4.426191605365648e-05,0.00999953265877303,-1.6263032587282567e-19,-3.7632403728331643e-07,-2.1215142725565907e-07,5.680042612129142e-09,-4.133522632681398e-07,-4.629360116514042e-07,-2.0827919028554064e-07,3.220053726480421e-07,-7.911878117210676e-07,-2.5058072171384903e-09,2.981940428051249e-08,4.466071602631284e-08,-1.7571390640945766e-08,-2.4596125991572933e-08,-9.778339789961343e-09,-5.710085286408421e-07,-3.518412235735901e-07,6.903574749196875e-09,-1.8033899709802326e-08,-2.632615944825734e-07,1.7899556201210468e-07,7.961681092367717e-09,6.633364106144826e-10,-2.5991867368296274e-07,-6.833364837815603e-07,-7.574207318064746e-10,1.848387422906542e-08,3.309490278596581e-07,6.14770608634078e-07,-2.224160080760122e-08,-8.726581872004105e-09,-9.727112779063673e-07,-3.217075975594259e-08,1.0505959822930133e-08,-9.182331585219655e-09,1.8536368303100562e-07,-7.422067058908522e-07,10mV,2,25,1.5853069033298481,5.346036806610083e-05,4.426191605365648e-05,-3.7632403728331643e-07,-2.1215142725565907e-07,0.005346286660626854,0.004426398469214814,-0.00376359214096698,-0.002121712580674751
18.8253,0.010001,4.769472887257069e-05,4.0177341580705356e-05,0.01000098577928464,5.55653613398821e-19,-3.4712015288113685e-07,-2.1385961504840432e-07,-7.850531532807867e-07,-4.724797989087317e-07,-4.2422949638507913e-07,-2.1721836383138256e-07,-4.801189054247121e-07,-6.917580320955571e-07,-1.2127201479717277e-09,2.803147142512769e-08,1.210821236214055e-07,-2.662074218150091e-07,-2.0686185995668343e-08,-3.0608635065566777e-09,-5.474007124875867e-08,-1.5098126283466176e-07,5.882470415159969e-09,-1.7403277086689196e-08,-1.6861436602133797e-08,-1.3260265483504862e-07,1.2399582952071211e-08,9.461484030354271e-10,1.1756914929187569e-07,-3.0735022339650075e-07,1.0815059846339256e-09,1.7673445367888937e-08,7.637163632191048e-07,3.8142485904811e-07,-1.778950343280151e-08,-4.654761496272539e-09,8.563413286814781e-08,-4.3120578491222984e-08,7.43899792535178e-09,-5.899796593553521e-09,5.857526634118958e-07,7.867369756816927e-08,10mV,2,24,1.5769971922246786,4.769472887257069e-05,4.0177341580705356e-05,-3.4712015288113685e-07,-2.1385961504840432e-07,0.004769002768843278,0.004017338137199031,-0.0034705172622814134,-0.0021381745760652945
15.02404,0.0099992,4.279362776378037e-05,3.65587746227437e-05,0.009999203647540098,2.7909735612029196e-19,-3.1807946965509034e-07,-2.0875080017802174e-07,-6.144434094132352e-07,-8.162294342963052e-08,-3.8876508731983813e-07,-2.1480819818677643e-07,-3.9971532803921607e-07,-1.3525467295841863e-07,-1.3130315503926695e-09,2.454110365176958e-08,6.148518870930083e-08,2.5594676118604207e-07,-1.6440550571062973e-08,-1.0388838162286612e-09,7.859095474215063e-08,2.562679162496167e-08,5.949346418044083e-09,-1.3523445373193501e-08,2.028414103816274e-07,4.924507436083334e-07,1.3037719720643401e-08,4.198197165628287e-09,-2.040887516174182e-07,6.290009783092849e-07,2.0854853803253153e-09,1.5852749175136267e-08,6.71132151764951e-07,1.5246748719369767e-07,-1.352226892793215e-08,-7.10886246370503e-09,1.4145338628252235e-07,9.385045660279826e-08,7.0242509274296535e-09,-8.190616851985228e-09,1.9300417990768314e-07,-8.298273146761772e-08,10mV,2,23,1.5707246928637426,4.279362776378037e-05,3.65587746227437e-05,-3.1807946965509034e-07,-2.0875080017802174e-07,0.004279703591626322,0.0036561686221619773,-0.003181301363809166,-0.0020878405199263933
11.95791,0.0099984,3.832146829671555e-05,3.327149733067091e-05,0.00999844764615569,2.236166980751353e-19,-2.920216569568189e-07,-1.9984291842631575e-07,-1.7604244535163234e-07,1.4307159658668847e-07,-3.5183589484295733e-07,-2.031645249276589e-07,5.898903879729428e-07,-5.8706243443377654e-08,1.6104907954155258e-10,2.2725431719936727e-08,1.1453998717971088e-07,2.195544496942471e-07,-1.6875597595189047e-08,-4.243160119950774e-09,-4.221801219015542e-07,5.33602929318931e-07,3.7526395455115665e-09,-1.4546622468046999e-08,4.901388605067248e-07,-6.603386549711621e-07,1.321913100954873e-08,4.118278928624148e-09,4.835771428622611e-08,-1.5264159352114936e-07,-4.820864075902997e-10,1.275046783352729e-08,1.7214746064659945e-07,7.924312744955375e-08,-1.1332300772688673e-08,-4.400548302954543e-09,-7.402095498899336e-08,-5.4517906453532656e-08,5.808082623047821e-09,-4.790385180803449e-09,6.539733685637524e-07,3.1571581032924104e-07,10mV,2,22,1.5661717769835604,3.832146829671555e-05,3.327149733067091e-05,-2.920216569568189e-07,-1.9984291842631575e-07,0.003832741806819361,0.003327666304625147,-0.0029211234226098432,-0.001999049782613008
9.52744,0.0099991,3.4311951542892736e-05,3.0149692063327834e-05,0.00999905944658028,-1.043544591017298e-18,-2.64074387301269e-07,-1.905899771551265e-07,-5.503739888798731e-07,-3.0923799208416543e-07,-3.245779986832009e-07,-2.0073547196597526e-07,3.081577931513943e-07,2.6466516142325535e-07,1.4998762010102665e-09,1.9228231491283748e-08,-1.2674086078414973e-07,-2.9903780562423214e-07,-1.1294692889081247e-08,6.098063226288866e-10,-1.1497046261255396e-07,-1.7785795631502045e-07,2.8817297286209662e-09,-1.1162164808525215e-08,2.5533477118071876e-07,-9.234175963123686e-08,1.0183464343174217e-08,-2.4207638627293716e-10,-3.1534780417170163e-07,-2.018126359717725e-07,2.3646921558348777e-09,1.2812846617563683e-08,7.206306398374081e-07,2.6577941317321795e-07,-1.152138754781238e-08,-2.271818716791184e-09,-8.532667443421696e-08,6.080873654174256e-08,3.3376215544768487e-09,-5.9909010160522185e-09,4.281919039059846e-07,-7.813136674955661e-08,10mV,2,21,1.562275890459256,3.4311951542892736e-05,3.0149692063327834e-05,-2.64074387301269e-07,-1.905899771551265e-07,0.003431517906879488,0.003015252806966675,-0.0026412406952408406,-0.0019062583422482617
7.524077,0.0100007,3.05818158719753e-05,2.720447279354174e-05,0.010000688041742832,9.351243737687476e-19,-2.3891417765533433e-07,-1.801577543180146e-07,-5.535582609721394e-07,-1.7507365583622993e-07,-2.897253066054426e-07,-1.896600431813016e-07,6.675552370936691e-07,3.0531431298306914e-07,9.790925024738354e-10,1.7584397818297058e-08,-3.452374933450958e-07,-5.806516882138333e-07,-9.775384989647347e-09,-5.240342491350062e-10,-2.9150002662622853e-07,-1.4840676584899913e-07,2.0396498039877373e-09,-1.060853961538288e-08,3.907748543927255e-07,-1.3131825584161886e-08,1.1612023691362101e-08,2.1942027411605707e-09,1.0375602027121354e-07,1.9403686584622344e-07,2.0981947014197133e-09,1.388165752175092e-08,2.651820755609197e-07,1.9293462716610318e-07,-8.630685641251003e-09,-2.3399820694904017e-09,1.9844725262522654e-07,-1.8674070564799114e-07,3.548421459955551e-09,-6.894009698398326e-09,2.1824485433931106e-07,-3.2123610410202013e-07,10mV,2,20,1.5588347170268382,3.05818158719753e-05,2.720447279354174e-05,-2.3891417765533433e-07,-1.801577543180146e-07,0.003057971186015095,0.0027202601141031874,-0.0023888130446265633,-0.0018013296566533493
5.98659,0.0100002,2.7335667357493206e-05,2.4579032431861436e-05,0.01000023908412784,-5.421010862427522e-20,-2.163602362750507e-07,-1.692989105967416e-07,-5.184319465432701e-07,3.2090995011583637e-07,-2.634470981162766e-07,-1.8095432733610372e-07,5.620109070925981e-07,-1.1986420860498328e-07,1.0082878152577093e-09,1.5629256236323902e-08,-3.02781894577356e-07,-1.198036235176893e-07,-9.174959778983346e-09,-7.949366124047125e-10,5.326487641908134e-07,3.083098899085469e-08,1.1256537624675037e-09,-9.83651793444739e-09,5.875094448555599e-08,3.2548485872295566e-07,9.554880817003513e-09,1.0584504186265977e-09,2.963489839467299e-07,-3.450334653493871e-08,3.104404355727319e-09,1.0380364518547262e-08,4.6511316257496914e-07,1.3965725597925412e-07,-7.0594861016518036e-09,-2.398671027896466e-09,-5.399846733749561e-08,1.3603627675689372e-07,2.1855974987378833e-09,-5.617535834052723e-09,2.9135572641277805e-08,-1.3563430619808012e-07,10mV,2,19,1.5563290947226784,2.7335667357493206e-05,2.4579032431861436e-05,-2.163602362750507e-07,-1.692989105967416e-07,0.0027335013820699323,0.0024578444800257564,-0.0021634989098638356,-0.0016929081555057549
4.76372,0.0099995,2.4430463287398396e-05,2.2176753893888766e-05,0.009999545508598148,5.963111948670274e-19,-1.9497977570331744e-07,-1.585572674435855e-07,-1.1751871364024404e-07,1.4901232200405304e-07,-2.387277132184968e-07,-1.7209443499269934e-07,3.481364724587781e-07,-9.60050145864581e-08,4.0169605938020204e-10,1.4624576042143094e-08,-2.2106357506324381e-07,2.7229664619260913e-07,-9.223068108125633e-09,-8.18323268998336e-10,-2.426736444141897e-07,-1.728769465094556e-07,1.5227579976516632e-09,-8.716380832911891e-09,3.6801453300800796e-07,-1.7019398347477254e-07,8.366072362568115e-09,7.469188504135239e-10,3.2373422910538584e-08,1.0082982335955284e-07,2.038449188019543e-09,9.265458663013252e-09,5.162263743395337e-07,-3.337843253697716e-07,-6.089979805795262e-09,-8.205595556396948e-10,-5.588644773785361e-08,-1.564204901960919e-07,2.7619071525811587e-09,-4.3561090985148504e-09,-4.2654680505767487e-08,5.323081415467275e-08,10mV,2,18,1.554259792430986,2.4430463287398396e-05,2.2176753893888766e-05,-1.9497977570331744e-07,-1.585572674435855e-07,0.0024431573681415585,0.0022177761854096263,-0.0019499750023797406,-0.0015857168100915512
3.76506,0.0100008,2.1756902293796373e-05,1.9930566527803816e-05,0.010000799065980502,-8.673617379884035e-19,-1.752164695169095e-07,-1.468519534891758e-07,-5.187545465593259e-07,1.6730500690498903e-07,-2.1359264962336317e-07,-1.602759890719043e-07,3.0084104872015755e-07,5.570339159835728e-08,5.220618791663366e-10,1.2501268581565246e-08,-2.405294295680301e-07,-7.572010181538372e-08,-7.986254501897527e-09,-9.148209488618172e-10,-1.7271560393871263e-07,-7.04753456855541e-08,1.6908404968828307e-09,-7.225881420143365e-09,2.7160464267250835e-07,2.1177493991829226e-07,9.400195523582887e-09,2.610271178055775e-09,3.89130784826015e-07,1.9363971545421703e-07,1.9429092811640205e-09,8.219239996358616e-09,7.19775200049796e-07,1.5299826027617633e-07,-4.8610656740422865e-09,1.2203855228159044e-09,1.3329737309099128e-07,6.21347081978756e-08,1.3952129484970603e-09,-3.697939604290994e-09,1.6949114835427407e-07,2.429755688650941e-07,10mV,2,17,1.5526210405142962,2.1756902293796373e-05,1.9930566527803816e-05,-1.752164695169095e-07,-1.468519534891758e-07,0.0021755163912658085,0.001992897407128315,-0.0017518847096885434,-0.0014682848742181302
3.008665,0.0100003,1.94761237241016e-05,1.797962253795432e-05,0.010000325514388056,-9.215718466126788e-19,-1.5789578735378152e-07,-1.3598789450317968e-07,-4.7167660003104466e-07,6.13674524252775e-08,-1.9383203622019017e-07,-1.504461110322807e-07,2.0106055487307926e-07,8.955333532973739e-08,1.0634489198673759e-09,1.1710798696283759e-08,-7.664504843211231e-08,-4.483804668550833e-08,-7.203508961348568e-09,-8.02960115830716e-10,-2.5846911599913564e-07,-8.473409511569173e-08,1.0714969736498673e-09,-6.922891518877159e-09,-5.534910647919586e-08,1.4348668665969059e-07,7.258603804887147e-09,1.197618372675911e-09,3.2363722444919226e-07,9.452550235602881e-08,1.6654921556817583e-09,7.205703197227561e-09,4.2620109828272054e-07,-1.1881416639954032e-07,-5.3041036707822435e-09,4.4110900029165606e-11,1.2197957326495211e-07,-3.1686712366892203e-07,1.6057476315225518e-09,-2.3915550354551614e-09,3.3305996967440047e-07,-1.3482212395731284e-07,10mV,2,16,1.5513496346957285,1.94761237241016e-05,1.797962253795432e-05,-1.5789578735378152e-07,-1.3598789450317968e-07,0.001947548976888818,0.0017979037294422052,-0.0015788550838555762,-0.0013597904173218527
2.38186,0.0099998,1.7352237446876674e-05,1.613455289859628e-05,0.009999800584368421,6.776263578034403e-19,-1.410146711831271e-07,-1.248575303406151e-07,1.5111365706756084e-07,-2.415195080729686e-07,-1.7305129708000546e-07,-1.391096595299743e-07,4.606169540189924e-07,6.289843837182424e-08,1.6259054785398256e-09,1.0070593185792884e-08,-1.957980890176685e-08,-1.3488855418570888e-07,-5.797467397097396e-09,8.010900126901542e-10,-1.3506603748504118e-08,6.720488592827575e-08,7.889910716360076e-10,-5.962729040738774e-09,3.087743560303385e-08,-1.392438996197114e-07,6.784398605478978e-09,1.740171759077919e-09,2.821112717694577e-07,-5.977171276722143e-09,1.6912990829020935e-09,6.365468358109633e-09,2.3972121694538776e-07,-3.088573036301213e-09,-5.140580575738737e-09,-7.105888584777255e-10,-1.0667190967528207e-07,7.612833943650963e-08,1.491344400780234e-09,-2.8445961870421838e-09,9.181954966781739e-08,1.0621594713941638e-08,10mV,2,15,1.550309380777033,1.7352237446876674e-05,1.613455289859628e-05,-1.410146711831271e-07,-1.248575303406151e-07,0.0017352583484516182,0.0016134874653218221,-0.0014102029545730495,-0.0012486251019822783
1.890121,0.0099998,1.5478246653897868e-05,1.4482031099240905e-05,0.009999835027832691,-3.5236570605778894e-19,-1.2674369168074254e-07,-1.1434452859681565e-07,-4.605128037600408e-07,-6.006909091677502e-08,-1.5520798181913e-07,-1.2774569557062404e-07,4.5270838377963977e-07,-1.0186256562947598e-09,7.508160419445327e-10,8.676080645420112e-09,-1.9197457309769306e-07,-2.0121153756001216e-07,-4.526375860432056e-09,4.747671673232093e-10,1.689365753869316e-07,2.5913986497607433e-08,3.7056261829124286e-10,-4.808415249506425e-09,6.811787789890557e-08,-2.4677317298180716e-07,5.180090708851872e-09,8.285865352294998e-10,1.2216840775366332e-07,8.516595229314149e-08,1.8436089987037971e-09,5.227951560968873e-09,4.2739098147457893e-07,-1.9720605348684733e-07,-3.587582728940461e-09,-6.166848669833887e-10,1.858745715460853e-07,1.732183503057264e-07,9.858110456962192e-10,-2.6303874313280637e-09,3.130943743791848e-07,1.315030186005332e-07,10mV,2,14,1.5494992924467177,1.5478246653897868e-05,1.4482031099240905e-05,-1.2674369168074254e-07,-1.1434452859681565e-07,0.0015478502006100131,0.001448227001638812,-0.0012674787362052966,-0.001143483014231176
1.502404,0.0100004,1.3817813292952886e-05,1.2998738338729294e-05,0.01000036816703442,2.710505431213761e-19,-1.1384835556913244e-07,-1.041067688268506e-07,-4.556382843802257e-07,-1.539666203885939e-07,-1.3946342680993152e-07,-1.169212245899081e-07,6.130003457299632e-07,-4.346147490814602e-08,9.897990570151063e-10,7.676476681226976e-09,-1.1417189210528225e-07,-9.63446964146098e-08,-3.3885274066640235e-09,8.556263367810139e-10,2.349089719961303e-07,1.0743762535061946e-07,3.7062518040904404e-10,-4.35593691985848e-09,-2.499120819728414e-08,3.6455266810220693e-08,4.359601363858028e-09,6.280687889728317e-10,-5.503032228873349e-08,8.002850356410437e-08,1.5895733933509688e-09,4.93304725191022e-09,4.034723306972552e-07,-2.1662976577300237e-07,-4.045043784595786e-09,-1.188609316701717e-09,-1.0457357552025576e-07,-5.114377544644437e-08,1.3765090016635038e-09,-1.8148925805936113e-09,2.5933237465279444e-07,-1.1259876979626632e-07,10mV,2,13,1.5488279915474386,1.3817813292952886e-05,1.2998738338729294e-05,-1.1384835556913244e-07,-1.041067688268506e-07,0.00138173045853476,0.0012998259785653504,-0.0011383997298977499,-0.0010409910351410212
1.195791,0.01,1.234230952003957e-05,1.1665877630393776e-05,0.010000046057573745,-7.589415207398531e-19,-1.0198204124274748e-07,-9.457959011012471e-08,-4.286893483027004e-07,3.8957699481339546e-08,-1.2520262273957752e-07,-1.0730483779459204e-07,7.67831314773517e-07,7.644029552559331e-08,6.900097601036134e-10,6.793638906201831e-09,-3.394526495573604e-07,7.25289786579821e-08,-3.3649166978154422e-09,5.496230549360301e-10,-1.6829234298734465e-07,3.2171632264358235e-08,6.517504258022898e-10,-3.4932277374619334e-09,1.998872121785802e-07,9.436713975709294e-09,4.158433779875507e-09,5.211111782661475e-10,9.653003846855316e-08,-3.5636696818186386e-08,9.900633852323175e-10,4.121159389586933e-09,3.456491750239173e-07,-1.497181733306274e-08,-2.530169787390092e-09,-9.10054948477776e-10,-1.876487976865667e-07,-3.931438477279566e-08,9.873731555920251e-10,-1.368950572368279e-09,1.5337490579944336e-07,1.2925921292977635e-07,10mV,2,12,1.5483329627548554,1.234230952003957e-05,1.1665877630393776e-05,-1.0198204124274748e-07,-9.457959011012471e-08,0.0012342252674618294,0.001166582390043932,-0.001019811018401604,-0.0009457871889485438
0.9486946,0.0100002,1.1000954064828527e-05,1.044489409434334e-05,0.01000024426968782,-3.2526065174565133e-19,-9.055333012469012e-08,-8.913549307313779e-08,-4.2704815846094886e-07,-2.1256310239882572e-07,-1.1029240088952193e-07,-9.790090630281873e-08,4.335859700546178e-07,2.403133447797737e-07,5.401226275439448e-10,7.733143261853745e-09,-2.406818736067203e-07,1.5098248597954257e-08,-4.699792435339872e-09,3.475799005676587e-10,-1.9878264328997982e-08,2.6371581839740616e-07,2.8751511417342076e-10,-4.5227087499126125e-09,2.5857820397484214e-07,5.7919459533252565e-08,4.3730627507440116e-09,6.121469712128182e-10,2.906766022276647e-07,1.1669457923344316e-07,1.090449683927927e-09,4.590725991037557e-09,4.782391222740914e-07,3.413229419390016e-08,-3.5422808480496497e-09,-4.937933828022618e-10,-1.4770074748194924e-07,1.3648374026907058e-07,6.534720715702526e-10,-1.9724756892522306e-09,1.1968846111466882e-07,-1.0916884018751776e-07,10mV,2,11,1.5479121395976618,1.1000954064828527e-05,1.044489409434334e-05,-9.055333012469012e-08,-8.913549307313779e-08,0.0011000685351430866,0.001044463896347344,-0.0009054890640004192,-0.000891311386128745
0.7515633,0.0100002,9.805231472071413e-06,9.341820739779713e-06,0.010000222716701137,6.505213034913027e-19,-8.110890978714878e-08,-8.028720279231618e-08,-2.23770685551978e-07,3.1992815800372646e-08,-9.834804973375666e-08,-8.898392186889332e-08,5.328550344026417e-07,-1.406345577072593e-07,7.249305499629278e-10,6.351205011807909e-09,-2.3112322837960452e-07,-4.7632374182794e-08,-3.8710673797713944e-09,3.7114286471051234e-10,-1.1007819343846204e-07,1.6838429407298453e-07,7.51287133037306e-10,-3.5451571735568855e-09,1.758020630315969e-07,2.5310862264909713e-08,4.09555007712754e-09,6.263497591293186e-10,2.521592770164807e-07,1.1473506359453232e-07,9.337691170111187e-10,3.5813620102464975e-09,3.686300647010686e-07,8.51533721690453e-08,-3.1320703354878292e-09,-3.95524008085112e-10,-1.0342169660989487e-07,-1.4989260579926347e-07,8.588846743030177e-10,-1.7237806666966893e-09,2.8016095943231855e-07,2.1768629416162645e-08,10mV,2,10,1.54757900609667,9.805231472071413e-06,9.341820739779713e-06,-8.110890978714878e-08,-8.028720279231618e-08,0.0009805013098054232,0.000934161268646363,-0.0008110529704607778,-0.0008028362665159665
0.5978954,0.0099996,8.758125993598482e-06,8.367075138028277e-06,0.009999643198883917,-3.2526065174565133e-19,-7.274905320485985e-08,-7.214309268016464e-08,-3.09405504339988e-07,5.205231776373322e-09,-8.836411389639579e-08,-8.07496691726681e-08,5.483918770496393e-07,4.6892372910741114e-08,6.298333004500893e-10,5.233796904478801e-09,-2.6002733252312516e-07,-4.867607943169405e-09,-3.0513307014729194e-09,2.628539892918049e-10,-1.8838523043331732e-07,-1.3064752150555863e-07,1.2384322477787254e-10,-2.8928045591941464e-09,2.1939275655884743e-07,-5.28885730318285e-09,3.137085588291309e-09,3.3376755017632474e-10,3.7165037426944e-07,-9.918002788715739e-08,7.008070707272858e-10,3.581853015545152e-09,3.8253228636530456e-07,1.6251937680517376e-08,-2.4279868933796333e-09,-1.1609983751524669e-10,-6.975575185555209e-08,1.3223552829053442e-07,9.615848835127814e-10,-1.3498291858083654e-09,3.0270467826685424e-07,-3.985952741069873e-08,10mV,2,9,1.5473204814509272,8.758125993598482e-06,8.367075138028277e-06,-7.274905320485985e-08,-7.214309268016464e-08,0.0008758438495661521,0.0008367373686855292,-0.0007275424487139256,-0.0007214824110290465
0.4763719,0.0100003,7.831068367173557e-06,7.497393057088696e-06,0.010000348424711565,-1.111307226797642e-18,-6.530416557601015e-08,-6.45097448046884e-08,-2.778561417298487e-07,2.0248958174468148e-07,-7.964654100822211e-08,-7.359333446254391e-08,3.4830389845816866e-07,-1.2431204034830338e-07,6.249888333874112e-10,4.467331586325131e-09,-3.3615897552472707e-07,-1.8982803107138942e-07,-2.4378449550086682e-09,6.290790058348843e-10,1.0194148853687314e-07,-6.815945935463723e-08,5.506257505610448e-10,-2.3173378099031725e-09,1.0513900603675044e-07,-6.535182709503858e-08,2.705213938228175e-09,3.846348007979996e-10,2.6834277638041366e-07,-1.0284446268616254e-08,6.711355965863315e-10,2.6127560069967783e-09,3.484657985127409e-07,-2.2682985662937368e-08,-2.1947222511105817e-09,-3.7167812790054415e-10,-4.771657815582571e-08,-3.498856187031044e-08,4.941702298487869e-10,-9.25281317336574e-10,3.2642157246125335e-07,1.0335369825799605e-07,10mV,2,8,1.5470857513803515,7.831068367173557e-06,7.497393057088696e-06,-6.530416557601015e-08,-6.45097448046884e-08,0.0007830795522906417,0.0007497131838488858,-0.0006529961509682545,-0.0006450524968177622
0.3780242,0.0100001,6.988554004035203e-06,6.700939466919858e-06,0.010000058756954823,4.0657581468206416e-19,-5.854960208336092e-08,-5.775575294627441e-08,-4.5772959491345205e-07,-6.575400569612774e-08,-7.152644690701502e-08,-6.634564128991518e-08,4.6341562476153557e-07,-1.9496693319678242e-08,3.6097517726860496e-10,3.922843090830616e-09,-1.4604295274448655e-07,1.339053998833859e-07,-1.9789533443466563e-09,9.457121533711831e-11,-1.2030441021480996e-07,-2.460838595961026e-08,2.1958719236441333e-10,-2.0763345657622833e-09,4.084510570828459e-08,-5.491427834912747e-08,2.3286953495879133e-09,3.679461730802961e-10,2.9649323322234536e-07,6.316178732734165e-08,8.077400543029095e-10,2.1553889386114323e-09,2.9988816073362817e-07,-1.680896932205554e-08,-1.4899205264077042e-09,-1.3539381761302284e-10,-4.010197916757838e-08,-7.177221215910033e-08,5.705579769784213e-10,-9.409127973171287e-10,3.1155949323534687e-07,-7.286929873557858e-08,10mV,2,7,1.5469653755996575,6.988554004035203e-06,6.700939466919858e-06,-5.854960208336092e-08,-5.775575294627441e-08,0.0006988512941661283,0.0006700900094471445,-0.0005854891405016005,-0.0005775507424182288
0.3004808,0.0100001,6.243268004551005e-06,5.992714439372641e-06,0.010000066980880415,1.0299920638612292e-18,-5.251804819518578e-08,-5.1574591312641504e-08,-1.9854498054341575e-07,-5.839726855226511e-08,-6.42820771932312e-08,-5.993636984794998e-08,5.424703145283597e-07,4.40139640976216e-08,6.373764320634241e-10,3.0728811530673485e-09,-2.7370819144161834e-07,1.1776768752968275e-07,-1.780851528959699e-09,3.1147660347818373e-10,-2.0241329675264115e-07,4.430275607685761e-08,1.0923895568133551e-10,-1.7072982196469693e-09,1.3701143359704964e-07,1.526740015594384e-08,1.734048839274842e-09,3.023090192194608e-10,1.4344686268979012e-07,-5.0963400569035966e-08,5.737390080883348e-10,1.8531036101483895e-09,4.435420761760199e-07,8.369178976496731e-08,-1.3778262302464758e-09,-2.1378553727899623e-10,-9.67280141858445e-08,-5.191748717672441e-08,4.0558416063072706e-10,-5.673766069755504e-10,2.239771319751671e-07,-1.512286503675541e-08,10mV,2,6,1.5468016100583286,6.243268004551005e-06,5.992714439372641e-06,-5.251804819518578e-08,-5.1574591312641504e-08,0.0006243226186872343,0.0005992674299912576,-0.0005251734466123313,-0.0005157390041727637
0.238186,0.0100044,5.567226892190629e-06,5.348108567376657e-06,0.010004429038742131,7.047314121155779e-19,-4.637908258917211e-08,-4.5783885775947204e-08,-3.0743961491502527e-07,6.699271426860774e-08,-5.786342970229798e-08,-5.351189486189507e-08,2.993833504161903e-07,-1.7720562406713545e-07,-1.967336928016506e-11,2.414187367192948e-09,-1.9000110529920583e-07,-1.5661738267975113e-07,-1.1424442884927718e-09,-5.543290732872588e-11,-5.858922541332326e-08,1.899865977185433e-07,6.439410478344252e-10,-1.1353060834456667e-09,1.6145584183092047e-07,5.124656157412815e-08,1.4551529563574579e-09,8.665704404989722e-10,2.659599924867091e-07,-5.456394959982741e-08,-3.276275683212494e-11,1.4788658305807372e-09,4.270339140360193e-07,2.04516546396401e-07,-8.949589353613554e-10,-5.935425377781471e-10,3.1947344749555e-08,-2.036331899135566e-08,1.083234008406371e-09,-4.211784054431263e-10,2.2245869059672265e-07,4.131704458027791e-08,10mV,2,5,1.6150309700673797,5.567226892190629e-06,5.348108567376657e-06,-4.637908258917211e-08,-4.5783885775947204e-08,0.0005564762237436594,0.0005345740918013529,-0.00046338026916037725,-0.0004574335698270025
0.1890121,0.0100006,4.968733768398475e-06,4.773104547768983e-06,0.010000600642262774,4.87890977618477e-19,-4.158652527032019e-08,-4.115672870047873e-08,-4.2844939128307853e-07,3.428393004390279e-08,-5.1378826755397684e-08,-4.813232362129171e-08,5.28095867366493e-07,-5.880429576919127e-08,1.0518001094917919e-10,2.2132872666414022e-09,-1.3310431180990566e-07,-8.372564538832251e-08,-1.0244364028375985e-09,-1.018876212504154e-10,-9.708340540526096e-08,9.331352849755477e-08,6.940526425368324e-10,-1.1278562173049676e-09,1.1013566931570468e-07,-4.331655929633589e-08,1.1701203920334204e-09,5.799086141674428e-10,1.626725290557574e-07,-4.3148274611383264e-08,6.293346641777965e-11,1.2869905209211235e-09,3.4030818996701e-07,-4.1890024236828156e-08,-8.914936026678085e-10,-5.081506266968426e-10,-3.2307655803581566e-08,8.174399825073373e-08,7.785525192120025e-10,-2.1009274915316665e-10,1.573177193318413e-07,-1.3271718607732803e-08,10mV,2,4,1.6008572741415457,4.968733768398475e-06,4.773104547768983e-06,-4.158652527032019e-08,-4.115672870047873e-08,0.0004968435343173777,0.0004772817872156329,-0.0004158152999545282,-0.00041151785051756834
0.1502404,0.0100016,4.441362020392736e-06,4.264260076439533e-06,0.010001555728977372,-4.607859233063394e-19,-3.7426112830628205e-08,-3.711345911894839e-08,-3.007241710433059e-07,-6.344815329449827e-08,-4.603079001414956e-08,-4.362012396293341e-08,3.541602186166927e-07,1.4080713223703782e-08,5.894141034496919e-12,2.0827864306448667e-09,-1.8209992928439537e-07,8.429877557571925e-08,-9.100290795759175e-10,-1.0432925511985956e-10,-8.628890291773037e-08,-8.419417983416009e-08,4.676878745227619e-10,-1.044794675668778e-09,9.988424200043125e-08,-2.2886341181815686e-07,1.0120563409901668e-09,4.552928499103924e-10,5.822883073714821e-08,6.089709254791412e-10,2.2721729544361015e-10,1.2979057120285474e-09,3.860363650057615e-07,-8.960156766241516e-08,-7.725203691066616e-10,-4.0286172742670863e-10,-1.2593404871337582e-07,-3.44622646814452e-08,7.350877821164325e-10,-2.7372477906676383e-10,2.4254016594051745e-07,-3.560587113390981e-08,10mV,2,3,1.5896737099475007,4.441362020392736e-06,4.264260076439533e-06,-3.7426112830628205e-08,-3.711345911894839e-08,0.0004440671172310562,0.00042635967763342557,-0.00037414470569880796,-0.00037101914116392126
0.1193355,0.0099963,3.962664526533851e-06,3.80539695086674e-06,0.009996301423911084,-5.014435047745458e-19,-3.3058981491454434e-08,-3.616196051455308e-08,-4.336593028774321e-07,1.6586967853930168e-07,-3.895797983819825e-08,-3.8750018255438004e-08,4.774471782389108e-07,5.623317866076609e-08,-1.3526691551043397e-10,3.281133987941662e-09,-2.907825881762462e-07,6.81435982475621e-08,-2.0275508267752383e-09,-6.817480276022179e-11,4.921290927918263e-08,5.55576573942642e-08,6.33563664500278e-10,-1.8208623511722762e-09,1.792365303753798e-07,-3.8397567458403096e-08,1.861224784704574e-09,6.581232564431224e-10,3.1953620258847446e-08,5.138742930923098e-08,-4.098423296989239e-11,1.8624222038060192e-09,5.054417041178634e-07,6.30755629589473e-08,-1.374027794271686e-09,-6.60660709958163e-10,-1.33514055015553e-07,3.029058501073046e-08,7.863557380121078e-10,-7.938182311633556e-10,2.0270333062155195e-07,2.0013228223277675e-08,10mV,2,2,1.5811317158532874,3.962664526533851e-06,3.80539695086674e-06,-3.3058981491454434e-08,-3.616196051455308e-08,0.0003964130690432348,0.0003806804926634422,-0.00033083449296717073,-0.00036188724914660637
0.0946587,0.0100008,3.5359846086849386e-06,3.3941393589197584e-06,0.010000777230742703,-5.759824041329242e-19,-2.911385463884764e-08,-3.5490287726798795e-08,-1.5699522203610282e-07,-2.9608843966211307e-08,-3.293004179504294e-08,-3.473302242202989e-08,3.745474760676219e-07,-1.4078761412754126e-08,-3.7243895687318256e-10,4.2435793965006684e-09,-4.15577418852921e-07,9.097837657946355e-09,-2.9766575523767802e-09,-3.7607473366886666e-10,-1.8005215434232874e-07,-9.375622224730029e-08,6.695633895604801e-10,-2.62292387337416e-09,2.0379054782951435e-07,1.9285191515346466e-07,2.394408586133262e-09,6.351347708199807e-10,1.5709836835405613e-07,5.512288301552271e-08,-1.9266570151483443e-10,2.3507061763064057e-09,3.2247818262957067e-07,5.5995789092066284e-08,-1.994225717483678e-09,-6.87278083372537e-10,-2.1443279948380768e-07,6.00851264680031e-08,6.492736765876878e-10,-1.2835692077099605e-09,2.1580944448354582e-07,1.0113365106345193e-07,10mV,2,1,1.573923820982249,3.5359846086849386e-06,3.3941393589197584e-06,-2.911385463884764e-08,-3.5490287726798795e-08,0.00035357098024493643,0.0003393875576476264,-0.0002910932952983976,-0.00035484771541371735
1500059,0.0100042,0.0019113053186073062,0.000707690769301492,0.010004196913396607,8.673617379884035e-19,-4.283708956971119e-06,9.348712748186469e-07,-1.108187317243153e-05,2.2324701169391772e-05,1.1133190832873363e-06,-4.4881020514653803e-07,-2.012139608137492e-06,-3.3202629052327018e-06,2.342017421579499e-07,-1.0686283306984881e-07,1.7781712674439054e-07,-2.1317362843588567e-06,2.2271708380410874e-07,3.7984910886937286e-07,-1.1986752870822402e-06,-1.504352807291041e-06,3.444185496225125e-07,2.9202493434153755e-07,3.1903926048471937e-06,-2.2117501942794414e-06,1.627119138457401e-07,-5.042193457898486e-07,-8.892483693393117e-07,-6.998387668688635e-07,-2.6002753835671776e-08,-2.7856880873971356e-07,-7.903677314217121e-07,-2.4326123969401573e-06,4.90264308975515e-07,7.938324053429776e-07,3.8056203806587433e-06,4.188673325911848e-06,-3.079163582081361e-07,8.060599984379544e-08,3.281089003869918e-06,4.4258211992192024e-08,10mV,1,73,-1.4301767676345818,0.0019113053186073062,0.000707690769301492,-4.283708956971119e-06,9.348712748186469e-07,0.1910503496835293,0.07073938822153972,-0.04280115548211392,0.009340870537938546
1191504,0.012747,0.002617430042757941,0.0007320740293062034,0.012747008648335632,8.673617379884035e-19,-6.908713952000682e-06,1.2448165367693109e-06,-2.3172060362835526e-05,3.092977483468495e-05,1.7047736532956545e-06,-1.3035274529133723e-06,4.861427155105225e-06,-4.006722121408426e-06,4.82217737250573e-07,-3.7576032988367734e-07,2.1018290395637867e-06,-8.314070676483576e-07,4.3808606589020256e-07,-6.419440570449923e-07,1.27420984154641e-06,-9.459819597101718e-07,-3.6046133634519347e-07,-4.935953797511823e-07,-2.2671852136241025e-06,-2.581297211660277e-06,1.499318312091206e-07,1.828871427319399e-07,-8.502099836249132e-08,-1.507309873566131e-06,3.7641116155209957e-08,2.6348026459501617e-07,3.4400558495177094e-07,2.107275865551925e-06,1.9168567444112303e-07,1.5649697466385608e-07,-3.6863945801897254e-06,-5.011699000130304e-07,1.6356589837387714e-07,-2.3946179013653756e-07,-5.271295791181959e-07,6.710053520325818e-07,10mV,1,72,-1.6940020624560834,0.002617430042757941,0.0007320740293062034,-6.908713952000682e-06,1.2448165367693109e-06,0.2053368060670216,0.05743104515754679,-0.04251876589221642,0.007661058667847527
946464.9,0.0125664,0.0026880569887291752,0.0006001130426266919,0.012566439325858174,0.0,-5.638451341121416e-06,2.0234892410724683e-07,-2.380273204396706e-05,1.3175162805072937e-05,6.506534155431844e-07,-2.0281517202665372e-06,1.701475126636365e-06,-4.721662177831317e-06,-1.523765368514969e-07,-3.4459642525055997e-07,2.387827009102151e-07,-9.728954764965654e-08,-4.114269717861526e-07,-8.044817344315277e-07,-3.109781652906477e-06,-5.812402785221661e-06,2.223417949750154e-08,-1.288201434586065e-07,-8.014940031840832e-07,-1.7588260553608485e-06,-4.0116514806410077e-07,-4.801745839419149e-07,2.584240383773305e-06,-1.5066401621914668e-06,-3.3814050275145243e-07,-3.4787171365808904e-08,8.067218891503608e-07,8.512543385169873e-07,1.6775794084716284e-07,-3.9463932899036674e-07,1.371022140088129e-06,-8.054359924719993e-07,-1.0086083445172616e-07,3.696474211405937e-07,2.6479775949585437e-08,2.0914103633179656e-06,10mV,1,71,-1.8117543420834623,0.0026880569887291752,0.0006001130426266919,-5.638451341121416e-06,2.0234892410724683e-07,0.21390760891177146,0.04775521745382792,-0.03570551976842157,0.0012813755183339371
751816.4,0.0125894,0.0027630640568055177,0.0005124118918140889,0.012589426567394042,4.336808689942018e-19,-4.339076346630188e-06,4.4147270308314995e-07,-1.641770872073105e-05,6.1926989506088784e-06,-8.476566651949346e-07,-1.7621417478713908e-06,-3.6632862912771213e-06,-2.310335142426867e-06,-2.882097295451506e-07,2.952609869470284e-08,5.357425317735071e-07,-4.97074115703954e-07,4.2510548587322877e-07,2.10020075259119e-07,2.343070092019905e-06,7.16515434690594e-07,1.1013669867525496e-07,-3.4638115138396125e-07,-7.692058481254843e-07,-2.9134909299590663e-06,-9.334046066131599e-09,2.6473391429369303e-07,7.13619142176063e-07,4.334798630297883e-06,2.014331594433011e-07,-2.214057131200777e-07,3.9775528153777965e-08,6.095060497018064e-07,-2.893907816200679e-07,-9.267546109489512e-08,-1.9722006597462922e-06,-1.631461795105278e-06,3.0137353271777117e-07,2.5935235185330767e-07,-2.619381466417408e-07,2.9227474987934676e-06,10mV,1,70,-0.3161932652289347,0.0027630640568055177,0.0005124118918140889,-4.339076346630188e-06,4.4147270308314995e-07,0.21947497306682018,0.040701765808873996,-0.027376970858991583,0.0027854281330481814
597246.1,0.0126175,0.0028120300452970383,0.00044755354984249754,0.012617495231080838,-8.673617379884035e-19,-3.0790047889990445e-06,6.464506716203002e-07,-1.2181721650358214e-05,4.194044083903412e-06,-1.450099131493774e-06,-1.5936418982485902e-07,-3.738479495859865e-06,4.867352078245607e-06,-9.76699022409066e-08,4.723238468917987e-08,-1.8403192981358998e-06,3.816628755418824e-06,-4.486213219302597e-09,1.5487636740679575e-07,-7.250929866229636e-07,1.2193288717959864e-06,-2.4874476096483834e-07,1.189983533792438e-09,4.401310384528012e-07,4.004115057174683e-07,-9.931947386404081e-08,4.69732936623332e-08,-2.8852583088324234e-06,9.99253294997552e-07,9.488660954572297e-08,-2.179599697604586e-07,1.6040052919144583e-06,-1.084113020697328e-06,3.1212236169996326e-07,-3.830584082911415e-07,5.361865565056454e-07,-1.245995979668309e-06,-5.118741406072268e-08,-3.2079761318293124e-08,-3.4188816008264595e-07,-1.5030523304975454e-06,10mV,1,69,-0.8349277925070573,0.0028120300452970383,0.00044755354984249754,-3.0790047889990445e-06,6.464506716203002e-07,0.22286753383271576,0.035470871329519774,-0.019340338273675373,0.004060589548626751
474433.6,0.0125973,0.002826534640392541,0.00041178159240177304,0.012597299990397064,-4.87890977618477e-19,-2.6775622425182e-06,1.21061085834034e-06,-1.1860822902073906e-05,5.833875447923888e-06,2.9914323657229967e-07,-2.1510611242202254e-08,7.320687634697491e-07,1.916807750944682e-06,-8.504735640291833e-07,-2.492723833895889e-07,-4.501740836330588e-06,-4.021800659893661e-07,-1.982519684735169e-07,5.725545587955613e-07,6.705859544302452e-07,8.416665973511765e-07,-1.431488847948182e-07,1.1313729488192569e-08,5.778257066149626e-07,-1.9722026472000496e-06,2.2167207962551908e-07,1.2944946891201034e-07,1.095352157712826e-06,1.0235416316947853e-06,1.0837634810576499e-07,1.0688347264819647e-07,9.288838592963372e-07,4.486738146739723e-07,-1.1278037273089226e-07,-3.65392564801968e-08,-6.67622876835168e-07,-2.0942122640330265e-06,1.4287019486269937e-07,-9.835269065678863e-08,2.567856810232765e-06,-3.2772382587700084e-07,10mV,1,68,1.6037609386764151,0.002826534640392541,0.00041178159240177304,-2.6775622425182e-06,1.21061085834034e-06,0.22437622685394581,0.03268808337625322,-0.01687270182811039,0.0076286839268538496
376816.4,0.0126414,0.0028444984832401324,0.00039266531190188664,0.012641385374256797,0.0,-2.1869464257559154e-06,6.831938643343128e-07,-8.713783502442202e-06,2.523339592200407e-06,3.9791282140658827e-07,1.248726251000521e-07,3.9222144062688324e-06,2.474603428788714e-06,3.1406677477952532e-09,-3.697203001768178e-07,-7.081716529886992e-07,-1.1159048343411925e-07,-2.9820459487092896e-07,6.973493483494082e-07,-1.6848210236486308e-07,9.759224422887897e-07,-1.2399872198493125e-07,-3.3594713211805e-07,4.3910040096541335e-08,-2.4196747836784484e-06,-3.0069711006572143e-07,3.869928410355668e-08,-2.6984795737755044e-06,9.530513453479294e-07,-3.5903449771000876e-08,-6.378299932683786e-08,-7.827237189422612e-07,-2.8006166107830764e-07,-1.245436156746111e-07,1.4311615182327504e-07,3.0480827689475413e-07,4.0493570885289147e-07,3.749059597732693e-08,7.20426983042062e-08,-2.565175813644533e-07,-1.2497935130543447e-06,10mV,1,67,0.09088870968641131,0.0028444984832401324,0.00039266531190188664,-2.1869464257559154e-06,6.831938643343128e-07,0.22501477480725596,0.031061889205713098,-0.013685126052961464,0.004275182072095455
299355.5,0.0126933,0.0028533339579521655,0.00039155816900170995,0.012693290624194727,-8.673617379884035e-19,-1.4888223245638117e-06,6.52310674762396e-07,-5.7917461236151014e-06,1.9940048605721718e-06,2.0685429291831477e-07,1.5484930457623385e-06,2.2820281995640857e-08,4.9140542265792e-06,1.418847320994161e-07,-3.911087536853196e-07,-1.029166433822076e-06,-9.81324554279497e-07,-1.0729744710677685e-06,-1.3064971364576996e-07,-5.078781735171825e-06,-8.528146274691558e-07,-1.8542653254320562e-07,-6.025208452112143e-08,-3.303411553873971e-08,-3.428536064133162e-07,3.557191751705634e-07,-2.123665854957575e-07,2.176888580687031e-06,-3.1145879439180077e-06,-1.5131027192779587e-07,1.3847281229009264e-07,-6.683791084578069e-07,2.7401882209655353e-07,-5.924836272753246e-08,9.001854767762358e-09,6.333760448050405e-07,1.978406526463943e-06,4.8910698040118786e-09,-2.313745050856433e-07,-1.5636492350162215e-07,5.740950874654862e-07,10mV,1,66,0.6734159466577041,0.0028533339579521655,0.00039155816900170995,-1.4888223245638117e-06,6.52310674762396e-07,0.22479072152601748,0.03084764861960694,-0.009240477733743643,0.004048610882692914
237832,0.0127103,0.0028465981117638795,0.0004053786293284733,0.012710284359405553,-2.6020852139652106e-18,-1.3023463475955352e-06,5.356835088535105e-07,-6.78774948348435e-06,3.078835287060444e-06,-7.922535613997607e-07,3.3287021001843165e-06,-4.83992516326993e-06,1.3118575805026544e-05,2.9694140561795217e-07,-9.733492211826446e-08,7.812298276991943e-07,8.081517736736759e-07,-3.514571492479727e-07,-7.019281020191374e-07,-2.032078983422418e-06,-7.578838402348749e-07,5.25550459987422e-08,6.331071576168782e-08,1.0606436030119977e-06,-1.3483735633590232e-06,-1.2886895219544663e-07,-3.2377360862420063e-08,9.640974558277487e-07,1.304260215197762e-06,3.440312024335943e-08,-1.1515888517064663e-07,-9.299933513774272e-07,-1.238555642950614e-06,4.392220633743428e-09,-2.1886275157642568e-07,-1.8416571490109663e-06,-2.3573124470334436e-06,5.075101549807017e-08,-1.3550394531709923e-07,-8.917260344100311e-08,-1.5825141664822008e-06,10mV,1,65,-2.0046636925455203,0.0028465981117638795,0.0004053786293284733,-1.3023463475955352e-06,5.356835088535105e-07,0.22396022238931343,0.031893749806509684,-0.008061501936953293,0.003315871889370599
188847.7,0.012752,0.002836297723633799,0.00043926885695548946,0.012752049384129771,0.0,-1.6225964689472395e-06,3.537212361734972e-07,-6.93534057201091e-06,8.739258908622506e-07,-3.240134702635758e-06,3.2145823563171504e-06,-1.0744173682108975e-05,1.2518581451062257e-05,-1.0030393812307095e-07,5.55149518852393e-07,-8.484089706193943e-07,2.3593795080841235e-06,6.985799930707542e-07,-3.952870822612383e-07,-8.411295844734892e-07,-1.2952251106514943e-06,-1.7967914522633528e-07,-3.019619782103545e-07,1.6624520179667825e-06,-1.4543621261791896e-07,-3.272967674655472e-07,-1.393249829071746e-07,-7.647577111971413e-07,-3.0909064246629245e-07,9.733176158649707e-08,7.14746845289522e-08,1.0858342839388433e-06,5.367956611911258e-07,-2.3768166113139478e-07,1.0078628743002326e-07,7.662683139066342e-08,-4.43501847740204e-08,-5.676531356696837e-08,-4.381906196336617e-08,-2.3088128073721703e-07,-8.061384347971843e-07,10mV,1,64,-0.7632640679932212,0.002836297723633799,0.00043926885695548946,-1.6225964689472395e-06,3.537212361734972e-07,0.2224189726840016,0.03444692250817112,-0.009978162093470019,0.0021752098553078454
150058.6,0.0128041,0.0028175547986324825,0.0004883819268111169,0.012804123607022178,1.3010426069826053e-18,-1.5820045997281382e-06,-4.840054302913479e-07,-4.554774664861376e-06,-2.3076681742785264e-08,-6.603409780280017e-06,6.377623748582995e-08,-2.5119932173550116e-05,-9.529983805172259e-08,-3.399192475470481e-07,8.311760144360561e-07,5.224798797417942e-07,4.326174326875306e-06,-2.6569679434562424e-08,1.8013878982355253e-06,3.621395724050599e-09,7.131900634535205e-06,2.1883925292533998e-07,-2.144298004117004e-07,8.859918048569418e-07,-5.358068093234754e-07,2.9954175480102477e-07,-2.0219232662040008e-07,-1.0314328327125394e-07,-4.1060273215089346e-07,-2.7442293872844707e-07,-3.8840672872663326e-07,-7.971353289372436e-07,-2.492588449760345e-06,-8.997996394269468e-08,2.6558548305548906e-08,7.879392625223252e-07,2.92184741121213e-06,-1.553748648781945e-07,4.3558877172204674e-08,-5.171547668876176e-07,1.7688574834525193e-08,10mV,1,63,-1.4559527566286254,0.0028175547986324825,0.0004883819268111169,-1.5820045997281382e-06,-4.840054302913479e-07,0.22005057785346965,0.038142550150271334,-0.009649571441694578,-0.0029522322365984795
119238.3,0.0128741,0.0027896637655310036,0.0005536818351127973,0.012874105176499364,4.336808689942018e-19,-1.3243359359335948e-06,-1.5946802014139567e-06,-4.109226810668039e-06,-5.749161656695271e-06,-4.530096081332983e-07,-7.332736310334093e-06,-3.3698618695530373e-06,-2.9876344013531816e-05,-1.4192582794741306e-06,3.9012046828316497e-07,-6.795198951265965e-06,4.394249842032594e-06,-2.0547347362764625e-06,-1.037499989393745e-06,-8.864366317789516e-06,-5.502709250945847e-06,-2.466264257346296e-07,-7.838694011303139e-07,-4.1971139318012263e-07,-2.939104692697823e-06,-7.9752969888465e-07,1.3470833062285305e-07,-3.2851355073344982e-06,-6.453404932235792e-07,-1.5081740937750048e-07,2.4359378914626624e-07,-1.6799180174833924e-06,1.7816800789772085e-06,-2.1928132197211358e-08,4.306407278579033e-07,-1.0270444154043347e-06,-1.0879954987831618e-07,8.408003149715104e-08,3.679435130646663e-07,-1.959558004949652e-06,1.6240782712983287e-06,10mV,1,62,0.2722932758164468,0.0027896637655310036,0.0005536818351127973,-1.3243359359335948e-06,-1.5946802014139567e-06,0.2166879738269739,0.04300740342897761,-0.007990317896636501,-0.009621427167410752
94746.09,0.0126786,0.002690142413505183,0.0006237777795301438,0.012678628700405859,0.0,-4.2432005806064785e-07,-5.733414627558931e-07,6.868549182874936e-07,-2.0143556638785205e-06,1.4626834316578478e-06,3.1141023738421392e-06,6.5939893369671585e-06,1.392870335961727e-05,6.247462744083898e-08,3.850953365610519e-07,1.7115553944189065e-07,1.8435156747091808e-06,-8.465625103001322e-07,1.110508688352373e-06,-3.185495318376094e-06,4.228389996790805e-06,-2.963673053139144e-07,6.899982414010317e-08,-2.7612896661924147e-06,1.642088158226515e-07,-2.8799947061982676e-07,-8.916352107001389e-10,-1.3446513912465122e-06,-7.302837437062413e-07,-1.0932605664225037e-07,9.023382263497832e-08,-3.7800502728083588e-06,9.019544469970977e-08,5.5643959484144255e-08,-7.83591388474969e-08,1.1854947001895585e-07,5.947348620024629e-07,9.256109294171725e-08,2.100513654541869e-07,3.1372109045397565e-06,1.0952712751725474e-06,10mV,1,61,1.0570993377714148,0.002690142413505183,0.0006237777795301438,-4.2432005806064785e-07,-5.733414627558931e-07,0.2121792882395135,0.049199151916971585,-0.0026396660986612746,-0.003566718078590767
75292.97,0.0123972,0.0025596135881980307,0.0006939358585643597,0.012397180347205328,-4.336808689942018e-19,-1.112763345197772e-06,-4.185926312026312e-08,-3.219490082479953e-06,4.933396813213563e-06,-7.756296784205979e-07,5.587725127209178e-07,-3.172562955289468e-06,3.17851594871245e-06,-6.530483292026136e-08,-7.250974077312725e-09,1.983448941369811e-06,1.8730490919948294e-07,3.1296073774510676e-07,2.593569556539377e-07,1.690039751779899e-06,1.1874107646428372e-06,3.575484019775118e-08,6.235593084162319e-08,1.1619467019348293e-06,9.866421583492498e-08,3.999117619471333e-08,5.391930808981094e-08,2.5396192123562456e-06,5.886069422187557e-07,-2.3125178798525407e-07,1.8513588613559132e-08,-5.79538795853914e-07,1.3403177715381443e-06,-4.2873533521387747e-08,-1.1690791821259444e-07,-1.1631057300938455e-06,-6.072528782069697e-07,-1.8580164520685738e-07,2.5820927441251203e-09,-6.770908559100236e-07,-2.676480783051216e-07,10mV,1,60,-0.22535139290181022,0.0025596135881980307,0.0006939358585643597,-1.112763345197772e-06,-4.185926312026312e-08,0.2064673995627594,0.05597529753778184,-0.007240306863884705,-0.0002723615145976363
59824.22,0.0122529,0.0024218613497320562,0.0007909486929773374,0.01225293678593039,2.168404344971009e-19,-1.1888029567983632e-06,-5.298598933190681e-07,-3.496059216845588e-06,5.94320134421963e-06,-2.0689474079650945e-07,4.796811043129751e-07,-1.3312513637455028e-06,2.924224089562062e-06,1.79068363114701e-07,-7.863870986765442e-08,4.881971385171517e-07,-6.933947088561621e-07,1.254265191041751e-07,1.4449978499575927e-07,-2.8345900867154106e-06,1.0848421486835539e-06,-5.410912440403592e-08,-1.683225723210978e-07,-8.826775049871289e-07,-1.0625672206933338e-06,5.504442046033434e-08,1.413540369377685e-07,4.029992511080706e-07,-4.145000310461296e-07,9.040336517422472e-09,-2.1819809117300472e-07,-4.177790424289458e-07,-1.999582904112549e-06,2.3394924888455463e-07,7.223770764894683e-08,3.4636962310184013e-06,-6.602636582535563e-07,5.899168956518055e-09,-1.277537233669126e-08,-1.6503592887579713e-06,-6.958710953125834e-07,10mV,1,59,-3.0145026286414853,0.0024218613497320562,0.0007909486929773374,-1.1888029567983632e-06,-5.298598933190681e-07,0.19765558184491686,0.06455176475614856,-0.007918255127760176,-0.003529235684749222
47519.53,0.0117939,0.00220488286769332,0.0008603744641753506,0.0117938960040274,0.0,-1.4053958559510668e-06,-4.795495792421784e-07,-2.9090174190495813e-06,4.85081709545482e-06,-1.0302645921664377e-07,4.699700426696152e-07,-3.427720827789155e-07,3.5779409054597226e-06,2.8475604406018297e-08,1.6534566165123183e-08,6.407385448585575e-07,-6.84652131965587e-07,4.125371846868122e-07,-2.3024826401260916e-07,3.409362755526498e-07,-2.972169947074618e-06,-1.5580235423939453e-07,7.549155455664056e-08,2.5373742238652067e-06,6.755797002900707e-08,1.3639708198964458e-07,-6.119364250736496e-08,4.478528378468431e-07,1.0382886821075343e-06,-1.74425020015579e-07,-1.068193789115361e-07,-2.3410338239571338e-06,-8.716328352397851e-07,-8.675989647420389e-08,-5.4063935143715726e-08,9.313620064717378e-07,1.2091607756568485e-06,-8.065964706992884e-08,5.19547367822816e-08,8.785633754714251e-08,-4.589915312980087e-07,10mV,1,58,1.173295353132084,0.00220488286769332,0.0008603744641753506,-1.4053958559510668e-06,-4.795495792421784e-07,0.18695118788061152,0.07295082675661617,-0.010103784639256803,-0.0034476163082395542
37792.97,0.0112791,0.001958045875108318,0.000912985631248955,0.011279050125037424,-8.673617379884035e-19,-1.7123541123228147e-06,-8.437990388964106e-07,-5.047855167888623e-06,8.266639115536622e-06,6.682175193538289e-07,4.889277943184185e-07,5.798292586187115e-06,1.2844817698195607e-06,2.0060214894264955e-08,-2.1575859677964026e-07,-9.707369738404825e-07,1.4820533243207771e-06,1.2485358692499978e-07,-3.084769932834282e-07,6.06798980042039e-07,1.308719629316166e-07,7.754073518689381e-08,-2.409604595215882e-08,6.232177787055899e-07,-2.132866412027549e-06,-9.098914023047688e-08,-1.7552230000481126e-07,6.93907940784817e-07,-1.1124350832387925e-07,1.2811203588705517e-07,1.743677056900018e-07,1.1907840440328579e-07,7.071704405476673e-07,8.947796992254893e-10,-2.2675820148056955e-07,-6.845218955465187e-07,1.0043803338265798e-08,8.436258816074479e-08,6.164376320618809e-08,1.1500343693240456e-06,1.5923345478808915e-07,10mV,1,57,1.2275873468929897,0.001958045875108318,0.000912985631248955,-1.7123541123228147e-06,-8.437990388964106e-07,0.17360024588966186,0.08094525878755467,-0.013460107477246257,-0.006632755264234525
29941.41,0.010755,0.0016911681274811856,0.0009422800199984944,0.010754973404425902,0.0,-1.9888853371372555e-06,-1.7495539773401326e-06,-1.0331269151332666e-05,7.0191667728878386e-06,8.482484157177336e-07,6.74672700856895e-07,1.1890985812634014e-06,5.0392178642303205e-06,9.603773408067841e-08,6.055711353059057e-08,4.3854423322168595e-07,-2.1160118447410614e-06,-2.7240040678040843e-07,-7.431275794574227e-07,6.094646023110271e-07,-3.604987973584525e-06,-7.091109856438586e-08,-2.0768677451821325e-07,-1.1747095824042511e-06,-1.0196847870914259e-07,-9.821668675459439e-08,1.9297937980918173e-08,4.521429029676755e-07,-1.3067179573336183e-06,1.3943621297266017e-07,-7.099385791436645e-08,-4.796558049589569e-07,-6.613763387685253e-07,-1.5337327806949536e-07,-7.713832131003525e-08,-1.2814992169941573e-06,-1.3976277247843895e-06,-2.6158642658526256e-07,1.5483406152695728e-07,-6.958818271142165e-07,5.869947258347635e-07,10mV,1,56,0.043529088092323136,0.0016911681274811856,0.0009422800199984944,-1.9888853371372555e-06,-1.7495539773401326e-06,0.15724521706257627,0.08761342167621967,-0.017194559901156,-0.015125462540229178
23847.66,0.0102439,0.001424792497768986,0.0009394091302226869,0.010243876434222504,0.0,-1.6785399527078127e-06,-2.6547180718912804e-06,-1.2928022591547088e-05,5.626655805546383e-06,1.1847871809791588e-06,2.480523181618463e-07,4.3860465761462635e-06,-2.5468792607453626e-07,1.5896596620905123e-07,1.561278230019429e-07,-6.668232731549729e-07,-1.0674020301401421e-06,-2.6753954997415446e-07,-4.979541345620889e-07,-1.375252415546885e-06,-1.366320552459807e-06,3.093103981739622e-07,-8.99735982657494e-08,9.499421678833426e-07,-6.848777291332002e-09,-3.869123396092572e-08,1.3330609333742294e-07,1.755971479035721e-06,1.2238053026193964e-06,-4.575751243177532e-08,-1.1063399564940222e-07,2.0721927193713018e-07,-5.083852094815348e-07,1.523238010947076e-07,-1.1720623567001647e-07,4.1844552175638904e-07,1.0823843559384194e-06,-2.889638342263874e-08,-1.0077721227910956e-07,-2.311578109405048e-06,-1.7716944511633687e-06,10mV,1,55,0.18996872634260398,0.001424792497768986,0.0009394091302226869,-1.6785399527078127e-06,-2.6547180718912804e-06,0.13908723976883128,0.09170445741461022,-0.01599569153237525,-0.025298207120356055
18925.78,0.0099556,0.0011883211539640032,0.0009200683959190759,0.009955603785450852,8.673617379884035e-19,-3.574568017871356e-07,-3.685614980472416e-06,-1.2236660380901604e-05,9.59396451211932e-07,1.1634698947457414e-06,-3.977584897342485e-08,4.090137835161529e-06,-1.337230653050656e-06,2.2602569658278053e-08,-1.2274794829670257e-07,4.078968509660925e-08,-1.7610179164279803e-06,-6.870170155443505e-07,-1.446724468419566e-07,-3.602471038345997e-06,1.9951372832981797e-06,2.2908783458236138e-07,3.5135314613271e-07,1.2656217838334187e-06,-6.338918241564733e-07,1.2073200052878589e-07,-5.408618340253506e-08,-5.994190764605059e-07,2.3543794107191486e-07,1.5398739943012312e-07,-1.6752966204177168e-07,-5.035296970645706e-07,4.347010948000654e-07,-9.234297794002932e-08,-5.691080599664502e-08,-2.596069142232841e-08,2.268765607305953e-07,-1.355667665552479e-07,-1.0920357617286807e-07,1.626986329956694e-06,-1.8513399948629087e-07,10mV,1,54,0.6180452801338783,0.0011883211539640032,0.0009200683959190759,-3.574568017871356e-07,-3.685614980472416e-06,0.11936203765969666,0.09241713669477951,-0.0036065201005312376,-0.03718559681459994
15058.59,0.0098049,0.0009834410008335841,0.0008774019359551342,0.009804918938999338,-2.3852447794681098e-18,1.470840035729139e-06,-3.7804893281160616e-06,-8.517876944644927e-06,-2.6363782682810403e-06,1.4020070142521944e-06,3.543496720489726e-07,7.052107664322646e-06,-1.6815481411360288e-06,2.4046409174233527e-07,-1.0602634786056496e-07,-3.9148124313221456e-07,-1.0016682126583047e-06,-8.918116056711612e-07,1.817138085509044e-08,-4.8558390697060175e-06,-2.7197919234699256e-07,4.402587243443649e-08,-1.516184663699092e-07,1.6476641431852293e-06,-2.2842653354439702e-06,3.900598014184573e-07,-2.3339036272951233e-07,2.071277941843318e-06,-2.108198049299272e-07,1.5864415067774324e-08,-7.020630076276192e-08,-1.0059254820283975e-06,-1.477866611400059e-06,-2.0012981388744186e-07,-2.0604335268212658e-07,-2.2781989165540535e-06,-2.936011321472562e-06,-1.473813793597451e-07,1.1555875262620212e-07,-1.4671513565133209e-06,-1.0455772127167475e-06,10mV,1,53,2.9458739954044293,0.0009834410008335841,0.0008774019359551342,1.470840035729139e-06,-3.7804893281160616e-06,0.10030077830852023,0.08948589390833654,0.015299506681353594,-0.03932420951923895
11863.43,0.0097802,0.0008045755325079781,0.0008130933581523927,0.009780237284135252,4.336808689942018e-19,2.990618118675408e-06,-3.1668950370642866e-06,-8.948136079690867e-06,-5.690820961765164e-06,1.3861236265856683e-06,4.6272782817745126e-08,8.02054214600158e-06,-3.828254669058146e-06,5.3956773812085296e-08,4.5927649376784114e-08,-1.1002860822870919e-06,-8.260123668023934e-07,-1.2590405187130852e-06,6.972615478891087e-08,-5.401231455555699e-06,3.952677780324171e-06,-1.0373079407859846e-07,-2.114394522386322e-07,1.944107572148287e-06,2.3767073829657323e-06,3.3067027323796e-07,5.291775348516422e-08,-2.265246471195891e-07,2.1371485413666887e-06,1.6208806199764038e-07,2.567500213086699e-07,6.9458779011668e-07,2.336473289053669e-06,-1.5495099278778265e-08,6.494695298738288e-08,-6.769006666975898e-07,-1.3108952905887217e-06,2.692886957612074e-07,5.19766815468195e-08,1.1352211357747178e-06,-1.1921976879513662e-06,10mV,1,52,-0.4355541199584087,0.0008045755325079781,0.0008130933581523927,2.990618118675408e-06,-3.1668950370642866e-06,0.08226544092269608,0.0831363631096487,0.03126526953004183,-0.033108147873798593
9432.87,0.0097835,0.0006629418346719865,0.0007326337848244534,0.009783484187945583,0.0,4.027495673676212e-06,-1.8302190602290004e-06,-4.348857126399462e-06,-6.554541513185409e-06,1.602061741393112e-06,1.8846442277194624e-07,9.161896037775376e-06,-2.1122894465216047e-06,-2.1624381350727532e-07,-9.487312697212517e-10,-5.100950639767842e-07,-1.1691801229875586e-07,-1.39602564257695e-06,4.19706592092686e-08,-7.197552363829161e-06,2.054887692309544e-06,3.963089281094409e-08,2.6680532012499025e-08,-7.624836617688085e-07,-1.802498629122009e-07,2.961614346203523e-07,-1.551702560274415e-08,3.2442939953615826e-06,-3.6228721796580964e-07,-1.4155254341234414e-07,2.4798176444402194e-07,-1.7511525590360794e-06,2.009455278368405e-06,-2.2151274892305867e-07,-4.5391227538773824e-08,-8.494626526545131e-07,6.824722004995902e-07,6.522896969587583e-08,6.573842964007193e-08,1.3101860288110106e-06,3.687836408207366e-07,10mV,1,51,0.5609048579105504,0.0006629418346719865,0.0007326337848244534,4.027495673676212e-06,-1.8302190602290004e-06,0.06776132326035848,0.07488475176636411,0.042077311945943455,-0.01912123676010641
7558.594,0.0098587,0.0005562744268330303,0.0006520548172905244,0.00985868249917539,4.336808689942018e-19,4.4662442450512506e-06,-9.295228211138982e-08,-1.7097639058182727e-06,-4.2217311893101124e-06,1.603117511248461e-06,6.722602076295659e-07,8.290128012606097e-06,-1.1017583803830787e-06,6.186608641899324e-08,-3.018555525188726e-09,2.3663813117351836e-07,-4.859003667682658e-07,-1.6242116857255438e-06,1.6127149033000866e-07,-7.787693104556379e-06,4.454858782644803e-06,1.4907100587582204e-08,-1.0281064161269346e-08,-7.20426738890291e-07,-9.527922823945325e-07,2.3363529956271807e-07,-2.7402881119603705e-08,1.894648127275391e-06,-8.61530773366723e-07,-1.5036448294405052e-07,-2.1882364828261315e-08,-5.888286017749836e-07,-4.753829176165901e-07,-7.526519976963183e-08,-6.557158582052067e-08,1.548918436697724e-07,5.318818669900118e-09,-2.1085910386687824e-08,1.6691261286676305e-07,-8.424979576477764e-08,3.082127076718043e-08,10mV,1,50,-1.8131353267937367,0.0005562744268330303,0.0006520548172905244,4.4662442450512506e-06,-9.295228211138982e-08,0.056424824197306156,0.06614015791106613,0.04595203076685282,-0.0009563619661339799
5960.648,0.0098659,0.0004648028079152251,0.000560740161310534,0.009865900444834916,-8.673617379884035e-19,3.821473619703239e-06,1.0866933156109294e-06,-1.315445471717844e-06,-2.756970285910977e-06,1.25077081672578e-06,6.468706951008449e-07,8.135082715375562e-06,-1.6009718802722716e-06,-2.2263204394553158e-07,-6.95723770298432e-08,-1.3493833773189813e-06,3.68326832249569e-08,-1.4719365837465965e-06,-1.9182126607313692e-07,-7.153548150852129e-06,3.0314412110959248e-06,1.1799380266047231e-07,-2.6234890058324943e-08,-8.229895311813024e-07,-9.140001421432959e-07,2.764856311771865e-07,-1.1528601337503506e-07,1.1085284371194238e-06,-9.847546268633775e-07,-3.1210548199234354e-07,8.543469430937095e-08,-1.1232704388615494e-06,8.727591747415863e-07,-3.985040619802117e-07,-1.3307845398786925e-07,-1.5980294166447864e-06,5.897415729653761e-07,7.786468675397068e-08,-1.1872240615742285e-07,2.241212594312502e-06,-9.178349739190482e-07,10mV,1,49,2.026817897139563,0.0004648028079152251,0.000560740161310534,3.821473619703239e-06,1.0866933156109294e-06,0.0471120513037979,0.056836186868690505,0.039260643030200215,0.011164352444442248
4746.094,0.0099106,0.00040045998047711577,0.0004816396062394321,0.009910643244391792,-4.336808689942018e-19,3.0832659080809698e-06,1.694156922696125e-06,-1.508972206465578e-06,-2.7083931856595527e-06,9.904281972464802e-07,9.753990761377863e-07,8.791535090735561e-06,-1.982949939238616e-07,-2.29963662312076e-08,5.146117407877466e-09,-3.04449990606221e-07,-5.70450894969279e-07,-1.4560210605813404e-06,-4.815928411142902e-07,-9.419068439189634e-06,2.0560288116147247e-06,1.3394292822448568e-07,-1.0120085386444178e-07,7.149461742044147e-07,-5.727100849143927e-07,3.1286692480111474e-07,-1.0793576029147016e-07,3.728999855876608e-07,-2.0667826146173935e-06,-1.2337211939484084e-07,1.7450300730525078e-07,-1.2857113565643003e-07,2.2491756158565203e-06,-2.1862072471169267e-08,1.2657221153335187e-07,3.810450236148735e-07,1.631439094978705e-06,1.0979381376738148e-07,-1.4322929254005282e-07,9.760298216503033e-07,-1.431945738396066e-06,10mV,1,48,-0.3847335348728876,0.00040045998047711577,0.0004816396062394321,3.0832659080809698e-06,1.694156922696125e-06,0.04040706244811375,0.04859821853762933,0.03139115496581216,0.01724844501973487
3761.574,0.009947,0.0003511285068015984,0.00040947559584322325,0.009947049446909505,1.734723475976807e-18,2.1247707410028024e-06,2.0105054607191517e-06,-8.605223729892279e-07,-1.7040398275469502e-06,7.809890995209348e-07,8.322376132168875e-07,7.6097525944186775e-06,-1.233761289173569e-06,-1.5011504439627017e-07,2.1980424912447573e-08,-1.6000464217174577e-06,-1.1490116808494687e-07,-1.393691496230914e-06,-6.227059880061283e-07,-1.0171640253478787e-05,2.3607203703724142e-06,4.551977401476524e-08,3.759609994194904e-08,1.0976562258125956e-06,-6.121201801865376e-07,3.688353140531529e-08,1.2257475873711935e-07,-9.907497032435284e-07,4.1259443804779984e-07,-2.3215518548089222e-07,-1.283768724000526e-07,-2.0242425025434045e-06,2.1499212743115526e-07,-2.3421846059161235e-07,7.3891432889866545e-09,-1.0017062046096042e-06,1.1542389313055e-06,1.5403892114066575e-07,7.032389945679253e-09,1.2953827119721378e-06,-1.229859310961498e-07,10mV,1,47,-2.1374178136215733,0.0003511285068015984,0.00040947559584322325,2.1247707410028024e-06,2.0105054607191517e-06,0.03529976488763632,0.041165533360291585,0.021474522888575674,0.020319672471319494
2993.223,0.0102845,0.0003247418549268337,0.00035927987773041244,0.010284542431624844,-8.673617379884035e-19,2.3040018086740863e-06,2.2122541312895744e-06,3.803633324269278e-06,-4.172444132449768e-06,9.425800229342863e-07,9.484850623041148e-07,1.0872392184515791e-05,-3.858767260163693e-06,1.0112060794710663e-07,4.5152088292115605e-08,7.853827945990515e-07,-2.905023799298015e-07,-1.4001461451611905e-06,1.3860164991885735e-07,-6.652012231499535e-06,7.691957683731023e-06,9.32762604547457e-08,-1.1328867611433005e-08,-4.4418127249904344e-07,-3.701044477912959e-07,2.1451182840506295e-07,-1.6184132129229895e-07,2.3324157595567835e-07,-2.2146737345823724e-06,-9.01345217278392e-08,1.6055729819335117e-07,5.739010557572418e-08,2.3765343239820945e-07,-1.9159407413253915e-07,3.2511986895870944e-08,-1.904331293538341e-06,1.398085352121205e-06,5.850271189828568e-08,-7.763355088038472e-08,3.52215931626615e-07,-7.017758319187082e-07,10mV,1,46,-0.6000777871692392,0.0003247418549268337,0.00035927987773041244,2.3040018086740863e-06,2.2122541312895744e-06,0.03157572221475371,0.034933968148707445,0.021782758021426034,0.020915346612298373
2372.685,0.0098642,0.00028191128396998395,0.00029247412750815213,0.009864245412035505,0.0,1.2708351840108324e-06,1.9215643641808588e-06,-3.980992875036729e-07,-1.4455458873184485e-06,5.777387980500894e-07,8.778501485984177e-07,9.250373545730544e-06,-2.0656736725532834e-06,2.7810888523153056e-08,2.224112020978268e-09,6.716662972691233e-07,2.1875253589947403e-07,-1.141629100208203e-06,-1.886508539658518e-07,-8.418699730248575e-06,6.798572918551785e-06,1.289579470724608e-07,1.3556512634990996e-07,8.215850685262023e-07,1.2682561648040892e-06,2.9137088666062083e-07,-8.573392123560126e-08,9.751456486978846e-07,-1.6547591748397128e-06,-1.7575061320889338e-07,8.968352230894469e-08,-1.1675840102738282e-06,2.3773448623739917e-06,-2.559414974796865e-07,1.5129666799760305e-07,-8.128226656350966e-07,1.9366404814507355e-06,3.4169383246963037e-08,-3.799911834111863e-08,7.545955105315527e-07,-1.4427059845886968e-07,10mV,1,45,-0.28617251783673014,0.00028191128396998395,0.00029247412750815213,1.2708351840108324e-06,1.9215643641808588e-06,0.028579102829905265,0.02964992407339139,0.013060550809705248,0.019748185546214107
1886.433,0.0099075,0.0002598685603482536,0.0002512626831759622,0.009907543649085354,-2.168404344971009e-19,7.18682207070296e-07,1.7028127388731293e-06,1.1392117046448904e-06,-1.8233918194278303e-06,2.364872509428395e-07,7.822860812383953e-07,9.022287964579819e-06,-1.0548371705926027e-06,5.486242357168234e-08,6.054013054660808e-08,-4.7243220848775124e-07,-5.306699012245385e-07,-8.749518848872008e-07,-4.002310882685454e-07,-8.355077465913748e-06,3.7961135902581743e-06,5.660510120279371e-08,-5.3077423361765315e-08,-8.027065153138488e-07,-2.2317398535539343e-07,3.1023014073108035e-07,-5.8266695527394484e-08,1.0423008532855924e-06,-1.7541430403884545e-06,-1.859398653456405e-07,-5.559888156428412e-09,-6.751205794011355e-07,-2.5832583461256675e-07,-1.9029032062169184e-07,7.64025222500719e-08,-1.1167154167430438e-06,1.5550765913712588e-06,6.621015084674718e-08,4.142609794618172e-08,3.780073380683702e-07,1.0046541278882964e-06,10mV,1,44,1.4591332585430954,0.0002598685603482536,0.0002512626831759622,7.18682207070296e-07,1.7028127388731293e-06,0.026229363155240215,0.025360744506955392,0.007321581551602615,0.01734742033699461
1506.696,0.0099473,0.0002418847661263188,0.00021813062502596737,0.00994727259260997,-4.336808689942018e-19,3.973548588402313e-07,1.5304468275081278e-06,4.018363053719827e-07,-1.2265597629538122e-06,1.3399785368109258e-07,7.784879157786597e-07,8.503773716864823e-06,-9.907673419499952e-07,3.43881861923096e-08,6.068902810711165e-08,-1.2534648136579556e-07,-1.1512569257237458e-06,-8.497067744136998e-07,-3.6349271685617385e-07,-8.948991145882884e-06,4.202220174471811e-06,8.412997876841615e-08,8.907546990724005e-08,-5.563819639917953e-08,5.8773345651949e-07,2.6644347934757003e-07,1.9396030847601945e-08,2.232741583211809e-06,-1.0807838740296085e-06,-1.982118156743703e-07,6.554788485736612e-08,-1.2777044270127459e-06,2.1156770928604705e-06,-3.2405063957988345e-07,5.3926385842313144e-08,-7.326709890408159e-07,1.8847147053721628e-06,-1.9056885916030692e-08,-1.609853258913165e-08,4.6458366465810076e-07,1.1573612340575886e-06,10mV,1,43,1.3663479503780032,0.0002418847661263188,0.00021813062502596737,3.973548588402313e-07,1.5304468275081278e-06,0.024316692226371665,0.021928686782748973,0.004015785332202531,0.015467146770424179
1185.994,0.0099702,0.000224819904014745,0.0001889787813952634,0.0099702001135577,0.0,1.9014421217702153e-07,1.3318553501956563e-06,-1.3503471363543602e-06,1.734041546550003e-07,4.35863773074963e-09,5.738719675555532e-07,9.427306283816693e-06,-9.206552889447267e-07,-3.475400700193631e-08,-3.606834191094046e-08,4.5443112636299125e-08,-1.5041743065515996e-07,-4.92765467076031e-07,-1.4924414842201568e-07,-8.189818214659238e-06,4.334097038840475e-06,1.9492779879749234e-08,4.707739177086248e-08,1.333360756546043e-06,8.857722457894771e-08,1.7073806319658345e-07,1.482272094925775e-08,2.082085078256931e-06,-1.1203348839325355e-06,-2.105282790221093e-07,-8.051389410876047e-09,-9.316612930293504e-07,1.1488528717085744e-06,-2.596928720819454e-07,2.1729949736159945e-08,-1.8612283163524672e-06,2.2490222059649365e-06,9.80726656089299e-08,-6.307986935509415e-08,3.202466682972665e-07,2.6379722244067154e-07,10mV,1,42,-0.05418289837570508,0.000224819904014745,0.0001889787813952634,1.9014421217702153e-07,1.3318553501956563e-06,0.022549186721842213,0.018954361922814956,0.0019128255319711563,0.013398288012968027
948.6607,0.0099756,0.00021021952948671902,0.00016654360135447659,0.009975612916472941,2.168404344971009e-19,1.37608877375897e-08,1.051023538242829e-06,4.310248340320348e-07,-3.8838164963140423e-07,-7.036273476369477e-08,5.226335664336239e-07,8.293961681812363e-06,-2.355461678475661e-06,6.020179084043854e-08,-6.627759961332697e-08,5.541262015419658e-07,7.985212519269113e-07,-4.6482795638545215e-07,-2.9710120173149765e-07,-6.162513741446807e-06,4.196322321833808e-06,-2.0275407396923234e-08,-5.887501137111129e-08,2.0162183674577581e-07,-2.0951612545670284e-07,6.894968896092553e-08,-1.0662984761985127e-07,3.317466630103334e-06,-2.127868553736099e-06,-4.048219073720004e-09,1.4747248415029952e-08,-2.3853033430279474e-07,1.2091465499403876e-06,-1.521575065971937e-07,-3.769468900709474e-09,-1.6185802325116583e-07,1.5147060234714425e-06,1.585345356500838e-07,-1.6996900601970637e-08,2.2325456818897584e-06,-1.3424048619666296e-06,10mV,1,41,-0.13099697592606274,0.00021021952948671902,0.00016654360135447659,1.37608877375897e-08,1.051023538242829e-06,0.0210733446903878,0.016695074553209618,0.00013828251642417837,0.010561686314194027
752.3148,0.0099869,0.0001963819987795927,0.00014769029275194198,0.009986935142547254,0.0,-2.914715612800845e-07,8.814928624682904e-07,-1.7904464588460123e-06,6.158290047920698e-08,-1.4358520455373852e-07,3.9849787315174795e-07,9.171249313445576e-06,-1.634186397267671e-06,8.21244717047468e-08,6.2818324657248225e-09,6.411892092368047e-07,-1.6581636836152635e-06,-3.2085987130809927e-07,-2.1162972385148344e-07,-7.948193320629596e-06,3.2299537321341305e-06,1.1628936581815778e-07,-9.898848529160356e-08,1.933905806240534e-06,-6.838548271683169e-07,-3.395767796668833e-08,7.040716267643491e-08,1.6721602898565859e-06,-8.923666877708927e-07,-2.1203228887634803e-07,1.325741671248941e-07,-1.902566494960302e-06,1.54276529824131e-06,-1.8789713335747693e-07,6.631358109735336e-08,5.1481833562453713e-08,2.152188716447439e-06,4.626922171776724e-08,-6.005987986870401e-08,6.788077082992424e-08,-1.7533950658905541e-06,10mV,1,40,0.78044229336386,0.0001963819987795927,0.00014769029275194198,-2.914715612800845e-07,8.814928624682904e-07,0.01966389047055569,0.014788350043722453,-0.002922346633070474,0.008838006999367164
599.564,0.0099771,0.00018321087830501065,0.00013217699178701562,0.009977061649443349,1.734723475976807e-18,-4.111553714518479e-07,7.230741327543438e-07,-2.174273430657131e-06,1.1132561698221792e-06,-2.374750717955654e-07,2.78349440675867e-07,9.287976423231631e-06,-1.838846848169964e-06,-1.204082402689403e-07,3.364723513731275e-08,-7.9024804025553e-07,5.075353783744431e-07,-4.0071111568637045e-07,-1.6483746095342755e-07,-7.221581490720952e-06,4.702226154521883e-06,8.951999505139205e-09,-5.1336915843925045e-08,-1.8029087640272378e-07,-2.180091349020545e-06,9.042158262876048e-08,-3.275837051590238e-08,1.9348156168386198e-06,-5.0090284985138035e-08,-1.4493941632682798e-07,-2.595297765733797e-08,-1.0371259976868378e-06,-9.346943653063674e-07,-1.5028864480750473e-07,1.8028801643523374e-08,-8.80816924269384e-07,1.222267119014679e-06,1.7994807679673214e-07,-4.576635244763888e-08,1.1972923317962522e-06,-6.082028389113923e-08,10mV,1,39,2.0989481038346773,0.00018321087830501065,0.00013217699178701562,-4.111553714518479e-07,7.230741327543438e-07,0.01836321000534587,0.013248088107623365,-0.004130481266703516,0.00726402807102689
474.0168,0.0099956,0.00017089486881368082,0.00011909753600798955,0.009995579271439067,0.0,-4.1109073578990124e-07,6.875645653585522e-07,-3.0160535804620806e-06,-1.024161269717645e-07,-3.2654413928034667e-07,3.736182591892843e-07,8.659663242976065e-06,-3.119783826127203e-06,3.271007091956576e-09,2.227523210060054e-08,-3.588622739120237e-07,-9.96733605837758e-07,-3.5498366592288573e-07,-2.7686614951859592e-08,-6.777368663351103e-06,5.9131680571187575e-06,-2.429227122474177e-08,-1.9105892689762214e-08,1.6762876884622737e-07,-2.1383639950247157e-07,1.184684376217153e-07,5.852177039503895e-10,-1.9486149495917863e-08,-7.49830070854731e-07,-3.3572056607401214e-08,2.6869690245189346e-08,-8.852861833289176e-07,5.37526089449587e-07,-1.108832112674379e-07,1.0371316148998302e-07,-4.949803359189851e-07,1.957329058993027e-06,1.7589340625129157e-08,2.5767685930463067e-08,-1.809241101360464e-07,-7.038506984069758e-08,10mV,1,38,-0.06129294188103455,0.00017089486881368082,0.00011909753600798955,-4.1109073578990124e-07,6.875645653585522e-07,0.017097045020891224,0.01191502090812222,-0.0041145444105983725,0.006881728759675511
377.1552,0.0099861,0.00015879493916180545,0.00010837591076952431,0.009986058254476494,-2.168404344971009e-19,-4.448977869731651e-07,5.342394381801907e-07,-2.95665907582081e-06,4.3084148448943395e-07,-3.711402844627263e-07,2.455730446333913e-07,6.829975107849799e-06,-3.805411678613795e-06,1.507249868757462e-08,3.4533422154266224e-08,1.3659643083771359e-07,-1.0970620249137474e-07,-2.791469387320728e-07,7.815313460172218e-08,-5.2870096008509924e-06,7.06206031729758e-06,2.7299055088293066e-08,-2.868281852964802e-08,1.9543223948793192e-07,-7.311377196664033e-07,9.26367174306794e-08,-5.3466463882579534e-08,7.362175902883561e-07,-2.2115895168407736e-06,-9.7370238246902e-08,3.5959883736432426e-08,-1.9836323730387228e-07,5.359706882429551e-07,-2.6097588282166164e-08,6.986213267459928e-08,1.0407530896186121e-06,1.1926732128057054e-06,6.820118473107509e-08,2.96342304610066e-08,3.962140074913395e-07,-5.2924285184927144e-08,10mV,1,37,0.13366437456837615,0.00015879493916180545,0.00010837591076952431,-4.448977869731651e-07,5.342394381801907e-07,0.015901663610926937,0.010852721665321967,-0.004461409164238272,0.005357322052803045
298.2954,0.0099757,0.00014682644992581334,9.909951841178776e-05,0.009975711533173809,-1.734723475976807e-18,-4.248677879120115e-07,4.161498835512599e-07,-1.2468405791614932e-06,9.741195657178022e-07,-4.307070936658011e-07,1.8082275367726434e-07,6.6052398357131235e-06,-3.888536377607147e-06,3.94246948715203e-08,-4.550163651591702e-08,9.584221788772182e-07,-7.741885203225277e-07,-1.7945247958687064e-07,1.2526432950989375e-07,-3.086782464904208e-06,7.4331593715509385e-06,4.7069952246892934e-08,2.0963839240625434e-08,-2.8854645717985933e-07,-1.0906057372654988e-06,5.781984231313318e-08,-3.2222251537742526e-08,3.8112957259116193e-07,-1.3874994974788798e-06,-3.1408775554354706e-08,6.192031046139208e-08,1.2519668502550737e-06,4.319984548484009e-07,2.115346598083966e-08,6.755622881367083e-08,1.2255519605041243e-06,1.649938203007956e-06,-2.522600101517732e-08,-9.753978021700949e-08,-8.046826734543252e-07,-2.7003950626422294e-07,10mV,1,36,-2.089495110148966,0.00014682644992581334,9.909951841178776e-05,-4.248677879120115e-07,4.161498835512599e-07,0.014718393714327859,0.009934080198914785,-0.004269392090342406,0.004181788009776374
236.7424,0.0099973,0.00013590953231318643,9.144237010321078e-05,0.009997266359973039,4.336808689942018e-19,-5.077343617300287e-07,3.019947018677103e-07,-1.6047205081110095e-06,7.845416873754857e-07,-4.5321504707145613e-07,1.0032602177154573e-07,5.57052998542821e-06,-5.728408150984615e-06,-4.586747761229925e-09,2.1680624487923833e-08,5.689691780230906e-08,1.176704754338939e-07,-1.6048312055152415e-07,2.1372361833964447e-07,6.306626507607787e-07,7.952554941617884e-06,-2.4981814509049465e-08,-3.4709789735514806e-09,-7.804240461917469e-08,-5.957649195211128e-07,-1.90376231464924e-08,-1.0436831264374871e-07,-1.6846006175630626e-06,-1.2477256291486018e-06,2.7206635126565982e-08,3.21149512559032e-08,-2.0232903444770152e-07,8.897310029552836e-07,3.772411699340426e-08,3.341382051004676e-08,9.526923385679078e-07,2.573362214875787e-07,-9.521105847318091e-09,-3.707004849368353e-08,-1.4812322162771615e-06,-7.72484781007994e-07,10mV,1,35,-0.2655578268384792,0.00013590953231318643,9.144237010321078e-05,-5.077343617300287e-07,3.019947018677103e-07,0.013594669524595216,0.009146737399068098,-0.005080120681921227,0.003021598785556561
189.0121,0.0099761,0.00012516915820180025,8.445403719496936e-05,0.009976120843677602,0.0,-5.124843875221324e-07,2.1300439114291167e-07,-2.2812556099971465e-06,1.243474104089282e-06,-4.502136840039636e-07,2.2342373562459e-08,4.605704979100567e-06,-6.494762600653894e-06,1.6624285650723965e-08,1.6759877879543613e-08,-2.8643278143083667e-07,1.4798528303676923e-06,-9.485377605861271e-08,1.7346630292337895e-07,3.5558666022429793e-06,8.088381708604277e-06,-2.340936309867715e-08,-2.9478930872542595e-08,-4.233518648314913e-07,-1.2626406738471253e-06,-2.234223842232683e-08,-6.187815290467455e-08,-6.440721539549021e-07,-4.7326535544408237e-07,6.115826715136281e-09,2.7403022000624218e-08,9.725228103528578e-08,-1.7568647919646635e-07,6.755776262296823e-08,5.949412683304119e-08,1.7559326905162765e-06,3.0537890480490867e-07,-7.706132193199463e-08,-5.314424226234447e-10,-6.944316736581586e-07,-2.0814677685533085e-07,10mV,1,34,-0.3341189569132842,0.00012516915820180025,8.445403719496936e-05,-5.124843875221324e-07,2.1300439114291167e-07,0.01254687670319537,0.0084656189032125,-0.005149407212534146,0.0021402531955285855
149.6011,0.00996,0.00011462018065441864,7.801611307853782e-05,0.009959966345343357,1.3010426069826053e-18,-4.626182324082081e-07,1.1561158104485585e-07,9.904889183645814e-08,1.1907221627168124e-06,-5.806045375632342e-07,-4.552854634749808e-08,1.593279035772193e-06,-6.242508530748275e-06,5.5067147867319555e-08,8.54323144361906e-09,7.578542078098448e-07,-8.357368902893924e-08,6.805521557976136e-08,1.5431025818700925e-07,5.704742106796248e-06,5.726874736953692e-06,-2.6363856189949786e-09,-1.9618020254969712e-08,-8.103074073914385e-07,7.15695140138919e-08,-8.546104052330165e-08,-2.777445245658265e-08,-1.5029492258656209e-06,-5.651951378753524e-07,3.4985372257353694e-08,2.078881179949674e-08,5.795717100284557e-07,-8.295997286186322e-07,-1.0027598186736724e-08,-3.2236243061272695e-08,-4.5758891207234146e-07,-2.166201121900205e-06,-4.577478866913426e-08,3.597717696062795e-08,2.5405355765459793e-07,1.3774640772923797e-07,10mV,1,33,-1.46683402824023,0.00011462018065441864,7.801611307853782e-05,-4.626182324082081e-07,1.1561158104485585e-07,0.011508089152129286,0.007832969547634381,-0.004663446545025842,0.0011654284038525994
119.1737,0.0098874,0.00010424223148006943,7.19120909359764e-05,0.009887400065941352,-8.673617379884035e-19,-5.304066192369318e-07,6.69976381801906e-08,-4.847553700822309e-07,6.33592295005033e-07,-5.797193765424667e-07,-2.072893220678939e-07,-9.748921819483958e-07,-8.3338885151173e-06,1.869105112630632e-09,1.5121000330053866e-08,4.966115558314768e-07,-3.750318062574548e-08,1.139965681863386e-07,1.920839673343839e-07,8.220739865352507e-06,8.818336840256231e-07,-1.0526638399326875e-08,1.2591347674524197e-08,-2.4494653988849677e-07,1.2592648507958863e-06,-9.863278406439852e-09,7.029312321142749e-08,3.8233806350929993e-07,1.937009519788326e-06,2.998080335990788e-09,-2.6780280807412705e-08,3.1900055915528597e-07,-3.5045966164352096e-07,1.3216667211700169e-08,-4.5397821320486675e-08,-1.019851558851808e-06,-1.581834527392547e-06,3.381454776593396e-08,-1.4225047972865214e-08,6.165610480182129e-07,1.565760178196843e-08,10mV,1,32,2.406678356824972,0.00010424223148006943,7.19120909359764e-05,-5.304066192369318e-07,6.69976381801906e-08,0.010542936543970502,0.007273104198917621,-0.005425561881216664,0.0006853229553675932
94.69697,0.0100735,4.75652744877768e-05,2.651863984245528e-05,0.005036765963015496,2.0032329202564203e-19,-2.2290367762848327e-07,-7.703822840470779e-08,4.6952118704261217e-08,-2.427679654585477e-07,-2.5333589092677886e-07,-1.0895209039276645e-08,2.899757586586876e-07,-2.2932134082638145e-07,-1.1994565490372653e-08,4.2056506208896144e-08,1.5893827698757928e-07,3.6403828320505475e-07,-1.6913190240366697e-08,3.493961958890555e-08,-4.0506764880136766e-07,7.453626891415507e-08,3.635844043750682e-09,-2.904345798650775e-08,-4.979527014671645e-07,2.4280869702526617e-08,3.41487549058844e-08,1.400683326289686e-08,-3.9123405510818605e-07,-9.864241675206468e-08,2.8912617694656775e-08,3.2548490677797132e-09,-1.1272889767298475e-07,-1.7783149352699493e-07,1.604396077698513e-08,-2.2888171388946924e-09,-3.821582702391063e-07,3.659844407195696e-07,2.783390894185679e-08,-4.128462813535275e-08,-7.029579021209156e-09,-5.642355584319619e-07,10mV,1,31,1.5705392393469548,4.75652744877768e-05,2.651863984245528e-05,-2.2290367762848327e-07,-7.703822840470779e-08,0.009443614183594035,0.005265013311553323,-0.008786455034094899,-0.0030367059753607308
75,0.0100005,4.280112560767881e-05,2.4484943665358496e-05,0.005000263811562441,3.953526281309447e-19,-2.131217418506107e-07,-2.8146288171821558e-08,-7.70193377652102e-07,9.034656485760704e-07,-2.6784471280882333e-07,-3.179184370418621e-08,-8.267025733941166e-07,6.786427273205117e-07,-3.526183014514587e-09,-1.0933921850651606e-08,1.1308311106670338e-07,-1.470988629991348e-07,-2.694585954948956e-08,-3.295679928732889e-08,-7.060557824373073e-07,-7.15175818810841e-07,4.8278329281917234e-08,-3.0129639881167574e-08,7.275711883429672e-07,1.423786782277084e-07,2.7475378588699758e-08,1.6012299152371775e-08,6.423423790613895e-08,-1.05361013610518e-07,1.061160851414806e-08,-8.736917208798473e-10,7.679033812127472e-07,5.240192963493628e-08,-2.4806036942832967e-09,-5.338461504868353e-09,1.0392745714765978e-07,-1.0988722703253308e-07,4.976319297376936e-09,-2.3923447947347227e-08,-3.2237822657953065e-07,2.9654064175893763e-07,10mV,1,30,1.5705185810633477,4.280112560767881e-05,2.4484943665358496e-05,-2.131217418506107e-07,-2.8146288171821558e-08,0.008559773488092157,0.004896730370253733,-0.008523970161540268,-0.0011257327312146918
54.50581,0.0099981,7.55133022215208e-05,4.77692293844078e-05,0.009998103278116934,8.690558038829121e-19,-4.617462607724334e-07,-2.032852827756331e-07,-1.3688962177099507e-06,6.80042202246431e-08,-5.103212081689527e-07,-1.52435088030979e-07,7.376061188259337e-07,-9.846890060005835e-08,1.932810727232526e-09,5.139024689895152e-08,-6.472673458295161e-07,1.580300406845589e-07,-5.394125274020476e-09,7.402243572676799e-11,-6.167763686193039e-08,6.910119643814907e-07,1.7911216795747673e-08,-3.750307220091515e-08,1.6613802459785684e-06,-3.9647264287189416e-07,1.5506122998393903e-08,3.630849494778566e-08,1.135814933150907e-06,1.1943792820004982e-06,-2.9327376181813745e-08,4.3736265809307056e-08,9.011410904408284e-07,1.2961262460671474e-06,-3.353273752708073e-08,8.248128593487243e-09,6.460781424104242e-08,-1.5109432303688143e-07,-3.619092629494001e-09,-4.142483521217905e-08,-9.06573238510431e-08,-5.381288548071837e-07,10mV,1,29,1.570661287980346,7.55133022215208e-05,4.77692293844078e-05,-4.617462607724334e-07,-2.032852827756331e-07,0.007552762771194654,0.004777829159752865,-0.004619214714671975,-0.002033624198499449
45.95588,0.0099993,7.075150179908602e-05,5.273816064430606e-05,0.009999261604276798,9.75781955236954e-19,-4.2445274151216303e-07,-1.1970982794306098e-07,-1.086451894688806e-06,3.693258539299124e-07,-5.179574402876287e-07,-1.1858441310535556e-07,2.730847630605724e-07,3.1753053731185816e-07,-8.016965211819922e-09,2.5460960811666482e-08,-1.2015758319916223e-06,5.533455933384208e-07,-2.49167961910108e-08,-1.645534164279193e-08,1.234025335865129e-07,2.0172275705050972e-07,1.1294239199416727e-08,-1.4210225499980952e-08,1.075102036055776e-06,-3.770048485805092e-08,1.4446803889308701e-08,1.2101588904933978e-08,2.470303303606558e-07,-5.19624589682526e-07,-4.636237151943929e-09,1.5461600000763724e-08,3.1255656174777806e-08,5.474918426833978e-07,-1.0101137091111024e-08,-1.1782729697174743e-08,7.209124880229821e-07,2.1365666624510174e-07,1.8528951485185112e-08,-8.017708812221323e-09,1.5398280136660693e-07,2.719752456766608e-07,10mV,1,28,1.6212780901308053,7.075150179908602e-05,5.273816064430606e-05,-4.2445274151216303e-07,-1.1970982794306098e-07,0.007075672644550553,0.005274205509509756,-0.004245154312733621,-0.0011972750854632476
37.5,0.0099985,6.464627518235296e-05,4.8991152078723596e-05,0.0099984768052119,5.421010862427522e-20,-4.022140035668886e-07,-1.38995587316788e-07,-9.760045697057993e-07,-5.276417549398807e-07,-4.945466923669327e-07,-1.364824251335955e-07,-3.072264009603253e-07,-4.111120799761834e-08,-7.549286355018096e-09,2.576168281572906e-08,-1.5649971041656446e-07,-1.2815291235916407e-07,-2.048787234990154e-08,-1.2241362308737732e-08,-6.786330412244534e-07,2.5722119795350803e-07,1.2121325064703054e-08,-1.5078792983494533e-08,8.487673583151777e-07,5.729588089236221e-08,1.9963230681988166e-08,9.270469193572736e-09,-3.4283796525753364e-07,2.0319284188171055e-07,-2.822741482620359e-09,1.410925394744446e-08,2.915195131846586e-07,-1.050615559258877e-07,-1.084073068109717e-08,-4.613120289306362e-09,7.442290024679846e-07,3.86271733288726e-07,8.826473866158661e-09,-4.540848444071065e-09,-5.178819395634304e-07,-3.803408794957286e-07,10mV,1,27,1.6074795925949392,6.464627518235296e-05,4.8991152078723596e-05,-4.022140035668886e-07,-1.38995587316788e-07,0.006465612356939692,0.0048998615522302365,-0.004023365616229333,-0.0013903794046419033
30.04808,0.0100013,5.847940928347078e-05,4.505246711748357e-05,0.010001260512570664,-1.6263032587282567e-19,-3.718479699093282e-07,-1.6687133202171946e-07,-7.359853068383342e-07,-7.38511236299757e-07,-4.590413837798422e-07,-1.5158326403496999e-07,-7.654342772734281e-08,-4.1617795303611383e-07,-1.0361186588839814e-08,3.387149332018903e-08,-3.9780561052959533e-07,-1.3388419252075942e-07,-2.2753318410857964e-08,-8.129265731379897e-09,2.9481810212546595e-07,-6.555347556389128e-07,8.1030636047488e-09,-2.0810713432161945e-08,7.806678725712921e-07,-2.3608778543420836e-07,1.0391939124342458e-08,1.7882592933309762e-09,2.137772359215409e-07,-7.013258156041111e-07,-1.1052441701964367e-09,2.506361323255641e-08,4.6538456000687264e-08,-3.3750434566791124e-07,-2.4151406290694894e-08,-1.2409841309792228e-08,-8.833969864733959e-07,2.433772833743615e-07,8.414945139838524e-09,-6.3042733865696855e-09,1.4648973685742655e-07,2.1492386349714776e-08,10mV,1,26,1.5953326328957163,5.847940928347078e-05,4.505246711748357e-05,-3.718479699093282e-07,-1.6687133202171946e-07,0.005847203880947561,0.004504678891311427,-0.0037175424382304765,-0.0016682927129225888
23.91582,0.0099996,5.263099622291772e-05,4.162944761466769e-05,0.009999562609541232,7.047314121155779e-19,-3.4851791094876805e-07,-1.7121336137634817e-07,3.6341437961908156e-07,4.394587893636822e-07,-4.284701408185903e-07,-1.6202268688692195e-07,3.4597305446686104e-07,-3.960162993191689e-07,-2.794462374337625e-09,2.7360330542937764e-08,-8.050574661968806e-08,1.291899138395214e-07,-2.3725765937657715e-08,-6.5381110155351825e-09,3.238536224978027e-07,-8.275464766022636e-08,7.653307023781894e-09,-2.0161776741423368e-08,1.0261855134123387e-07,-2.9239621881248755e-07,1.4981263197796935e-08,6.50459120764073e-09,-5.203197390683212e-07,-8.084971447969985e-08,-1.5944130371755231e-09,1.731280446357266e-08,8.914825491154698e-08,4.4706766413379546e-07,-1.7141228315806554e-08,-1.0073691638273358e-08,1.9392773365643544e-08,-3.2781504305612414e-07,1.1240584299780772e-08,-9.711163938684975e-09,1.0944679184368915e-06,2.2001679705005711e-07,10mV,1,25,1.5853381319095448,5.263099622291772e-05,4.162944761466769e-05,-3.4851791094876805e-07,-1.7121336137634817e-07,0.005263329835316904,0.004163126852663169,-0.0034854840063092965,-0.0017122833977718833
18.8253,0.0100008,4.7074532536485934e-05,3.801165978404171e-05,0.01000078996346372,-4.87890977618477e-19,-3.2550888493857506e-07,-1.7519360763209122e-07,-1.596027152290413e-09,-6.056673008005659e-07,-4.027235278080895e-07,-1.758618518720715e-07,2.949706081003336e-07,-2.131820302037784e-07,-3.5210430252032315e-09,2.494465848085623e-08,-5.127519152014173e-07,-3.058785915928532e-07,-1.8503358118135492e-08,-4.347937719865405e-09,5.032079825810983e-07,2.3044069411408816e-07,6.162020273975638e-09,-1.9921659336356027e-08,2.6885098112872406e-07,-4.927635017006936e-07,1.2374888681179675e-08,3.4671672440700866e-09,-9.433735158271291e-08,-2.4120017350362457e-07,3.436360937950745e-09,1.6205741245510365e-08,4.7583330408588736e-07,-4.4056736854108953e-07,-1.03674638233517e-08,-1.6492483105438773e-10,-1.9546471393568154e-07,4.244363134579637e-07,4.913744563503344e-09,-8.321862151616476e-09,8.058892385193116e-08,-2.714642276461099e-07,10mV,1,24,1.5770991751542747,4.7074532536485934e-05,3.801165978404171e-05,-3.2550888493857506e-07,-1.7519360763209122e-07,0.004707081411415016,0.003800865723898932,-0.0032545746300662887,-0.0017516593160177103
15.02404,0.0099971,4.2325801330579175e-05,3.4865732065127104e-05,0.009997086472373625,-6.844026213814747e-19,-3.021477974280016e-07,-1.7408198716570907e-07,-7.297121676678111e-07,2.955533744966269e-07,-3.7137465772389985e-07,-1.7608525953544141e-07,-8.867259992010917e-08,-6.328026397542518e-08,-1.5066457625965744e-09,2.2480913612849854e-08,1.721743544683905e-10,-3.7475190702244645e-07,-1.884167525664726e-08,-3.6351501592798306e-09,-1.975110016285867e-07,3.60412714866773e-07,1.8544914601334455e-09,-1.4906168199932183e-08,-1.103637768025793e-07,2.9315471440976754e-07,1.2543591815686986e-08,2.2821310463639367e-09,-6.661829038666864e-07,-6.595865660016463e-09,1.3520967725348296e-09,1.4994791995948452e-08,4.3388174872843066e-07,-4.3531368782962296e-07,-1.0643343789098582e-08,-3.916300251337234e-09,-1.7110527672448162e-07,-1.6845939035576392e-07,6.3570012020311145e-09,-7.17800865902957e-09,7.459679469675038e-07,-2.5536799391991485e-07,10mV,1,23,1.5712102153467116,4.2325801330579175e-05,3.4865732065127104e-05,-3.021477974280016e-07,-1.7408198716570907e-07,0.004233813666366106,0.0034875893252975807,-0.0030232393759365983,-0.0017418347005030564
11.95791,0.0099992,3.797919945811622e-05,3.179535700960568e-05,0.009999234943870323,-3.049318610115481e-19,-2.7729614154043265e-07,-1.7046529577628253e-07,-6.7107477077758165e-09,2.610631712846507e-07,-3.376028158341991e-07,-1.7322205664299508e-07,8.086316273311989e-07,3.268418484593408e-07,-3.0548344329656836e-10,1.9805237190970087e-08,-5.136780334600604e-07,-3.8912500668890993e-07,-1.3474619299935251e-08,-1.318054158295995e-09,-4.254226415955054e-07,-4.5134101066510406e-07,1.907475694412367e-09,-1.4433594153974377e-08,2.7036360696556414e-07,-3.8413191645718535e-07,1.5743662466270994e-08,4.198509204741015e-09,8.374168409652385e-07,7.33379249303308e-08,1.7484632680108048e-09,1.2330378420468543e-08,4.7606390646948487e-07,-3.3493976758339723e-07,-7.668659851342229e-09,-3.792028351187059e-10,4.163112616077757e-07,3.854471252136543e-09,6.62304377104008e-09,-8.489414256577439e-09,3.172745156677458e-07,-3.774742117736135e-07,10mV,1,22,1.5661581082295026,3.797919945811622e-05,3.179535700960568e-05,-2.7729614154043265e-07,-1.7046529577628253e-07,0.003798210530236418,0.003179778971899915,-0.002773385758326271,-0.0017049138187372986
9.52744,0.0100003,3.405645376635682e-05,2.893264004941722e-05,0.010000280664677395,4.87890977618477e-19,-2.5350329249394183e-07,-1.6606336293419217e-07,-4.156043206578452e-07,4.814879786189849e-07,-3.0895904105157546e-07,-1.7367860747820815e-07,5.661854717265586e-07,2.0104049236676126e-07,1.9860436820652948e-10,1.933603831448322e-08,2.0524821134152806e-08,1.4251693998798732e-07,-1.1143550977451855e-08,1.3967491355668442e-10,8.439544376551405e-07,3.472111284624597e-07,1.8599671866382834e-09,-1.1617679111672098e-08,-4.071870077823143e-08,2.842416850588692e-07,1.1171304727425819e-08,2.3416949418508564e-09,3.938505948973627e-07,-1.2002019441222338e-07,2.7274391595172063e-09,1.1805415652121682e-08,5.921242954875597e-07,-1.319074241706012e-07,-8.75061018991931e-09,-1.7140112418557198e-09,3.558732195279008e-08,-9.747710402502748e-08,3.501577667860877e-09,-5.317357528626688e-09,3.458461452574933e-07,3.843654506921149e-07,10mV,1,21,1.5621948396045051,3.405645376635682e-05,2.893264004941722e-05,-2.5350329249394183e-07,-1.6606336293419217e-07,0.003405549794882229,0.0028931828035199027,-0.0025348906320903203,-0.0016605404170257805
7.524077,0.0100007,3.038849692305479e-05,2.6214862888285927e-05,0.010000745379529673,2.981555974335137e-19,-2.3119281618708127e-07,-1.5993145707017278e-07,-2.65747721663118e-07,1.9842269317436335e-07,-2.8107883440169837e-07,-1.6734475408014102e-07,1.1552924346985473e-06,-3.145935721264625e-08,1.057369716617909e-10,1.6786565456612222e-08,-3.7633906312956474e-07,5.0929606718186604e-08,-1.0941976433506051e-08,-1.573856918592738e-09,-1.4060880361253453e-07,2.1662942883138445e-07,2.462851296888921e-09,-1.2371280992567978e-08,-2.4554474943574126e-07,-3.9376644583990107e-07,1.113470866763002e-08,1.6004495691562414e-09,2.404789006248922e-07,5.339729599203903e-07,1.149965434726733e-09,1.1972764965710432e-08,3.1278204447893474e-07,3.069507550161881e-07,-9.511416250721915e-09,-2.557054991323576e-10,-2.779047164276939e-07,4.1466167294555835e-07,5.215955667462204e-10,-5.33412884377827e-09,4.0913433544445996e-07,3.181012215452102e-07,10mV,1,20,1.5588449502391468,3.038849692305479e-05,2.6214862888285927e-05,-2.3119281618708127e-07,-1.5993145707017278e-07,0.003038623199552345,0.0026212909031705384,-0.002311583547616366,-0.001599076178087503
5.98659,0.0100002,2.7191807038603274e-05,2.376956854906224e-05,0.010000189832389162,5.692061405548898e-19,-2.0862962689785577e-07,-1.5242534007947888e-07,-3.5547743196421736e-07,-1.913555227723331e-07,-2.5719620570798296e-07,-1.6372448043186312e-07,6.715253715455149e-07,1.7202801712367813e-07,1.2391117006123335e-09,1.5571081484457576e-08,1.0765764011267652e-07,1.0411345374003842e-07,-9.220633907951359e-09,-3.5211267740622494e-10,2.5346474625967765e-07,-4.379190515633373e-08,1.7649723493248795e-09,-1.0125699198814122e-08,4.203693017512099e-07,-4.892765391120211e-07,9.255481937048127e-09,1.1946325102324058e-09,-3.6816569879077676e-08,-1.5152095180633757e-07,2.6448662253586124e-09,9.310540607410703e-09,1.827650038718191e-08,2.306161568331092e-08,-7.853294512880627e-09,-1.218753253403735e-09,-3.151802042275943e-08,-2.3931387749295255e-07,3.368351921702207e-09,-5.73995841298506e-09,3.630837264641622e-07,-5.012366531302031e-07,10mV,1,19,1.5563105708145824,2.7191807038603274e-05,2.376956854906224e-05,-2.0862962689785577e-07,-1.5242534007947888e-07,0.002719129085983244,0.0023769117334229055,-0.002086217061912927,-0.00152419553190965
4.76372,0.0099999,2.4323103846128468e-05,2.1516867716775882e-05,0.009999885219341332,-2.981555974335137e-19,-1.8994274662071178e-07,-1.4351740223460142e-07,-4.508573022355033e-07,-5.055972544367528e-08,-2.3343426772659507e-07,-1.561292141151551e-07,1.9542170369433215e-07,1.0842274352280983e-09,3.7647888973799203e-10,1.380650870582704e-08,-4.5138134732499037e-07,1.9454610339008687e-07,-9.012825772595104e-09,-1.1685450799940514e-09,-1.171023339035149e-07,8.897323486307882e-08,4.712796955711212e-10,-8.571635180606886e-09,-1.4747678535805166e-07,3.9504524489562854e-07,9.030337745685932e-09,2.0761862710656417e-09,1.4900405916444722e-07,1.2874695047815747e-07,2.318037310761033e-09,9.201053389813064e-09,5.662329981148628e-07,-4.4789812462869656e-08,-5.869106525272984e-09,-1.93385330132591e-09,-4.841763192375063e-08,-6.138028730665091e-08,2.2497783267501458e-09,-4.2631859356943054e-09,5.8199907616568436e-08,8.572704831894474e-08,10mV,1,18,1.554223557138511,2.4323103846128468e-05,2.1516867716775882e-05,-1.8994274662071178e-07,-1.4351740223460142e-07,0.0024323383031521007,0.0021517114691635576,-0.001899471070464988,-0.001435206968957176
3.76506,0.01,2.1676218031454023e-05,1.939974253884754e-05,0.009999953050050003,-4.336808689942018e-19,-1.7063665871431133e-07,-1.346670687684602e-07,-5.48448988451658e-07,1.6344463479484665e-07,-2.1018911309011482e-07,-1.4836358781122826e-07,5.788854237411995e-07,-9.886896832721264e-08,1.3998710517133702e-09,1.2631252319664345e-08,-2.9109961751611543e-07,-4.1427904647814955e-09,-7.313175340155258e-09,7.490311543292207e-10,2.1169154303880972e-07,-2.5271311082306985e-07,1.1470009892021282e-09,-7.2578706932752e-09,2.9863718985777587e-07,4.531368337673375e-07,7.4195409121295685e-09,1.2630512977648985e-09,1.876593555840564e-07,-3.8018522561743335e-08,1.718818448694283e-09,7.65741948866035e-09,5.517540826594879e-07,1.1611086742385064e-07,-5.771543328463201e-09,-1.66596012067551e-10,-4.998804272126027e-08,-8.61673106070429e-08,1.7387106054266335e-09,-3.949751800299364e-09,4.613993329790489e-07,5.359143312491158e-08,10mV,1,17,1.5526368518374492,2.1676218031454023e-05,1.939974253884754e-05,-1.7063665871431133e-07,-1.346670687684602e-07,0.00216763198016671,0.0019399833620969383,-0.0017063826100211428,-0.0013466833329979465
3.008665,0.0100003,1.941658687422692e-05,1.7547923168419093e-05,0.010000346487978323,8.944667923005412e-19,-1.5425506481118426e-07,-1.2569266404283216e-07,-4.940519608043542e-07,-2.0591963143445531e-07,-1.8988850379098434e-07,-1.392603981842922e-07,6.943932772984274e-07,1.859369184340635e-07,1.0643615051625654e-09,1.1136524442430692e-08,-6.599182260504863e-08,-3.275485168783645e-08,-7.087615359192697e-09,-9.90861187363958e-11,-1.1490750305263719e-07,1.3599358884575e-08,2.97990751981261e-10,-6.887753982049163e-09,9.713882803808177e-09,2.725663774295302e-07,6.045469585310466e-09,5.034944875328906e-10,1.658568544144988e-08,8.906243162060906e-08,1.477459016075319e-09,7.376805185500771e-09,4.2142101373648254e-07,1.4433247770503897e-07,-5.1876280615940724e-09,-3.3790438425376277e-10,6.697541319028146e-08,-3.641020017006999e-07,1.3778466738429901e-09,-3.449002279310127e-09,6.841157786186499e-08,-2.040276943724836e-07,10mV,1,16,1.551366803370853,1.941658687422692e-05,1.7547923168419093e-05,-1.5425506481118426e-07,-1.2569266404283216e-07,0.0019415914136143289,0.001754731517504309,-0.0015424437586161585,-0.0012568395429609727
2.38186,0.01,1.7307663452526216e-05,1.5787242772227343e-05,0.00999998328179053,5.149960319306146e-19,-1.38761858746222e-07,-1.1666920326105312e-07,-2.6811577593823957e-07,-7.710553213853033e-08,-1.7156880738273473e-07,-1.304270658931443e-07,2.871732189147995e-07,7.788604548409319e-08,1.1869549464775085e-09,1.0387325382723302e-08,-1.7549311756215496e-07,2.5166408829948104e-08,-5.555484015538745e-09,6.494207904474965e-11,-5.5010713099999565e-08,-7.443017130057002e-08,8.497756019297831e-10,-5.780021545393454e-09,1.6671433700196885e-07,-1.4405988404321733e-07,6.265063166504486e-09,1.1352291205132625e-09,2.991780380203123e-07,4.667730396632916e-08,1.977572285842771e-09,6.147256312783857e-09,3.1795559825014105e-07,2.3363486689786734e-07,-4.622176209689505e-09,-8.352789785997348e-10,-3.2731074941214146e-07,-6.787931470049353e-08,1.6311698355488609e-09,-2.4670925594596586e-09,4.16667003939786e-07,5.6702549221515587e-08,10mV,1,15,1.5503022405216826,1.7307663452526216e-05,1.5787242772227343e-05,-1.38761858746222e-07,-1.1666920326105312e-07,0.0017307692387888895,0.001578726916571463,-0.0013876232271734967,-0.0011666959336206714
1.890121,0.0099999,1.544379661652532e-05,1.4201806115642735e-05,0.009999905023036885,-5.963111948670274e-19,-1.2440297199506713e-07,-1.07230393187121e-07,-3.9506202817000644e-07,1.8042102300569773e-08,-1.5355405384707094e-07,-1.2062954431904965e-07,3.9022871116463494e-07,3.0384629002579124e-08,8.031162496924898e-10,8.679834742994872e-09,-3.517271078653224e-07,-4.994677856244885e-08,-4.998101510871477e-09,3.4250779727367775e-10,-7.476585032407991e-08,-1.2992419438603705e-07,5.894229078811115e-10,-4.75317341291614e-09,8.085781604064992e-08,9.437373082173708e-08,5.33635105770365e-09,7.954007239759674e-10,2.7123521463492075e-07,9.871770415453712e-08,1.6910785229664958e-09,4.784858334425569e-09,3.472007301685995e-07,5.640262513926864e-08,-3.002754809156841e-09,-4.175390234458574e-12,-5.069617612745358e-08,-1.4219243793551245e-07,1.1547406928418018e-09,-2.358307577703765e-09,1.5005441216759438e-07,-4.12508442643799e-08,10mV,1,14,1.5494819807124007,1.544379661652532e-05,1.4201806115642735e-05,-1.2440297199506713e-07,-1.07230393187121e-07,0.001544394329840862,0.0014201941001365402,-0.0012440533511202984,-0.0010723243009955964
1.502404,0.0100005,1.3791922926495901e-05,1.2772681100591576e-05,0.010000514178761542,-1.0299920638612292e-18,-1.1184108796976001e-07,-9.820848981223505e-08,-2.7472078785581505e-07,-9.61587008354303e-08,-1.385446846594927e-07,-1.1129962682999776e-07,4.7581427099661166e-07,1.298955327884195e-07,9.581148860783127e-10,7.677357319496504e-09,-2.0600702738572953e-07,7.610530064929143e-08,-3.7198119053470766e-09,3.3978322326328223e-10,-1.91488332368218e-08,-5.143653058008383e-08,4.66957025402083e-10,-4.510508423930862e-09,-9.037320316094345e-08,1.1233830543605037e-07,4.529204456738129e-09,3.345964650472646e-10,-1.2375366047767727e-08,9.07852292864487e-08,1.210076795492828e-09,5.119025354152169e-09,3.13958250559869e-07,4.563232671066789e-08,-3.954029704336376e-09,-9.172811474292966e-10,-2.083522659418918e-07,-1.1138988582847047e-07,1.2348316547135114e-09,-2.1919842499354326e-09,4.1344669447143446e-07,-1.4598086450421936e-07,10mV,1,13,1.5488223449990635,1.3791922926495901e-05,1.2772681100591576e-05,-1.1184108796976001e-07,-9.820848981223505e-08,0.0013791213811572118,0.0012772024390223242,-0.0011182958759433455,-0.0009819839124717898
1.195791,0.01,1.2323029449056446e-05,1.1483670987453366e-05,0.010000015044372717,-6.505213034913027e-19,-1.0042308785022136e-07,-8.956575051063994e-08,-3.7204375117421603e-07,1.1209446554610325e-08,-1.2455280718240363e-07,-1.0259085087210828e-07,5.748454694133395e-07,-6.002722852063965e-08,8.423974336035204e-10,6.629176541531966e-09,-2.1833389316959104e-07,-1.8540945119464326e-07,-3.5583388111763176e-09,4.0716757206436046e-10,-9.233615358849732e-08,-9.099189913674708e-08,7.240405482510062e-10,-3.5319494984383486e-09,7.987835270844258e-08,5.47292185475502e-08,4.141119296252605e-09,7.646867169786023e-10,1.6131100981978296e-07,7.509017683055398e-08,1.180792722971065e-09,3.881957883177399e-09,2.8615668207803153e-07,-8.970199274237321e-08,-2.4599786629256942e-09,-1.7509449696814343e-10,6.466270287560676e-08,-4.097337361614982e-08,1.1073539571497074e-09,-1.575552441755231e-09,2.530162973001833e-07,8.536295183581077e-08,10mV,1,12,1.5483086906907335,1.2323029449056446e-05,1.1483670987453366e-05,-1.0042308785022136e-07,-8.956575051063994e-08,0.0012323010909859535,0.0011483653711016708,-0.0010042278569043063,-0.0008956548101914145
0.9486946,0.0099999,1.0985273652991249e-05,1.0299575498275527e-05,0.009999934961946037,-9.486769009248164e-19,-8.972828335912863e-08,-8.528729299789784e-08,-3.4146923328606793e-07,-2.6835363399638928e-08,-1.0915248602925743e-07,-9.418072574848996e-08,5.204005884363503e-07,1.1406204617192862e-08,7.075703398807937e-10,7.75547428305009e-09,-5.067440105294851e-08,9.998951089271361e-08,-4.439422155679237e-09,2.5760213543503126e-10,-1.7175186254415473e-07,1.3010400525073147e-07,3.4921860675810503e-10,-4.536146185352573e-09,1.05695056786083e-07,-1.1140366344325924e-07,4.521966439854446e-09,1.0931243701601234e-09,4.3882527735810513e-07,1.1969378627923834e-07,9.499916786088387e-10,4.9036457676775255e-09,3.2151618680301965e-07,-5.608322948774519e-08,-3.0105269222112464e-09,-4.2974695844627315e-10,-6.451605150304532e-08,-6.120442913249961e-08,1.0461688053496377e-09,-2.3025451684930873e-09,1.0790218613638307e-07,3.514745943269012e-08,10mV,1,11,1.5479308822955753,1.0985273652991249e-05,1.0299575498275527e-05,-8.972828335912863e-08,-8.528729299789784e-08,0.0010985345099537986,0.0010299642485145904,-0.0008972945052110212,-0.0008528840239263364
0.7515633,0.0100002,9.793734089017209e-06,9.224881455976843e-06,0.010000184389230816,0.0,-8.009000537770072e-08,-7.699679000163294e-08,-4.021365171906254e-07,4.629747763347558e-08,-9.79916065046205e-08,-8.564508577394352e-08,5.585890487952042e-07,9.736808567022713e-08,4.2769202725836636e-10,6.542777906289506e-09,-3.376774670522397e-07,1.569483638939018e-07,-3.711218934784378e-09,4.296796355542884e-10,-1.1558972424560347e-07,2.3651538813773888e-08,4.631419771838471e-10,-3.749217778704785e-09,8.863127512594224e-08,2.0359054010893427e-08,4.244277529815667e-09,6.189291676327765e-10,1.953134100536146e-07,4.762578255497058e-09,9.34729144452529e-10,3.619356452865857e-09,3.793813513426511e-07,9.841904077450773e-09,-2.655878447394243e-09,-1.1735570089572097e-10,-5.7163545281603434e-08,-1.5755615101613415e-07,5.938167405834762e-10,-1.6559879724147187e-09,2.1721078732110095e-07,-6.202693033683894e-08,10mV,1,10,1.5475727283575653,9.793734089017209e-06,9.224881455976843e-06,-8.009000537770072e-08,-7.699679000163294e-08,0.0009793553506437407,0.0009224711362233585,-0.000800870519124915,-0.0007699395060438957
0.5978954,0.0100002,8.74960078098582e-06,8.274151812974764e-06,0.010000166172225053,-2.168404344971009e-19,-7.208320456455431e-08,-6.945618089018693e-08,-5.354796376238921e-07,-2.7779633073196518e-08,-8.856119934505489e-08,-7.814563359416284e-08,5.110778730323383e-07,1.2090623464164317e-07,4.852870196476303e-10,5.4399778527868035e-09,-2.9198342321251895e-07,1.5944897373576065e-08,-2.7836758651839994e-09,6.167135911742176e-10,8.636131529223258e-08,-9.96750122854306e-09,5.401983305280525e-10,-3.2562288661161874e-09,-5.18941730849341e-08,-1.28243874969329e-07,3.360732164931475e-09,3.3017149058497223e-10,3.0519099783794864e-07,6.167365496588554e-08,9.195109797769099e-10,3.334645137774293e-09,4.7648307251060667e-07,2.438906158030745e-08,-2.0208340144292166e-09,-4.721228780503504e-10,1.0771956029673886e-07,-6.439539640674753e-08,9.257111579448147e-10,-1.4193290587355075e-09,2.050009511884549e-07,-1.0058174395744062e-07,10mV,1,9,1.547286565898757,8.74960078098582e-06,8.274151812974764e-06,-7.208320456455431e-08,-6.945618089018693e-08,0.0008749455389338814,0.0008274014321837766,-0.0007208080897896815,-0.0006945387261009845
0.4763719,0.0100004,7.823714459363248e-06,7.421335580249593e-06,0.010000441603739602,-1.0570971181733668e-18,-6.475593208089935e-08,-6.249069582424144e-08,-5.166370849276446e-07,1.5558967960989848e-07,-7.96077952646349e-08,-7.130219282407247e-08,4.07909530614812e-07,8.305728366052685e-08,6.343572900927186e-10,4.471033373800115e-09,-2.0256225987044539e-07,-1.6992736355404834e-08,-2.3634563486737095e-09,3.92984144324364e-10,5.7540528449412396e-08,9.585551246416585e-08,3.4128227733478866e-10,-2.4447087706488777e-09,6.301580507430093e-08,-6.457668260122033e-08,2.7428790132353423e-09,6.628497426666269e-10,2.933458863999758e-07,1.6097226086425393e-08,7.209195942365137e-10,2.7504527565767346e-09,4.0598463647655574e-07,-1.415390203764078e-07,-1.952589308448841e-09,-3.7068417968486917e-10,-6.816994307350695e-08,1.806771537507594e-08,7.136687086106318e-10,-1.1194755495008078e-09,3.7436321549205996e-07,7.787019026213756e-09,10mV,1,8,1.5470889561584222,7.823714459363248e-06,7.421335580249593e-06,-6.475593208089935e-08,-6.249069582424144e-08,0.0007823368976463619,0.0007421007865767079,-0.000647502131673725,-0.0006248517696482322
0.3780242,0.0099995,6.982876180467108e-06,6.640096987406987e-06,0.009999519568079438,-2.168404344971009e-19,-5.7990147691044156e-08,-5.6012576026361264e-08,-3.6197175619611795e-07,-1.4530180899890352e-07,-7.125190510334892e-08,-6.490996528320174e-08,3.987591860143726e-07,5.1088674042953574e-08,6.742632364328476e-10,3.837317929066549e-09,-1.7060509717721482e-07,1.2586693968513558e-07,-2.0131340987917544e-09,2.2312934874434196e-10,-1.3097935352339088e-07,-6.8929611999042705e-09,3.0461817760888817e-10,-2.0376176867267587e-09,1.0812389637203475e-07,-5.993965585437078e-09,2.048000739057265e-09,3.104677065480835e-10,2.7218093922257586e-07,-6.09538767226098e-08,9.635032204403352e-10,2.1325202417827746e-09,3.1530951480285443e-07,4.719812922557025e-08,-1.5716367304699092e-09,2.7251108446007233e-11,-6.700394192894693e-08,5.359452321849417e-08,4.073882892245676e-10,-9.865375312569507e-10,1.334336257265527e-07,-3.4181332687673525e-08,10mV,1,7,1.5469370124260293,6.982876180467108e-06,6.640096987406987e-06,-5.7990147691044156e-08,-5.6012576026361264e-08,0.0006983211676246839,0.000664041601418889,-0.0005799572015622524,-0.000560179584601373
0.3004808,0.0100004,6.238577136283606e-06,5.9444157127679044e-06,0.010000437546084043,-6.2341624917916505e-19,-5.196469861518431e-08,-5.0245085946583825e-08,-4.292657316884212e-07,5.0433112888818825e-08,-6.442681940149786e-08,-5.881824664521006e-08,3.0329183848768675e-07,1.696501108998608e-08,4.057668756294354e-10,3.0667766233328243e-09,-1.672907692679718e-07,-5.739246310209678e-08,-1.4337994213492443e-09,4.058012185426525e-10,4.2966097453334035e-08,2.6627188538463435e-08,2.1039234812005066e-10,-1.6017254238269427e-09,8.779187373437838e-08,-1.1410206527832218e-07,1.7863736284809516e-09,3.735764500729369e-10,3.3404564491195795e-07,4.767421227598183e-08,5.274155956533744e-10,1.916715087690731e-09,2.63392689512444e-07,7.560090049368755e-08,-1.4440269922467572e-09,-1.7735999208491603e-11,-1.1887983612069413e-07,1.0376387641241486e-07,6.029058726772045e-10,-6.485182248695445e-10,3.683115809528261e-07,-1.0116796388752453e-08,10mV,1,6,1.5468370897208443,6.238577136283606e-06,5.9444157127679044e-06,-5.196469861518431e-08,-5.0245085946583825e-08,0.0006238304181727028,0.0005944155628566083,-0.000519601515235433,-0.0005024068932702482
0.238186,0.0100048,5.5635497462585526e-06,5.309094166738524e-06,0.010004765317921485,-2.168404344971009e-19,-4.617823410664059e-08,-4.47410397863132e-08,-4.823843390793978e-07,2.1327583433064129e-07,-5.7704341883436946e-08,-5.258603584296383e-08,5.75844358263378e-07,-1.8189498537693088e-07,-3.41853372982515e-11,2.686518459875196e-09,-9.959897752098012e-09,-1.4070277734516952e-07,-1.045778694627957e-09,-1.5402619924077823e-10,-9.148380506399511e-08,9.65435772907843e-09,7.508749640502141e-10,-1.0594204384191052e-09,1.8125013897729418e-07,-1.1300147249365513e-09,1.2310205316991634e-09,8.450857006411399e-10,4.052583792998101e-07,8.348731713505323e-08,-2.0338810392936358e-11,1.4895069893346502e-09,4.065840167048536e-07,8.748524424459342e-09,-8.895985956415233e-10,-6.728664254479074e-10,-5.206882902741356e-08,-1.091400451164774e-07,8.889356013163867e-10,-2.98411844253688e-10,2.5686519955505667e-07,-2.3707921709403693e-08,10mV,1,5,1.615006158161688,5.5635497462585526e-06,5.309094166738524e-06,-4.617823410664059e-08,-4.47410397863132e-08,0.0005560899800710562,0.0005306565419608964,-0.00046134254752163464,-0.00044698429190942804
0.1890121,0.0100009,4.966258153827417e-06,4.742179717696635e-06,0.010000922633214377,5.421010862427522e-19,-4.1148292287367296e-08,-4.026668628730753e-08,-4.80198787941051e-07,1.0283960547368429e-08,-5.134865509178905e-08,-4.75451513704533e-08,3.141942912646774e-07,-2.4425400306184526e-07,1.8317884772970337e-11,2.112265250140999e-09,-3.0503658708251434e-07,-1.2174970184422659e-08,-1.0599464390721371e-09,-1.7932668167303833e-10,4.325072669357664e-08,6.834193562825169e-09,5.256441322797966e-10,-1.0077217239519963e-09,5.472745248945432e-08,6.238953346246123e-08,1.2708763473975913e-09,5.737421801651525e-10,-2.6534283134162236e-08,-3.858450657922954e-08,2.1649341982042196e-10,1.3061303336757807e-09,3.7379829619256774e-07,1.0729178396792653e-07,-8.667347874603802e-10,-6.131642422703648e-10,-1.4001868598560275e-07,-2.885316697511133e-08,6.942599981554358e-10,-8.421107242665129e-11,2.9461712425702317e-07,1.470655223559301e-07,10mV,1,4,1.6008767531672765,4.966258153827417e-06,4.742179717696635e-06,-4.1148292287367296e-08,-4.026668628730753e-08,0.0004965799992626502,0.0004741742228809203,-0.00041140700381829244,-0.000402592570390537
0.1502404,0.0100005,4.438603968571174e-06,4.2397933950654345e-06,0.010000458511993831,5.421010862427522e-20,-3.726553469762039e-08,-3.642400639121527e-08,-6.319085971630709e-07,-1.909174326990964e-07,-4.597939967892453e-08,-4.287210047895773e-08,4.517797370085832e-07,-8.207039364549473e-08,1.900908559683395e-11,1.99309780823855e-09,-3.15090806578715e-07,1.1939254675740996e-07,-8.693367222503759e-10,1.0716764411065514e-11,-1.4415965565615644e-07,6.58521018781225e-09,4.1608831293004653e-10,-9.508595405242712e-10,3.908395468443436e-08,7.275702813932639e-08,9.645770553936116e-10,4.829687397090455e-10,1.9913787947601497e-07,5.550349767800613e-08,7.832492675027172e-11,1.0824935084546026e-09,3.29360689262701e-07,-3.584818808084503e-09,-8.04989133620094e-10,-4.548782884760744e-10,-1.0072216468953264e-07,-6.750384222889451e-08,5.995372600460247e-10,-2.3586519418265274e-10,2.284213265418624e-07,1.5866459490470585e-08,10mV,1,3,1.5896508083492067,4.438603968571174e-06,4.2397933950654345e-06,-3.726553469762039e-08,-3.642400639121527e-08,0.00044384004625866214,0.0004239599004366181,-0.0003726211759371658,-0.00036420666452168584
0.1193355,0.0099966,3.9607858601545075e-06,3.785356606394997e-06,0.009996587494360625,9.486769009248164e-19,-3.269388809611741e-08,-3.5506737072506616e-08,-4.940308798370379e-07,2.3773857871588603e-07,-3.9031062437773455e-08,-3.827663173661198e-08,3.19569921662888e-07,9.066620573375391e-08,-9.340746886454204e-11,3.2653120906668298e-09,-3.349469187183162e-07,1.533939934447864e-08,-1.98990608343813e-09,-2.085004022516095e-10,-1.1001378967473942e-08,-6.713763284524231e-08,5.687068153959252e-10,-1.8635179800869597e-09,5.414070912572925e-08,1.4647957148203955e-08,1.8313955131223123e-09,6.741741368335615e-10,1.619146056426143e-07,-7.657041829218997e-08,1.5391161138758465e-11,1.7630419680879352e-09,4.306462697312199e-07,-1.0998656308828458e-08,-1.3555910882596618e-09,-4.749156733522264e-10,-6.814948068334301e-08,1.3658913302333709e-08,7.673419228501907e-10,-8.820547029014187e-10,3.337137921948009e-07,6.361615902889973e-08,10mV,1,2,1.5810985929535217,3.9607858601545075e-06,3.785356606394997e-06,-3.269388809611741e-08,-3.5506737072506616e-08,0.00039621379419616003,0.0003786648802434261,-0.00032716213138617596,-0.0003553098287073825
0.0946587,0.0100012,3.5349528494918098e-06,3.378642161256924e-06,0.010001205687797537,-3.7269449679189215e-19,-2.894796176331976e-08,-3.4938539898453506e-08,-4.345261188473441e-07,3.1182033723134593e-07,-3.2854843586118727e-08,-3.425171842828205e-08,2.5073788656676794e-07,-1.6833981363956937e-07,-2.7288933411266e-10,4.439080884956403e-09,-9.946064582352769e-08,-1.327041199008747e-07,-3.0935218629788183e-09,-3.874970882348405e-10,-1.3898314799273969e-07,2.281044905181843e-07,6.478114736093748e-10,-2.531515619961166e-09,8.533156366203141e-08,1.6271644466852926e-07,2.312449166432389e-09,6.762392294805257e-10,-1.2636125385674928e-07,3.29375786218716e-08,-2.630508228162573e-10,2.3420525576988886e-09,3.875165955464736e-07,6.4664702288116e-09,-1.926746514156284e-09,-6.609027724779788e-10,-1.9551891778424076e-07,-2.4595323039806436e-08,8.664186975029344e-10,-1.3249473502353778e-09,2.804908154374602e-07,2.1538509917462596e-08,10mV,1,1,1.5739165062757574,3.5349528494918098e-06,3.378642161256924e-06,-2.894796176331976e-08,-3.4938539898453506e-08,0.0003534526695921076,0.0003378234851603145,-0.00028940982584699373,-0.00034930116427651643
1500059,0.0050717,0.0009674154981838044,0.00035827112606717256,0.005071674685982871,2.168404344971009e-19,-1.8136832208161033e-06,8.385801024534978e-07,-2.45077152804959e-06,1.367034815300374e-05,1.4270242929324174e-07,-6.938788066552856e-08,-1.4406000952229618e-06,-2.027759783023e-07,-2.1435385846360866e-08,1.516313422615784e-07,-3.4292196945015445e-06,2.3121440124424983e-07,9.993747818474358e-08,-8.212907173546306e-08,-7.274405945163029e-07,7.038604280775161e-07,1.0367714449848164e-07,-5.084142615872891e-08,2.520820371578823e-07,-1.0598335826957586e-06,4.078547290047006e-07,-1.2163550325847985e-07,3.995484599531418e-06,-3.6231803464249157e-06,1.26522191570416e-07,2.63929366818793e-08,4.651650141577789e-07,7.937597564481203e-07,-2.7899293311736588e-08,-3.6019448371882086e-07,3.0595226769365336e-07,-2.3781440737019564e-06,6.839414049383303e-10,-5.168332805114086e-08,-3.4594919228368264e-07,-3.923739822595374e-06,5mV,2,73,2.8859294154414945,0.0009674154981838044,0.00035827112606717256,-1.8136832208161033e-06,8.385801024534978e-07,0.19074872859206723,0.07064158256391419,-0.07051128962107761,0.032601814802016564
1191504,0.0063452,0.0013010384490643374,0.00036444059619892335,0.006345228331934731,-4.336808689942018e-19,-2.9887226758361368e-06,2.7828760932780153e-07,-1.260902222866824e-05,1.0156459366108217e-05,3.311166575010991e-07,-4.916456839759575e-07,-8.103397842230604e-07,-8.453253575373255e-07,-6.641452083023605e-08,1.4582046028347722e-07,2.499605468638471e-06,1.4605815886102476e-06,7.83405838377439e-08,-2.717635557046598e-07,-1.437217499985492e-06,-2.9455860861530728e-06,-2.4421285243386924e-07,-1.4765715753663706e-07,-1.0071526525029619e-06,-3.1916305094254508e-06,2.7024989737034183e-07,2.328865750751594e-08,2.836810708345822e-06,2.235169794203726e-06,1.2366208559385088e-07,3.3475446239695974e-08,2.5154555104042868e-06,2.2501329900473393e-06,1.8205073589969556e-07,-3.792293726028566e-07,-4.3410391079110913e-07,-1.289111977853533e-06,1.5678647453726989e-07,4.3035280020332796e-07,1.4917413412557861e-06,9.452580083918959e-07,5mV,2,72,-2.683243142241552,0.0013010384490643374,0.00036444059619892335,-2.9887226758361368e-06,2.7828760932780153e-07,0.20504202228883955,0.057435379332961126,-0.07423199102258235,0.006911930465926524
946464.9,0.006245,0.0013338183634165931,0.00029882500581025057,0.006245034230252379,1.0842021724855044e-19,-2.524636592290013e-06,-2.4017966541053186e-07,-1.4305125743091127e-05,4.248684093240943e-06,2.4174103388027178e-08,-8.367749105664556e-08,1.290726876537087e-06,1.7432252402614168e-06,1.0110603111699992e-07,-5.242714592173824e-08,2.5501678823697887e-07,3.1900896162933925e-06,-2.3560798215631492e-07,3.060483945978216e-07,-1.8529236438299038e-06,-1.1767954215475904e-06,3.566826730520912e-07,-4.057693107878418e-07,5.65459746552996e-07,-2.012646341601333e-06,-1.62390967742582e-07,6.789410139709347e-08,-2.7085408439618246e-06,7.334063442125339e-07,-2.242840240700261e-07,9.996261286309931e-08,-1.6456266353818155e-06,2.016755406699877e-06,3.921950609951531e-08,-9.453779117007973e-08,-1.5161094710860453e-06,-4.3181489634453973e-07,-1.7695596260520118e-07,2.2228800049692674e-07,-4.336700926053858e-07,-6.050281128897293e-08,5mV,2,71,-1.7107811609311718,0.0013338183634165931,0.00029882500581025057,-2.524636592290013e-06,-2.4017966541053186e-07,0.2135806329059448,0.04785001887782674,-0.06473352046090554,-0.006158381500381934
751816.4,0.0062434,0.0013686385269056165,0.0002536668465295919,0.006243431307085974,0.0,-1.3439091182336818e-06,6.272752261912025e-07,-6.864969976694801e-06,2.951131237118114e-06,-5.419960393422616e-09,-1.690351385748126e-07,-3.4639391488252702e-06,1.0518486502350456e-06,-1.9633012343364297e-07,3.22965951795413e-08,-1.797143362591164e-06,1.8522559972538714e-06,1.1725013413136588e-07,5.100034362964502e-08,2.289946723184886e-06,-1.5095389637585839e-07,6.350259303935064e-08,-5.3940750974318024e-08,-1.568647461381142e-06,-1.3313484569582163e-06,-2.2875053968046425e-08,2.079453251567133e-07,-9.233496961245523e-08,5.371545538264397e-07,-1.4925562690198245e-07,-1.829532830355788e-07,2.3100156444094952e-08,6.935855681567277e-07,-8.741931488653255e-08,1.360578887709617e-07,-2.34835297900358e-06,-1.426255438925215e-07,2.7540319131051177e-08,1.9662687405409602e-07,1.4476792985302924e-06,-2.089406924814482e-07,5mV,2,70,2.2057020045619153,0.0013686385269056165,0.0002536668465295919,-1.3439091182336818e-06,6.272752261912025e-07,0.21921255469765194,0.04062939656943019,-0.03447650432695834,0.01609205321740688
597246.1,0.0063191,0.0014063111625150066,0.00022352127411682772,0.006319123019548113,0.0,-1.2665210835850122e-06,4.1563804677101395e-07,-6.31674693056088e-06,2.7211669325889083e-06,4.635986684219315e-07,-3.7434762938762503e-07,3.5962821190893355e-08,-2.0371631662718524e-06,-2.5255131063760644e-07,-1.5500566001273698e-07,-1.972935233558178e-06,-5.842081163633285e-07,-1.6267753286000507e-08,-2.323244944443119e-08,2.8800448338787364e-06,3.7515014639612027e-07,-6.760909825528652e-08,6.326042501380275e-08,1.1541416806030126e-06,5.33536202613834e-07,1.5925139001068803e-09,-1.3425822412107423e-07,-1.6298082438921298e-06,6.370523399567551e-07,-8.702596620542599e-08,-1.2973001427380412e-07,3.7681234625123753e-07,-6.193374247697006e-07,-9.462204707960026e-08,-3.1354417558913606e-08,-7.205951052610332e-07,-2.923836467445311e-07,-2.946721048202257e-08,1.4935575785803545e-07,1.2435457387510996e-06,-6.742429512271447e-07,5mV,2,69,0.9438579072758161,0.0014063111625150066,0.00022352127411682772,-1.2665210835850122e-06,4.1563804677101395e-07,0.2225484704387941,0.03537219855118629,-0.03171748939986424,0.010408824230011356
474433.6,0.0063259,0.0014179633112123926,0.00020504456087579463,0.006325883794775628,0.0,-1.4057678340166814e-06,3.855798949843186e-07,-4.494838118650839e-06,1.552858020317381e-06,4.932499535607908e-07,4.3845692684768674e-07,-1.3996022027324136e-06,-8.702315327902779e-08,-2.485016285972041e-07,8.720344276174052e-08,5.051387942919602e-07,2.0609966127625954e-06,-1.3837318382206662e-07,-5.043127379510206e-08,-8.002406567450674e-07,1.8061638564921299e-06,1.373072747865366e-08,-7.815875076484357e-08,-5.09890843632436e-07,-2.9952598029329213e-06,-1.6112950480736818e-07,-8.472511496444544e-08,-8.98055651103285e-07,1.6164306391490957e-07,-1.0206750124103675e-07,4.000343913261207e-08,-1.0535810531264374e-06,-8.183003424797425e-09,-1.2950553495263953e-07,1.567029491577872e-08,-1.1978824843544374e-07,2.3119658000079458e-07,-3.008447893292404e-09,8.278404019098317e-08,4.4061038903345834e-07,1.1399755828089485e-06,5mV,2,68,0.7572074096786429,0.0014179633112123926,0.00020504456087579463,-1.4057678340166814e-06,3.855798949843186e-07,0.22415260178877286,0.032413583228502435,-0.03512943640652725,0.009635449092461125
376816.4,0.0063491,0.0014269079462347794,0.00019545426101532347,0.006349102522005303,4.336808689942018e-19,-1.6189111295955515e-06,-2.7107856840917743e-07,-6.773756094031672e-06,5.944320584321373e-07,6.277931019727056e-07,1.3845624049904007e-06,1.6131118310139058e-06,5.262121572455278e-06,-3.5143288499262658e-09,-4.4532778694059155e-08,-2.186722624307152e-06,-4.1426782002666814e-07,-1.5100245343288632e-07,-4.4798900991929453e-07,-1.2896995700641245e-06,-6.430783951615795e-07,9.722071937354752e-08,1.822501355802627e-08,-1.5241951785835702e-06,7.907800446667567e-07,-2.9813649580724885e-07,2.492104892624136e-07,1.1605236864786563e-06,7.448989020095814e-07,-6.457583673009974e-08,8.614788950773923e-09,-1.6744929202397852e-06,-1.59620337729098e-07,4.7387955804206124e-08,-2.5690163291381898e-08,1.2631692433456864e-06,-2.9641394801730654e-07,-2.7942139974110568e-08,-1.1472362484820027e-07,-1.2865087895500046e-06,4.960462197896324e-07,5mV,2,67,-2.3890470694078902,0.0014269079462347794,0.00019545426101532347,-1.6189111295955515e-06,-2.7107856840917743e-07,0.22474167668410938,0.030784549523007385,-0.040160427667401424,-0.006724662669716323
299355.5,0.0063707,0.001431481559636054,0.00019336196551120242,0.006370705087706639,8.673617379884035e-19,-1.3430082891518764e-06,-2.6414291491098263e-07,-3.880841541786867e-06,-1.149644489801934e-06,-7.95313876360629e-07,2.5603437730172686e-06,7.473493917686099e-07,7.172956440109003e-06,-8.216664437517645e-08,-2.8826324506018485e-07,-3.982669675224697e-07,7.017625351365841e-07,4.931703322456017e-07,-1.8813722127363854e-07,5.827480406787035e-07,2.95350971938326e-06,2.5776322493987235e-08,-2.8611251769812978e-08,1.0204436890995357e-06,5.080045420433747e-07,-1.592532534060639e-07,6.110143921872661e-08,-2.5041373891666227e-06,2.280398019125367e-06,1.4653514651418532e-07,3.548269268227415e-07,1.8781017571264273e-06,1.1694649805188166e-06,1.8952384626427562e-07,8.749935810560613e-08,-1.7641837552429367e-08,5.383425347132571e-07,2.3470443165360044e-07,-2.0450053087811907e-08,1.4488202608752987e-07,1.065266316374106e-06,5mV,2,66,-2.0236394385887126,0.001431481559636054,0.00019336196551120242,-1.3430082891518764e-06,-2.6414291491098263e-07,0.22469750834932567,0.030351737028971426,-0.03309052753007422,-0.006508246053533823
237832,0.0064118,0.0014347367053451155,0.00020049272795998852,0.006411814673065614,0.0,-7.807602732937915e-07,-3.0785717930045046e-07,-1.980021691112051e-06,-2.000618786402603e-06,-3.421894697392904e-06,8.99204542281999e-07,-1.3231218484139927e-05,1.6339078273376378e-06,1.3500176807220028e-07,2.6495686007138254e-07,1.041116490070919e-06,2.329482571679527e-06,1.3845193293216298e-07,8.171745399843951e-07,4.9047957423482784e-08,9.150707291669594e-07,1.802853182221568e-07,1.3275333354298689e-07,-8.3180459059023e-07,-7.465857040846004e-07,6.961028117469886e-08,-1.0311001481705506e-07,-1.2267502673236424e-06,-1.3197040927100741e-06,-9.612535867102363e-09,1.7941364543919672e-07,9.467946099393653e-07,-8.380347362451797e-08,-1.2957581600272196e-07,-1.1345238241255809e-07,-9.810962912523858e-07,7.708695246152699e-07,1.3237428561698258e-07,1.389271892711808e-07,1.0789435393868939e-08,7.742265590331105e-07,5mV,2,65,0.13140439080117935,0.0014347367053451155,0.00020049272795998852,-7.807602732937915e-07,-3.0785717930045046e-07,0.22376453133807436,0.03126926434761238,-0.01899134771325451,-0.007488371191648187
188847.7,0.0064925,0.001445205650911436,0.00021894187097020834,0.006492453617017776,0.0,-7.408795188073172e-07,-1.0078529501668061e-06,-5.064591679105516e-06,-4.049921800829542e-06,8.388191218266393e-07,-3.236991087422293e-06,1.8088108515052319e-06,-1.2083338650074455e-05,3.34970757511489e-07,-2.477957194175117e-07,5.302306816654105e-06,-9.59107587186119e-07,-1.5205694989763914e-08,-8.461180465074143e-07,-1.2542999251765032e-07,-1.5172417864454087e-06,-2.1343934661679403e-07,-3.930849678342736e-08,-8.702416152183624e-07,-8.296335403767816e-07,-1.4391117823305747e-07,-3.3428612853685853e-07,-9.003533831178993e-07,-8.222837163849284e-08,-2.8848516948217876e-07,-5.608561284502043e-08,-2.3643438745363894e-07,1.5324880982999593e-07,-1.7203198557624786e-07,-1.2137085130230812e-07,-1.3108533570183162e-06,-5.694352955105771e-07,-1.470764555963713e-07,-1.0711681487127104e-07,-1.651281445919905e-06,2.2068405102386898e-07,5mV,2,64,1.1775467983168713,0.001445205650911436,0.00021894187097020834,-7.408795188073172e-07,-1.0078529501668061e-06,0.22259776290481573,0.03372251599862433,-0.017576397985012742,-0.023909993612751014
150058.6,0.0063771,0.0014056680830585987,0.00023876456463643953,0.006377075722290616,-8.673617379884035e-19,-3.9367936228879226e-07,2.674585324660777e-07,-2.7984093813685036e-06,1.705715104083915e-06,3.487606528597604e-07,1.0093797647030783e-06,2.8285628863052543e-06,5.0338091381798275e-06,-5.2953148835139194e-08,1.3696335901719372e-07,1.4415456193930767e-06,5.42644959945015e-08,-2.69747925805076e-07,-8.925182773686768e-08,-1.1407817733580158e-06,-9.913455239297483e-07,-9.676915517807122e-08,3.028942704198402e-08,9.209769956226493e-08,-1.6141735635266192e-07,1.3471562225939193e-07,-2.1046735717274652e-07,7.168997799939572e-07,1.0776334769592311e-07,6.832357508856832e-08,-7.418789511587518e-08,6.22363823805272e-07,1.3048238950751574e-06,-1.6854010519752915e-07,9.7153519325471e-08,6.401234076611105e-07,1.2164963938150096e-08,-1.0531126740556133e-07,-1.154942885668794e-07,-6.614464542679945e-07,7.452308836712514e-08,5mV,2,63,2.2581917272703453,0.0014056680830585987,0.00023876456463643953,-3.9367936228879226e-07,2.674585324660777e-07,0.22042518299495578,0.03744107409636914,-0.009680538148504055,0.006576779924728315
119238.3,0.006321,0.0013713828267455923,0.0002690706399187806,0.006320956923682313,-1.2265037076242269e-18,-2.6358277422425233e-07,-2.2829828163542698e-07,-2.7378620380350764e-07,-6.409081678453001e-07,-8.221874456737262e-07,4.6965582212697376e-07,-3.739532021887294e-06,1.6129021159993411e-06,-1.5784154034498333e-07,1.3894689970315908e-08,-2.2177731906774423e-06,-3.806476466406533e-08,-1.2539603985777216e-07,4.548698899840849e-08,1.118445382176848e-07,1.5508763382285905e-06,9.633932774277401e-08,2.2717077323582299e-07,2.7069557817958433e-07,-6.940261914858115e-09,-3.556960821667434e-08,9.519014257482914e-08,-1.180213866820244e-07,-9.42997508272911e-07,1.572485662536907e-07,1.4296204707080398e-07,1.0236327686812922e-06,2.0084318234376344e-06,2.415528418675034e-08,6.957455147314277e-08,1.2296562359149928e-07,-6.021917269493644e-07,2.669884643518256e-07,1.5962254266623508e-08,1.3889804285944982e-06,3.3382947383534417e-07,5mV,2,62,3.135917642825402,0.0013713828267455923,0.0002690706399187806,-2.6358277422425233e-07,-2.2829828163542698e-07,0.21695810354402556,0.04256802303313786,-0.006597074116029415,-0.005713957176995572
94746.09,0.0062822,0.001334051409678621,0.0003061221375184566,0.006282154910187335,-2.168404344971009e-19,-1.0528739309004924e-07,-2.2001885601479014e-07,-2.3532495607409876e-07,-6.100546976548735e-07,-4.802972444992997e-07,3.096890635143989e-07,-1.7455716916707912e-06,2.0271565089751124e-06,9.849662796220553e-09,-1.1925287733076342e-07,-1.8244951368203785e-06,-1.8214613369404215e-06,5.789229073054734e-09,4.529678320215104e-07,5.917538959937574e-07,3.141488666357967e-06,-5.774650125651125e-08,-1.4210365233903433e-07,-5.139527617348736e-07,1.1209556937752044e-06,6.377732926894088e-08,1.760338917121945e-08,2.2100327558324106e-06,-1.0598525825934202e-06,4.977840096754029e-08,-2.994536010553516e-07,5.904790109781691e-07,-8.137157759700512e-07,1.2606644636366601e-07,-9.90167922918547e-08,1.7062802871917387e-06,4.829130649609616e-07,8.568227231787038e-08,-1.811411201763822e-07,9.82527610808871e-07,-2.544427275012784e-07,5mV,2,61,-0.31879480504917074,0.001334051409678621,0.0003061221375184566,-1.0528739309004924e-07,-2.2001885601479014e-07,0.21235570098968468,0.048728842554015925,-0.0026678357624552473,-0.005574971088786736
75292.97,0.0061889,0.0012786598786008528,0.000342353997235468,0.006188893578479487,-1.3010426069826053e-18,-2.47247304207284e-07,-4.6070711225539833e-08,6.124430780847213e-08,2.346261490630853e-06,-2.426265242681515e-07,3.754018685038835e-07,8.619015745828098e-07,3.0012841341835717e-06,-5.731369630246751e-08,-4.1804076677715355e-08,-2.2426103214974315e-07,-1.2829689486075503e-06,-6.384394141882412e-08,2.4649983907532573e-07,-9.708308021459684e-07,2.258579491928584e-06,-3.994315626548458e-09,9.777141467924475e-08,1.2452827025627963e-06,-1.062007295907322e-08,7.463622579657219e-08,-1.4537787742710446e-08,6.701063718750019e-08,-4.661297363952382e-07,-3.970406017415931e-08,9.558479229429849e-08,-1.4297872065103778e-06,2.458764342596723e-07,6.4117822456807e-08,8.299860569603787e-08,-1.0596537031011472e-06,7.925008571670263e-07,-9.095085075480599e-08,-1.2080105933858284e-07,-1.3427399029298725e-06,6.132102987635193e-08,5mV,2,60,2.5858124793244097,0.0012786598786008528,0.000342353997235468,-2.47247304207284e-07,-4.6070711225539833e-08,0.20660556889313958,0.05531748007849559,-0.006455138063335144,-0.0012028151432849606
59824.22,0.006139,0.0012138926062222612,0.0003916740633959568,0.006139030448269222,0.0,-4.0810626936955564e-07,3.075877796687742e-08,3.7644851365999284e-07,2.43112103870713e-06,-3.345823146713153e-08,1.3366490300408102e-07,7.68167806763673e-07,5.599733677577948e-07,4.95939391558334e-08,5.953693232682215e-08,-2.4480424107770733e-07,2.824244581638248e-07,2.7320422061267957e-07,-1.245847380970026e-07,1.5592460152207027e-06,-5.69337318360582e-07,-5.841863389906182e-08,7.960603165372052e-08,7.815798333075185e-07,-4.416953626301106e-07,-9.415925027214369e-08,-2.030952079497271e-07,-2.409997960930128e-07,-4.4658155969346557e-07,-2.1627498144003738e-07,8.689230903411669e-08,-9.69257651177341e-07,-2.241180727895353e-07,9.723399854117168e-08,1.6724211049384706e-07,2.046244645803721e-06,1.8040504254067379e-06,-1.1212668422482682e-07,1.6777328822785316e-08,-4.602388917698202e-07,-3.002877323021448e-07,5mV,2,59,1.1819793065162028,0.0012138926062222612,0.0003916740633959568,-4.0810626936955564e-07,3.075877796687742e-08,0.19773360247211255,0.06380063866703602,-0.01082863441371018,0.0008161490930544532
47519.53,0.0058834,0.0011002723645533,0.000423472691391364,0.005883406874782733,0.0,-4.375610132848161e-07,-1.0374644336957124e-07,1.1460108539766292e-06,2.787855383299636e-06,2.9437325449487085e-07,6.519888521188105e-08,1.9928129396669256e-06,-6.751920457792579e-07,-1.6509265525399993e-07,-1.6080708197029568e-08,1.1178507345638575e-06,-2.9612143281028245e-07,3.860935531792312e-07,-2.5947215586150095e-08,8.317381825969684e-07,-4.424427880401288e-07,1.7070109688138973e-07,-3.736953602321183e-08,2.1648329234888046e-06,-3.0273152563184606e-07,2.4958010942559796e-07,1.0065932193207843e-07,1.1661445091541028e-06,4.3181881313832855e-08,-1.5583128949206733e-07,-6.55949112578525e-08,-1.4814006221028887e-06,3.0235892549385995e-07,3.8713878462133684e-08,2.8544653945365492e-08,1.762561970679595e-06,-2.566902193652826e-06,3.7146889018825244e-08,-6.484903234641436e-08,2.2990727124115338e-07,-1.2983295816692608e-06,5mV,2,58,0.0025289920703314727,0.0011002723645533,0.000423472691391364,-4.375610132848161e-07,-1.0374644336957124e-07,0.18701279513223057,0.07197746142739828,-0.01264098314077517,-0.0029971981089103243
37792.97,0.0056299,0.0009781418224033777,0.0004486081165457568,0.005629941257434603,4.336808689942018e-19,-5.603546504640536e-07,-1.898786353143395e-07,-1.9656340765025894e-06,1.45099506587654e-06,4.606302546013063e-07,2.0465276106281367e-07,2.146666171590124e-06,-3.5363609261694703e-07,-7.750344285695319e-08,1.6150925714101182e-07,-1.7858293539892366e-06,1.9587983521462874e-06,3.87535627663779e-07,-2.8537504424523843e-07,9.65001816263279e-07,-1.6720071616531506e-06,1.1488170884928074e-07,-5.107677086437153e-09,1.0387830620334359e-06,-3.5907041527439215e-06,-1.0228016399529071e-07,-1.979167570462648e-07,-1.7674221403067963e-07,-8.075316179582085e-07,2.610649144749459e-08,7.108043851327162e-08,-2.50717512109445e-08,-1.4610662874313993e-06,-1.1638972857224752e-08,5.8889935539376845e-08,-8.339646384463232e-07,-1.8454485064003715e-07,7.697697413637875e-08,1.5686746712121992e-07,6.320471571053207e-07,1.546136330115347e-06,5mV,2,57,0.9394650566978879,0.0009781418224033777,0.0004486081165457568,-5.603546504640536e-07,-1.898786353143395e-07,0.17373925902187617,0.07968255724752876,-0.017678900585161132,-0.005990573138258646
29941.41,0.005383,0.0008480598914350768,0.00046247347333484287,0.005383032089047954,-4.336808689942018e-19,-6.568388100485327e-07,-2.930180526591712e-07,-2.476442262770191e-06,2.5781218898514647e-06,4.570317919747611e-07,2.540402233618289e-07,3.3425519264416666e-06,-5.369300756977245e-07,1.6038713861510404e-07,2.173928221534787e-07,2.1221135382157966e-07,7.546173209392182e-07,-3.129915775239265e-07,-2.49282302645452e-07,-2.8486555841099323e-06,-1.973511506869e-06,-3.0228125533495534e-07,-5.31324342899438e-08,-1.0138176322530078e-06,-3.252119544446037e-07,3.778902432522042e-08,-9.464268876082412e-08,6.447464783208711e-07,1.5946923367254923e-06,-1.280385952778093e-07,1.9915340149102683e-07,3.769352252348469e-07,1.5809826494701652e-06,-3.3772215382554294e-07,-5.448025621110753e-08,-3.126396188826932e-06,-2.638033035965158e-07,-5.209789664244821e-08,-3.7116572791391244e-08,-8.733809853799152e-07,3.9609283191702285e-07,5mV,2,56,-2.1282212203994844,0.0008480598914350768,0.00046247347333484287,-6.568388100485327e-07,-2.930180526591712e-07,0.15754316106725366,0.08591319272938538,-0.02266756491902482,-0.010112078685799993
23847.66,0.0050914,0.000711871563397963,0.0004552657402730363,0.005091392027907336,-4.336808689942018e-19,-4.1393623013688835e-07,-8.107633984227184e-07,-1.9887993694764053e-06,1.3678879684664007e-06,5.05552653680209e-07,8.095641675585782e-08,1.1014541941552574e-06,4.878037260685406e-07,-1.2629328742276308e-07,-9.915835656940726e-08,-5.262138801982928e-07,-1.3770000834718544e-06,-8.219607106862946e-08,-2.2658174901935158e-07,-8.167088436427709e-07,4.133874753143734e-07,4.350092298132623e-08,7.573603523866471e-08,1.2355277747326742e-06,1.4428287589489862e-06,-1.4169672790080991e-08,-6.496083174577963e-08,-7.905626692481641e-07,-3.0902503294453555e-06,8.973604397724216e-08,5.5151932542123924e-08,1.4435214858456314e-07,5.720233591623272e-07,9.535019110860013e-08,1.1737306350458154e-07,-5.183852276501938e-07,-6.369153151991407e-07,-2.5558893430846108e-08,-1.2699665933917133e-07,-4.966329049020656e-07,-9.932113788069445e-08,5mV,2,55,2.207368473847167,0.000711871563397963,0.0004552657402730363,-4.1393623013688835e-07,-8.107633984227184e-07,0.1398186506747068,0.0894187164880642,-0.015968361787585983,-0.031276709617482086
18925.78,0.0050038,0.0006041535406345216,0.0004487931145387317,0.005003756883727486,1.0842021724855044e-19,-2.3888041575991667e-07,-9.471915133726076e-07,-1.3520522798590821e-06,1.1006235992535892e-06,7.024384500625869e-07,1.3780099009391432e-07,6.800676700921308e-06,-1.4694801288208027e-06,1.836952533697935e-08,-1.561174873916593e-07,-9.888040722555148e-07,-1.9824880763309095e-06,-4.635046943186165e-07,-1.1942693469912784e-07,-2.9303313537855784e-06,3.9272585409456577e-07,5.6272460635079016e-08,6.505940771040016e-09,-5.120897321230694e-07,-1.2672369599004623e-06,-5.81994418900433e-08,1.0826387529842439e-07,-1.2757731985280208e-06,3.3820770209447333e-07,-7.640203058569671e-08,-1.7176962454421046e-07,-1.7196017787870248e-06,-4.277811517884905e-06,-1.0019001108403373e-07,-2.403553817726157e-07,-7.30900427507935e-07,-1.1371114173379192e-06,8.647841958799218e-08,-5.5921441022784445e-08,-1.7398951090042275e-06,1.509922865726729e-06,5mV,2,54,-0.1682247537606189,0.0006041535406345216,0.0004487931145387317,-2.3888041575991667e-07,-9.471915133726076e-07,0.12073998690848964,0.08969123100249604,-0.009540873662730313,-0.03783078882691212
15058.59,0.004915,0.0005039072335829634,0.00042528316904698863,0.00491503658883854,8.673617379884035e-19,1.0811588487841643e-07,-1.0315689793188937e-06,-4.9493706175998425e-06,-2.500049075961808e-06,6.371193346275211e-07,-7.433407351223625e-08,3.7795049798421993e-06,-6.124972639642098e-07,1.1582080280908384e-07,4.826362506794945e-08,-9.761040053986583e-07,3.945459065834538e-06,-3.269087352541217e-07,-1.415309035489136e-07,-2.0303521769010608e-07,8.203383707211294e-07,1.3670112626753862e-07,3.7884502538336274e-08,1.026374258656792e-06,2.5189700050057923e-06,1.3226158354736452e-08,-3.4143234637773694e-08,-6.819246394785499e-07,8.983871826995839e-07,-1.5711627702161585e-07,-2.3344675604645047e-08,-2.9589582937350596e-07,-2.027005246435584e-06,-3.047081056605282e-08,3.544151268633747e-08,-7.199991792979281e-07,-4.083898971119071e-07,7.769145117960015e-08,2.2746678041640879e-07,-2.5040699367858086e-06,4.2560384450002723e-07,5mV,2,53,-2.396481664343441,0.0005039072335829634,0.00042528316904698863,1.0811588487841643e-07,-1.0315689793188937e-06,0.10252359763247268,0.08652695892697031,0.004475442655257373,-0.04270166051062639
11863.43,0.0048719,0.0004162988732605127,0.00039153993252187525,0.004871930451207843,4.336808689942018e-19,7.824002113086222e-07,-1.1474338115840467e-06,-1.6231824583399216e-06,-3.761390902111309e-06,8.333758225477054e-07,1.4810869814263573e-07,2.6668550682752233e-06,-2.912185557041804e-06,1.3629497337455304e-07,-1.1363306140687887e-07,2.4686767244579946e-06,-1.1095380494802084e-06,-6.38594617628364e-07,2.5300452017050767e-07,-4.0827137485829435e-06,2.0362305429604313e-06,5.101955207675805e-08,-1.1661163807126137e-07,-7.990742886113845e-08,1.4519535318578795e-06,-4.6472190433803016e-08,1.1528172825384147e-07,6.564013158585682e-07,2.387421844687751e-06,7.352419845037122e-08,-1.613660573355987e-07,1.2274069002683834e-06,1.1993213508609296e-08,-9.37698614244495e-08,-3.383564848817651e-08,-4.348102700727263e-07,2.373196033581067e-06,1.3998335684816667e-08,-4.32462151349855e-08,1.17633516967937e-06,3.0221122082646983e-07,5mV,2,52,-1.0910986887685854,0.0004162988732605127,0.00039153993252187525,7.824002113086222e-07,-1.1474338115840467e-06,0.08544844336956914,0.0803664864355371,0.03296300521729187,-0.0483420967569532
9432.87,0.0058777,0.0004225570661307961,0.00042470758733065397,0.0058776787300119475,8.673617379884035e-19,4.104305161579861e-07,-1.8101480735693737e-06,-1.2779283215578755e-05,-5.538394658042809e-06,3.270435583667088e-07,3.7074066642511726e-08,9.956467724563575e-07,-3.440683901012698e-07,7.545820445005163e-08,6.748381789159687e-08,2.9831215081707693e-07,-6.120841713911392e-07,-2.225297071982384e-07,-1.1287151316665539e-07,-7.549222627829354e-07,-1.4953182275285156e-06,5.59865104845766e-09,-2.199143931305813e-08,-9.102783764752204e-07,-1.895504048091156e-07,-5.075479200433852e-08,3.4237838171316893e-08,9.024127492493295e-07,8.846862701511902e-07,7.130858413298358e-08,-7.224788168381187e-08,2.00184041257014e-07,-7.489765716339464e-07,-1.528874066758745e-08,4.690520012439361e-08,4.024098952280142e-07,4.1643677857245663e-07,-6.946874746297269e-08,-9.941379181567436e-09,-1.264289266491808e-06,-7.331440482348402e-07,5mV,2,51,0.9720448374601922,0.0004225570661307961,0.00042470758733065397,4.104305161579861e-07,-1.8101480735693737e-06,0.0718918276314053,0.07225770696891945,0.011880314989891215,-0.05239651645218077
7558.594,0.0047377,0.00028912465097651166,0.0003040074829890464,0.004737707882981531,8.673617379884035e-19,9.194821146388989e-07,-1.0059521746583205e-06,-5.19734437528355e-06,-5.798393215893064e-06,4.6331759157088474e-07,2.0175598205553422e-08,1.6420269173660455e-06,-1.2031285694382321e-06,-3.683191854310108e-08,-5.520221520496371e-08,2.95287168849212e-07,-1.6495496881791037e-07,-1.9647323196334643e-07,-1.526547992312848e-08,-1.6231892077891314e-06,5.277459613616251e-07,-3.194192746097206e-08,-2.2178423623199625e-08,-3.5257157481953315e-07,1.4397746486212507e-07,5.5412846834147986e-08,-2.032874991502132e-08,1.4401283422972754e-06,-4.288707511614547e-07,-3.570061692654245e-08,-2.7291077717477303e-08,-1.716240410859029e-06,3.4324056003621687e-07,-1.1752467527534798e-09,-3.135296960934152e-08,4.3492805437668844e-07,3.715525986408848e-07,-1.5588784717405456e-08,6.21885008479868e-08,4.3879234570352334e-07,2.8105824511924476e-07,5mV,2,50,-2.5175415986825076,0.00028912465097651166,0.0003040074829890464,9.194821146388989e-07,-1.0059521746583205e-06,0.06102627222228822,0.06416762926247124,0.040964412138571334,-0.0448167928645126
5960.648,0.0047397,0.00024636025624392456,0.00026354831092751144,0.004739670478901134,-8.673617379884035e-19,1.1606121678689636e-06,-2.85642500338504e-07,-1.8927381418926722e-06,-5.63493338995638e-06,4.324199445156109e-07,2.371514654551599e-08,2.2500169289569304e-06,-1.5398560743015803e-06,-6.022920019434362e-09,1.192542548957467e-08,-3.77366114063719e-08,-1.2039891694508411e-06,-3.8570869830813684e-07,1.7333054311884247e-07,-2.096486555866817e-06,6.609823456292705e-07,4.260507359052271e-08,-1.726600936675038e-08,5.3285389299685e-07,7.905059865564448e-07,5.0694171836713944e-08,5.464892181816954e-09,2.6999362894881606e-08,9.860326555881366e-07,-4.633758629568173e-08,4.542086422128318e-08,6.960052622828457e-07,-2.631188696504911e-07,-1.6244631730866228e-07,2.7704385079924707e-08,-4.68878267499071e-07,8.670392045991453e-07,6.351475096807682e-08,3.568470625962192e-08,-9.51910748249023e-08,-2.542690876906644e-07,5mV,2,49,2.1836795784935656,0.00024636025624392456,0.00026354831092751144,1.1606121678689636e-06,-2.85642500338504e-07,0.051978351098585604,0.055604775078923564,0.05166433238981049,-0.012715297573729358
4746.094,0.0048031,0.00021789643422434507,0.0002306375066893207,0.0048030703528025645,0.0,1.0469166027070544e-06,1.150039146351022e-07,2.4296060949195143e-07,-4.606368026138955e-06,5.723174085764941e-07,9.417335166306553e-08,4.053544812929311e-06,-2.146951482981626e-06,3.371797729425291e-08,-3.0071915718323254e-09,7.641606239063095e-07,4.610052269268516e-08,-2.9835569003197916e-07,1.3246975482334297e-07,-7.601615790282732e-07,2.0274862555261297e-06,3.2400451284450525e-08,-4.478682859443007e-08,8.220487511890557e-07,-6.096174124249157e-07,-1.1104836123857811e-08,-2.3465789437596908e-09,2.5723691674592006e-07,-1.2134380553447974e-06,-8.681405384564676e-08,-4.6702285453850476e-08,-1.73288817319062e-06,-7.989206476678281e-07,-3.8381339963161366e-08,-4.3996102373044816e-08,4.454007535081596e-07,5.789140416371515e-07,8.435754015212801e-08,1.9777175211342567e-08,4.6716112728015146e-08,-6.590040575364268e-07,5mV,2,48,-0.3717710852144432,0.00021789643422434507,0.0002306375066893207,1.0469166027070544e-06,1.150039146351022e-07,0.045366071745587426,0.04801876502907042,0.045381013540148,0.004985109791678376
3761.574,0.0048729,0.00019571891396779711,0.00020087391918227924,0.004872909893964016,0.0,7.45563497472256e-07,4.2159550547227483e-07,1.1119952768128009e-06,-2.345997037519261e-06,5.422170771897286e-07,2.1792108851749357e-07,3.972338190253016e-06,-1.634827406766122e-06,5.342613904907702e-08,1.6746744047314144e-08,-2.0732367953712364e-08,-1.996601964559518e-07,-5.966791587040286e-07,1.9884422552321945e-07,-2.7334627542986765e-06,3.1871957535194666e-06,4.694984885785851e-08,-5.062028402031143e-08,1.0012079483082887e-06,2.5289987938252323e-07,8.099008054529182e-08,-5.539124987240257e-08,6.487467654752981e-07,-2.873939942700262e-07,-4.162539627957287e-08,1.1747730778482459e-07,6.795880583356169e-07,1.308976568389527e-06,-2.3938384442351153e-08,1.0143363581310703e-07,-1.9464985373812718e-07,1.3796413356971445e-06,-6.141613417071112e-08,4.063385864813405e-08,-3.097981791633126e-07,-4.4726402041135363e-07,5mV,2,47,-1.8117673398417389,0.00019571891396779711,0.00020087391918227924,7.45563497472256e-07,4.2159550547227483e-07,0.040164689728868275,0.04122258025560827,0.03139842584366258,0.01775494006811305
2993.223,0.0049146,0.0001777024147731712,0.00017460835507698383,0.004914649459483436,0.0,5.149369118773286e-07,5.794715498075383e-07,7.785317241310862e-07,-1.2836273967353624e-06,4.77288112517374e-07,2.5845470585870713e-07,3.95253926831227e-06,-8.756961418438096e-07,5.5417364720303004e-08,-5.887298011974749e-08,5.702701057273021e-07,-1.122402419562385e-08,-5.829985432815657e-07,8.271452950068805e-08,-2.0278097698251258e-06,2.6299716400925204e-06,5.83468493599237e-08,1.0252066653126184e-08,-1.5899614259299558e-07,1.9982513787607736e-07,4.236052616098313e-08,-2.439811560329234e-08,-8.936373188936928e-07,-8.778555116029263e-07,-5.328500972131445e-08,-5.210370612006918e-09,-3.088529670152361e-07,3.1389552745877464e-07,-2.9255271593787682e-08,1.1761510397067547e-07,8.042919880427942e-08,1.8835607671405115e-06,-2.2304284830171797e-08,-4.191401778865094e-08,-6.216131692758832e-07,-1.6024779597384828e-08,5mV,2,46,-0.7998212650740368,0.0001777024147731712,0.00017460835507698383,5.149369118773286e-07,5.794715498075383e-07,0.03615769878160323,0.035528140209482285,0.021319103121582614,0.02399092673572643
2372.685,0.0049175,0.00016181444655145467,0.0001506155499849076,0.004917460921222382,0.0,3.1496989076281653e-07,4.974433707287819e-07,-8.301737968722158e-08,-6.792124604839863e-07,2.2886748441509304e-07,2.2892734297107184e-07,4.964690879941239e-06,-1.6460958920373416e-06,7.477853808689705e-09,6.892993944769932e-08,-2.0080420484050862e-07,5.589841281436492e-07,-6.053572367622884e-07,-1.3426263255682578e-07,-4.246271655373967e-06,3.430862879098185e-06,3.469049812206359e-08,-1.1553914550653569e-08,-7.311426119303309e-08,-1.4920459189263317e-06,1.4126662992697178e-07,-8.179697470177086e-08,1.6357693732880306e-06,-1.7326744626074114e-06,-5.076945299520017e-08,5.954637635708155e-08,2.865382917814392e-08,-2.1576772119746424e-07,-2.6818363889535855e-08,7.955497133334659e-08,4.2724098786550175e-07,6.591845239555231e-07,5.043294116521062e-08,-8.0286802301222e-08,-7.745652760734185e-08,-9.40364311249131e-07,5mV,2,45,-0.05675583485540804,0.00016181444655145467,0.0001506155499849076,3.1496989076281653e-07,4.974433707287819e-07,0.03290609709842511,0.030628723318347713,0.01302528411738182,0.020571303562884533
1886.433,0.004972,0.00015029614438746697,0.0001323659385143885,0.004971968168138786,-6.505213034913027e-19,1.4499953812879163e-07,5.911925154108335e-07,-1.0644062887519851e-06,9.63728269694847e-07,1.827017917037459e-07,2.1003562324604126e-07,3.977779350326087e-06,-3.624423508608004e-07,-5.7750160867924326e-09,-2.612842762875752e-08,4.952663886213455e-07,-7.266620467367198e-07,-4.742927095820415e-07,-2.3152419512681255e-07,-4.536896326788953e-06,1.334247173051919e-06,6.840297487688791e-08,3.373369945619294e-08,-4.495208191869489e-07,-1.0498132193893602e-06,1.3839036703326652e-07,-5.331289286110978e-08,1.5604775936252997e-06,-3.5292076061056206e-07,-5.0625674777516525e-08,8.251311740166693e-08,-3.101867405456211e-07,2.403273806605575e-07,-2.252247866248019e-07,1.208452046346862e-08,-1.6972119993969843e-06,-3.7992849281219816e-07,-2.4731595153833905e-08,-5.065774498816323e-08,-1.3433479067875147e-06,-9.860496677030319e-07,5mV,2,44,1.3133908819188185,0.00015029614438746697,0.0001323659385143885,1.4499953812879163e-07,5.911925154108335e-07,0.03022870205617769,0.026622442871338536,0.005865566188591385,0.02391510258647869
1506.696,0.0049751,0.0001390262594141686,0.00011641315179389939,0.004975094978134707,1.0842021724855044e-19,4.760530526813795e-08,3.845311121275781e-07,-1.0908394650630528e-06,-1.2407811881930064e-06,2.1777253397802723e-07,2.2150363146002143e-07,4.734391785906601e-06,-3.846334161324721e-07,-4.995481114689076e-08,3.968313014333815e-08,-9.607468753903093e-07,-3.227349327191783e-07,-4.053975842381467e-07,-2.1739042716925646e-07,-5.049804286935406e-06,1.3011545930353309e-06,-2.1861236418229263e-08,2.678406689202881e-08,2.189410335620277e-07,1.2399365372467338e-07,1.8455561641623023e-07,3.3122396599253977e-09,1.4000847323273389e-06,-1.6966330127335056e-06,-1.3131549063079717e-07,5.0472751239700327e-08,-3.270019594753983e-07,-2.570817185155421e-07,-4.9337369041854474e-08,1.7608193730431073e-08,-1.7392887224232825e-07,1.4173940730739637e-08,3.78250194178657e-08,-8.642551094064013e-08,-5.489824235327759e-07,-1.1560015853730013e-06,5mV,2,43,1.4386087557187903,0.0001390262594141686,0.00011641315179389939,4.760530526813795e-08,3.845311121275781e-07,0.027944443276999142,0.023399181785579846,0.001923324669440955,0.015535625072811655
1185.994,0.0049867,0.00012871763820253756,0.00010252644062237535,0.004986673760423058,0.0,-5.633598370885298e-08,3.377521983948794e-07,-9.028545974671749e-07,-2.800368282193756e-07,4.2979559462543934e-08,1.9047714697192506e-07,2.878751983655758e-06,-8.457208283902843e-07,5.628718500360356e-08,9.837992965773272e-08,8.666864297718825e-07,1.4288581149822566e-06,-2.8304946527509634e-07,-1.656594956914858e-07,-4.504601018880165e-06,1.2132333407961575e-06,-1.8491128043338753e-08,3.3590435350881937e-09,-2.7607622567103283e-07,-7.826660254849366e-07,1.298908882367397e-07,-2.0938208406509235e-08,1.468823270552183e-06,-2.1507915711721267e-06,-8.456050361087587e-08,4.4151626001492416e-08,-1.0637746772289956e-06,1.4384459192609553e-07,-1.0584590384620079e-07,6.342182054395956e-08,2.350511735074827e-07,9.701296098681664e-07,6.00244573960344e-08,-3.5791794113866534e-08,2.992449581215487e-07,-2.642761706325851e-07,5mV,2,42,-0.16981109897554897,0.00012871763820253756,0.00010252644062237535,-5.633598370885298e-08,3.377521983948794e-07,0.025812323882927816,0.02056008585042813,-0.002265499490863929,0.013582392338371954
948.6607,0.0049717,0.00011937466081249043,9.142864335441836e-05,0.004971686185482398,0.0,-1.9472795844205691e-07,2.9148242640476187e-07,-1.8935777571784985e-06,6.330356199136089e-07,1.3453659260740241e-07,6.907574148796332e-08,4.0348518310453836e-06,-6.933161685807534e-07,8.277570541347847e-08,-6.182083373257063e-08,1.135843193006664e-06,1.7533186438671428e-06,-3.1367965445699275e-07,-1.9550353908995405e-07,-4.708159598373482e-06,6.285462229993841e-07,-6.040112739875133e-08,4.194689607272611e-08,-3.9668996705819325e-07,3.6546515133137934e-07,2.694622540735065e-07,1.423980201684391e-07,1.2970801884090436e-06,-5.300800942639289e-07,2.302061961344352e-08,7.414397462061293e-08,-7.23458866832437e-07,5.405859155157412e-07,3.994205640019565e-08,2.0875276806868116e-07,8.470855999612624e-08,2.604417961252501e-06,9.095702045574467e-08,-1.5010000742570568e-07,1.2332023494343916e-06,5.183806832830234e-07,5mV,2,41,-0.10840743656376743,0.00011937466081249043,9.142864335441836e-05,-1.9472795844205691e-07,2.9148242640476187e-07,0.024010900197416144,0.018389866122563228,-0.007878089214622012,0.011792474886930535
752.3148,0.0049942,0.00011107507151523354,8.23473010254542e-05,0.0049941757000656496,4.336808689942018e-19,2.2402272023940528e-09,1.222675207912671e-07,-4.79857580651921e-07,-1.1740936634053988e-06,-3.5700145229079735e-08,1.3295973384068722e-07,4.975618418674016e-06,-7.410014629932518e-07,3.14483963224054e-08,-7.62788456773601e-09,3.476807482716604e-07,-9.599692570679971e-07,-1.4313925506201615e-07,-2.530293502620957e-07,-4.149025428319821e-06,2.686675146659447e-07,6.026297900925657e-08,-2.564448006240331e-09,7.882694138818239e-07,-4.645731190398721e-08,7.195734174922822e-08,8.712253223505525e-09,5.306794990386689e-07,3.412816339567631e-07,-1.7214485283645523e-07,5.4833163377486024e-08,-3.1877101404230713e-06,1.4097029976299736e-06,-1.0343742298393093e-07,-4.666609346838693e-08,-6.404429841448672e-07,8.931105228163039e-07,1.2110721418747667e-07,-1.0618649052147287e-07,2.22888615874196e-06,-2.58105291738482e-07,5mV,2,40,0.7630667027360487,0.00011107507151523354,8.23473010254542e-05,2.2402272023940528e-09,1.222675207912671e-07,0.02224092186299602,0.016488667193741643,8.98182175168872e-05,0.004902114734587873
599.564,0.0049885,0.00010284603345372076,7.442428806550222e-05,0.0049885207030394615,-4.336808689942018e-19,-1.3316692243198005e-07,1.9941676593867142e-07,7.393972841027334e-07,-2.468359711394383e-07,3.1159533882336866e-08,9.078061135051698e-08,4.7352633690734714e-06,-2.634458510932267e-06,4.77135186983759e-08,4.285906028316954e-08,1.6574621451306523e-06,-1.1991368483323447e-06,-4.4013302415009644e-08,-6.433337369319042e-08,-2.737515046987183e-06,1.8458178550764083e-06,4.623854187757095e-08,2.3768906301112883e-08,2.879475837694644e-07,-2.7908815067296186e-07,-1.0881160988182453e-08,1.9345390640769423e-07,-9.778412176709743e-07,-7.577378539744677e-08,-1.048302336406676e-08,-8.086877621029167e-08,-1.4432159827478619e-06,6.283376343342989e-07,-1.0654249895712805e-07,2.725861369534318e-08,-1.0974194499622667e-06,1.007123785668942e-06,-5.135295169953302e-08,-1.7346864087591094e-07,3.6996226655201865e-07,-1.6606528276270806e-06,5mV,2,39,2.1308513898739116,0.00010284603345372076,7.442428806550222e-05,-1.3316692243198005e-07,1.9941676593867142e-07,0.020616539366280984,0.014919109791437,-0.0053512199884969665,0.008013423787558895
474.0168,0.0049813,9.484091172566105e-05,6.744394594141776e-05,0.004981330247894151,-1.0842021724855044e-19,-9.694185877633241e-08,1.8421991264054735e-07,-3.9211502298451305e-07,1.198784970566818e-06,2.3979148588666544e-08,5.2937854813503645e-08,3.525718209967657e-06,-2.543371663926208e-07,1.5333591974200613e-08,3.794641410108002e-08,-3.669708513343814e-07,-7.362132364491759e-07,-1.5827782762638652e-07,4.22780834673856e-08,-2.0821411040275997e-06,3.2491618803734373e-06,-8.89055989262915e-09,-6.339142618303621e-08,3.220996012855803e-07,-5.881465827584747e-07,2.8865592093572574e-08,8.802545320622174e-10,1.286162590474055e-06,-9.367843247272193e-07,-6.251072067265937e-08,-4.771228053762187e-09,-5.460067985290412e-07,-5.488970855932706e-07,-2.0060656762338093e-08,3.6126893016001755e-08,-6.554318409665256e-07,1.2620482980852518e-06,-8.750007516231436e-09,-3.487440540854861e-08,-6.156171161082022e-08,-5.368632926830077e-07,5mV,2,38,-0.10604180071099932,9.484091172566105e-05,6.744394594141776e-05,-9.694185877633241e-08,1.8421991264054735e-07,0.01903927405049181,0.013539344429117016,-0.003906795441976189,0.007424135704741134
377.1552,0.0050071,8.791035477080459e-05,6.214179081481992e-05,0.005007092432089461,1.0842021724855044e-19,-1.280179458579784e-07,1.4541790495788492e-07,-1.0081837003900975e-06,-5.336695909043914e-07,2.3517140650772187e-08,1.887895876108354e-08,3.2012178943551303e-06,-2.5492414980767823e-06,5.7403335746864266e-08,-4.271454257731718e-08,3.942822555094103e-07,-4.290000481533975e-07,-2.2844270103346945e-07,3.1549584410554316e-08,-2.6300711122754435e-06,3.2902092171142547e-06,1.3976198130774187e-08,3.991664720659313e-10,1.4193472690024153e-06,6.64430255939714e-07,7.204854548037531e-08,-4.1167905347695406e-08,1.2741058218470332e-06,-1.1702142505432387e-06,-6.574364260604687e-08,7.725086625679037e-08,-2.9255093068284323e-07,1.0881183456135762e-06,-2.307682187643879e-08,3.317489079944225e-08,6.491397871154866e-07,8.967115679666802e-07,-4.791099212764998e-09,-3.2919047263333375e-08,-6.410079543713645e-07,2.07564769390599e-07,5mV,2,37,0.15401950015511437,8.791035477080459e-05,6.214179081481992e-05,-1.280179458579784e-07,1.4541790495788492e-07,0.017557166352153715,0.012410753677436734,-0.005106221348812095,0.0058002493776867885
298.2954,0.0050032,8.060899882947944e-05,5.691878243635495e-05,0.0050032193526259395,4.336808689942018e-19,-1.8783461981392384e-07,1.797505845110028e-07,-1.8944620821482101e-06,2.2325852851898043e-06,-9.428389633223944e-09,5.9276981474653725e-08,3.252448743353123e-06,-2.203286790155379e-06,-3.769687022723986e-08,-5.934505386797936e-08,-2.6043584503672416e-07,7.928680059160614e-09,-1.4306402425415986e-07,8.352675349567896e-08,-1.4341468433761912e-06,4.429507309142144e-06,-1.061586413659989e-08,-1.5833427226018732e-08,-1.661419833957703e-07,-1.0452269688716727e-06,2.7060571127423612e-08,-2.983888460195685e-08,-6.609833086386817e-08,-8.740455344422405e-07,1.6884818878144937e-08,7.742679322784338e-08,2.3942162368450434e-08,1.0526326154361715e-06,-4.012914180720472e-08,1.7467261099283432e-08,8.988317208451601e-07,-9.942327350576213e-07,2.099011859515284e-08,-3.192814901016883e-08,2.7201509900078555e-07,-5.71884813382922e-07,5mV,2,36,-2.0957732112736416,8.060899882947944e-05,5.691878243635495e-05,-1.8783461981392384e-07,1.797505845110028e-07,0.01611142609351553,0.011376431538321645,-0.007503718834971569,0.0071807734267971025
236.7424,0.0049954,7.37564877480284e-05,5.239412444216687e-05,0.004995391279285867,0.0,-2.0680185632141465e-07,8.448866528357395e-08,-8.89554414644423e-07,-1.5334255877367892e-07,-1.9635919884681466e-08,1.1439505190021645e-08,2.4447445635761874e-06,-1.47385309471044e-06,9.062378556783464e-09,4.754056505578728e-09,4.500189469349222e-07,-2.1462535035356582e-07,-4.8776123563929465e-08,1.2514989170377586e-07,-3.737391791686022e-08,3.5486374794467535e-06,9.22653727465719e-09,1.1872977414837429e-08,3.0894139964212404e-07,-2.942040815008108e-07,-1.1172925604230142e-09,-8.093072911644205e-08,4.1579525437069255e-08,-4.348512696883243e-07,1.1704509164510554e-08,3.007132659407819e-08,4.222916383864587e-07,1.3222001446455218e-06,7.1857752634433006e-09,4.7363972081942554e-08,4.034694659800098e-07,4.365965624775508e-07,3.824703769762496e-08,2.489396679032353e-08,-4.218209232274979e-07,-7.301816627402881e-07,5mV,2,35,-0.2538538657988871,7.37564877480284e-05,5.239412444216687e-05,-2.0680185632141465e-07,8.448866528357395e-08,0.01476490701616721,0.010488492595049942,-0.008287344834949167,0.003385785390443182
189.0121,0.0049846,6.743264354511581e-05,4.824698860771172e-05,0.004984551995821231,0.0,-1.308940794654269e-07,6.630937739824178e-08,-6.631711144687318e-07,1.0493671676267287e-06,1.3564019746654875e-09,-5.8818186304729557e-08,1.2914692772663881e-06,-4.12223460308626e-06,-3.215137361273738e-08,6.783604565546165e-09,5.069763987568354e-07,7.779229804278735e-08,-3.288599960672615e-08,7.161547588222364e-08,6.014510227035975e-07,3.850162791951827e-06,-2.0338019572570482e-08,-8.946217544079248e-10,-2.474969010312059e-07,-6.145854032898277e-07,-3.14458619087034e-08,5.791999937924299e-09,-3.7818810468213213e-07,-8.586975121329522e-08,-6.480102998472575e-08,2.4823396388952405e-08,5.645233117284691e-08,4.264647513924361e-07,1.4393270724289451e-08,-3.8198323136184865e-09,5.070934548771685e-07,-3.801369026092298e-07,1.4242313291770238e-08,-3.190081937740885e-09,-2.3057524887320257e-07,1.4764150461341265e-07,5mV,2,34,-0.3442916486274007,6.743264354511581e-05,4.824698860771172e-05,-1.308940794654269e-07,6.630937739824178e-08,0.013528325835831898,0.009679302903883696,-0.005268266571279328,0.0026688409264665966
149.6011,0.0049616,6.106989826862052e-05,4.429884727279732e-05,0.004961626065086167,-5.421010862427522e-19,-1.682913535712891e-07,5.861341442703904e-08,-7.313306822182099e-07,1.2241041019099097e-06,-3.4361466356883206e-08,-5.7516619421468506e-08,1.6207865173835517e-06,-3.5716230960792354e-06,3.756880773554187e-08,1.6816121752544912e-08,7.774005162114646e-07,-2.0656348333223322e-07,5.363825673060713e-08,1.3133705254280895e-07,3.619570119766757e-06,3.0645696199722006e-06,-7.658152889062236e-08,1.0776919953011501e-09,-6.332891282186365e-07,8.569193724586403e-08,-1.9856247980029685e-08,2.1111975917267383e-08,-3.523973524470507e-07,1.2969723431220867e-07,4.258414880378056e-08,-4.947085104454479e-08,1.4274195195892793e-07,-5.06917400605427e-07,1.3989919132044928e-08,4.238822204725424e-09,1.762252728489764e-07,-3.158729764190245e-07,-7.1986165445435526e-09,9.74716961588378e-09,-4.026325973981208e-07,5.489057824282509e-07,5mV,2,33,-1.4604002361793396,6.106989826862052e-05,4.429884727279732e-05,-1.682913535712891e-07,5.861341442703904e-08,0.012308444342139261,0.008928292195278123,-0.006836183987268494,0.0023809427914282056
119.1737,0.0049712,5.564766745693814e-05,4.1007407848433095e-05,0.004971214615901092,4.336808689942018e-19,-1.4656516839012365e-07,1.9298147452466722e-09,-2.354988265274277e-07,1.4346060863620054e-06,-9.21496051989087e-08,-1.2500598896920076e-07,-9.888090569530001e-07,-3.5694541581001348e-06,-1.4004500692223953e-08,7.006704199810883e-08,2.885140828541935e-07,-1.4575909801779043e-07,6.295304139112896e-08,7.905246715376775e-08,5.443717584682513e-06,7.612848224381164e-07,4.8248699486798356e-08,6.087184596071694e-09,1.7010236924812767e-08,3.0484259012249557e-07,-9.2374005806839e-09,-1.743766642568415e-08,3.8843886447025846e-07,2.9554571205880524e-07,-1.517975608939174e-08,-1.0542003632967194e-08,-2.1342805409495394e-09,1.5002096872808864e-07,3.6765139032160994e-08,-8.571221720172933e-08,-3.8924425836330995e-07,-7.759688568533401e-07,-1.2759539461861931e-09,4.025653898983284e-08,1.5623011138622743e-07,-2.2582464011935895e-07,5mV,2,32,2.404714939899345,5.564766745693814e-05,4.1007407848433095e-05,-1.4656516839012365e-07,1.9298147452466722e-09,0.011193978083131167,0.008248971532483315,-0.0059306971268823505,7.808913189104637e-05
94.69697,0.0050229,2.5039278113485487e-05,1.5135162425405863e-05,0.002511465570248696,2.497688403216118e-19,-8.459121233199264e-08,-4.4200582050341715e-08,2.490598450452173e-07,-2.296796544693888e-07,-2.647378240608942e-08,-1.0574086652048746e-08,-3.592491164964963e-07,1.6061365152244036e-08,-2.266339827394608e-08,1.4983569052894255e-08,-9.042441993994176e-08,-5.66255488047652e-07,-6.058248153574322e-09,-1.2397238688258762e-08,2.366577376129253e-07,3.1165213718588e-07,-7.320440069490507e-09,8.933325858371665e-09,7.994420320449238e-07,8.014681784178938e-07,1.0752748224841942e-08,5.855767152113632e-08,1.048389469865832e-08,4.881928675588636e-07,1.3158101683653579e-09,-1.290978437585091e-08,9.135739441331614e-07,-2.1907068855645062e-07,2.9786610669796834e-08,-2.014607596793478e-08,8.298639792041559e-07,6.272794642357923e-08,3.05254251847025e-08,7.536952906603512e-09,-1.2368541412895262e-07,-6.504911113652584e-07,5mV,2,31,1.5704338129696624,2.5039278113485487e-05,1.5135162425405863e-05,-8.459121233199264e-08,-4.4200582050341715e-08,0.009969986612639883,0.006026426404048659,-0.013411297349247389,-0.007007668202702249
75,0.0050019,2.249372036484943e-05,1.2422506183158628e-05,0.0025009410857201662,-2.439454888092385e-19,-4.895951877513027e-08,-5.0058025357689753e-08,-4.77695600088254e-07,1.3996319887869152e-07,-1.5582830265338765e-08,6.285319067376649e-09,7.458455999534379e-07,-4.86522880169059e-07,2.997052238990164e-09,1.529195789225508e-08,-3.9002231445381794e-07,4.969098512556635e-07,-1.2746620626984772e-08,1.0560672210362407e-08,-1.2954324970595989e-06,2.3457521686324125e-07,6.82067232160818e-09,-5.197891284859825e-09,-2.0625589004864454e-07,4.3353789011939745e-08,2.671256556401347e-08,-2.3137203072584328e-10,5.007027291498582e-07,-5.341082683783493e-07,-1.255964843444579e-08,9.675146057382695e-09,-4.90774070341913e-07,-1.2085082125506768e-07,-4.133644409240909e-08,-9.171640498315503e-10,-1.2349071065759178e-06,7.958073806138775e-08,8.090998239705464e-09,-2.0991401115723148e-08,2.0569833545469112e-07,-5.555653194820579e-07,5mV,2,30,1.562849586561346,2.249372036484943e-05,1.2422506183158628e-05,-4.895951877513027e-08,-5.0058025357689753e-08,0.00899410245738443,0.0049671326742115034,-0.00782762871913587,-0.008003257522051523
54.50581,0.0050004,3.9887280659128383e-05,2.973922989495395e-05,0.005000356095885978,-1.0842021724855044e-19,-9.381756693656376e-08,-2.364752742763054e-08,-3.48838213050862e-07,1.544936202781711e-07,-3.544832838117502e-08,-2.369859572916373e-08,2.9739055967444046e-07,-2.2737076425418333e-07,-1.0171089214685426e-08,2.1824886781807518e-08,-3.0454945367357726e-07,1.0266863725847746e-07,-6.725077229173672e-09,-1.151517333765651e-09,2.5221308955917964e-08,-1.282316538849928e-06,1.2951748150781179e-08,4.913465811062546e-09,6.98981538117574e-07,-3.341942460635243e-07,5.528675249408532e-08,1.8441759625312167e-08,2.0986262585657937e-06,-3.4285283731915566e-07,1.2895753665074298e-08,-3.385625658068026e-09,-2.3429215216543775e-07,2.2219251205675726e-08,-3.5455480726123636e-08,-2.419279622712544e-08,-9.533770730396028e-07,-6.826321396976143e-07,-3.5389407224090805e-09,-3.5776514895101004e-09,-1.0601229150234333e-07,-5.719410445844096e-07,5mV,2,29,1.5564505436890563,3.9887280659128383e-05,2.973922989495395e-05,-9.381756693656376e-08,-2.364752742763054e-08,0.007976888024423995,0.005947422408460424,-0.0037521682057662827,-0.0009457663789014836
45.95588,0.0049965,3.6739722006613515e-05,2.9263160054057997e-05,0.0049964803707474815,-5.421010862427522e-20,-1.1814962671654395e-07,-5.455705879417206e-08,-1.1404072573941785e-06,1.646605572430584e-07,-6.219062056955699e-08,-2.0041677340115043e-08,-1.068895094098396e-07,-1.6112145662900922e-07,-1.1266660414120733e-08,9.484808054368934e-09,3.068595911273249e-07,2.7155288229574106e-08,-1.3191192795409595e-08,1.7593303731599455e-09,-4.807303627327979e-07,5.233148291857107e-07,1.2936348002745971e-08,-1.8196053353065888e-10,2.278024594737859e-07,2.5092968811602717e-07,2.4676281299977634e-08,2.2887705377490465e-08,1.2601136880095189e-06,1.7584698589324447e-07,-8.355327062989975e-09,3.82564937034044e-09,6.450051664734285e-08,3.175279000515917e-07,-2.1634227401768823e-08,-1.1306686667107698e-08,-8.5684051653007e-07,-2.0402070992615385e-07,6.117345084006363e-09,-2.491351698487681e-09,4.361401797515388e-07,8.725570991272996e-08,5mV,2,28,1.6230510742233333,3.6739722006613515e-05,2.9263160054057997e-05,-1.1814962671654395e-07,-5.455705879417206e-08,0.007353120452891361,0.005856754731867421,-0.004732645586720487,-0.0021853579287740067
37.5,0.0049994,3.348992239012011e-05,2.7116512040763227e-05,0.004999363043727621,-5.421010862427522e-20,-1.1156129747284888e-07,-5.481283457871478e-08,-3.9485615667472713e-07,7.167738840313152e-07,-4.435797618651282e-08,-1.1927741123197102e-08,1.1664994657902534e-06,-1.1102961010248339e-08,-7.448674552365296e-09,1.4125959946028252e-08,-3.0451101864115445e-07,2.4839537398265385e-07,-1.558159477831401e-08,-1.1964330828019784e-08,1.5850572330715093e-07,6.303753218719995e-07,1.3829995794657397e-08,-5.033336317062318e-09,1.6659813014836067e-06,5.00887029285169e-07,3.128353975544253e-09,8.594006948027267e-10,-3.0631063061288366e-07,7.996533600743974e-07,-8.60550069552576e-09,8.225506885344507e-09,-7.536368169014749e-07,-7.471307977484718e-07,-3.01045494690462e-08,-2.514323873885496e-08,-2.3791766060103407e-06,6.018210780577203e-08,1.908167054138811e-09,-5.538290901792676e-09,9.608769289880497e-08,-1.6740375790145653e-07,5mV,2,27,1.608276811779509,3.348992239012011e-05,2.7116512040763227e-05,-1.1156129747284888e-07,-5.481283457871478e-08,0.006698837851381439,0.00542399337747327,-0.0044635890708988706,-0.0021930721039712126
30.04808,0.0050006,3.0197665470466363e-05,2.477578944876602e-05,0.00500058074897094,8.131516293641283e-20,-1.0129602054641431e-07,-6.484460905674245e-08,4.0020226136637033e-07,-2.7352970869964174e-07,-4.20852577014413e-08,-1.5352363550932643e-08,5.935585286383668e-07,3.328611970647724e-08,-7.873832667330787e-09,1.6055219600198604e-08,-9.34576542864064e-07,-4.6431632238944994e-07,-1.3465549763733227e-08,-8.86757839416658e-09,1.1658456755356536e-06,1.1381178515775319e-06,1.0700566632481518e-08,-2.996147468992204e-09,9.309894522039225e-07,2.3700230067274138e-07,-2.610306041833912e-09,-6.4850779097667695e-09,-1.0737140585574732e-06,-3.8976951596823115e-07,-6.437362567890692e-09,7.252009555806617e-09,-3.459712047296634e-07,-5.060555619585473e-08,-2.767340460951927e-08,-1.9112962698013873e-08,-1.3854163162524448e-06,-3.953975512379096e-08,7.2452397414030615e-09,-6.3920885831006384e-09,4.770900913361477e-07,5.942421029430635e-07,5mV,2,26,1.595482611585859,3.0197665470466363e-05,2.477578944876602e-05,-1.0129602054641431e-07,-6.484460905674245e-08,0.00603883168503592,0.004954582416025295,-0.004050899744863512,-0.002593181932190233
23.91582,0.0049991,2.707900142784296e-05,2.2623473511845866e-05,0.0049991456731884746,1.4907779871675686e-19,-9.617753739946764e-08,-6.582963764144989e-08,-2.5033460535463115e-08,3.591997016688549e-08,-4.130390307800567e-08,-2.216014020016129e-08,5.3037057725558234e-08,-1.5556467064882856e-07,-4.547268824436124e-09,1.2381383415640582e-08,-1.053561280029224e-06,-3.62693205364305e-07,-4.8971325391433885e-09,-2.3413165759960215e-09,6.850926280503431e-07,-4.233088887787805e-07,4.950361660702902e-09,-7.911031896517463e-09,3.310912885052614e-09,-2.0466663035582983e-07,1.032833947204979e-08,8.21220544343257e-09,3.4178335755663933e-07,-5.977791576864729e-08,-5.455090095341339e-09,2.550155933245464e-09,1.84500120180631e-07,-4.3011452548801357e-07,-1.2146772637061132e-08,-5.5373908107215394e-09,-5.057151808296157e-07,-2.250447910437883e-07,4.046208528939183e-09,-5.848448070289943e-09,4.874582978954678e-07,1.321770818877256e-07,5mV,2,25,1.5862195836159942,2.707900142784296e-05,2.2623473511845866e-05,-9.617753739946764e-08,-6.582963764144989e-08,0.005416725816387717,0.004525467948089724,-0.003848416505785417,-0.0026340855767287615
18.8253,0.0050006,2.4166008935303176e-05,2.04874954938739e-05,0.005000581870867361,-4.87890977618477e-19,-8.745373999387944e-08,-6.501883934335629e-08,-3.005251937974718e-07,3.115096794700786e-07,-4.296963054423042e-08,-2.59980027389215e-08,-1.2342096828946487e-07,3.97469251804828e-07,-2.555564833599787e-09,1.4425073274156487e-08,2.4151968392901567e-09,-1.1169320294494011e-07,-1.849855168967477e-08,-7.44082295167425e-09,9.890375569409754e-08,3.8908352654274394e-08,6.0514215812279965e-09,-4.280067039893984e-09,5.758717390666644e-07,8.276574147703797e-08,1.1121944917662635e-08,7.365486336333443e-09,1.0771270086597116e-06,-3.6408767518939e-07,-4.0765911960505495e-09,3.503314870793906e-09,6.518186514720887e-07,-3.872486316874518e-07,-1.1551249324593344e-08,-6.661257422370255e-09,-3.8458591829777263e-07,-3.06960094265342e-07,8.612110710464374e-10,-4.0324953950998665e-09,2.513037666267645e-07,6.767538910335621e-07,5mV,2,24,1.5776419240548667,2.4166008935303176e-05,2.04874954938739e-05,-8.745373999387944e-08,-6.501883934335629e-08,0.004832639392645626,0.004097022311189618,-0.003497335553322196,-0.0026001483582883747
15.02404,0.0049992,2.1677361694873335e-05,1.8673863654779494e-05,0.004999244876974284,-4.573977915173222e-20,-8.213187778201605e-08,-6.42017427743203e-08,-1.0624592300327788e-06,-3.191819293525031e-07,-3.701516334200744e-08,-2.5793860333172103e-08,-2.846652109933064e-07,1.8981002700927419e-07,-4.383195561216657e-09,1.0312799816184939e-08,-8.272778249607326e-07,-3.5004037194954024e-07,-1.136070839618642e-08,-4.851509287239174e-09,-7.287237695078092e-07,-2.1846653113255956e-07,6.065833926471816e-09,-2.8772655324656923e-09,-3.429540686535694e-07,5.265377951601131e-07,1.0264890939035576e-08,3.046440331455059e-09,3.550988728725178e-07,-1.131960579152418e-07,-3.4840945527664285e-09,4.906178315389604e-09,2.3629253389388534e-07,5.718771060005035e-07,-1.3765312743815477e-08,-6.876469181734108e-09,-7.227170638815597e-07,1.1376186103019001e-07,3.908074435144275e-09,-4.092261141620542e-09,3.298587571196701e-07,7.024249437965105e-07,5mV,2,23,1.5714409962257154,2.1677361694873335e-05,1.8673863654779494e-05,-8.213187778201605e-08,-6.42017427743203e-08,0.0043361272008730295,0.0037353368587300655,-0.003286267650874768,-0.002568845570157288
11.95791,0.0050004,1.941647222992934e-05,1.6938935361858225e-05,0.005000389175739234,-5.149960319306146e-19,-7.47234055901857e-08,-6.10286896428698e-08,-1.2746190370952729e-07,-4.8866704107131796e-08,-3.427514193269175e-08,-2.5102811105963652e-08,6.696707133554687e-08,3.169752472578466e-08,-3.745666098355841e-09,9.720683628248736e-09,-3.155436772570868e-07,-1.6687343699820838e-07,-7.737847267522582e-09,-2.4615115200824177e-09,-1.8695357576379975e-07,3.8300452937451963e-07,5.7760448580575996e-09,-3.779418664844649e-09,6.368344146662242e-07,-4.650998181524803e-07,5.1461030240287845e-09,-1.4618350044053694e-10,1.4410622356671281e-07,3.89552287738958e-08,-1.9961104782294184e-09,6.042516900412371e-09,-2.0048736648539227e-07,2.9086466141688767e-07,-7.056445423642718e-09,-2.997052493268325e-09,-3.6836600947437814e-07,-3.471744022078042e-07,1.55795562166106e-09,-4.71734272911912e-09,4.93828207886202e-09,4.271452675138827e-08,5mV,2,22,1.5662563761180035,1.941647222992934e-05,1.6938935361858225e-05,-7.47234055901857e-08,-6.10286896428698e-08,0.0038829922127129025,0.0033875234039866618,-0.002988470989339761,-0.002440767615911377
9.52744,0.0049996,1.7383162659853173e-05,1.5336110717108645e-05,0.004999553966586132,2.913793338554793e-19,-6.759908002466375e-08,-5.745096706519687e-08,-4.255049459902878e-07,1.072625568802109e-07,-3.21521297975684e-08,-2.5359733353164816e-08,7.397287170599991e-07,1.3881321237278954e-07,-2.805009674595049e-09,9.208028831241108e-09,-5.009354716262423e-07,1.2953571562498887e-07,-1.083209601479579e-08,-2.7010231758144383e-09,-2.621182770260435e-07,9.170642921312283e-08,4.5554895930740695e-09,-3.680623479248113e-09,7.705298856417004e-07,3.4432018347668614e-07,7.257308363018045e-09,1.252015483719406e-09,-1.3084291330592123e-07,2.728473693227986e-07,-1.014309646716741e-09,3.3938302996102298e-09,1.89168744681464e-07,2.7782236558673365e-08,-8.937145446678168e-09,-2.687341546347905e-09,-6.192094578328606e-08,-6.469579244426817e-08,-1.6557629738262342e-09,-4.0647816760720805e-09,-1.901550287726307e-07,-3.318818398267067e-07,5mV,2,21,1.5621614544432443,1.7383162659853173e-05,1.5336110717108645e-05,-6.759908002466375e-08,-5.745096706519687e-08,0.0034769426984949618,0.0030674957845450907,-0.0027044456887222903,-0.0022984487382921416
7.524077,0.0049993,1.548854768295894e-05,1.383439372559342e-05,0.004999340898365144,-4.0657581468206416e-20,-6.199518309598507e-08,-5.4063403194595025e-08,-7.679366984473833e-07,5.252045441926869e-07,-2.8381329634371204e-08,-2.221212550394623e-08,3.3923392822284845e-07,2.391972387293585e-07,-2.3506778699536392e-09,6.640026083659682e-09,-3.8369566338330715e-07,-3.584498563407709e-07,-6.17611402937073e-09,-8.003408924834778e-10,-1.2404981148772642e-07,-6.811595566333912e-08,5.476913832268048e-09,-2.778579256651312e-09,9.597549127182878e-07,-2.438064281789472e-07,6.874757424184439e-09,9.797832751899202e-10,2.578223527525525e-07,-2.3494471242393923e-07,-1.5311773742007478e-09,3.26937527448542e-09,-3.890101929429214e-07,-7.819249559825525e-08,-4.348519640855052e-09,-9.132122973935426e-10,4.1138546605807713e-07,1.51638980232795e-07,4.575101510410119e-10,-3.2848672233878634e-09,5.936209695552811e-08,1.434500091074594e-07,5mV,2,20,1.5589248118731764,1.548854768295894e-05,1.383439372559342e-05,-6.199518309598507e-08,-5.4063403194595025e-08,0.003098117931510515,0.0027672435240648353,-0.0024804612311584845,-0.0021631063729750876
5.98659,0.0050007,1.3850143023112023e-05,1.249700777299926e-05,0.005000722211924246,4.607859233063394e-19,-5.559821577695231e-08,-5.0458049460564404e-08,-8.804578220246297e-07,-2.5266189588915635e-07,-2.5355532020409214e-08,-2.210846482974933e-08,3.952708875185573e-07,9.188740663691134e-09,-2.073437814542459e-09,5.826509178137285e-09,-2.6956079685356004e-07,-3.077706219974753e-07,-8.468509836309166e-09,-1.7961285498945448e-09,-4.3483867839201115e-07,-4.258276624020927e-07,2.873057345917239e-09,-2.3741583108642624e-09,7.260539474909348e-07,1.3118141239641854e-07,4.3943313633570645e-09,1.4215922852908572e-09,1.341193807931766e-07,1.1948636457397392e-07,-1.9747898593799162e-09,3.3248867843464824e-09,1.5389384748822449e-07,1.6286624288090032e-08,-4.776464938063847e-09,-6.575301490152175e-10,7.731772297748531e-08,2.431601364701108e-07,-7.987835277065712e-11,-1.1106618065672697e-09,-1.8893613834965368e-07,-4.7853614207627405e-08,5mV,2,19,1.5562617877027567,1.3850143023112023e-05,1.249700777299926e-05,-5.559821577695231e-08,-5.0458049460564404e-08,0.002769628552869082,0.002499040587217599,-0.002223286311138364,-0.0020177390422467393
4.76372,0.0050001,1.2375913696577328e-05,1.1272909287654284e-05,0.005000095304163123,5.014435047745458e-19,-4.990098180315958e-08,-4.731866767977456e-08,-4.2923630101925796e-07,-3.947580258635093e-07,-2.4169209598581445e-08,-2.1052469785257024e-08,1.1337990839161284e-07,-1.7735061032002503e-07,-3.0138068809204735e-09,5.356479531148089e-09,-1.3579901910340255e-07,1.1421178201043724e-07,-6.0302793625399834e-09,-1.272709902425798e-09,-3.972787975991376e-09,-2.8607651971452815e-08,3.176051496659978e-09,-2.334834908447653e-09,4.0526058554135937e-07,-1.1611634922759188e-07,4.689648307079577e-09,1.5266798161356516e-09,3.3662802544357084e-08,3.6925004134708445e-07,-8.740391551127727e-10,2.3782272954140664e-09,-2.2640495017703552e-07,-7.980061958286298e-08,-3.950400109439646e-09,-1.0768643804612227e-09,-1.7295668178625096e-07,2.1605402984650925e-07,1.4113021200980618e-10,-2.1960606786704016e-09,-1.971606019791378e-07,-3.7124462848479055e-08,5mV,2,18,1.5543415230828521,1.2375913696577328e-05,1.1272909287654284e-05,-4.990098180315958e-08,-4.731866767977456e-08,0.002475135561170811,0.00225453888414254,-0.001995963181960947,-0.001892674554597548
3.76506,0.0050002,1.1023311887638036e-05,1.0127387814430412e-05,0.005000181661933904,6.776263578034403e-20,-4.499338287752419e-08,-4.361823584438011e-08,-6.933204126633236e-07,-1.625939720836995e-07,-2.1568816092239238e-08,-2.0311099116422777e-08,-7.386260389889784e-08,2.2284434471936365e-07,-1.5942318337260697e-09,5.003675178826928e-09,-2.1466258081548333e-07,6.750083211500517e-08,-6.054981606238239e-09,-8.670811558197572e-10,-3.91950131515166e-07,2.8539808358809003e-07,2.502108876303006e-09,-2.1353749722169258e-09,3.930214635964478e-07,1.1462444997904787e-07,4.0933443759285086e-09,1.687207031214226e-09,3.57458225236421e-08,3.8549037995498975e-08,-1.3394835577343096e-09,2.484263193142752e-09,-8.666038092671433e-08,-2.693639814694438e-07,-3.184565370476424e-09,1.4159309176826543e-10,-3.746842432912141e-08,-2.651966248855539e-08,7.782556416962153e-10,-1.584161288949552e-09,7.624924056705979e-08,-7.748711524443459e-08,5mV,2,17,1.5526290884552045,1.1023311887638036e-05,1.0127387814430412e-05,-4.499338287752419e-08,-4.361823584438011e-08,0.002204582279791528,0.002025403975125471,-0.0017996045448686604,-0.0017446026603149885
3.008665,0.0049997,9.867148359005157e-06,9.13339242222379e-06,0.004999669889515304,2.574980159653073e-19,-4.073007306333178e-08,-3.9955579508161904e-08,-6.069647875474224e-07,-2.074979217614598e-07,-1.847825438581136e-08,-1.8207017563094144e-08,1.3023141242114236e-07,-1.2828240387197218e-07,-1.7696932926922906e-09,3.6666891759038628e-09,-5.658872291793973e-07,-9.684416689318278e-08,-4.178877253458254e-09,-5.934109356710081e-10,-1.2241507462596826e-07,1.2049636019246482e-07,1.919012358968371e-09,-1.3631417360686465e-09,3.9569151664093306e-07,-1.0301471735211916e-07,3.261197442313496e-09,2.1284454873154072e-10,-1.981384287616608e-07,1.5506436038746763e-07,-8.200330409049181e-10,2.7245868762627105e-09,-2.0281663817683558e-08,-5.338034471714341e-08,-4.59841011552405e-09,-1.3263206021546963e-09,-1.2787720720047998e-07,1.3774304426672265e-07,7.858266560462963e-10,-1.6852378959355101e-09,2.3192824103449688e-07,1.1079787170007553e-07,5mV,2,16,1.5513156684356315,9.867148359005157e-06,9.13339242222379e-06,-4.073007306333178e-08,-3.9955579508161904e-08,0.0019735599703687105,0.001826799093551601,-0.0016294180706263996,-0.0015984342373193676
2.38186,0.0050004,8.792952918949693e-06,8.196585233053595e-06,0.005000416786204365,-9.486769009248164e-20,-3.6254917565475655e-08,-3.665825738018967e-08,-4.3147972417025754e-07,-5.309563806536752e-08,-1.7589219404092294e-08,-1.757042530919047e-08,2.2141626267228772e-07,-1.4271171061350773e-07,-1.014938201616845e-09,3.574830705405693e-09,-1.9054053773607626e-07,6.120174456595944e-08,-4.332138282841934e-09,-1.0510911584030601e-09,-2.671848612672723e-07,-6.41205590285393e-08,1.9730711968324017e-09,-1.4803650407388319e-09,4.257609543158827e-07,-7.219699573616764e-08,3.4227460659968632e-09,6.003578023699898e-10,4.552098234157518e-07,-8.221153796962949e-08,-5.372409545760444e-10,1.5439273605811691e-09,-1.360245121389509e-07,1.1923147783616165e-08,-3.0515240671053604e-09,-1.3228059871710612e-09,-3.036095030058477e-07,-3.034108364732101e-08,2.854991243920845e-10,-1.4384426152876086e-09,-3.647824680650575e-08,4.37600215578177e-08,5mV,2,15,1.5503322710582095,8.792952918949693e-06,8.196585233053595e-06,-3.6254917565475655e-08,-3.665825738018967e-08,0.0017584440047494728,0.001639180409054527,-0.001449954964053729,-0.0014660858672750343
1.890121,0.0050001,7.842379013218007e-06,7.354586277516119e-06,0.005000085389342766,1.4907779871675686e-19,-3.26073505122345e-08,-3.3258707715453886e-08,-4.448325299074701e-07,1.3481385014476867e-07,-1.580030781361693e-08,-1.5471701545024874e-08,2.88332947980095e-07,-4.2437638855666446e-08,-9.875737515239166e-10,3.395223136619266e-09,-1.7484064462094874e-07,1.6757720092710274e-08,-3.82389760048609e-09,-1.073886531774589e-09,-3.854948591784813e-07,-1.2653740272091168e-08,1.7761232701860531e-09,-1.3954109276356298e-09,3.2064472556303723e-07,3.280282487513458e-08,2.138044777532471e-09,4.165591121424491e-11,4.335672879855109e-08,-5.975049973153653e-09,-7.671722129419066e-10,1.8560436243429459e-09,-8.90998569801492e-08,7.00170877759591e-08,-2.3789170934493013e-09,8.256508363561421e-11,-1.0171876057420709e-07,9.986683450005421e-08,-1.024537214888878e-10,-1.925632862627016e-09,-1.5129068452593437e-07,1.2560432835064789e-07,5mV,2,14,1.5495365859268646,7.842379013218007e-06,7.354586277516119e-06,-3.26073505122345e-08,-3.3258707715453886e-08,0.0015684490168774588,0.0014708921358006727,-0.001304249472506887,-0.0013303028707550425
1.502404,0.0049999,7.001210930682539e-06,6.600658303180173e-06,0.004999900253012134,-1.0842021724855044e-19,-2.930401581556553e-08,-3.023923555213284e-08,-3.520646194332821e-07,-4.153173139500677e-07,-1.407101284484032e-08,-1.4412654292964488e-08,4.374725463489897e-07,-8.131746285664285e-08,-1.0226617384844742e-09,2.712544541350802e-09,-3.2145930525364835e-07,-2.3566881311707385e-07,-3.5614561118141395e-09,-8.849149794413757e-10,-3.401201440034409e-07,-2.9638759702781785e-08,1.2285599275550889e-09,-8.741208964248535e-10,3.6971728712672413e-07,4.996219598275841e-08,2.2812780222935577e-09,2.6970520619309573e-10,-4.9913282669864375e-08,1.1388174108144336e-07,-7.052548137220672e-10,1.2685303144958196e-09,-2.5877742967829386e-07,7.353368978360786e-08,-1.2886439233428204e-09,3.9165092911500085e-10,2.677755483765207e-07,-1.373893936000022e-07,3.206275877081944e-10,-1.330359967098468e-09,6.498753714868421e-08,2.051235683416142e-08,5mV,2,13,1.5488263022079143,7.001210930682539e-06,6.600658303180173e-06,-2.930401581556553e-08,-3.023923555213284e-08,0.0014002701206818553,0.001320157996992776,-0.0011722074018191023,-0.001209617683892087
1.195791,0.0050001,6.254748651685707e-06,5.922992693627696e-06,0.005000087417311261,4.472333961502706e-19,-2.6460312456103413e-08,-2.720848579511503e-08,-1.7496777848519918e-07,1.2572330159108365e-07,-1.3198479226036485e-08,-1.300055906448904e-08,2.4070431033065863e-07,9.091001894976544e-08,-8.007962399911044e-10,2.3488596381382834e-09,-2.43751981020873e-07,3.753807332016302e-08,-3.0194395878142163e-09,-9.231715596415665e-10,-2.569911916983283e-07,3.069479882608846e-08,1.2969839134260242e-09,-7.220189030452423e-10,4.974405039907257e-07,1.4346357945121435e-07,2.210379486516299e-09,1.7089046060988295e-10,2.628428711088015e-07,-3.0820787854523706e-08,-5.209379628073434e-10,1.3572862606968944e-09,8.12025536624506e-08,8.036177547016049e-08,-1.6189968285112304e-09,3.4419012055890934e-12,9.437366018384732e-08,-5.322410367352054e-08,1.9407396717663874e-10,-1.1109252801272494e-09,5.2913582081040545e-08,-1.4980565546089032e-07,5mV,2,12,1.548276338676266,6.254748651685707e-06,5.922992693627696e-06,-2.6460312456103413e-08,-2.720848579511503e-08,0.0012509278597871247,0.0011845778282037946,-0.0010583754897847727,-0.0010883013769198535
0.9486946,0.0049999,5.575441320792632e-06,5.301748631447398e-06,0.004999867955562334,-2.0328790734103208e-19,-2.3386613625580245e-08,-2.636669010027404e-08,-5.871791659116455e-07,2.4240468348236507e-08,-1.051822242560217e-08,-1.1663916766704e-08,2.2142326393968365e-07,9.882084650973554e-08,-1.1684115918243646e-09,2.806164509841167e-09,-4.590146163815308e-07,1.1869197416996944e-07,-3.0915010475523087e-09,-6.312242934959708e-10,-2.101794141088788e-07,-1.1267499403010801e-07,1.4189311137487782e-09,-1.1706217428336504e-09,3.7854817427547063e-07,6.348033105225073e-08,2.178698614282525e-09,1.540933848548812e-10,5.9321107835490095e-08,-8.088095192965845e-08,-6.134892508296095e-10,1.4521561984448575e-09,-1.6087280523911893e-07,-9.317227295234552e-08,-2.057581325595993e-09,-5.723952513735393e-10,7.813064961132517e-08,-1.5384256101186347e-07,3.445507434656189e-10,-1.376325841343417e-09,1.463117743801532e-07,-1.2374850803499225e-07,5mV,2,11,1.5478735106483872,5.575441320792632e-06,5.301748631447398e-06,-2.3386613625580245e-08,-2.636669010027404e-08,0.0011151177131768,0.0010603777296856855,-0.0009355139561364615,-0.0010547233114139864
0.7515633,0.0050002,4.96978127904681e-06,4.741413612240774e-06,0.0050002224558,-1.2197274440461925e-19,-2.08468275610703e-08,-2.3504553422616684e-08,-4.068233693349623e-07,2.327554408231902e-07,-9.522874543842273e-09,-1.106014028922949e-08,-2.1491297011453992e-08,1.1947675178723644e-08,-7.833764492320613e-10,2.386715968712535e-09,-4.6099221842541594e-07,-1.7124039591302337e-07,-2.7038314649117237e-09,-5.16398812468297e-10,-2.718079127192354e-07,-1.8026784845279798e-08,1.202070960310982e-09,-1.0091274972442429e-09,4.072549809123721e-07,-3.2921435737198566e-09,2.0075039930779876e-09,2.2796056120781643e-10,-4.285031860559018e-08,-1.7980465368769403e-07,-3.249660849578929e-10,1.2628718394491473e-09,-1.0627993189403963e-07,-6.734542238688936e-08,-1.4832619636915068e-09,2.3162105520181803e-11,-1.0840366104533386e-08,-1.1620193022634713e-08,1.1901937264605553e-10,-1.0361691952598333e-09,5.5756375483931466e-08,-7.19525831117383e-08,5mV,2,10,1.547512221217226,4.96978127904681e-06,4.741413612240774e-06,-2.08468275610703e-08,-2.3504553422616684e-08,0.0009939120355099643,0.0009482405341268325,-0.000833798907431141,-0.0009400984828997402
0.5978954,0.0050001,4.439718467915146e-06,4.246719324762286e-06,0.005000067079806011,5.285485590866834e-19,-1.8795547167289036e-08,-2.0932647982430674e-08,-5.156994766679014e-07,-2.515902243771941e-08,-8.660991386277715e-09,-1.0028101321144832e-08,2.419628442810274e-07,-4.831037679170047e-08,-7.416279575205487e-10,1.8017244056196802e-09,-4.3751657850721814e-07,3.58070715441168e-08,-2.37354516408675e-09,-4.0495857989419005e-10,-1.097152288162437e-07,-9.298989497648527e-08,9.798193692739097e-10,-7.847309348158262e-10,4.877527036050422e-07,1.725485750612609e-07,1.5302231955573952e-09,3.294711594608746e-10,3.5531480551142875e-08,4.549014504946746e-08,6.88147526260398e-11,1.0543739766896032e-09,6.933342951091394e-08,1.224573576537172e-08,-1.2386258838489753e-09,-2.899125925410729e-10,-3.2545963450785347e-08,5.387116100759628e-08,9.346867197527531e-12,-8.191302639026237e-10,-3.766790562358218e-08,-3.72353966154555e-08,5mV,2,9,1.54730991969092,4.439718467915146e-06,4.246719324762286e-06,-1.8795547167289036e-08,-2.0932647982430674e-08,0.0008879317811247034,0.0008493324703409871,-0.0007518017142709854,-0.0008372834532218784
0.4763719,0.0049964,3.9667269112326405e-06,3.801980328505578e-06,0.004996415920166178,3.1170812458958252e-19,-1.699940117615798e-08,-1.8772529686457253e-08,-4.296858633122895e-07,1.9224583951602919e-07,-7.966802865808588e-09,-9.02374683281187e-09,2.3778481768149336e-07,-6.673386702028238e-08,-5.05478716727042e-10,1.549014915501463e-09,-2.3046600214341655e-07,8.845206128089901e-08,-1.9914193107131725e-09,-3.731711330280128e-10,-1.3113514084194812e-07,1.2380839602696836e-07,7.245520443864243e-10,-4.735509292399009e-10,3.490707905571253e-07,8.973562877438953e-08,1.2926301403276052e-09,1.8368003222976252e-10,2.3983908881809177e-08,9.038235658731167e-08,-1.1819695210282342e-10,8.649237445169886e-10,-1.8695315399192928e-07,-5.4528958282448766e-08,-1.074459167743481e-09,5.7666405854232035e-11,1.5701998932944973e-07,2.3401648722166156e-08,1.2916697915586836e-10,-6.052434401424313e-10,5.999086744655187e-08,1.6491380899648332e-08,5mV,2,8,1.5477446434498257,3.9667269112326405e-06,3.801980328505578e-06,-1.699940117615798e-08,-1.8772529686457253e-08,0.0007939144728168886,0.0007609415207329509,-0.0006809519315904305,-0.0007519788619825301
0.3780242,0.0050002,3.5427485869955346e-06,3.4009465347390637e-06,0.005000170310220171,-2.303929616531697e-19,-1.5128320958528894e-08,-1.6617740583624527e-08,-3.8620387213425644e-07,-1.1035965107133696e-08,-7.490668843601014e-09,-8.291758777047121e-09,1.9076111898989687e-08,8.820142018233119e-08,-5.259678499705626e-10,1.3056209914509554e-09,-2.635440967822778e-07,-7.287837403331266e-08,-1.7224267724286483e-09,-6.547504829632137e-10,-3.998724990732159e-07,-2.6648949922068787e-08,8.659235122926129e-10,-2.397646192295199e-10,4.457923982472955e-07,6.590566357838275e-08,1.1084310927012978e-09,-6.964512123063133e-11,-1.1661789059167001e-07,2.6312031632425392e-08,-3.7209433022178326e-10,5.79580025772146e-10,-2.7569709218864816e-07,3.681071310012039e-08,-8.979023167289601e-10,-3.410784583960615e-10,-3.600428961398081e-08,-6.657534391762498e-10,1.598317074040103e-10,-6.775299545674443e-10,5.20907127769542e-08,-1.8839805550503133e-07,5mV,2,7,1.5475139675582166,3.5427485869955346e-06,3.4009465347390637e-06,-1.5128320958528894e-08,-1.6617740583624527e-08,0.0007085255835694801,0.0006801661390988322,-0.0006050916163245547,-0.0006646643429215893
0.3004808,0.0050006,3.1647433246231774e-06,3.041136869459231e-06,0.005000619421632905,2.710505431213761e-19,-1.3621859208815976e-08,-1.4830364228394916e-08,-5.339037559849836e-07,-6.725307676339229e-08,-6.942541770776938e-09,-7.5239189326833e-09,1.6228633442466457e-07,6.293461930374101e-08,-3.8120088983895106e-10,9.306093009372076e-10,-3.4010578908295096e-07,-3.699178868995482e-09,-1.5483350548880354e-09,-1.3125161819107996e-10,-2.701922122804107e-07,1.1748035743285427e-07,6.938145611842373e-10,-4.4105680542425717e-10,4.376058973263926e-07,4.3721114629356665e-09,9.169498427767751e-10,4.510778899247529e-11,3.232226065709487e-08,-4.156768533208794e-08,-2.090233179565443e-10,4.291280779138679e-10,-2.0225149273719934e-07,5.7776618125162385e-08,-9.632217769024758e-10,-3.613617105570559e-10,-2.0844772825170355e-07,6.940422243701939e-08,1.398691055576691e-10,-3.439034562753718e-10,8.61880383420748e-08,3.709522266378792e-08,5mV,2,6,1.5473213545280724,3.1647433246231774e-06,3.041136869459231e-06,-1.3621859208815976e-08,-1.4830364228394916e-08,0.0006328702622183873,0.0006081520333867311,-0.0005447393906472009,-0.0005930676164692277
0.238186,0.0050031,2.822555673996423e-06,2.7153592405207133e-06,0.005003067830177005,1.6263032587282567e-19,-1.1811727723295634e-08,-1.322909433993829e-08,-5.889467122428328e-07,-2.3386024525657607e-07,-6.300257221412593e-09,-6.341802279494284e-09,4.022762185864306e-07,2.3442642557188133e-07,-6.451284215477542e-10,7.922537837959275e-10,-3.804813436741234e-07,3.29214088001994e-08,-1.11097325049583e-09,-6.31136062315135e-10,-4.6383719453519696e-07,-5.5368323759517335e-08,8.468868606481386e-10,-2.5747268239894164e-10,3.8723598367602817e-07,-1.4669670134039912e-07,5.278637851531423e-10,3.441933888016396e-10,-3.237065255970072e-08,-1.9986356763159667e-08,-4.1304030987520723e-10,1.8357117943689584e-10,-1.9171726563459142e-07,-1.4254608805152084e-07,-6.076345792648478e-10,-4.653866368852993e-10,-4.985929251210891e-08,3.878984146068071e-08,4.1757626202879126e-10,-2.4022715480846834e-10,-1.1447485262758642e-09,-7.465791395295088e-08,5mV,2,5,1.6155155972029955,2.822555673996423e-06,2.7153592405207133e-06,-1.1811727723295634e-08,-1.322909433993829e-08,0.0005641649823277656,0.0005427388419846081,-0.00047188986010140424,-0.0005285150169038916
0.1890121,0.0050001,2.519210343277019e-06,2.4225332065734596e-06,0.005000100255956057,-4.0657581468206416e-19,-1.0790282896304854e-08,-1.1599523906458828e-08,-5.215728120536359e-07,2.78185812971797e-07,-5.497241568364376e-09,-5.835815847928338e-09,1.6908064089345363e-07,2.0131639341576863e-07,-4.6266890714919044e-10,6.705625166972076e-10,-3.665615324364837e-07,5.919047403329812e-09,-9.6667512653486e-10,-3.874366630728649e-10,-2.6581893913948504e-07,1.0396344523303448e-07,7.661748285352079e-10,-2.9163632896429184e-11,4.330800956404898e-07,-8.037754172647652e-08,5.157333286673269e-10,3.2064956539227154e-10,1.8436686921876646e-07,-4.894138426743194e-09,-3.7014846799314896e-10,2.482647144209764e-10,-8.278547586959318e-08,4.957540660947067e-08,-2.984859978038805e-10,-1.9511982588348914e-10,2.867834223975794e-08,4.811266701573238e-08,2.4867275622542687e-10,-2.6623126406629964e-10,8.472811310320925e-08,9.044711516093728e-08,5mV,2,4,1.601327804443325,2.519210343277019e-06,2.4225332065734596e-06,-1.0790282896304854e-08,-1.1599523906458828e-08,0.0005038319662243106,0.00048449692657417584,-0.0004315940077307222,-0.00046396235007622447
0.1502404,0.0050009,2.2522873802282436e-06,2.165215598529301e-06,0.00500092537358932,4.607859233063394e-19,-9.629507776999245e-09,-1.0523260364103491e-08,-8.326296985958284e-07,-4.559109985086567e-08,-4.8164868792134885e-09,-5.224882385074672e-09,2.703871386426502e-07,-1.7526095640070103e-07,-4.5151196522644306e-10,5.527551896067015e-10,-2.9334293219896026e-07,-1.1513445978339878e-07,-8.646478181219139e-10,-3.929303956818782e-10,-1.4275783169726877e-07,-7.531246020288788e-08,6.12761569102e-10,-7.724648276096441e-11,3.0003546179250984e-07,8.29285198742969e-09,5.929454412305413e-10,2.0391014879475521e-10,1.1517780667718728e-07,-6.061067917379292e-08,-2.803898394526999e-10,3.154692994818026e-10,-4.4938843231334944e-08,1.3493885693476225e-08,-3.9926454983478885e-10,-2.061904995802358e-10,2.251339212712195e-08,-1.7866884719624994e-09,2.637672166334215e-10,-1.5333601437694602e-10,1.3402046990943454e-07,1.8314364172941163e-07,5mV,2,3,1.5901074701167655,2.2522873802282436e-06,2.165215598529301e-06,-9.629507776999245e-09,-1.0523260364103491e-08,0.0004503741231818676,0.00043296298920278794,-0.00038503777637574583,-0.0004207746506519848
0.1193355,0.0050003,2.0098257579516936e-06,1.9321981599500937e-06,0.005000263609356309,-4.404571325722362e-19,-8.351468309022529e-09,-1.0920869643876805e-08,-6.657085321087853e-07,1.211899342661537e-07,-3.447763249087209e-09,-4.658542551491333e-09,3.8669749484475517e-07,6.622637509622789e-08,-4.314184703269232e-10,1.2973813861676022e-09,-2.0577991481229066e-07,4.1396789486537464e-08,-1.3657461868710518e-09,-3.5447342298046746e-10,-2.864852305191713e-07,-9.701627946661014e-09,6.454174578836994e-10,-5.527104227127554e-10,5.38074334320607e-07,-2.0507296694728517e-08,9.30146392515999e-10,3.2150707335121584e-10,7.913202953955683e-08,-8.227704383337215e-08,-3.723763587629435e-10,6.558137909662873e-10,-1.0468773590597307e-07,9.325297739643916e-08,-5.787801378217028e-10,-3.234016582775623e-10,-1.3725621824838123e-07,-4.272171073833752e-08,2.5597184381945144e-10,-5.347177980138644e-10,1.2863033203376506e-07,-6.966931463276339e-08,5mV,2,2,1.581094755186039,2.0098257579516936e-06,1.9321981599500937e-06,-8.351468309022529e-09,-1.0920869643876805e-08,0.00040194396035260656,0.0003864192592435798,-0.00033402351074338717,-0.00043678872790281405
0.0946587,0.0050006,1.7932653616799022e-06,1.722622094848882e-06,0.005000564826603438,1.3552527156068805e-19,-7.284900211311609e-09,-1.1240464671445149e-08,-3.376777018098951e-07,-6.655986588950934e-08,-2.0432848082158543e-09,-3.990941520606911e-09,3.130430670776686e-07,2.59362467646861e-07,-5.394015040832944e-10,1.899420587626354e-09,-3.025630183600295e-07,-3.600398765457849e-08,-1.7510639764701324e-09,-4.817541458653719e-10,-2.3601765831740973e-07,-7.817364585797368e-08,6.422021402441843e-10,-1.0706665716314136e-09,4.314434148659607e-07,1.3591969048915839e-08,1.3610688387905688e-09,3.7317838044341975e-10,1.6488199600349602e-07,4.095835118524397e-08,-3.560901963111672e-10,9.100454432722528e-10,-7.441691054023251e-08,-1.0969210591197316e-08,-9.44212819645677e-10,-3.295937552473082e-10,-4.777108236751714e-08,3.775461787774719e-08,2.538147959470384e-10,-8.358791626631813e-10,3.192704732452098e-08,-3.599749756849874e-08,5mV,2,1,1.5739580680332759,1.7932653616799022e-06,1.722622094848882e-06,-7.284900211311609e-09,-1.1240464671445149e-08,0.00035861256155296197,0.00034448550405433864,-0.00029133018431935694,-0.00044951702145247974
1500059,0.0050431,0.0009623061591420541,0.0003572006639215937,0.005043055694159134,0.0,-2.1436756755153394e-06,6.030964871478738e-07,-5.884840476758382e-06,1.0685229175539911e-05,5.082819599394191e-07,-1.071883976829945e-07,3.1123646341824114e-06,2.979536794350858e-06,4.364659198527965e-08,1.791015528602619e-08,-5.793474543048667e-07,2.4535715408733547e-06,8.815345139923018e-08,2.0812349974759994e-07,-6.277557271956476e-07,3.154339984094028e-06,4.4613607724500376e-08,1.2038864991293648e-07,1.8345912449624426e-06,3.3888501709997866e-06,-1.634490152568191e-07,-6.711219764321192e-08,-1.2481529433927256e-06,1.856452856245756e-06,-1.8114610311282791e-07,-9.106765335297368e-08,-5.754324935776458e-06,-2.8874839742738995e-07,-8.470790073803127e-08,-2.5065540986713576e-07,1.2556834006413154e-06,-2.1748727970875048e-07,5.458029016646027e-07,1.756909408563861e-07,4.702507627982753e-06,4.970394646978709e-07,5mV,1,73,-2.6141376205693976,0.0009623061591420541,0.0003572006639215937,-2.1436756755153394e-06,6.030964871478738e-07,0.1908180709280282,0.07083020406364011,-0.08428912610382482,0.023713697197109956
1191504,0.0063568,0.0013039868288009873,0.00036638656447794487,0.00635681401231423,4.336808689942018e-19,-2.778519612897629e-06,7.180789025422079e-07,-1.3922850284891319e-05,1.202646634621047e-05,2.2825293228746487e-07,-6.817752433264432e-07,-1.665322438181002e-07,-2.624204942850579e-06,8.850690356470397e-08,-7.526360549144203e-08,2.6407344907862087e-06,-1.6940612349912983e-06,5.967544801463381e-08,-4.3890879102457286e-07,1.1172691609999483e-06,-2.8397085080444722e-06,-2.524253875966224e-07,1.3989920776767836e-07,-1.7011125096746082e-06,-5.284170457181735e-07,-2.718311091386228e-07,2.3466616282253156e-07,-5.315708933532117e-06,6.848928250783563e-07,-2.0233963053967156e-07,-6.226005191717932e-08,2.770181922497308e-07,3.881969150185606e-07,1.9529721135178303e-08,-8.85844020088978e-08,-7.259398325586516e-07,-1.0299606002691937e-06,-3.689085575180802e-07,1.1383440074331863e-07,-2.8358610581389526e-06,5.837711773003581e-07,5mV,1,72,-1.7929723440525103,0.0013039868288009873,0.00036638656447794487,-2.778519612897629e-06,7.180789025422079e-07,0.20513213478873898,0.057636823063910894,-0.0687597765462085,0.017770234427050648
946464.9,0.0062726,0.0013408370178481638,0.0003001699474981321,0.006272559894103035,0.0,-2.31958925007185e-06,4.1659877341313503e-07,-1.0655542437792567e-05,6.837174625553153e-06,-2.3537515576302375e-07,-3.9077336531690237e-07,7.432336748625535e-07,-9.351978484920616e-07,-8.377935513738111e-08,-8.33606397721716e-08,2.7818042029499427e-07,-9.304647767526865e-08,1.1898766819532443e-07,-7.976941632431936e-08,5.4569671470997715e-08,2.6198411608602813e-07,-2.2867222087028062e-07,-2.649661961881546e-07,-9.806487325430088e-07,-2.550664921138073e-06,1.5438375348331276e-07,-3.60986056026963e-08,1.5517112842165626e-06,-7.375196638039471e-07,1.2491409141710743e-08,-6.362574298339225e-08,3.407844820439437e-06,1.1005670643912738e-07,-1.9534573039110792e-07,-2.1716924996085518e-07,-8.563293230243043e-07,-6.855798757326857e-07,-5.408945465027938e-08,-3.130810905205842e-07,3.507994200618833e-07,-4.370541402354719e-06,5mV,1,71,0.058567387567923325,0.0013408370178481638,0.0003001699474981321,-2.31958925007185e-06,4.1659877341313503e-07,0.21376232997132683,0.04785445696267136,-0.058955109938560395,0.010588351573917673
751816.4,0.0062243,0.0013646128080522255,0.00025485240037331617,0.00622425953499811,-1.734723475976807e-18,-1.3356302592973057e-06,4.848051737077052e-07,-6.445214908798817e-06,3.799652654779853e-06,-1.3643280997753204e-07,1.3729077926580677e-07,-3.253814971288217e-06,2.7072683469046647e-06,-3.1978190470532036e-07,7.466082683328977e-08,-1.5572346866249036e-06,1.3788425362765291e-06,-1.0919521444553547e-07,9.150308720818766e-08,-5.101911091471139e-07,8.126748145429788e-07,1.1712400550925193e-07,-2.2033583033387623e-08,4.2889475262207143e-07,1.1149238899382064e-06,7.681190744666438e-08,-1.8798040057066305e-07,1.3730941030504492e-08,-1.0841914448055665e-06,-1.9743258512180246e-08,-2.1951456686860813e-07,-1.1556878858253673e-06,1.147852340495801e-06,-3.985358876671309e-09,-1.9308419327565723e-07,-2.133138868461765e-06,-1.6862098840108208e-06,-1.3020215788397574e-08,3.087588718523749e-09,-1.6510756089505783e-06,-8.487458496112933e-07,5mV,1,70,2.5988223640599664,0.0013646128080522255,0.00025485240037331617,-1.3356302592973057e-06,4.848051737077052e-07,0.2192409876836281,0.04094501505605902,-0.03447552298772715,0.012513876347427502
597246.1,0.0063131,0.0014059730346426256,0.00022413206932606606,0.006313117398735821,0.0,-1.2694769117535502e-06,4.2315500061927125e-07,-6.88814681385118e-06,2.2067196127617765e-06,-5.554873523393713e-07,-4.094341770993181e-07,-5.1169019531055715e-06,1.0560245913143514e-06,-2.6973222508897485e-08,9.692728336453086e-09,1.0086997838355247e-06,2.8886685253946657e-06,-2.4413729485166986e-07,-1.0032550706796053e-07,9.718587045887536e-07,-2.3501054358454876e-06,-1.2990070236996358e-07,-1.1932430453369474e-07,-1.9857334393940386e-06,4.516555855879892e-07,-1.6993198603018438e-07,-1.1979716748397284e-07,-1.6659163181607877e-06,2.081771335461998e-06,4.6547652449797884e-08,-1.73453184870488e-07,-9.318799980477495e-08,-1.647573069234947e-07,-1.747955854643844e-07,-7.348474433386809e-08,-9.314497492993531e-07,8.345423235985354e-07,-1.4259021232462989e-07,5.609206940612805e-09,-5.481130981016821e-07,-1.5084667403391256e-06,5mV,1,69,0.16150943835653642,0.0014059730346426256,0.00022413206932606606,-1.2694769117535502e-06,4.2315500061927125e-07,0.22270661954174442,0.03550259803040376,-0.0318520270291114,0.010617242733946859
474433.6,0.0063399,0.0014208206293807872,0.00020770279279072026,0.006339918782204064,-8.673617379884035e-19,-1.769641781563247e-06,4.5048146824051254e-07,-5.577241563521828e-06,3.9455490744832786e-06,4.0577117509693576e-07,3.914403065612738e-07,4.2086056149853876e-07,1.1089873250041341e-06,-7.659113229570356e-09,-2.1126580607104284e-07,2.853718393355012e-07,-1.3045940737944948e-06,-3.707220071039156e-07,-1.0877196397442955e-07,-2.0269535507980017e-06,-7.183537128835786e-07,2.2947110131877116e-07,1.2327099187333037e-07,9.242137921119305e-07,1.8952125239046465e-06,-1.0424233105461965e-07,4.982799772481545e-09,-4.403204574738728e-06,-2.5610213026240453e-07,-2.760592777866959e-07,-4.762309934720615e-08,-2.350105154347836e-06,5.787597678643187e-07,8.717913549504712e-08,-9.197817524764774e-08,-1.0081405289518016e-06,5.553419859789125e-07,2.784073009822633e-07,7.274924104207697e-08,-5.258632583781752e-07,2.251452669400445e-06,5mV,1,68,2.747193465959233,0.0014208206293807872,0.00020770279279072026,-1.769641781563247e-06,4.5048146824051254e-07,0.22410707111406258,0.03276111255143128,-0.044026886574511995,0.011207520478310886
376816.4,0.0063477,0.0014266821575660033,0.00019722363713999783,0.0063476833336484715,4.336808689942018e-19,-1.5935690981328804e-06,-5.564573928935086e-07,-4.605107368516965e-06,-7.080092796395759e-07,4.199586436712954e-07,1.0864676921193044e-06,2.225446573222726e-06,1.6285631311057154e-06,1.4150753874772222e-07,-2.213383137395959e-07,-1.4747753412683662e-06,9.88881316767155e-07,-6.689333372430149e-07,-3.955984755622837e-07,-3.718971804618711e-06,2.3800995181821803e-06,-1.6739664731121072e-07,7.142642799821226e-08,-9.535999263775673e-07,-1.0796860180375154e-06,9.197264100435699e-09,1.312871495369433e-07,1.8993472874606278e-06,-1.7731673716744976e-06,-1.1000931674591066e-07,7.54815835462865e-08,-2.462341107571755e-08,4.905419286021014e-07,-8.800955146403669e-09,-1.8125015243822087e-07,-7.060153388394672e-07,5.488256976884191e-07,-2.7539632880181008e-08,1.4928285139451983e-07,1.4422843282633574e-07,3.0929518723000934e-06,5mV,1,67,1.064741741518153,0.0014266821575660033,0.00019722363713999783,-1.5935690981328804e-06,-5.564573928935086e-07,0.22475635323572232,0.031070175806429064,-0.039549445007200215,-0.013810245871909285
299355.5,0.0063718,0.0014309327950614383,0.00019618619684213308,0.006371830508354221,4.336808689942018e-19,-1.3727286881588632e-06,-1.5347020739032095e-07,-5.157622102323982e-06,2.4570514279778206e-07,-1.2851848846640262e-06,2.393618161805404e-06,-2.403862852078158e-06,7.606351461019594e-06,-1.278728826941487e-07,6.7730006896501e-09,-1.7022868879165061e-06,-6.225972379089106e-07,9.071193781810362e-08,-3.669669148300474e-07,4.0128155377177796e-07,4.985424616423171e-07,1.2761814571114003e-07,-8.369587480836711e-08,2.190617799072564e-06,1.5472777282113992e-07,5.633082529421573e-09,3.18653818455131e-07,9.534821772260036e-07,5.722049215944781e-07,-7.404616709144312e-08,4.4023763726113824e-08,-7.73622685524697e-07,-2.122553772500493e-07,-6.131089086502648e-08,-4.22864361807434e-08,-1.5152070380236638e-06,-1.247079361254392e-06,1.658449019059615e-07,2.880359074719705e-08,1.0481586462675837e-06,1.9617241761445803e-06,5mV,1,66,1.2966980329210582,0.0014309327950614383,0.00019618619684213308,-1.3727286881588632e-06,-1.5347020739032095e-07,0.22457169775393693,0.030789613217882955,-0.03381086486713531,-0.0037800335113305785
237832,0.0064113,0.0014342384492262823,0.0002037599797582387,0.0064112546238848725,6.505213034913027e-19,-9.917259798016924e-07,-2.72352137811339e-07,-3.067346052481247e-06,-6.494948164483978e-07,-3.214053089572925e-06,9.4721564267851e-07,-1.1803687562571436e-05,4.429324937036423e-06,-2.1460584681888078e-07,4.2746862668559667e-07,-2.8577451021728147e-06,1.185443618897758e-06,3.836030284951155e-07,6.771366375006573e-07,6.763118489342724e-07,-3.9269465266163897e-07,-9.464340116947214e-08,-1.368745843671652e-07,-2.5128494677132573e-07,-2.3116460647876892e-06,3.376424654049752e-08,-2.754249192309499e-07,-3.6398140132525117e-06,-3.5349287681945586e-07,-1.4018139084971882e-07,-4.913000510782135e-08,-5.545736888872634e-07,-6.423628555603072e-07,5.238760842727911e-08,-2.8089257970322537e-08,1.7317760691693268e-06,-2.557025909907083e-07,2.0340924728391175e-08,1.4529541475562057e-08,-2.315609145870263e-06,-1.6854613203307415e-06,5mV,1,65,2.924103014875962,0.0014342384492262823,0.0002037599797582387,-9.917259798016924e-07,-2.72352137811339e-07,0.22370636222793028,0.03178160776817986,-0.024127128642460586,-0.0066258978778969664
188847.7,0.0064951,0.0014453463528397844,0.0002219486120228661,0.00649509928224293,4.336808689942018e-19,-8.418650042028487e-07,-1.0793733927376412e-06,-4.166485695861244e-06,-3.502649349244337e-06,7.482138007475347e-07,-3.1239125584471875e-06,3.0490132181898347e-06,-1.2339289060886618e-05,3.2817437245867076e-07,-2.2559063076542167e-07,3.6236611772826903e-06,-2.1301494556730584e-06,-2.007985894224788e-07,-8.460343161538024e-07,-1.675286212574042e-06,-2.389945173225382e-06,-1.228856383009785e-07,-2.867546579236149e-07,-9.420742418892329e-07,-2.6043193031817504e-06,-4.376175678005403e-07,8.797604443319035e-09,-1.7268725314592548e-06,1.016580214014016e-07,-8.407979280163698e-08,-5.919533771167421e-08,1.937778911507302e-06,7.492244467663437e-07,1.211924854423259e-07,-1.839854112202395e-08,1.9278887586020353e-06,1.7293209195111906e-06,-3.296635613470625e-07,5.947391685282123e-08,9.804193881466297e-07,-2.619010046448724e-07,5mV,1,64,-2.2899153903732974,0.0014453463528397844,0.0002219486120228661,-8.418650042028487e-07,-1.0793733927376412e-06,0.22252875437812675,0.034171704292443275,-0.01995587930505783,-0.02558586595597824
150058.6,0.0063728,0.0014033537415889202,0.00024232668740882958,0.0063728121827980495,-4.336808689942018e-19,-5.557627321295522e-07,2.9497878711540565e-07,-2.6064324262525656e-06,1.9772482129617456e-06,2.5025566162302487e-07,1.150951429145264e-06,2.5641290675673416e-06,4.644525710767595e-06,-4.0396700166211555e-07,1.8255985708909508e-07,-6.801566111773454e-08,8.894838563918441e-07,-3.4754150257415286e-07,2.028632725413009e-07,-9.523936630193081e-07,1.0259183502298662e-06,-1.523528253927894e-07,1.4846562588402316e-09,-1.0023752042062847e-06,-1.015704935655374e-06,-1.9698811624606854e-07,9.892674342768178e-09,-1.8797524125641978e-06,1.0021054451572108e-07,1.6730707605140025e-07,-9.841452427912337e-09,6.351773057063281e-07,-5.449022653091626e-08,-4.2873041155791e-08,4.8974221153702504e-09,5.57715588798806e-07,6.770181368674662e-08,-2.2937290397388562e-07,-6.882334117703628e-08,-1.4866866231139227e-06,-1.6015492026700522e-06,5mV,1,63,2.260278839295662,0.0014033537415889202,0.00024232668740882958,-5.557627321295522e-07,2.9497878711540565e-07,0.22020949328727324,0.03802507911074725,-0.013684444805932717,0.007263209095965039
119238.3,0.0063265,0.0013716300941224312,0.00027360921677393763,0.006326453061041069,0.0,-2.7507115610129487e-07,4.6375769788147435e-08,-1.12124840654511e-06,1.474102368246538e-06,-3.064366163511411e-07,4.7321854250845514e-07,-1.5969808681453057e-07,2.56370411640236e-06,1.3093495748952e-07,-8.850048408818492e-08,5.849014526313584e-07,1.66037041346228e-07,-2.317462386367713e-07,-1.3516391567000676e-07,-4.2556072135591644e-07,-9.432639166798698e-07,7.470796824838786e-08,-1.789111624554073e-07,1.1637073886376988e-06,3.5497235484163795e-07,7.53369389594618e-08,2.061144841994276e-08,5.826095475801799e-07,7.530939189595095e-07,-3.9145996058467115e-08,-7.284810249805441e-08,-4.069588370371995e-07,-4.5427749865660225e-07,-1.9621514322071883e-08,-6.772919038729565e-08,4.4292993333653125e-07,-7.196978032618792e-07,4.921911404212874e-08,1.0489284368416524e-07,1.1220950313962768e-06,8.64354403213559e-07,5mV,1,62,-0.7724680906858468,0.0013716300941224312,0.00027360921677393763,-2.7507115610129487e-07,4.6375769788147435e-08,0.2168087047968579,0.04324843860122042,-0.0068726538783642184,0.0011586987840312396
94746.09,0.0062959,0.0013345728964621372,0.000311894170403737,0.006295884728100671,0.0,-1.8181205191689433e-07,-3.0670064466708664e-07,-2.126476682743322e-06,2.234413188346284e-06,-2.7735963738196845e-07,3.336253509025415e-07,-2.535318573206525e-06,1.4652823313201562e-06,-4.001746582241081e-08,9.531881635611752e-09,-2.1929001322814104e-06,-1.9916384160164906e-06,-1.8867694232370104e-09,2.208230528960419e-07,-2.060392793241703e-06,1.0594840462137658e-06,-7.433088695487238e-09,1.6250265304739702e-07,1.2666615325046735e-06,1.9301890055715173e-06,2.1059505504214246e-07,-6.947509931983132e-09,1.6445613037530788e-06,1.5200605691297217e-06,6.998514640002452e-08,1.3762764263162518e-07,-8.463913740635261e-08,1.7424408428662527e-06,3.120913498751701e-08,5.98175210196318e-08,1.2149214664797537e-06,1.0026704456240922e-06,-9.945384501140393e-08,-2.8721225167237253e-07,-1.8462123439085938e-07,-8.16713342635933e-07,5mV,1,61,-0.4400390280437334,0.0013345728964621372,0.000311894170403737,-1.8181205191689433e-07,-3.0670064466708664e-07,0.21197543381083286,0.049539371172354456,-0.004586792909474313,-0.007737508748502682
75292.97,0.0061852,0.0012750534584143624,0.00034803675531483214,0.006185172927734439,4.336808689942018e-19,3.0350536549404485e-08,4.238374434550985e-08,-5.860532960075936e-07,5.714591602806281e-07,-2.3122218019756858e-07,9.582799290192475e-08,-3.5490521993781676e-06,1.1028624756284705e-07,1.7291732661779733e-07,1.426439407345433e-07,9.43260597967365e-07,5.466354584376889e-07,1.4050034974481276e-07,1.5834761790361416e-07,-9.554760301293418e-07,-8.369552812663767e-07,-1.279504110166922e-07,1.7011063124440801e-07,5.088104436446445e-07,-3.034088444202986e-07,-3.188124171683069e-08,-1.2967491926589942e-07,1.604263741537807e-06,-1.130228809972565e-06,-2.1203882768852398e-07,-6.492037809682511e-08,5.532008481746377e-07,8.826685799132818e-07,2.243899231590732e-07,-4.5232488234261726e-08,-4.831697151161612e-07,-8.875673325723365e-07,-1.4014874156022618e-08,1.0338801394123791e-07,1.4227093408014718e-06,4.4983291404993946e-07,5mV,1,60,-2.945704176418334,0.0012750534584143624,0.00034803675531483214,3.0350536549404485e-08,4.238374434550985e-08,0.20614677605811105,0.05626952704171427,0.0007933460805002958,0.0011078874140726374
59824.22,0.0061371,0.0012096114061199092,0.0003980646917066289,0.006137119245148523,0.0,-4.230654350572103e-07,-5.267830978476536e-08,-1.9445283327255045e-06,9.885062924674494e-07,-2.3558895940473578e-07,2.703947472916307e-07,7.32692225911369e-07,-1.7972150910439747e-06,1.8357701384884777e-07,6.249453743302702e-08,1.6637232675036099e-06,8.434713003295444e-07,1.0357028002680126e-07,1.537406380327116e-07,-1.822017322402203e-07,4.4912142424547366e-07,3.22307562345512e-08,-2.3701844863894593e-07,1.5557243654254176e-06,-2.2554479162044837e-06,5.148339469812698e-08,-4.92657579988535e-08,-3.0102597158581277e-06,-2.0354863318490373e-06,1.3371380967142269e-08,-1.9441804741660042e-07,1.3957782942581027e-06,2.978810726589751e-07,-9.763652356194059e-08,6.513285832387772e-08,4.3698433437117946e-07,4.133600606631836e-07,-1.434401894823843e-08,-1.1454001727390326e-07,-5.631629125748635e-07,-4.889736230844067e-07,5mV,1,59,1.1214887899772314,0.0012096114061199092,0.0003980646917066289,-4.230654350572103e-07,-5.267830978476536e-08,0.19709758891781737,0.06486181477104336,-0.011232551562182367,-0.0013986295779185478
47519.53,0.0059104,0.0010997925832709058,0.0004314723205677243,0.005910424658592019,-4.336808689942018e-19,-4.069935874430458e-07,-1.2371359017755382e-07,-7.968301381014051e-07,6.532277166489893e-07,1.2002488255279992e-07,4.621924177123175e-07,3.2404371540248666e-06,1.4482318442334303e-06,-5.970763412501702e-08,-9.389379898199796e-08,-1.4479683691664842e-06,-5.7865713105142347e-08,2.625778787385263e-07,1.8453003476856015e-09,1.1455300865165236e-06,-9.748764527912473e-07,-1.3380080460050014e-07,9.727207257458874e-08,-2.994121311035786e-07,2.319093985215027e-06,1.4249168028404374e-08,-1.508956779487619e-07,9.118872331044627e-07,-2.877537211819277e-08,-4.4021589796207966e-08,6.031819205896067e-08,-1.6289126910536688e-06,1.794883512607586e-06,-3.489501353863782e-08,1.1571948716476199e-07,-1.2001123211551826e-06,7.830931326201762e-07,4.9117033099126886e-09,-4.0282640355319656e-08,-8.609521764805192e-07,7.941278676740342e-07,5mV,1,58,0.6005373074328304,0.0010997925832709058,0.0004314723205677243,-4.069935874430458e-07,-1.2371359017755382e-07,0.1860767452085073,0.07300191534300171,-0.011650651060663304,-0.003541441229273135
37792.97,0.0056252,0.0009710226854507087,0.0004530916330823653,0.005625238663025644,3.7947076036992655e-19,-2.4391964949026116e-07,-1.9472397518239574e-07,-3.889023669388601e-07,1.2328760118998088e-06,1.5693566507344654e-07,4.392622761909336e-07,1.0571578997620729e-06,3.1873301588213266e-06,-7.661306281175626e-08,-1.2860713359636643e-08,-1.0702763095002614e-07,4.1984333971459233e-07,5.426949883298386e-08,-2.6164666129475574e-07,-2.1765107405648886e-07,-2.4426853557862616e-06,1.0319948043969363e-07,-1.4206612091823566e-07,3.004866156878843e-07,2.179473285993131e-07,-1.5773138693548401e-07,-2.7159306082090256e-07,1.3109892690417043e-06,-1.3842447459703692e-06,-2.5386597292280945e-07,1.0260197713583525e-07,-2.112259329465566e-07,1.4860096371833148e-06,-1.5841854809680788e-07,9.414029199074226e-08,1.6612483598332573e-06,-5.533270523337258e-07,-2.1337681442016983e-07,4.8439845941859843e-08,-1.7248273733502656e-06,6.782836789620721e-07,5mV,1,57,3.085024826702307,0.0009710226854507087,0.0004530916330823653,-2.4391964949026116e-07,-1.9472397518239574e-07,0.17261893114565652,0.08054620616552848,-0.007708411331397943,-0.0061537170126622414
29941.41,0.0053706,0.0008387363684404271,0.0004660707891268106,0.005370637564732431,4.336808689942018e-19,-4.2117035439883824e-07,-2.1781030703351065e-07,-1.8186539842941758e-06,4.159581621682904e-06,6.536100739773154e-07,3.080700853484542e-07,2.2021178447409188e-06,2.068280153937932e-07,8.017541936087562e-08,5.767263291183389e-08,2.2634714298947117e-07,-4.292313606494081e-08,-3.504746622694624e-08,-2.2495056907480371e-07,-1.2443607610248542e-06,-3.2964775215869284e-06,6.873456269657575e-08,2.0208277468229634e-07,-4.939080976835921e-07,-1.7800411283317712e-06,2.9577379385284714e-09,1.215049226159363e-07,-9.721296406011057e-07,1.9491683289945465e-06,4.418183331529737e-08,1.0907039038232688e-07,-4.14282543833516e-07,5.0616920743136664e-08,-1.922999576661625e-07,7.524014055319257e-08,-1.3825339483728008e-06,-6.208279670559257e-07,-1.394054582100535e-07,-1.3380072706920575e-07,-2.124829602173042e-06,-1.1628922174816322e-06,5mV,1,56,-1.8561390651495815,0.0008387363684404271,0.0004660707891268106,-4.2117035439883824e-07,-2.1781030703351065e-07,0.15617072616260477,0.0867812775502438,-0.014601790189127406,-0.007551387155139036
23847.66,0.0051071,0.0007053549609558265,0.00046081724829957836,0.005107131539114197,4.336808689942018e-19,-3.689637576715057e-07,-8.623156460738947e-07,-3.136190340017759e-06,8.022244869066398e-07,5.277719719129439e-07,2.0850406473969822e-07,4.63651572703083e-06,4.27169884544078e-07,-1.659579090587042e-07,1.5791374838706076e-07,-1.5465281927785776e-06,-9.92285367028444e-07,-2.9685239754994294e-07,-1.3253594809643302e-07,-1.5638240528521797e-06,-8.28236547698596e-07,-9.459973659962734e-08,-2.108788366534927e-07,-4.5102732678950705e-07,7.974133774872158e-07,-3.0246376728380478e-09,-4.974828415744589e-09,-1.781127905451401e-07,2.1299315372507807e-06,1.1110273123471429e-07,2.1027691579536373e-07,-1.9940492002753305e-07,2.0447560299638586e-06,9.525999935263245e-08,-1.6557366966832828e-07,2.5394198809118965e-06,-1.1110897167043454e-07,-5.133236437499698e-08,-3.7358586649656547e-08,1.5936741790940115e-06,-2.0810605379112666e-06,5mV,1,55,2.3733358833348053,0.0007053549609558265,0.00046081724829957836,-3.689637576715057e-07,-8.623156460738947e-07,0.13811176695835925,0.09023015067661729,-0.014145868654733317,-0.033060710204342245
18925.78,0.0049766,0.0005921233620779511,0.00044883882457406594,0.004976615359935614,0.0,-1.7032800094922394e-07,-1.0017627833841511e-06,-4.4427336811345905e-06,-4.246143781749697e-07,5.107872834173853e-07,2.416993565760282e-07,3.484038748178573e-06,7.379446998905357e-07,-2.2367332051017055e-07,1.4626888900447045e-07,-1.413326675426923e-06,2.5586943537739208e-06,-5.452331158641654e-07,-8.256241034136214e-08,-3.82330061991892e-06,-7.033362269022775e-08,1.84110408036745e-08,1.5093225596594413e-07,-6.336155547159058e-07,5.387801221580567e-07,2.7116561404430048e-08,1.1573757217008068e-07,2.6158076449415866e-07,1.5350922985197914e-06,-1.1697376696118312e-08,-1.0868861249735527e-07,-4.6028840895091804e-07,-3.150317141149108e-08,-6.863589783515601e-08,-2.2267347702287702e-07,2.3564744865534884e-07,-1.8280298630856254e-06,-1.3441691685717224e-07,1.0603939205807783e-07,-2.309187937585909e-06,-2.6914077922115184e-07,5mV,1,54,-0.5873319365412398,0.0005921233620779511,0.00044883882457406594,-1.7032800094922394e-07,-1.0017627833841511e-06,0.1189811386358804,0.09018957506490373,-0.006877298869775729,-0.04044797108847065
15058.59,0.0049161,0.0004947944358246005,0.00042702464271657714,0.004916089662183099,-8.673617379884035e-19,4.0604482373408875e-07,-1.3346065490734486e-06,-3.78288543706368e-06,-2.963190301717416e-06,4.6379476940410247e-07,6.786181280002583e-08,1.2106945647652232e-06,-2.8676253463175854e-06,-7.233225912279515e-08,1.0995221840200147e-07,-4.589603693188142e-07,-1.4834601813716623e-06,-6.510337649729061e-07,6.072089210934889e-09,-2.6378541083336693e-06,-1.387518341666041e-06,-2.670401103339911e-07,-1.163082932965338e-07,-2.9045559546960377e-06,-1.1102791293644552e-06,7.940786652598227e-08,1.488506258113715e-07,1.723881043417341e-06,1.1584783290037583e-06,1.667648600939404e-07,-9.636019267964672e-08,2.194988169583022e-06,-7.807384774405583e-07,-3.0987247206704115e-07,-1.6158116499082508e-07,-2.0482364170107726e-06,-2.9297200108435873e-08,-2.5220985226497403e-07,-1.0377310087667495e-07,-1.7987845706205638e-06,-2.855942106993312e-06,5mV,1,53,-2.4898304104811952,0.0004947944358246005,0.00042702464271657714,4.0604482373408875e-07,-1.3346065490734486e-06,0.10064796816681246,0.086862663633142,0.01680097122953703,-0.05522219450436556
11863.43,0.0048758,0.00040728400853305393,0.00039137272998518923,0.004875840275189515,4.336808689942018e-19,8.661236046951321e-07,-1.0704115341064683e-06,-8.796588222414257e-07,-3.1781678901063155e-06,7.09515329571731e-07,3.603789140232184e-07,1.8629621253359512e-06,-4.879963911162446e-07,-6.627141182600831e-08,-1.7101932070035323e-07,-5.948361433673972e-07,-1.963752161153343e-06,-4.839118907607675e-07,2.682271663546075e-07,-2.93368459230246e-06,1.8815648958543574e-06,3.672417868257422e-07,8.256399563888255e-08,-8.641338353440716e-08,-4.424129666416066e-07,2.506115545440211e-07,1.1581194274412893e-07,2.1885512012119365e-06,4.646318409706362e-07,-8.883624130192388e-08,-6.962017480165265e-08,-1.6816287845628616e-06,1.20554137150516e-06,-7.510169181874795e-08,-1.2413007859598491e-08,1.6267582380979898e-06,-6.505928857838113e-08,-1.881408466160898e-09,-2.527139475784278e-07,8.125103483064686e-07,-2.3838540756972497e-06,5mV,1,52,-1.1048138976856845,0.00040728400853305393,0.00039137272998518923,8.661236046951321e-07,-1.0704115341064683e-06,0.08353103989183149,0.08026775035611215,0.03643182557035293,-0.045024804875035566
9432.87,0.0058902,0.00041275555607965574,0.00042439930446767893,0.005890241961705936,4.336808689942018e-19,4.906359729403501e-07,-1.8451015237846672e-06,-1.222599430539463e-05,-4.753093258063502e-06,3.3426568076630143e-07,1.0259763481236828e-07,2.0187754324779234e-06,-1.1777254352913004e-06,4.096711963902112e-09,2.218796321044e-08,-2.58303655898869e-07,-3.646365520989834e-07,-9.839050865592975e-08,-1.2255147708579576e-07,-4.491980325032899e-07,-4.924039020641744e-07,-3.879226352190573e-08,-7.898181840479912e-08,6.853614166849925e-07,-4.865065175171266e-07,-4.351249966648318e-08,-2.6468183659386037e-10,3.399089191867774e-07,-6.196823022031888e-07,-3.8908584854036256e-08,6.169180215598448e-09,5.100100226791417e-07,5.324490288764868e-07,3.934158140785442e-08,-7.651580792910252e-09,6.875741074456065e-07,1.7577157552802047e-07,-3.002601700235791e-08,-4.073070795980242e-08,1.7710764047534096e-07,-7.476148245096962e-07,5mV,1,51,1.3319936912417853,0.00041275555607965574,0.00042439930446767893,4.906359729403501e-07,-1.8451015237846672e-06,0.0700744653213046,0.07205125141323805,0.014141423110400952,-0.05318069356617833
7558.594,0.0047021,0.0002791075547185399,0.0002999165373704742,0.004702076875618744,-8.673617379884035e-19,9.130196365395136e-07,-9.62278127108621e-07,-5.276806883400495e-06,-5.784775026185411e-06,3.4051761207378843e-07,-5.6090538213121524e-08,1.680427286072429e-06,-4.4900868312417694e-07,2.286488541681075e-08,4.465358927998e-09,-3.594929295225576e-08,-3.7318666954852743e-07,-2.2138317609860228e-07,-2.0551843142937892e-08,-1.483203009143115e-06,1.6232443854027387e-06,5.930670800857166e-08,5.356704668191215e-08,7.931839107163787e-07,1.328272583691372e-06,-6.200112968020157e-08,3.351473994904571e-09,3.452749429127289e-07,-1.6185876404081382e-07,-5.584624742026559e-08,-2.1778514298446153e-08,-5.641016560028989e-07,-8.928514578972393e-07,-7.351528545704488e-08,-6.773086842667351e-09,-5.236202672568351e-07,-7.419838218312053e-07,-2.5776298426636487e-08,2.4716056697885125e-08,-5.373009348772429e-07,3.5598525184515924e-07,5mV,1,50,-2.337440374404727,0.0002791075547185399,0.0002999165373704742,9.130196365395136e-07,-9.62278127108621e-07,0.059358356339465894,0.06378384388515732,0.04129530400368194,-0.043523234555672564
5960.648,0.0047367,0.00023913000927880634,0.0002610439700384239,0.004736673053500017,-2.168404344971009e-19,1.1545954443635594e-06,-2.726363350661221e-07,-2.015110685129342e-06,-6.268600082401478e-06,4.427068204365213e-07,-1.799509702135782e-08,2.263437494264603e-06,-2.497614364988678e-06,-7.301564782384549e-08,6.998916727866705e-08,2.7534885353963586e-07,7.012590273610809e-07,-2.1297796928195904e-07,1.3523813696080917e-07,-6.784370463831048e-07,4.784295662253074e-07,-3.2782895085915054e-08,-2.988876933530226e-08,-4.2734329168742053e-07,-1.1919677817926563e-06,9.170140764998172e-08,2.3375612632290143e-08,2.553734056977482e-07,5.684673153905815e-07,-1.1495658125469279e-07,1.1328023143553441e-08,-3.855219977383084e-07,-2.8147475911846237e-08,-1.2639044570765334e-07,-2.604137764720477e-08,-6.494292974679056e-07,-4.6941933326723396e-07,-5.601873841248449e-10,-7.509447444331323e-08,1.1320933674043169e-07,-5.8801246042993524e-08,5mV,1,49,2.0390624972965936,0.00023913000927880634,0.0002610439700384239,1.1545954443635594e-06,-2.726363350661221e-07,0.050484803696153074,0.05511124941282016,0.051461568858287836,-0.012151696595347565
4746.094,0.0048319,0.0002126989471428474,0.00022947225839488664,0.0048318672308719,-4.336808689942018e-19,1.0347419210640737e-06,2.6373644818231017e-07,-8.164309354042156e-08,-4.506849922249842e-06,5.19919266414032e-07,2.2121262801291112e-07,3.138211497762266e-06,-1.1749610652809349e-06,-1.0644875205733818e-09,-1.0432884194230238e-07,5.598571581168218e-07,-9.914010904963062e-08,-4.056610468270466e-07,2.6638840542571217e-07,-1.029508332336887e-06,3.371511422826898e-06,6.1155442640075355e-09,-9.001711989280098e-08,1.4795404785328327e-07,-1.0963870813253778e-06,2.5571035592033817e-08,-5.787003645254084e-10,-1.2942421539622035e-07,7.314908389486928e-07,-8.399774842235205e-08,1.3702983939336386e-08,-1.5383384909658761e-06,-7.115145718279536e-07,-1.260621574748995e-07,4.4456569011498575e-08,-8.344402700944901e-07,1.6645050650045752e-06,6.860870480812291e-08,-4.631087345272401e-08,-7.396509291472339e-07,-1.195763276662719e-06,5mV,1,48,-0.5395485775183116,0.0002126989471428474,0.00022947225839488664,1.0347419210640737e-06,2.6373644818231017e-07,0.04402003138328499,0.047491424625398675,0.04432023552320105,0.011296402766278475
3761.574,0.0048694,0.00018967837912991915,0.0001978960950510329,0.004869399263450356,3.2526065174565133e-19,7.233175472148601e-07,4.4677305610937386e-07,4.495993941715837e-07,-2.133510424726534e-06,5.318099563389835e-07,2.5802253922972913e-07,4.346108765272874e-06,-9.445894584154259e-07,3.21271053366998e-08,-4.209704129364483e-08,-1.9087873972302945e-07,-5.598638271272914e-07,-5.725957544109942e-07,1.43391351105163e-07,-3.4682788456746326e-06,2.9889866370099355e-06,-6.055092290075252e-08,-6.110201993554448e-08,4.281239607903922e-07,4.642689804725745e-07,6.975790836888177e-08,-7.63851220867115e-08,-1.0360894248465247e-07,-7.398218500251522e-07,-6.820201925617226e-08,-3.6655654460348626e-08,-8.710766219637547e-07,2.4540423702625985e-07,-7.142567078439841e-08,1.4458091390580387e-08,-3.350573858212712e-07,1.3354016742101564e-06,8.750024734963496e-08,1.549585268833145e-08,7.811174092302989e-07,-5.811825026971229e-07,5mV,1,47,-1.7659402286029373,0.00018967837912991915,0.0001978960950510329,7.233175472148601e-07,4.4677305610937386e-07,0.03895313751608796,0.040640761692399774,0.030505505746019908,0.01884239927925168
2993.223,0.0049115,0.00017247577888062387,0.00017151062900198043,0.004911471579308659,0.0,4.109090670799183e-07,5.391862141495059e-07,-4.2943619666175024e-07,-2.510914975521709e-07,2.775726389162806e-07,2.73836450358936e-07,4.246829709227442e-06,-5.369264008089594e-07,4.586121563767912e-09,3.3608854795136154e-09,-7.833450447630201e-07,-1.6442048657905126e-07,-6.403281586162018e-07,8.407525272048303e-08,-3.7681990943304344e-06,4.2495535495677136e-06,-2.625473599119976e-08,-1.1655235725451788e-07,-1.2219151252375532e-07,-6.111743053990199e-07,6.899260136591394e-08,5.214688218612484e-09,1.0193245423521887e-06,2.4162778282833885e-07,-3.963308080300572e-09,4.692292680329982e-08,2.062099078138923e-07,6.091858360008035e-07,-3.240495616266714e-08,-2.1002169074250504e-08,3.6579136635943226e-07,-5.740881462128398e-07,-2.1382109391786574e-08,-9.616847030428004e-08,3.557233878755148e-07,-1.4209523206584985e-06,5mV,1,46,-0.7493483000482076,0.00017247577888062387,0.00017151062900198043,4.109090670799183e-07,5.391862141495059e-07,0.03511692495732647,0.03492041564986972,0.017034227919959778,0.02235195472417403
2372.685,0.0049145,0.00015713979751594333,0.00014758194975780185,0.00491454408231107,-5.421010862427522e-20,3.3846136593231514e-07,3.8885064923227953e-07,5.813614466586211e-08,-1.451919484397045e-06,1.6766436905682262e-07,2.398124705694306e-07,2.9583645621912464e-06,-1.1578307070232153e-06,4.56686404349569e-08,-2.572845758396084e-09,7.045688496110494e-07,-2.866725460912647e-07,-5.652470927895598e-07,-1.3395088160587028e-07,-4.0851241488128535e-06,3.6376896623284217e-06,1.6865077062335368e-07,7.42311021781012e-08,-8.584604911359707e-07,2.0920025489095871e-07,1.3133619798165754e-07,-3.7588327341982055e-08,5.17030276787455e-07,-1.0799515839052997e-07,4.1397940775857965e-08,8.560252121400737e-08,3.109272653331564e-07,1.3852761664656016e-06,-1.0705881300514088e-07,7.928447918589685e-08,-1.6095743468763293e-07,3.765694011042964e-08,5.4542309970618954e-08,4.484912553559678e-08,-1.3492274559172612e-07,9.561466258784643e-08,5mV,1,45,-0.08181939669590055,0.00015713979751594333,0.00014758194975780185,3.3846136593231514e-07,3.8885064923227953e-07,0.03197444053488847,0.030029631901969077,0.01401337141737617,0.016099647174116456
1886.433,0.00497,0.00014616137117105617,0.00012952892736063843,0.004969965752794008,2.168404344971009e-19,1.7519768412998496e-07,4.371854014666094e-07,5.471976257938887e-07,-3.391821310513977e-07,2.551987492990301e-08,2.3797821097496577e-07,3.547316407586515e-06,-1.8462728771550244e-06,5.677238887575327e-08,5.777955054872412e-09,8.311591139885198e-07,-3.290708892093453e-08,-4.386157602011243e-07,-1.526843116326279e-07,-4.444170968699347e-06,2.142098869107681e-06,-4.839176136318047e-08,7.454309573756525e-08,-4.131022874781207e-07,-4.331172796914049e-07,9.890113438374403e-08,-2.818599056032381e-08,2.7395658992199633e-07,-1.0428873109519891e-06,-9.882777503818927e-08,-2.4083639635646568e-08,-1.2543551506590787e-07,3.1046548608454594e-07,-4.3512561099156254e-08,8.716030716704504e-08,-1.344741357928714e-06,1.7317444230261832e-06,9.41549996488549e-08,6.626008592474187e-09,8.439616064677518e-08,-6.63947281081082e-07,5mV,1,44,1.3534494212386596,0.00014616137117105617,0.00012952892736063843,1.7519768412998496e-07,4.371854014666094e-07,0.029408929244409254,0.026062338012655326,0.00709286295861324,0.017699412840459207
1506.696,0.0049746,0.00013555694103270976,0.0001135237236736507,0.004974624906046746,4.336808689942018e-19,1.434581481418599e-08,3.9563371932057915e-07,-6.81387027075448e-07,-1.487996550166155e-06,8.579946971793918e-08,2.7621350517752484e-07,3.153187857478289e-06,2.8709905381501534e-07,3.2338389762282295e-08,-1.5049965583191714e-08,-8.802945456684525e-07,-1.857047476198526e-07,-3.611910812472542e-07,-1.8366843844206496e-07,-4.852055616424977e-06,1.261458766249203e-06,3.7058246813098735e-08,2.70654027616206e-08,-3.934339259077444e-07,2.101780756045669e-07,1.3831673642420112e-07,8.237253989419279e-09,2.8926921733471774e-07,5.616384320144572e-07,-4.574736406074279e-08,-1.769409592140266e-08,-8.188154630552246e-07,-1.8669681710712843e-07,-1.3075136832403514e-07,-6.8673007675475815e-09,-3.138642306565613e-09,-2.403426720533109e-07,5.773538792409767e-08,-9.287293767536222e-08,-4.6350087751888e-07,7.780536599008022e-08,5mV,1,43,1.4467218797502863,0.00013555694103270976,0.0001135237236736507,1.434581481418599e-08,3.9563371932057915e-07,0.027249680848889304,0.022820559503021136,0.000579701655467365,0.015987207768920528
1185.994,0.0049838,0.00012564273169656665,9.992589242387269e-05,0.004983753354851483,0.0,-2.280533460609222e-08,3.0780845199153094e-07,-1.1981245279345718e-06,-6.260262013713593e-07,8.500549094887417e-08,4.022493811371317e-08,3.860992768925524e-06,-7.292454613643819e-07,-1.0000586559818718e-07,3.076633967330986e-08,7.30884171564374e-07,7.30237342010683e-07,-3.393930446122056e-07,-1.0965461807131184e-07,-4.8721435846981525e-06,1.3724016982409497e-06,1.1219060338428915e-07,2.7948865188139068e-08,2.838425974538356e-07,2.9206362899663454e-07,1.384873004565256e-07,-1.8175970605251277e-08,1.5842344168329666e-06,-2.057044527633014e-06,-2.8619563522554607e-08,-4.338935860738775e-08,-3.9743791351048044e-07,7.003795822919262e-07,-1.0734385268806152e-07,-1.1680441558688612e-07,-8.126928289325043e-07,4.253215774826683e-08,9.908889334275521e-08,-4.872107146607487e-09,4.1358786720996663e-07,-1.38585286382619e-07,5mV,1,42,-0.1462376409329671,0.00012564273169656665,9.992589242387269e-05,-2.280533460609222e-08,3.0780845199153094e-07,0.02521046342998867,0.020050328599548143,-0.000918170566623789,0.012392743437369078
948.6607,0.0049714,0.0001167201980565901,8.89484616230266e-05,0.004971393868015528,-5.421010862427522e-20,-7.950857495489634e-08,2.8982389110724127e-07,-1.8114038802814238e-06,-1.1290595445580589e-06,1.3276337380432723e-07,1.571774276177593e-07,4.309598754771867e-06,-1.8683327858552396e-06,-4.448428128905925e-08,7.287448568687563e-08,-1.6270282576044058e-06,5.299281674343847e-07,-3.403366914804638e-07,-1.518623101831567e-07,-5.3329488871420705e-06,1.054055558429042e-06,-7.884028888316556e-08,6.854825102047978e-08,-5.554551098656223e-07,-7.706698463192633e-07,1.054363927625955e-07,2.3230153503365948e-08,5.984198479063336e-07,-9.247280449373614e-07,-1.0211164283462679e-07,-7.529893306108356e-08,-2.9350206058731876e-07,-1.458809941612929e-07,-5.1500685258568396e-08,-4.4459062439215635e-08,-4.4370845824874474e-07,1.0434036790588139e-06,-2.6238166612737996e-08,-1.0090150789576798e-07,1.6343736252062001e-06,-1.7761471975735885e-06,5mV,1,41,-0.08654382792851847,0.0001167201980565901,8.89484616230266e-05,-7.950857495489634e-08,2.8982389110724127e-07,0.023478364650914747,0.01789205683244987,-0.0032170486233805617,0.011726754635437348
752.3148,0.0049938,0.00010877186587844027,8.004765685289616e-05,0.004993834144845092,-4.336808689942018e-19,-4.39152552374914e-08,1.795501835065851e-07,-1.5795812223543805e-06,-8.981566822759193e-07,1.85013870438597e-08,1.3468268907902042e-07,2.270352053930727e-06,-2.043263269574402e-06,2.118366077392776e-08,-4.6312012322919845e-09,-2.1925557162257367e-06,-3.3352848670122703e-07,-3.4045671341417593e-07,-1.0536712052976633e-07,-5.7829776549758285e-06,1.3357310727429028e-06,4.047104808681105e-08,-3.276079073584706e-08,1.6165863475118443e-06,-6.273123647694678e-07,6.368641115941466e-08,-2.5282563135789098e-08,1.351474355481239e-06,1.4280287727584214e-07,-7.108248583361477e-10,-1.4491000699700605e-07,-4.5651405782679754e-07,-1.5144693769703691e-07,-1.9867918822560047e-07,1.344151985364806e-08,-1.0793514260490123e-06,9.006260364129333e-07,9.947241958276349e-08,-1.043565916298361e-07,1.8533143880508222e-07,-1.4337489264543855e-06,5mV,1,40,0.7410257781834917,0.00010877186587844027,8.004765685289616e-05,-4.39152552374914e-08,1.795501835065851e-07,0.021781233161441798,0.016029298236811835,-0.001760950638231129,0.007199753446280969
599.564,0.0049865,0.00010100701766559898,7.243476176963408e-05,0.004986538786179915,0.0,-1.0275860082341407e-07,1.336791313593182e-07,-2.031191762336604e-06,1.7364425365935267e-06,1.5552287086929735e-07,-3.1106017402956346e-09,5.05294262140479e-06,-1.3403185166664726e-06,8.437128015974302e-08,5.212637998239189e-08,-2.037330793258574e-06,-3.1390745279708585e-07,-1.639730254161806e-07,-4.900660119077656e-08,-2.745141895534361e-06,2.747071936687342e-06,7.049663026060616e-08,2.5936914809290908e-08,2.427869302823129e-07,-9.276997318274719e-07,5.378201748658257e-08,-6.260872341959969e-08,1.0552393514110678e-06,-2.3741763228855924e-06,-1.4421313689974443e-07,2.7550548697520678e-08,-1.2767196692436176e-06,1.1234790115368183e-06,-3.035886776865388e-09,-5.2374787000407356e-08,-4.069071653346092e-07,8.614159696547146e-07,1.4364028394854397e-07,3.757422145588834e-08,1.4238065088169621e-06,-1.105622534649686e-06,5mV,1,39,2.1303937778790565,0.00010100701766559898,7.243476176963408e-05,-1.0275860082341407e-07,1.336791313593182e-07,0.02025593743410515,0.014526060033942877,-0.0041325658202451725,0.005376073678590874
474.0168,0.0050118,9.383261467404473e-05,6.60146151261117e-05,0.005011802238670582,0.0,-1.3123525560019243e-07,1.8154693407639115e-07,-1.1120379910972753e-06,9.00190880794683e-07,4.676868873575882e-08,5.988724123524065e-08,3.828851341739556e-06,-2.824678483592727e-06,3.187526364278751e-08,1.302556642018143e-08,1.0647102434637168e-06,-2.1984116046508783e-07,-1.827587005036994e-07,-2.4495766286561352e-08,-3.697742625489092e-06,3.6200350243061927e-06,4.354610544645465e-08,-3.524866379786516e-08,1.3366826035617319e-06,-9.051689590786272e-07,4.288613255752395e-08,1.8295296694344533e-09,1.4955332467240948e-07,-8.732024923014619e-07,-3.6733658564148805e-08,2.982839288819864e-08,1.8664293174034118e-07,-6.430020708093297e-07,-8.461450968415723e-09,3.601769195934977e-09,4.553571741296986e-07,1.0865774496348581e-06,4.438365790908565e-08,-3.4605161003019884e-08,-1.3117304362445302e-07,9.803880315970852e-07,5mV,1,38,-0.08831015304018112,9.383261467404473e-05,6.60146151261117e-05,-1.3123525560019243e-07,1.8154693407639115e-07,0.018722329853728334,0.013171831605155788,-0.005224715776356838,0.007227715801520828
377.1552,0.0049763,8.610864598954979e-05,6.0078980107346766e-05,0.0049762881707887145,0.0,-1.1111525217631152e-07,1.421733705415141e-07,-1.6413643950936526e-08,3.043715968426086e-07,5.286319276967655e-08,5.4939638988514725e-08,3.7130615627231097e-06,-1.9725388277880224e-06,-1.4577659066249918e-08,-5.7311707269466155e-08,4.907261524966503e-07,2.2815596563237865e-07,-1.798319602700007e-07,1.541126194606334e-08,-2.091088624698729e-06,3.393121778323369e-06,-1.7454452453471573e-08,3.1776760367823442e-09,-8.306736835427507e-08,-8.351294398501742e-07,5.3630951744500793e-08,-4.627120865907763e-08,-1.1816850771840749e-07,-1.6510636840972361e-06,4.844750544553628e-09,4.195031350167227e-08,-4.481239214009641e-07,7.496256701501549e-07,-1.6976807648368508e-08,5.072012487357484e-08,1.8968138927391425e-06,1.7333393263796564e-06,1.4393568372121306e-08,-4.962252937895806e-08,-8.616476547006653e-08,-6.938404466867524e-07,5mV,1,37,0.1400676591762112,8.610864598954979e-05,6.0078980107346766e-05,-1.1111525217631152e-07,1.421733705415141e-07,0.017303790101026652,0.01207305084541046,-0.004487067806944997,0.005741260011266858
298.2954,0.0050016,7.951423458777635e-05,5.5393521478572045e-05,0.005001570216413233,0.0,-1.9741368595734686e-07,1.216656298157878e-07,-5.421736477630045e-07,1.0595235391837133e-06,-2.7711737407628017e-08,3.0935558202148646e-08,1.351467269567248e-06,-2.076126232988754e-06,2.337261698907391e-08,-1.0429179119433493e-08,4.104130879375198e-07,1.6158438768250713e-06,-1.6296626052603988e-07,3.133497337117467e-09,-1.174140874087763e-06,3.7003970993625393e-06,-3.4925331863967682e-09,-2.0693199718811147e-08,1.254047060472625e-06,-1.198173252892959e-06,-3.250682016053741e-08,-5.043821331152524e-08,-9.057485041865807e-08,-1.6619175447424754e-06,-4.248818421076113e-08,5.8837172418659906e-08,1.1085191982795466e-07,4.658818736377824e-07,1.0613080189935715e-08,1.180262949979932e-08,6.119933747846636e-07,-3.0381507756871053e-07,2.098326958175056e-09,6.995720921583844e-09,-7.413375303895197e-07,-3.885013512799775e-07,5mV,1,36,-2.0957791068276537,7.951423458777635e-05,5.5393521478572045e-05,-1.9741368595734686e-07,1.216656298157878e-07,0.015897854303202855,0.011075226195323975,-0.007891590058305717,0.00486356997001323
236.7424,0.0049956,7.293659066175431e-05,5.0994230762007146e-05,0.004995556599494438,-2.168404344971009e-19,-1.644867332709152e-07,6.951850308048156e-08,-9.692402238623571e-07,6.902898610551098e-07,3.324912402838742e-08,-2.347176293628314e-08,2.573956162165714e-06,-3.112234348373612e-06,-6.123542859146225e-08,-4.137278448675404e-08,-1.7165171210960482e-06,-5.121194910288078e-07,-1.083406509387441e-07,1.0071441182327375e-07,-1.554630195761129e-06,4.7007248752743144e-06,7.475748195739405e-09,1.7346256952332868e-08,-1.155426260590103e-06,8.05319408809479e-08,-5.826797008428215e-09,-2.0786238762415264e-08,-1.0051490832081954e-06,-2.7221129853729346e-07,1.1177326748754473e-09,6.65935802885908e-08,5.410468483203426e-07,6.608417540750003e-07,4.974720448391664e-09,3.217224712314615e-08,3.373388451074981e-08,4.1311379138338184e-07,-2.6590343975098825e-08,8.710204745149785e-09,-1.2586500859344633e-06,-5.537743081359374e-07,5mV,1,35,-0.25239829757349835,7.293659066175431e-05,5.0994230762007146e-05,-1.644867332709152e-07,6.951850308048156e-08,0.014600293122319074,0.010207917725758102,-0.006591179024721946,0.002785689096150098
189.0121,0.0049847,6.666862286069914e-05,4.709294147995872e-05,0.004984700709495346,-2.168404344971009e-19,-1.1165573062067696e-07,2.8567697190293463e-08,1.4385190476514925e-07,1.295437314699631e-06,-5.4351582490433666e-08,-3.869148610910291e-08,1.8126949998342286e-06,-3.4090666338907984e-06,-2.5537020986723945e-08,-6.216188529902216e-09,1.0777205151192633e-07,-1.6326449903512893e-06,-5.48633637515186e-08,7.83019448354451e-08,1.0369506261690422e-06,3.8025586726083986e-06,2.3087997051814558e-08,-7.60598851795291e-09,2.7222525081823126e-07,-1.2647977571302004e-06,-8.92817961349352e-09,-1.282906657073355e-08,-1.3079805703078218e-06,-4.864952792139108e-07,-1.7857274965984736e-08,7.772625105367867e-09,9.191207307693926e-07,6.751922382815348e-08,3.8296397315710956e-08,2.4117565516656013e-08,3.071469211711213e-07,5.952123058572132e-07,1.0951937490434562e-08,1.843424473517158e-08,-2.590987629598376e-07,5.333405560910519e-07,5mV,1,34,-0.33729181827483246,6.666862286069914e-05,4.709294147995872e-05,-1.1165573062067696e-07,2.8567697190293463e-08,0.013374649100537215,0.00944749629406064,-0.0044936872422621146,0.0011497331636380512
149.6011,0.0049918,6.089006199394677e-05,4.356132962282126e-05,0.004991779402692273,2.168404344971009e-19,-1.1699123256639828e-07,5.7740342315539105e-08,-1.7461111198439036e-07,-1.0347492995956647e-08,7.557680822480262e-09,-9.60554830300307e-08,1.3901005854691198e-06,-4.9109939817005904e-06,-2.8707991017817456e-09,8.475279202914263e-09,6.647508321634466e-07,3.461185550885732e-07,-1.1836076517712922e-08,1.1037016281591937e-07,2.4091811455984727e-06,3.426092972088755e-06,5.644353682714852e-09,-1.4195296625220705e-08,7.404103326813662e-07,-9.859733450063836e-07,-5.1010605775049575e-08,8.223384826403807e-09,-1.9406891112732923e-07,1.2797573383226989e-06,4.49963652658636e-08,8.216773129401611e-09,-5.725159564558893e-08,-3.2757291842032815e-07,-1.849803455073955e-08,-1.3631253836368918e-08,2.709292042611354e-07,-9.587265786513242e-07,8.539848477511923e-08,3.1975172460611126e-08,5.30135940290458e-07,5.889944164844555e-07,5mV,1,33,-1.4640326574379359,6.089006199394677e-05,4.356132962282126e-05,-1.1699123256639828e-07,5.7740342315539105e-08,0.012198067478924698,0.008726613519685353,-0.00469507514008555,0.0023172270249555457
119.1737,0.0049399,5.4917312230934795e-05,3.986938157109125e-05,0.004939899310110805,-4.336808689942018e-19,-1.750589567770422e-07,5.778509683824194e-08,-9.193452271331147e-07,1.0048496597064767e-06,-2.495043117688013e-08,-1.0530161574036157e-07,-7.801838367133586e-07,-4.5913456662109805e-06,-6.401879853923889e-09,2.2891973624576078e-08,5.884486109324141e-08,-1.1973604278719383e-06,3.4129730811775745e-08,9.848628613646739e-08,3.410307777705064e-06,6.931179074226661e-07,-5.877906779924399e-08,2.8256222804538326e-08,-7.167315476050676e-07,1.3018949499067293e-06,-6.170216447884216e-08,2.4138398191658226e-08,-1.0462570898899738e-06,1.7060169421588662e-06,-5.204472069864543e-08,-1.8506328758997087e-08,-1.1123554564439036e-06,-1.0548832700200615e-06,-2.8848605671769197e-08,-6.190225525193353e-08,-7.661666908633045e-07,-1.4095415224081992e-06,-3.6843617308000565e-08,-3.5224466914514455e-08,2.503136509089496e-07,3.8415529948715354e-07,5mV,1,32,2.4041560341905623,5.4917312230934795e-05,3.986938157109125e-05,-1.750589567770422e-07,5.778509683824194e-08,0.011117091418955047,0.008070889519850752,-0.007173781462474615,0.002367988842944162
94.69697,0.0050325,2.4894811706827742e-05,1.4841473278805544e-05,0.002516256063898249,-3.017554874593445e-20,-5.9097212587161536e-08,-3.620546231894094e-08,-1.5114348956817132e-07,4.933447323684397e-07,-2.1947676258531292e-08,2.4021715309067476e-08,6.602846482936848e-07,4.399401191716878e-07,-2.6918801321645952e-08,3.992342628987872e-08,-8.290507919032082e-07,1.933690368662706e-07,-4.197268690466261e-08,9.959314568864365e-09,-6.705576348772497e-07,3.32212663141756e-07,1.5738999820156005e-08,-3.705392271037161e-08,4.3109273272789807e-07,9.974110573348231e-08,1.502091485331047e-08,-2.118325708657408e-08,8.848641103309897e-08,1.5017851187483827e-07,5.735629108366165e-09,7.148411636698385e-09,-1.825562829360001e-07,-5.511079002242176e-07,-5.119693225940065e-09,8.425681380385197e-09,6.201376571487736e-07,-3.101852301803172e-07,1.1890916653419706e-08,-2.4817066241281727e-08,5.2186281960741e-07,-3.779640127353242e-07,5mV,1,31,1.5707061507872726,2.4894811706827742e-05,1.4841473278805544e-05,-5.9097212587161536e-08,-3.620546231894094e-08,0.009893592335058323,0.005898236467958174,-0.009333775013160848,-0.005718266983134858
75,0.0050057,2.2351420908897614e-05,1.2105799127420334e-05,0.0025028320011067787,-4.404571325722362e-20,-5.498280306190233e-08,-2.9466429649721915e-08,-1.9921395266008646e-07,6.937987050421713e-07,-2.5768715533208288e-08,-1.423041794702231e-08,7.688283289839077e-08,-1.9730162821060635e-07,1.082615730941517e-08,-4.311944739651951e-09,2.3104378009936259e-07,-5.290830236127179e-07,1.4937180000325513e-09,-6.593682102710025e-09,-6.605671002324533e-07,1.088710407204317e-06,1.469416635320134e-08,1.9690218206675284e-08,9.110570746574256e-07,-1.4384996777042792e-07,-9.903898406638169e-09,1.2057836305553674e-08,-1.5673623139823534e-07,1.2139893392242366e-06,5.0851509672640335e-09,2.389114357138873e-08,2.0042672315395308e-07,2.941577619796942e-07,-1.9286484042230866e-08,-1.4561475435950232e-08,-4.6740899391131346e-07,-2.1444069972064076e-07,-8.842038990853849e-09,6.810996019889957e-09,3.8854383241200375e-07,-2.1092607391883523e-07,5mV,1,30,1.5641565538051418,2.2351420908897614e-05,1.2105799127420334e-05,-5.498280306190233e-08,-2.9466429649721915e-08,0.008930451943643673,0.00483684047593567,-0.008777351251716307,-0.004703965399479738
54.50581,0.0049983,3.9683618017390565e-05,2.914713547187529e-05,0.004998306268285492,1.7618285302889447e-19,-1.295142934091473e-07,-2.395208989369838e-08,-4.2386365251044995e-07,4.0900594662248355e-07,-5.606418874206352e-08,-2.047113060936605e-08,4.1572008760141284e-07,-3.119415702446612e-07,-9.979822169667635e-09,1.0126794721139397e-08,4.717666828714771e-07,-2.3709382181708663e-07,-2.4888102031372023e-08,-8.282699533555216e-09,-2.352312025637057e-06,-3.478370832669791e-07,1.759873807447479e-08,-2.0296863162110346e-08,6.169613917314476e-07,-1.2165951715626468e-06,5.63177149563119e-08,6.3798051294870315e-09,2.5531385804661776e-06,1.2301731908370625e-07,4.79455123219231e-10,8.513855984106451e-11,2.952293730006777e-07,-3.17054260261032e-07,2.2483149406340084e-09,1.1670779048233427e-08,1.1965082675314109e-07,1.2120531785286029e-07,3.062733795775334e-10,-5.4857914769948336e-08,-9.279189701548349e-07,-3.1254060902884725e-07,5mV,1,29,1.5564367015488547,3.9683618017390565e-05,2.914713547187529e-05,-1.295142934091473e-07,-2.395208989369838e-08,0.007939413050613794,0.0058314024606325844,-0.00518408332002899,-0.0009587330203431187
45.95588,0.0049966,3.6591205496663274e-05,2.8805033750430842e-05,0.004996623276547554,-5.421010862427522e-20,-1.1289230902107447e-07,-5.459336480396891e-08,-3.464410529384282e-08,-4.678720114733543e-07,-5.570523530891972e-08,-2.1092246704265458e-08,-2.3316104940645442e-08,3.1649472074914137e-07,-9.765427444135832e-09,1.1825917992839198e-08,-5.742466105176343e-07,1.4682359684982075e-07,-2.3147564486053796e-08,-1.3982881559473573e-08,-6.395370042036307e-07,-6.833068360246228e-07,9.985949678422428e-09,-4.3394713049918056e-09,2.0840139766584204e-07,-1.6761614185268186e-07,4.502619601310369e-08,2.6425447382004044e-08,2.775213546680645e-06,-1.0091778449056325e-07,-4.376950404914104e-09,8.305357976583778e-09,-3.2681351652491367e-07,-1.5451454920478227e-07,-8.522190071250199e-09,-4.68359652918375e-09,-1.7853223514643787e-07,1.9925207345908258e-07,4.161155807472315e-09,-2.8818548319639792e-09,-4.156521000823341e-07,6.075616616241559e-07,5mV,1,28,1.6227588529212473,3.6591205496663274e-05,2.8805033750430842e-05,-1.1289230902107447e-07,-5.459336480396891e-08,0.007323186774638367,0.005764900044722573,-0.004521797842823394,-0.0021866871299175386
37.5,0.0049991,3.335747721865928e-05,2.672432734155492e-05,0.0049991290109879126,-4.0657581468206416e-19,-1.0939914669168542e-07,-5.52643420117844e-08,-5.477926456629306e-07,-8.523296528056325e-08,-5.359786719519331e-08,-1.6080349058915044e-08,4.6840021407426893e-07,-3.320746914260354e-07,-6.698023844763442e-09,1.529797320803446e-08,-2.9602089476156376e-07,1.748816736335634e-07,3.153270802276674e-10,3.592928554642221e-09,1.1704805620776717e-06,-1.093950119638434e-06,1.1566580401303986e-08,-7.247130431173859e-09,4.6731556660360996e-07,-8.137308580654406e-07,1.954654941969166e-08,1.6618035745142624e-08,1.3343887758526036e-06,7.526062760372074e-07,-3.710064918848613e-09,5.765004607910041e-09,3.87087410192476e-07,5.109369330969699e-07,-2.9097679823808012e-08,-2.2453959024460095e-08,-9.566858600877772e-07,-1.3052053924951277e-07,8.680019340218547e-09,-5.59333803946882e-09,6.392974348572035e-07,-3.3023880461262386e-07,5mV,1,27,1.6082374306351888,3.335747721865928e-05,2.672432734155492e-05,-1.0939914669168542e-07,-5.52643420117844e-08,0.006672657806057955,0.00534579669434731,-0.0043774908333995685,-0.002211344035911309
30.04808,0.0050011,3.010451059087781e-05,2.4450148924204062e-05,0.005001119781923421,1.3552527156068805e-19,-1.0434409458488445e-07,-6.663088854684851e-08,-1.2611607386792253e-06,-3.3420590054413574e-07,-4.159898748382332e-08,-1.990537795614996e-08,1.2499324482936422e-06,1.014169466236525e-07,-8.438036381211048e-09,1.6620581592517304e-08,-7.594483644892015e-07,4.1743462972398993e-07,-1.5836691519176344e-08,-3.7896974992347445e-09,-2.992076943885188e-08,5.660825742716791e-07,1.2043653183888688e-08,-4.640582031493324e-09,8.992761967716543e-07,6.419320838982319e-07,-4.009440037690231e-09,-5.388868842319168e-09,-1.5390866099733605e-06,5.550433095462112e-07,-8.159940645971971e-09,4.314346109214969e-09,2.305143286368235e-07,2.783957202117186e-07,-2.4450635624475733e-08,-1.4401620301306424e-08,-6.584101833216583e-07,3.7182959554250356e-07,7.976748690903952e-09,-3.3196811052215857e-09,1.6390874338924002e-07,7.690267061630808e-07,5mV,1,26,1.5954622712039832,3.010451059087781e-05,2.4450148924204062e-05,-1.0434409458488445e-07,-6.663088854684851e-08,0.006019554000624172,0.0048889348766608795,-0.004171894929136664,-0.0026640421497579987
23.91582,0.0049979,2.7005346136816725e-05,2.2352508843813248e-05,0.004997878299140304,2.574980159653073e-19,-9.559007312811774e-08,-6.730624162072068e-08,-6.999274289593758e-07,-1.1908994449240494e-06,-4.279024167497058e-08,-2.174295892083143e-08,-7.93346321794995e-08,8.731048409400737e-07,-5.146511863206283e-09,1.1580261911247902e-08,8.933181996892181e-08,-4.4272783858810465e-07,-7.659916005219637e-09,7.442999697196207e-10,2.782279421861369e-07,-6.359866031887861e-07,6.23409521683054e-09,-1.9703568453265404e-09,1.8216274433410094e-07,2.1817869790070707e-07,1.753108025162717e-08,1.0536301046412213e-08,1.08430715960597e-06,-6.2561055615906e-07,-6.924621001265853e-09,4.258365103830834e-09,-2.432865516222844e-07,5.1330178357170905e-08,-1.3735265002520817e-08,-6.787495119812175e-09,3.447186941226939e-07,-1.0840706208997589e-07,5.244216071972399e-09,-2.1152612492288245e-09,-5.731905819540162e-07,-1.2529323889434275e-07,5mV,1,25,1.5860906194469293,2.7005346136816725e-05,2.2352508843813248e-05,-9.559007312811774e-08,-6.730624162072068e-08,0.005403362090962073,0.00447239958757262,-0.0038268500084256856,-0.0026945359793598884
18.8253,0.0050005,2.4113926348636438e-05,2.0275603602918805e-05,0.005000537421532116,-2.846030702774449e-19,-8.805308206716448e-08,-6.45945247750372e-08,-6.476036421691099e-08,5.212483531342946e-07,-4.264068640924281e-08,-2.7213394911204508e-08,-3.0389260764745026e-07,2.327656200999917e-07,-1.8124534056711748e-09,1.1810716193803532e-08,2.941413189960487e-07,-2.547971670609483e-07,-2.1052341642628566e-08,-9.0011246894579e-09,-9.38479895444428e-07,2.809066895899879e-07,8.083447068883225e-09,-3.134815468731303e-09,5.378874480960314e-07,5.623055730868239e-07,6.049867359769503e-09,-1.1764057928374114e-09,-7.400465036097063e-07,1.6754433033159438e-07,-6.500541258162634e-09,3.279261977660329e-09,-5.274541278115638e-07,-8.083416851804974e-08,-1.0764954594990822e-08,-3.5229309553663473e-09,-4.2653923403271975e-07,-3.176036100275556e-08,1.690437422760901e-09,-6.6409172920176804e-09,-5.154614407559593e-07,-1.4845966415596822e-07,5mV,1,24,1.577666731565201,2.4113926348636438e-05,2.0275603602918805e-05,-8.805308206716448e-08,-6.45945247750372e-08,0.004822266951708596,0.004054684905588919,-0.0035213662587846957,-0.0025832256487234276
15.02404,0.0049995,2.164414074028181e-05,1.8497823351249033e-05,0.004999479737489333,-2.2827537928503394e-19,-8.084716325625346e-08,-6.28583083665384e-08,-1.0903777298071336e-06,-1.1985663652942173e-07,-3.904503215217785e-08,-2.6799418672457943e-08,-4.1683299987971945e-07,-6.489566048181525e-07,-4.3434914956267796e-09,8.715186917413613e-09,-1.7905527856848957e-08,-1.3098406666148528e-07,-1.5800137408498606e-08,-6.508863847797538e-09,-9.14634423351417e-08,-2.063151724132755e-07,5.746890433718187e-09,-4.0343110873458256e-09,5.565052137261576e-07,-5.430323026734116e-07,8.352438020456203e-09,2.8820636634563225e-09,-1.7063879074323896e-07,-1.4966368427402374e-07,-3.6849819163550755e-09,4.853060969683432e-09,-3.495297076259367e-07,5.114455036003982e-07,-9.679163815453499e-09,-6.05221110242572e-09,-7.311765465732413e-07,1.0557657072922957e-07,6.656014928990649e-09,-2.973420554594244e-09,4.0301716896018857e-07,1.9763897805732996e-07,5mV,1,23,1.5712719056083355,2.164414074028181e-05,1.8497823351249033e-05,-8.084716325625346e-08,-6.28583083665384e-08,0.00432927862032924,0.0036999496592696217,-0.003234559623274013,-0.002514855661481551
11.95791,0.0050004,1.9389333670346256e-05,1.6794121346251886e-05,0.005000450383555554,-1.2536087619363645e-19,-7.307013456017002e-08,-6.032811553882912e-08,1.1258394331396787e-07,1.1995007967231555e-07,-3.241778820754403e-08,-2.2107311901387598e-08,2.2397321160077348e-07,-8.156908615207642e-08,-3.5743660055242454e-09,7.835582695352247e-09,-4.723196763511177e-07,-3.869463756763726e-07,-9.79737092964197e-09,4.878467161732316e-11,-1.325340623354488e-08,2.5412297116634e-07,5.452474397732525e-09,-3.925662389790483e-09,5.264790913740591e-07,3.6253600582259745e-08,4.145459769483486e-09,-4.913020918337619e-10,-7.185069277007989e-08,1.7319575597648668e-07,-1.8483158602070258e-09,7.1062610226622306e-09,-2.181563311645511e-08,5.776895624549038e-07,-6.872864482547532e-09,-1.442729935080685e-09,-3.1342211363248254e-08,-2.8405032715585854e-07,2.3717969563556884e-09,-3.2650609962045725e-09,-1.4167233189560137e-08,2.942817898426628e-07,5mV,1,22,1.5661888199865108,1.9389333670346256e-05,1.6794121346251886e-05,-7.307013456017002e-08,-6.032811553882912e-08,0.0038775174600491754,0.0033585217446574244,-0.002922278900151426,-0.0024126899476262236
9.52744,0.0050001,1.7360966916879103e-05,1.5224134429164742e-05,0.005000056517970732,-3.8624702394796095e-19,-6.722647468394211e-08,-5.613301537156672e-08,-3.077737897911539e-07,3.6126711640112767e-07,-3.030487465074392e-08,-2.4097914930972236e-08,1.0949900633593463e-07,5.7632329259020464e-08,-3.896686865551832e-09,8.039259106070412e-09,-9.566992278852667e-07,1.1156883819828303e-07,-1.0565398869480273e-08,-3.5351835137252645e-09,-4.5068178600202873e-07,1.640126695081751e-07,3.735609641484344e-09,-3.993955197394455e-09,6.614459939424806e-07,1.532451944859593e-07,5.9953728902457454e-09,3.6231448284092967e-09,2.3138363028922362e-08,2.651996765369247e-07,-2.2780214970008454e-09,3.5600665504325437e-09,-5.176175384632227e-07,2.8435210750169383e-08,-3.0614956150164715e-09,-1.7789076487331337e-09,2.214516889109501e-07,-4.3367304078867606e-08,1.0167194098548344e-09,-2.455985239671903e-09,-5.208631663193804e-08,1.3948251852418227e-07,5mV,1,21,1.5623205414921844,1.7360966916879103e-05,1.5224134429164742e-05,-6.722647468394211e-08,-5.613301537156672e-08,0.0034721541355546585,0.003044792468734622,-0.002688998196325563,-0.0022452698553374
7.524077,0.0049992,1.5472590471748824e-05,1.3738848505377144e-05,0.0049991569246471265,-5.353248226647178e-19,-6.130702055697102e-08,-5.3784277570119275e-08,-4.815792366571603e-07,7.299763194209448e-10,-2.7619568269634575e-08,-2.2330444237199693e-08,1.1725232826496725e-07,-4.6093934957060374e-09,-2.153927608990636e-09,7.2113086368236224e-09,-4.882949899288198e-07,9.180419934266411e-08,-5.857981499708444e-09,-3.342857595089138e-10,-2.867488144791755e-07,2.3444866113185283e-07,4.122405465817594e-09,-3.3933976726976883e-09,2.92866183904727e-07,-2.6674255566909453e-07,6.125698173507519e-09,2.874248779543663e-09,1.7896533977375573e-08,1.938578137629358e-07,-3.844368155736599e-09,3.742074190760642e-09,1.0406148119901033e-07,-2.391241304582438e-07,-4.3559866776920044e-09,-2.3219896267382275e-09,2.2390058716358662e-07,-3.330337260320399e-08,1.4298000699397158e-09,-2.585207329446427e-09,-3.2087436193319846e-07,1.2719097910084549e-07,5mV,1,20,1.558878402025366,1.5472590471748824e-05,1.3738848505377144e-05,-6.130702055697102e-08,-5.3784277570119275e-08,0.0030950399647318495,0.0027482330945926294,-0.0024531080144964065,-0.0021520967935238647
5.98659,0.0050004,1.3838163950180126e-05,1.2420837220079039e-05,0.005000374345204952,3.2526065174565133e-19,-5.569995865853732e-08,-5.0189449209853896e-08,-6.128750687540272e-07,6.900035245365947e-09,-2.6114370386069147e-08,-2.1968639552828153e-08,1.6053027793709708e-07,2.323987131485551e-07,-1.9855627182793486e-09,6.263302068830338e-09,-2.8449681212437886e-07,1.4511368377062827e-07,-8.458408726573877e-09,-2.3164636928978736e-09,-5.143176098396025e-07,1.2165166693041735e-07,3.988180086229656e-09,-4.149378957065424e-09,1.7389243852055234e-07,-3.2807139755940257e-07,5.27918184296279e-09,8.357120793303703e-10,3.5522478676098316e-07,-5.386109186080047e-07,-2.884145453270136e-09,3.642711088103936e-09,-2.4892072817816166e-07,-8.51211418365868e-10,-4.475269836226804e-09,-4.663162827906963e-10,1.0534878891256485e-07,-1.5228851645255598e-07,1.0807581242334355e-09,-2.7608510430144936e-09,1.1063120299821716e-07,-8.55266904399647e-08,5mV,1,19,1.5563352459254434,1.3838163950180126e-05,1.2420837220079039e-05,-5.569995865853732e-08,-5.0189449209853896e-08,0.0027674255955356755,0.0024839814707052583,-0.0022276647676050033,-0.0020072773912760437
4.76372,0.0050002,1.2368643369455954e-05,1.1210740136241598e-05,0.0050001798365669065,1.3552527156068805e-20,-5.0303836858538215e-08,-4.715258989167311e-08,-6.56315132652916e-07,-2.3248876632745773e-08,-2.327482639202899e-08,-2.0348006423859505e-08,2.937048670116262e-07,4.280544889281582e-07,-2.70855001794445e-09,5.990962695476738e-09,-4.6877629539179265e-07,1.6185156619819814e-07,-6.089861641334022e-09,-1.5518847206260524e-09,-3.2391576406754997e-07,-5.112423027449422e-09,3.3159759044517925e-09,-3.3324055621822486e-09,1.4091439344948673e-07,-5.058628579298238e-08,4.586898412522087e-09,1.1380152702008978e-09,-6.664091499168831e-08,2.9974416302794864e-08,-9.827386352477167e-10,4.0651351184056566e-09,-2.2631352038684395e-07,1.5616943239348362e-09,-4.231035946417182e-09,-1.68051856993937e-09,-2.085906493386034e-07,-7.40040692062028e-08,3.05949913382413e-10,-2.229711512078816e-09,-2.5767485866435508e-08,1.0389645673011428e-07,5mV,1,18,1.554307989377141,1.2368643369455954e-05,1.1210740136241598e-05,-5.0303836858538215e-08,-4.715258989167311e-08,0.002473639703716775,0.0022420673861080214,-0.002012008738641041,-0.0018859679268282438
3.76506,0.005,1.1016715663398117e-05,1.00779634030476e-05,0.005000009957538181,1.2197274440461925e-19,-4.558335830683232e-08,-4.315828271712373e-08,-6.616601191181972e-07,3.3501528303655925e-07,-2.1595519132515015e-08,-1.996525171031621e-08,-3.127526018114756e-07,1.7654952882416855e-07,-1.1273827113010978e-09,4.8214250410719746e-09,-1.8632487912020806e-07,-2.3780344047646492e-08,-6.084141538539237e-09,-8.287468676760011e-10,-2.343809355447764e-07,-1.7614681185676027e-07,2.650400988537341e-09,-2.2184430346105018e-09,3.533151575951272e-07,-1.1577147687873638e-07,4.358544189706008e-09,2.7931527806297853e-10,-2.0176193061047966e-07,-8.01276773720488e-08,-5.222971661072574e-10,2.2321679045538492e-09,-2.4639460236050166e-07,1.1534022404189676e-08,-2.6873363919596308e-09,4.724772412757103e-10,2.1136481644340683e-07,1.6256574453606801e-07,-2.2814795472011708e-10,-2.117919911369822e-09,6.670780478427407e-08,-4.0491584156330064e-08,5mV,1,17,1.552645924051356,1.1016715663398117e-05,1.00779634030476e-05,-4.558335830683232e-08,-4.315828271712373e-08,0.0022033387447136883,0.0020155886665492993,-0.001823327069926495,-0.0017263244327015217
3.008665,0.0049999,9.86257963241759e-06,9.09421036453292e-06,0.004999943230815423,8.131516293641283e-20,-4.085648517047119e-08,-3.990139590301889e-08,-5.521659429584772e-07,-3.673119254505856e-08,-1.834835959015727e-08,-1.7171059546900386e-08,5.242027404195834e-07,-1.831945741856506e-07,-1.541184217778765e-09,4.3256154247299756e-09,-8.043019109751278e-08,1.7130780324010582e-07,-4.602006987633112e-09,-3.6206456159336207e-10,-2.465062785425532e-07,8.992365388323674e-08,2.126662560074208e-09,-1.815548029757664e-09,3.766381997901309e-07,-5.2401748744406416e-08,3.4866358892121973e-09,4.793126381863987e-10,3.545567222015421e-08,-1.5890724176761128e-07,-9.648489834104508e-10,2.7164048331739553e-09,7.04191686919384e-08,1.3145807254771973e-07,-4.025695052961366e-09,-1.4378924691876037e-09,-2.9200804636806163e-07,4.284952876268677e-08,1.091367696331323e-10,-1.78849029411195e-09,1.6993138306978644e-07,2.7053434785857644e-08,5mV,1,16,1.5513684511124988,9.86257963241759e-06,9.09421036453292e-06,-4.085648517047119e-08,-3.990139590301889e-08,0.00197253832236194,0.0018188627239773237,-0.0016342965176804373,-0.001596092079453348
2.38186,0.0050005,8.790466991736494e-06,8.16305935097754e-06,0.005000546701504813,-1.0842021724855044e-19,-3.67125689059098e-08,-3.6133141048559895e-08,-4.628606530049328e-07,1.2061891812693778e-07,-1.78008124959781e-08,-1.6951409075512973e-08,2.0338328103157296e-09,1.8290827136982585e-07,-1.1986289390198278e-09,3.454570299515476e-09,-5.170760354476373e-07,-2.5675735764953686e-07,-3.740984569728817e-09,-1.1532843247690163e-09,-3.4374953138968554e-07,-1.6902716731064734e-07,1.8759241665538858e-09,-1.384974921084743e-09,5.395765760795282e-07,7.599315620562153e-08,2.7722043952111782e-09,6.14247964382818e-10,1.4533206916622765e-07,-1.3703918009675856e-07,-5.459396456981058e-10,2.4178178798794193e-09,-2.210763013082549e-07,-8.262247595043075e-09,-2.5693523979566215e-09,-7.844994848419882e-10,-1.2887165975851e-07,-1.5639119078512814e-07,2.4100809200828756e-10,-1.6901625215333866e-09,1.3009446325059344e-07,6.968262614069482e-08,5mV,1,15,1.5502830793472324,8.790466991736494e-06,8.16305935097754e-06,-3.67125689059098e-08,-3.6133141048559895e-08,0.0017579011889022416,0.0016324333794384988,-0.001468181675831231,-0.0014450096290913926
1.890121,0.0049997,7.840547446474498e-06,7.328245455921798e-06,0.00499974179404708,3.3881317890172014e-19,-3.278177688180203e-08,-3.325690037399256e-08,-4.818140275988372e-07,-1.794374376188101e-07,-1.587672752115256e-08,-1.5169786503764148e-08,3.45319663723034e-07,1.1738928385788785e-07,-1.1886883363957007e-09,3.665562900743714e-09,-7.636763648366483e-08,2.736651994641898e-07,-3.809131786209487e-09,-1.0955550284520838e-09,-2.7630940593663996e-07,9.652064116364603e-08,1.6225017248995413e-09,-1.418000417169728e-09,4.877913840652078e-07,-7.834637206692788e-08,2.3652363538759364e-09,-1.5390413481641344e-10,-1.5134465636002882e-07,5.015798669440488e-08,-3.0290154326846635e-10,1.869305496023642e-09,5.991563199667167e-08,1.1088494010702086e-08,-1.974959912373285e-09,4.378744942278662e-11,1.4106464661493098e-07,4.030179626999734e-08,3.5484426772435565e-10,-1.4256128529493308e-09,9.13507555843066e-08,-1.066384601867502e-07,5mV,1,14,1.5494113464661432,7.840547446474498e-06,7.328245455921798e-06,-3.278177688180203e-08,-3.325690037399256e-08,0.0015681904725179628,0.0014657247829572197,-0.0013114065169625574,-0.001330413419677661
1.502404,0.0050003,6.99966645762528e-06,6.579672772896979e-06,0.005000270823898963,1.0842021724855044e-19,-2.962295655690956e-08,-3.0137108452688264e-08,-5.515915523321147e-07,1.4970265858188726e-07,-1.4245331720242257e-08,-1.4543789284037615e-08,2.427668526118305e-08,-2.903554770596788e-08,-6.178947074689853e-10,2.750223272899934e-09,-1.6117799532409627e-07,-3.0848915504835614e-07,-3.2848615071040573e-09,-6.200606832204821e-10,-1.5748320769774987e-07,2.3975926934747314e-08,1.3702093845374652e-09,-8.370125848438798e-10,3.296456737856291e-07,-1.9363819353279128e-08,2.1854228247577483e-09,1.7460278489324619e-10,2.420007210908986e-07,-4.564268326702859e-08,-5.314531552935886e-10,1.2272557319859645e-09,-1.4482423456769112e-07,-7.070532555940268e-08,-1.8886078439211133e-09,1.228117424778567e-10,1.1551757524817045e-07,2.3104180977966792e-07,-4.228476257692777e-11,-1.245091367233556e-09,-7.2547228571029e-08,6.163369979399895e-08,5mV,1,13,1.5488230684026876,6.99966645762528e-06,6.579672772896979e-06,-2.962295655690956e-08,-3.0137108452688264e-08,0.0013998574685535308,0.001315863281134536,-0.001184789911031155,-0.0012053537591293646
1.195791,0.0050001,6.253161020409547e-06,5.905434381258187e-06,0.0050001421588439544,-4.472333961502706e-19,-2.6387558599773468e-08,-2.7177462875509527e-08,-6.537572179176818e-07,3.21742420884499e-08,-1.3188241269903767e-08,-1.3213724194110565e-08,1.397726102153629e-07,1.0730740738972019e-07,-8.456779975876176e-10,2.0441193200240565e-09,-2.545420202719344e-07,6.935761057203591e-08,-2.9267570841980133e-09,-5.708654523368947e-10,-2.545607735919807e-07,9.070585320568092e-08,1.3905548326600767e-09,-1.1196105604181907e-09,3.815816732749295e-07,-1.1884826613146942e-07,2.1605525387560784e-09,4.89218482276013e-10,2.6397097712138334e-08,6.156254314139484e-08,-2.8959001545822104e-10,1.0137542951571913e-09,-5.408601901733349e-08,-7.900180635447814e-09,-1.9563182041650173e-09,-5.6394138013349864e-11,-2.7420543672661618e-09,3.345027144516599e-08,1.2274737223686017e-10,-8.145048282510726e-10,5.924392939693313e-08,-4.104764221388914e-08,5mV,1,12,1.5482907305846407,6.253161020409547e-06,5.905434381258187e-06,-2.6387558599773468e-08,-2.7177462875509527e-08,0.0012505966474071796,0.0011810532968173728,-0.0010554423269533313,-0.0010870367013893361
0.9486946,0.0050001,5.5740154131216215e-06,5.28966882847193e-06,0.005000089162733443,-4.607859233063394e-19,-2.3448305550452282e-08,-2.633943369896476e-08,-4.6304512776495907e-07,-2.835504383545624e-08,-1.027353077426509e-08,-1.1883711474785596e-08,3.405886227821147e-07,-3.705379477632318e-08,-1.1094072604331531e-09,2.9976221455957845e-09,-2.5325771222350853e-07,-1.205032012544122e-08,-3.303269436242018e-09,-4.729237051433046e-10,-6.210695021270558e-08,1.3089505024021519e-07,1.3793963768990612e-09,-1.2355678501971166e-09,4.853022173142582e-07,1.887664696979235e-08,1.970145877697242e-09,-7.229772569866006e-12,1.0329919870668431e-07,6.333533789604214e-08,-1.8478873917876657e-10,1.6655038902444406e-09,-1.7854892649593904e-08,-4.8033755134831455e-08,-1.680227192659879e-09,-1.6152991598019294e-10,8.23910996935486e-08,1.642053188463041e-08,2.6930337303367596e-10,-1.4578022985814117e-09,1.825116075209229e-08,4.8384478654412214e-08,5mV,1,11,1.5478815977453366,5.5740154131216215e-06,5.28966882847193e-06,-2.3448305550452282e-08,-2.633943369896476e-08,0.0011147832032008052,0.0010579149003775326,-0.0009378987714725766,-0.0010535397730291835
0.7515633,0.0049998,4.9683541175211e-06,4.731593999591855e-06,0.004999800256450316,1.7618285302889447e-19,-2.0997724580425934e-08,-2.3683197413935328e-08,-5.949037441377498e-07,-2.0373172575018013e-07,-9.4887905199834e-09,-1.0897881492236025e-08,1.7581994111613152e-07,-5.622808050104317e-08,-8.514271627496718e-10,2.2450891180599876e-09,-4.162113830422657e-07,-1.1719066529397897e-08,-2.5044993174173404e-09,-4.4869062804671953e-10,-8.344601978250233e-08,5.4362087472402655e-08,1.1798052614424316e-09,-1.0434205170403791e-09,4.2320948355332546e-07,5.408566860066349e-09,1.9815363141380493e-09,4.7507434022481403e-11,2.67236316826265e-08,9.315073380504837e-08,-3.6938956494711444e-10,1.2246198103361964e-09,-2.1059519493075647e-07,9.161160507120372e-08,-1.4485304541210863e-09,-3.387033565899028e-10,-5.968451867173893e-08,-4.071979024922244e-08,3.426325829335089e-10,-1.0158645726414368e-09,8.101010721893407e-08,-6.410496854574592e-08,5mV,1,10,1.5475314744749218,4.9683541175211e-06,4.731593999591855e-06,-2.0997724580425934e-08,-2.3683197413935328e-08,0.0009937105209575827,0.0009463566056439065,-0.00083997609379917,-0.0009474035901478839
0.5978954,0.0050001,4.438281633617676e-06,4.239171163838166e-06,0.005000057382801215,4.336808689942018e-19,-1.857954124769201e-08,-2.106887264698301e-08,-3.9407799254043546e-07,1.645695133657327e-08,-8.730819902817434e-09,-1.005226451475821e-08,2.0096891277714034e-07,3.488079627525356e-08,-7.879196555476132e-10,1.9318414144850664e-09,-3.7928619150439537e-07,-7.664432400992779e-08,-2.4745010159904034e-09,-4.4066543198767924e-10,-2.1305873959013186e-07,1.8030811656449333e-07,9.219491862397604e-10,-6.572752330859733e-10,4.498657304228282e-07,-2.547632884715398e-08,1.5990819386450045e-09,2.349108473562791e-10,1.1123982622572168e-07,5.64530439910764e-08,-3.639458251987666e-10,8.203345262003831e-10,-4.230402249792511e-08,-4.922988750295166e-08,-1.24310667755525e-09,2.893850347238266e-11,-3.859582388805946e-08,1.2752222319513202e-07,2.0605819395452418e-10,-8.737235649427079e-10,1.291673098099434e-07,-9.959756654699607e-08,5mV,1,9,1.5473454598346073,4.438281633617676e-06,4.239171163838166e-06,-1.857954124769201e-08,-2.106887264698301e-08,0.0008876461395991397,0.000847824502658653,-0.0007431645918633794,-0.0008427355623574219
0.4763719,0.0049964,3.966350061775178e-06,3.7955871079579604e-06,0.004996410233877695,-3.3881317890172014e-19,-1.6843898358081004e-08,-1.8630032024155096e-08,-4.0256066192888676e-07,-5.707869994569659e-08,-8.031686373510791e-09,-9.144955336151663e-09,1.7969687665249105e-07,-1.9617166352889355e-07,-3.2172215746895167e-10,1.6315851820931863e-09,-1.5073664233515956e-07,1.2376863966982885e-07,-2.1010599309635906e-09,-3.7875215154551994e-10,-2.2636993770822303e-07,9.266927937055442e-08,1.0315633696801208e-09,-4.682980954900177e-10,4.146375593742897e-07,-3.210165464459012e-09,1.3436103982492739e-09,1.0658780102898796e-10,8.219854978028944e-08,-1.1123321977255239e-07,-3.018664148897967e-11,7.337663401165042e-10,1.8591199199362933e-08,-1.85697817518225e-08,-1.0626173911777552e-09,-1.0945847804112966e-10,-2.7003732182967192e-08,1.7947273395543435e-08,4.489964921134389e-11,-6.71476172774932e-10,-9.413066100728495e-08,4.644158157418982e-08,5mV,1,8,1.5478036744719148,3.966350061775178e-06,3.7955871079579604e-06,-1.6843898358081004e-08,-1.8630032024155096e-08,0.0007938399523085015,0.0007596628239655615,-0.0006747244276888875,-0.0007462724737526729
0.3780242,0.0050007,3.5427622516660196e-06,3.396406747171607e-06,0.005000726886073087,2.0328790734103208e-19,-1.5366781128793475e-08,-1.6608259659459396e-08,-5.040264853904196e-07,1.8847581774838177e-07,-7.506683111131979e-09,-8.204176753635424e-09,1.968941445133416e-07,5.9437753910114895e-08,-5.215173909991368e-10,1.1775875575561625e-09,-3.376442907337766e-07,9.5591658325025e-09,-1.663883348831216e-09,-3.462423046307597e-10,-1.580227236788794e-07,1.286311969900286e-07,8.368931699288584e-10,-3.368952333715453e-10,5.46651965784652e-07,-8.396756234026649e-08,9.856302555259717e-10,-5.961020726115833e-11,-5.11593672506169e-08,1.1426890493782784e-07,-2.3276599298475451e-10,7.442045641351225e-10,-1.470143531861407e-07,1.1598170847023835e-07,-8.84159474262573e-10,-3.3668200842883224e-10,-2.090966499688175e-09,-3.335325388548039e-08,1.6761988023822152e-10,-6.056283561529903e-10,6.066103797091535e-08,1.0258026230816984e-08,5mV,1,7,1.5474796525421592,3.5427622516660196e-06,3.396406747171607e-06,-1.5366781128793475e-08,-1.6608259659459396e-08,0.0007084494579243137,0.0006791826117580075,-0.000614492565729507,-0.0006641372714888385
0.3004808,0.0050005,3.164571219112763e-06,3.0367899175065452e-06,0.00500047200378472,-3.1170812458958252e-19,-1.3489017245685455e-08,-1.472284720331675e-08,-2.9821473002182537e-07,1.1060806430119367e-08,-6.7020163011983924e-09,-7.42637428663253e-09,3.5334539791238186e-07,-7.228591613715313e-08,-3.88158509015211e-10,1.036877450428846e-09,-3.266308300580373e-07,-6.698209239019904e-08,-1.5895963917433233e-09,-5.351567941372953e-10,-2.801201743660927e-07,-7.08695353655007e-08,5.05812142863122e-10,-2.1780184703647484e-10,3.094973893669633e-07,1.1077313818303448e-07,7.560379055373099e-10,3.350794850896922e-11,-8.490752183123223e-09,2.9450205606873982e-08,-2.2098710951787709e-10,4.720740130936928e-10,-3.52194124849407e-08,-6.920213696701263e-08,-6.516944858001588e-10,-1.6132797487097523e-10,-7.41600933500623e-08,1.0039405991980191e-07,3.483788911466925e-11,-4.2972637261519224e-10,-5.629138757601471e-08,8.982125879086309e-08,5mV,1,6,1.5473438684793668,3.164571219112763e-06,3.0367899175065452e-06,-1.3489017245685455e-08,-1.472284720331675e-08,0.0006328545018785399,0.0006073006538598921,-0.000539458834375419,-0.000588802716041383
0.238186,0.0050027,2.8227495055947522e-06,2.7109481311305476e-06,0.005002740774504599,3.2526065174565133e-19,-1.1847644530683412e-08,-1.3085381581796458e-08,-3.7106813736295544e-07,-1.901998669181929e-07,-6.39326569614467e-09,-6.592942616716064e-09,-4.9360722138071815e-09,-1.5514413089690018e-07,-5.978020933640377e-10,6.480685885893225e-10,-4.1441603344567113e-07,-1.7283684033977823e-08,-1.0426122343147966e-09,-5.010648893483624e-10,-1.9070221925910765e-07,7.860642443511536e-08,9.058686936888042e-10,-1.2506867298206708e-10,4.81359914687389e-07,1.9007901943026376e-08,5.843020556970156e-10,3.088637044365423e-10,7.516078309542728e-08,-1.1792067595290133e-07,-4.6284417546873235e-10,3.5402523628841253e-10,-5.21871647190578e-08,-3.702469591409256e-09,-5.214327264281542e-10,-4.797143125834601e-10,-1.230228546378624e-07,-4.2045497919787055e-08,3.786206306850541e-10,-1.8369200970717214e-10,9.047752511051606e-08,3.7547078317444996e-08,5mV,1,5,1.6155169751933423,2.8227495055947522e-06,2.7109481311305476e-06,-1.1847644530683412e-08,-1.3085381581796458e-08,0.0005642406098633559,0.0005418925851497877,-0.00047338666055102773,-0.0005228419094614103
0.1890121,0.0050006,2.519343502809562e-06,2.420256135239357e-06,0.005000600160270438,-1.6263032587282567e-19,-1.0684190824755317e-08,-1.1822803151409648e-08,-4.259280360196634e-07,2.2968113942175862e-07,-5.509214822532402e-09,-5.81733882922676e-09,4.2242702234226034e-07,5.685398972365662e-09,-4.0966248952945297e-10,6.311839604977948e-10,-2.8368426246075407e-07,-1.3046871683390863e-07,-8.360114372466233e-10,-4.210471942403826e-10,-1.3882457920177943e-07,-1.0410192335654282e-07,7.790925277940828e-10,-1.7402286619912313e-10,3.844351552935598e-07,4.2296268739711626e-08,6.481100624247219e-10,2.828636504193313e-10,4.9214022345320066e-08,-1.0895056892750571e-07,-3.4680125449525727e-10,3.474861792651385e-10,-1.1678804481836709e-08,-1.5635041711757604e-08,-3.9047190863083537e-10,-2.8887934324692575e-10,-7.64796605844158e-08,6.6054591941999115e-09,3.0968724507966207e-10,-3.1454456347014895e-10,2.6306142975702956e-08,5.819712902392605e-09,5mV,1,4,1.6013006571456339,2.519343502809562e-06,2.420256135239357e-06,-1.0684190824755317e-08,-1.1822803151409648e-08,0.0005038082274255082,0.00048399313235803013,-0.00042726505582972623,-0.0004727986172660476
0.1502404,0.0050001,2.2523487569016406e-06,2.162986821815181e-06,0.005000074747129885,2.981555974335137e-19,-9.604896797049075e-09,-1.0498284496315478e-08,-5.581975330358468e-07,-1.867339757909872e-07,-5.02216749608945e-09,-5.293915660808467e-09,2.155209171229839e-07,1.2984848775679565e-07,-4.268356899713952e-10,6.291473342581263e-10,-2.3743880761163164e-07,-1.313546187503195e-07,-7.026196444365947e-10,-4.2281927229032017e-10,-1.7051350883745147e-07,-1.4599813494032097e-07,7.026873665332704e-10,-6.154246969042554e-11,4.409354491727525e-07,1.0079510459482278e-08,5.239511341113468e-10,1.54618580140411e-10,-5.3213091385452534e-08,2.446496163599226e-08,-1.5583720827089293e-10,2.0949328721164924e-10,7.37661941634944e-08,-3.360686748713648e-08,-3.0723392098381126e-10,-1.910746981162575e-10,4.8827798399838714e-08,-2.069385547244885e-08,2.2675776787249854e-10,-1.87848108191941e-10,8.906496474241278e-08,-9.178054188107651e-08,5mV,1,3,1.590098821316924,2.2523487569016406e-06,2.162986821815181e-06,-9.604896797049075e-09,-1.0498284496315478e-08,0.00045046301721679685,0.0004325908973774375,-0.0003841843851240496,-0.0004199188246680019
0.1193355,0.0050004,2.0099288401664217e-06,1.9299049150917744e-06,0.00500040952862121,2.846030702774449e-19,-8.451758454941539e-09,-1.0945674360606643e-08,-7.354915415624719e-07,1.1101197472703315e-07,-3.3634650778642496e-09,-4.563342969772175e-09,2.095252955445435e-07,1.4372075581074585e-07,-6.079411938598418e-10,1.2901294622179143e-09,-2.933650442757752e-07,2.589321898163175e-07,-1.3647269997054106e-09,-4.926668632223667e-10,-2.867467931894106e-07,6.081798404704327e-08,5.599056881552062e-10,-5.488278402294277e-10,4.099785115227519e-07,-1.2575596555067852e-07,8.94305126896476e-10,3.0778363494717703e-10,1.55495850803963e-07,-6.850461005946098e-09,-3.596477272501701e-10,5.248124667744266e-10,-1.2281447490418795e-07,-1.2152630747747874e-08,-6.642108114012932e-10,-1.9878459742862976e-10,5.1197512650016554e-08,-9.447482027387566e-08,2.420543029217502e-10,-4.157321959685839e-10,1.0168546581566645e-07,7.116637245991261e-08,5mV,1,2,1.5810531343016359,2.0099288401664217e-06,1.9299049150917744e-06,-8.451758454941539e-09,-1.0945674360606643e-08,0.0004019528457943384,0.0003859493715555569,-0.0003380149652090119,-0.000437755262163987
0.0946587,0.005001,1.7932644037190685e-06,1.7215218827558421e-06,0.0050010178600500225,5.454892180317694e-19,-7.282408598367331e-09,-1.1236398899620657e-08,-5.326824469441597e-07,-2.2615916245094873e-07,-2.071294281833018e-09,-4.038658204528978e-09,1.3588253620611028e-07,1.7165038580667077e-07,-5.048171397249755e-10,1.827847214726016e-09,-3.309502481058549e-07,-8.704105967437523e-08,-1.851963455690774e-09,-3.7898066658152315e-10,-1.1430107417285453e-07,1.0166370413885615e-07,5.711615580813929e-10,-1.1040884361777954e-09,4.908740562725065e-07,3.048312981564543e-08,1.250855041740091e-09,3.0563811333812996e-10,1.071783792811026e-07,-1.4442848188172246e-08,-3.243775569054448e-10,8.875916906243742e-10,-3.3656300911048055e-08,-4.535470080271245e-08,-9.232174149139387e-10,-2.2944877800730057e-10,2.1138713732898427e-08,1.0992823136264679e-07,3.1076897923644385e-10,-6.71156581160017e-10,1.8735780569983327e-07,3.543034347319651e-08,5mV,1,1,1.57396065366672,1.7932644037190685e-06,1.7215218827558421e-06,-7.282408598367331e-09,-1.1236398899620657e-08,0.00035857988391609774,0.00034423430008278806,-0.00029117778057571,-0.0004492730185433986
1500059,0.0738116,0.013906996250608997,0.0033424434247569072,0.07381161317263682,6.938893903907228e-18,-2.8657766059115746e-05,2.9991646939629456e-05,3.116567417349054e-05,0.00033525223599498925,1.4818231376651104e-05,5.311172360443288e-07,7.493969368689468e-05,-0.00014286745405884095,-5.4112429707038316e-08,1.5204340254597407e-07,5.90842239128101e-06,-2.512005193137511e-06,-2.4856674449718393e-06,7.91528072384182e-07,-8.436381054758805e-06,-7.269551633278816e-06,8.346136297946313e-08,-5.507792584964647e-07,-4.704338563128082e-07,-3.813294691064036e-06,9.882625652905708e-07,1.1092794069008127e-06,-2.8970054166269553e-06,-1.3484682777552481e-06,1.3077321323743533e-07,-4.202294856170737e-07,-1.5059650147619705e-06,-1.7202283746327868e-06,-9.650630526582978e-07,1.0868240287359783e-06,-2.5043335321992475e-06,1.1163667633610915e-05,-1.1004163798579475e-06,-2.9673728593566186e-07,-3.479854490256376e-06,-3.1484073677522266e-07,50mV,1,73,0.8963145417730253,0.013906996250608997,0.0033424434247569072,-2.8657766059115746e-05,2.9991646939629456e-05,0.18841203508290955,0.04528343550681269,-0.005260087141659693,0.005504918844648074
1191504,0.0700139,0.014040705291591309,0.0024924341068062123,0.07001386645216984,1.3877787807814457e-17,-2.8480875851211854e-05,3.687196761638993e-05,-2.3753532614119856e-05,0.0003138768111928782,2.6850061989035607e-05,-9.81526403115839e-06,8.638139423410818e-05,-0.00021350358056084325,1.225409633279462e-07,1.0930449288097496e-06,3.3937201199474017e-06,7.976582715469829e-07,-2.3013208112469695e-07,1.9989872832117536e-06,2.965674974249144e-06,-1.770907191002281e-06,8.710364627551618e-07,-9.590632169307925e-07,2.6786827707387845e-06,-7.925690467242047e-07,-6.200262418176199e-07,-5.409288391743514e-07,-1.0938024718114941e-05,-4.075147504075047e-06,3.7994960822337097e-07,1.2523381209807139e-06,9.154716841881082e-06,5.2844121796129215e-06,-2.4252662886650657e-06,6.80025239703873e-07,-1.4610204744546957e-05,8.04812639469558e-06,-1.3603124432132075e-07,1.3075622578243928e-07,-2.2689807306901493e-06,-2.0868093544762704e-07,50mV,1,72,2.919328767242541,0.014040705291591309,0.0024924341068062123,-2.8480875851211854e-05,3.687196761638993e-05,0.20054177840875642,0.0355991496128688,-0.005810121535901514,0.0075219109917202594
946464.9,0.0675166,0.01407136992354642,0.0019645769695194634,0.06751655371511524,3.469446951953614e-18,-1.9072958886614096e-05,3.676695226172778e-05,-1.8349173002577714e-05,0.0002502215434771598,3.589668112297196e-05,-2.68760174122499e-05,0.00011406423534537689,-0.00029637561218623555,7.310529529510305e-07,-1.1171257264067176e-07,4.918332050204321e-06,-2.749527894523183e-06,1.4511050969858593e-06,1.4427936847111186e-06,7.870669612061767e-06,-1.6407244428027786e-05,4.253726821647464e-07,4.726571148065388e-09,3.85260216655029e-06,1.1204553780499752e-07,1.7999877794182767e-06,-1.0213182343022723e-06,5.619162374762809e-06,6.014687808450656e-07,-1.6154479523926286e-07,-2.6004440090571133e-07,-1.8781621501268906e-06,-3.5157096662497584e-06,-4.4096440847034697e-07,-3.3125453268531655e-07,-3.5101704981220365e-06,-1.6024084363718881e-06,4.394491719713551e-07,1.2852666656086718e-06,2.2203634399583127e-06,5.798681668697388e-06,50mV,1,71,-1.8772046628740608,0.01407136992354642,0.0019645769695194634,-1.9072958886614096e-05,3.676695226172778e-05,0.2084136282032446,0.029097708064439367,-0.004184056496762484,0.008065607774407969
751816.4,0.0663978,0.014182538368044931,0.0016373586643122942,0.06639780415980837,1.734723475976807e-18,-1.2434731571620015e-05,3.651062120802196e-05,-7.502792632226642e-06,0.0002115164224735489,5.7987719286333395e-05,-4.034872730669681e-05,0.00021528164907699837,-0.0003726105206934973,-1.1204289584607933e-07,2.032848011883103e-07,3.6917167148915124e-06,-1.9582852860203357e-06,4.53125761253362e-06,-1.5629173210287698e-06,8.136628931655018e-06,-3.5831877220516e-05,3.778025094371341e-07,-3.6288548081328176e-07,1.1121396663564162e-06,-1.994507776628676e-06,-2.4446536615064263e-07,-2.634032065797127e-07,-5.031507420246425e-06,2.594825402800889e-06,-6.091041915823831e-07,-2.851961308998267e-07,-1.0385210037205806e-06,1.2598740498481275e-06,2.0048631724255662e-07,-7.457421890390967e-07,4.5160406005069863e-07,1.5369916971208696e-06,4.501270603210195e-07,-4.7366753521605924e-07,2.8503383330170894e-06,-5.0994725668052165e-06,50mV,1,70,-0.24404817491276337,0.014182538368044931,0.0016373586643122942,-1.2434731571620015e-05,3.651062120802196e-05,0.2135995090125261,0.024659831526528293,-0.0028205186807410175,0.008281553049180048
597246.1,0.0656339,0.014237283255700235,0.0014343514276882448,0.06563393700567424,4.336808689942018e-19,-9.237778748040903e-06,3.7734327480605406e-05,-8.00312858291168e-06,0.00019572574515595048,8.005573084283443e-05,-5.534486168853588e-05,0.0003312533377137002,-0.0004349956376438255,2.3096420262648444e-07,-3.1255730480983444e-07,3.961137801576444e-06,-2.9919023825071025e-07,7.210677712491783e-06,-3.880430320905451e-06,1.688225492211367e-05,-5.584716368706024e-05,-4.010840265168277e-07,6.202378172967161e-07,-2.4639259313858764e-06,3.7166095350850172e-06,1.351072162028546e-07,3.019860179178078e-07,-9.814796913202047e-07,5.178562469200613e-06,-5.381294373680335e-07,-3.4977512564003715e-07,-1.7638806204187243e-06,-8.328817592412998e-07,3.6971332314935047e-07,-3.1381792933579673e-07,3.893103115842954e-07,-1.5862934746741105e-06,2.7657503866894057e-07,9.671970758120758e-09,-2.362085702535389e-07,8.036953642621395e-07,50mV,1,69,1.5890056477931127,0.014237283255700235,0.0014343514276882448,-9.237778748040903e-06,3.7734327480605406e-05,0.21691953744096415,0.021853807544170954,-0.0021444239281304825,0.008759507774364328
474433.6,0.0641757,0.014045488221604733,0.0013114779978008798,0.06417565572474067,1.734723475976807e-18,-6.33707209150549e-06,3.4746437752617394e-05,8.365317103881584e-07,0.0001704240298986466,0.00010771638740354198,-6.019177428734734e-05,0.0004696261777208438,-0.0004302377544155726,7.023077534700423e-07,4.913084671617118e-07,9.992348808801374e-06,8.725867670657576e-07,1.0249926352914759e-05,-6.72797683984419e-06,3.33945257753616e-05,-7.147554936157883e-05,5.948054749652989e-07,-5.781417012905627e-08,3.0656123224034066e-06,-1.1668751024612773e-06,-1.6947241013578677e-07,4.0910485483383354e-07,-3.861850090907983e-06,2.6376169735543738e-06,-5.092660212856947e-07,-9.346550219946802e-07,-2.6222618764334078e-06,-5.863985996123462e-06,-7.977279818352688e-07,-2.501854692116844e-07,-1.0076359512054624e-07,-2.304032114897236e-06,-1.4417327031294543e-08,3.967450907109175e-07,-1.3998236155906123e-06,-6.290719521151387e-07,50mV,1,68,1.3893289201234051,0.014045488221604733,0.0013114779978008798,-6.33707209150549e-06,3.4746437752617394e-05,0.21886006559633778,0.020435755318590147,-0.0015386789700089368,0.00843664270828513
376816.4,0.0625733,0.013762774025889914,0.0012513956644673746,0.0625733301286492,0.0,-1.4657680778824017e-05,3.006239047287999e-05,-4.981834224244386e-05,0.00015110754263521656,0.0001298923567214346,-4.600758766363408e-05,0.0005827367962643674,-0.0003409240715665096,9.969855817679815e-08,1.7495676493905195e-06,1.0946370613649125e-06,5.454872989611459e-06,1.5164647996834108e-05,-9.427496066779696e-06,6.14261069433833e-05,-8.081524804116994e-05,2.8851577454799645e-07,5.173076786902941e-07,3.2752497919281824e-06,3.082578596309837e-06,1.2534065773131438e-06,-8.105075693526166e-07,2.5357927855352477e-06,-5.052561044944424e-06,-5.362604263461161e-07,-2.6200611631904814e-07,5.640871811550182e-07,-7.865977340572176e-07,3.5039376776292004e-07,-9.556025406445062e-08,-1.6592392680980295e-06,1.16197309484386e-06,-3.9767273962409517e-07,7.375507905316063e-07,-2.845439656527718e-07,2.801001506361938e-06,50mV,1,67,0.26303376923860405,0.013762774025889914,0.0012513956644673746,-1.4657680778824017e-05,3.006239047287999e-05,0.21994632533691263,0.01999886632043614,-0.0037435765835266074,0.007677944602374949
299355.5,0.0611281,0.013471036055277462,0.001252547478007098,0.06112816092744473,1.0408340855860843e-17,-1.3789863891308463e-05,2.2272560582128355e-05,-5.073577399184357e-05,0.00010944155710817998,0.00013975498341627042,-2.1781655158212133e-05,0.0006432360886902467,-0.0001995421884908629,8.523699111231337e-07,1.945134582085374e-06,3.995175518592658e-06,6.209432763276652e-06,2.254659092689472e-05,-9.037662274167437e-06,9.649243410498828e-05,-7.895806168297684e-05,-4.774404363141194e-07,2.672256512377401e-07,-1.2876457937397704e-06,1.237426134108152e-06,1.1855847748671084e-06,-3.7747891012408083e-07,4.428159269458099e-06,-3.015391680843188e-06,-8.794368997365239e-08,3.746526928696037e-07,1.7265845234933658e-06,4.72322282575667e-06,-1.709176276653586e-07,-1.181070648076121e-07,-3.136072631486153e-06,6.485823764112424e-08,-3.9631881551002695e-07,2.3787853660693944e-07,-1.1386816429611318e-06,8.911111681319399e-07,50mV,1,66,2.410697436473276,0.013471036055277462,0.001252547478007098,-1.3789863891308463e-05,2.2272560582128355e-05,0.22037365186344687,0.020490514666289247,-0.003690432953320794,0.005960565831177404
237832,0.0591562,0.013030953042429395,0.0012935204262459728,0.05915619967854148,0.0,-1.303487410458622e-05,1.3769537218879902e-05,-4.8472092681877614e-05,7.072861198486149e-05,0.0001269372549297879,-3.832035037765705e-06,0.0005854241131192175,-8.815480228845741e-05,5.753828279872312e-07,2.0183615545778604e-06,4.948608553220949e-06,1.1834453607404805e-05,2.5984834595551205e-05,-3.4691574151012263e-06,0.00012088099859056269,-4.616174906214995e-05,3.4277111564591764e-07,6.735455695966571e-08,5.12973889924913e-07,-2.3899518813747175e-06,1.828030997643606e-06,-1.787313314043665e-06,7.0557020778216735e-06,-1.3578713398942132e-05,3.903244844653103e-08,4.692293150409313e-07,6.460154112330044e-07,2.228477164002178e-06,-3.9874281922900207e-07,-6.287863603123736e-07,-1.2095257734435757e-06,2.125760081332273e-06,-4.2360655793237143e-07,-5.432416324041183e-07,-8.404264088080911e-07,1.1860113790798308e-06,50mV,1,65,2.313181191375909,0.013030953042429395,0.0012935204262459728,-1.303487410458622e-05,1.3769537218879902e-05,0.22028042898699404,0.021866185341097712,-0.0037248287311118095,0.003934765110539239
188847.7,0.0569951,0.012524333053992129,0.0013728676064744057,0.05699507256220999,-6.938893903907228e-18,-6.941406908364668e-06,1.1150728612233229e-05,-2.2862626411525355e-05,5.9136164078725376e-05,0.00012982184189654655,1.7613108144280988e-05,0.000597563257255409,2.07734952738808e-05,1.1694364550930732e-06,7.160765645108978e-07,8.557516846585297e-06,1.806770078267116e-06,2.712245299885059e-05,-1.5213559579676758e-06,0.0001207168517612235,-2.8372029273512883e-05,3.7836946076063693e-07,3.231956983629519e-07,-1.3820150099315865e-06,2.3788159059395895e-06,3.0774175157696566e-06,-1.1110136304968288e-06,1.2122754812093522e-05,-6.548333190400745e-06,-3.8895399549920415e-08,2.050040959591451e-07,3.321691776597978e-06,3.671412485127416e-07,6.855844305911552e-07,9.030163273093413e-07,3.4113992072359277e-06,3.024632472127516e-06,3.5502167678340516e-07,3.281566750050004e-07,1.2916417702119767e-06,-6.683181371650785e-07,50mV,1,64,-1.2647035514959908,0.012524333053992129,0.0013728676064744057,-6.941406908364668e-06,1.1150728612233229e-05,0.21974413736067885,0.02408747887768588,-0.0021368443156571685,0.0034326428871031016
150058.6,0.0547023,0.011962232806696758,0.001497076045979854,0.054702252977519385,0.0,-8.575341138857522e-06,9.48472431330945e-06,-2.7423430811406387e-05,5.389289607604742e-05,9.900108757779111e-05,3.893476308620103e-05,0.00046014719634684015,0.0001345217913524927,6.009382802024556e-07,-3.432237509562018e-07,4.426599846221855e-06,1.9677013658991488e-06,2.099068893862197e-05,2.696214767673324e-06,9.759834725887705e-05,-4.1868372903398345e-08,6.444658727908916e-08,2.018985055647359e-07,3.056597659975428e-07,3.4394105728903247e-06,1.3342367944859681e-06,1.0145352366506751e-07,8.265217607293206e-06,8.598133774435693e-07,-7.057915896770971e-07,3.3108854358487164e-07,-6.255602101975393e-07,-6.55371252972206e-07,2.7422903614165484e-08,-1.618335042735709e-07,-1.99234365972024e-06,-6.519064540067742e-07,1.781920891558187e-07,8.42758406200984e-08,2.677758712948015e-06,5.101023268283806e-07,50mV,1,63,0.45781050174397586,0.011962232806696758,0.001497076045979854,-8.575341138857522e-06,9.48472431330945e-06,0.2186789785717381,0.02736772188514973,-0.0028657676681191754,0.003169671717774641
119238.3,0.0532375,0.011545339072823789,0.0016869368248031715,0.05323745753250841,-3.469446951953614e-18,-9.795105001168252e-06,5.992175297257705e-06,-2.8125592546554273e-05,4.1572899371081895e-05,7.486715365958037e-05,5.151775120188294e-05,0.00035587989565975044,0.00020093492715163693,2.531280392563234e-07,2.392839982837219e-07,3.8617168919581534e-07,1.0171936051636118e-06,1.594462722069291e-05,6.658946453551326e-06,7.635125705785585e-05,2.0048714355203607e-05,-3.0032896948060846e-07,-9.314979698986651e-08,-1.8199685065619672e-06,1.2592212472035431e-06,1.5082707814724058e-06,2.026046643912906e-06,5.761579991007278e-06,4.952737362729595e-06,8.43071387069811e-08,9.28975671821978e-08,-1.1457251401917084e-06,-2.6992865967970714e-06,6.949631321294601e-08,-9.655791372987429e-08,-1.463308769073144e-07,-5.705723134025236e-07,-1.2322177386476072e-08,4.400598174596727e-07,-1.4780451851891765e-07,-2.9247198777486947e-06,50mV,1,62,-1.8880005666150956,0.011545339072823789,0.0016869368248031715,-9.795105001168252e-06,5.992175297257705e-06,0.21686495952166487,0.031687028325368044,-0.0034560059586788007,0.00211421863576762
94746.09,0.0520737,0.011144505170879195,0.0019313641835968466,0.05207374825493982,3.469446951953614e-18,-9.725306966879493e-06,2.864162420782289e-06,-2.926986713354179e-05,3.311608018623016e-05,4.9727403567297236e-05,5.610161343719034e-05,0.0002474447355130596,0.00022870864650737045,-2.1140507238532532e-07,3.873077860903521e-08,1.6340664763946457e-06,-1.628969199970261e-06,8.865855561966004e-06,9.091043676336597e-06,4.655658424419087e-05,3.629089302619266e-05,4.172964313213041e-07,2.506564566927421e-07,1.7754733246495997e-06,-1.4493958764023122e-06,1.3698241962352845e-06,1.5522853750300552e-06,5.874300574265035e-06,8.604198264391349e-06,4.371607358562236e-07,-4.0795213293488694e-07,5.41111829194004e-07,-2.814274959016433e-06,1.1333393861262233e-06,-2.2830715988585456e-07,3.5024747410374216e-06,-2.073756224306024e-06,-3.9443494594532547e-07,-4.78368393721002e-10,-5.9255787112796763e-08,-3.086331363101531e-07,50mV,1,61,-0.6235833773724498,0.011144505170879195,0.0019313641835968466,-9.725306966879493e-06,2.864162420782289e-06,0.21401388500629015,0.037089017947035,-0.0035864570953438313,0.0010562335637543164
75292.97,0.0511743,0.010743810406450227,0.0022241488275065056,0.05117431285703094,-3.469446951953614e-18,-1.0990648831359037e-05,-1.2463094874876428e-07,-3.0195503319703208e-05,2.515487451931121e-05,2.774392429132258e-05,5.270013326378671e-05,0.00014763704111251817,0.00022351079523844628,1.4042254840262643e-07,2.0739641197225326e-07,-1.5196350853764413e-06,-8.831686246956981e-07,1.2093545807040756e-06,9.969245766673284e-06,8.502411429462701e-06,4.7396708078217e-05,-1.0204576266826042e-06,1.3468403024280833e-08,-6.559685494353542e-07,1.462481095038259e-06,7.380509122625971e-07,1.1808495266335725e-06,3.2158660277126796e-06,3.4592393425694734e-06,-1.7080511267179727e-07,-5.514907317901373e-07,-1.6384276729178077e-06,-1.3648540175171708e-06,-2.0420337020608225e-07,-2.1225409575487244e-07,2.229731997785038e-06,-9.358921385537266e-07,-4.972110306528247e-08,-5.226111880174299e-07,-2.3147577870174672e-06,1.0241073870482507e-07,50mV,1,60,2.3472667053101364,0.010743810406450227,0.0022241488275065056,-1.0990648831359037e-05,-1.2463094874876428e-07,0.20994537701885554,0.04346221186633728,-0.004196809843963319,-4.759067463596056e-05
59824.22,0.0507216,0.010367050445095526,0.0025713603718730783,0.0507216173822004,-1.0408340855860843e-17,-1.1896732939848886e-05,-3.997829916286475e-06,-3.332590261177777e-05,2.5414644744770334e-05,9.997419771536642e-06,4.331439849184699e-05,6.813262713576002e-05,0.0001903338030813486,2.7975393402416493e-08,-7.111854496929469e-07,3.325175346491659e-07,-3.699104946017461e-06,-5.687160998187447e-06,9.215958320705278e-06,-2.2619136274455467e-05,4.662368890193661e-05,4.5989635911098637e-07,-6.797845553972124e-07,2.924194855430986e-06,1.0320605120805462e-06,-1.6891879146863804e-07,5.892708751461634e-07,1.4526200247948897e-07,2.2883886114390132e-06,-8.780126627072018e-07,-6.050195214333752e-07,-3.6000071821292867e-06,1.916028411320421e-07,-4.372219548676043e-07,-4.158705905987773e-07,-2.1414353786208224e-06,5.4654842024115e-07,-3.579566123012503e-07,1.454882041731418e-07,3.192396763235183e-07,1.6989369647844078e-06,50mV,1,59,-2.1302794208451328,0.010367050445095526,0.0025713603718730783,-1.1896732939848886e-05,-3.997829916286475e-06,0.20439116455962242,0.05069555161258405,-0.004624252343301033,-0.0015539538839762805
47519.53,0.0502872,0.00990637868311207,0.0029507343423910213,0.05028723349653454,1.734723475976807e-18,-1.3641641485339252e-05,-9.387264737415453e-06,-3.759637080447489e-05,1.875879017882159e-05,-6.115061741041467e-07,3.064318960206484e-05,1.838601232592021e-05,0.00013987028565443018,-1.381062638662047e-08,5.567239060632895e-07,-1.2328048333490694e-06,2.0683789571665294e-06,-1.00158605634296e-05,6.462063124899489e-06,-3.775533758132107e-05,3.149357010174136e-05,9.418504421964193e-07,6.468743480421285e-08,9.306325561354908e-07,9.893222292180604e-07,-3.104650929359745e-07,1.0164586966360216e-06,2.4349918365350567e-06,2.979732041183843e-06,-5.826398975732398e-07,-7.309284090938431e-07,-5.1741962902917955e-06,2.572837865009352e-07,-4.6008823001917484e-07,-4.6441863995335995e-07,-1.6599048027130222e-06,-8.275677211510803e-07,2.1331983634188674e-07,5.188040817868275e-07,2.5124050373035684e-06,-4.2915022316743233e-07,50mV,1,58,0.2851278118109926,0.00990637868311207,0.0029507343423910213,-1.3641641485339252e-05,-9.387264737415453e-06,0.19699589725481223,0.05867760338405503,-0.005394499332791947,-0.003712133427428926
37792.97,0.050023,0.00937554919218286,0.0033487087292303408,0.050023006866949375,1.734723475976807e-18,-1.3915424064232678e-05,-1.643154798718466e-05,-4.054420794407069e-05,1.4859320042631876e-05,-5.315606802958934e-06,1.835003670354408e-05,-6.588272963179436e-06,8.864706697950966e-05,6.615712213652616e-07,-3.633006507123132e-07,1.465845382499676e-07,-2.7339648861199135e-06,-1.173337126182254e-05,2.6553552361017954e-06,-4.94896337935807e-05,1.9446489349048753e-05,9.042576411603447e-07,-6.914442247515801e-07,1.9587389256503426e-06,-1.5237790562144395e-06,6.120396787705196e-07,-2.1652434750438705e-07,3.26557347226606e-06,5.85973636190499e-07,-6.287764407045579e-07,-3.727704157103898e-07,-3.059844576323791e-06,-1.88093114429518e-06,-8.907872929970832e-07,4.5889777352760516e-07,-1.5156900827765746e-06,-1.75693697386595e-06,7.405458183229876e-08,1.7746511293215737e-07,1.461843560262457e-08,3.5850933531711317e-07,50mV,1,57,1.872709534278508,0.00937554919218286,0.0033487087292303408,-1.3915424064232678e-05,-1.643154798718466e-05,0.18742474272128104,0.06694337143980965,-0.0055610507540800646,-0.006566574752091444
29941.41,0.0498615,0.008729288442407342,0.003742387441472587,0.04986154621138873,0.0,-1.019543996093053e-05,-2.5354511839209676e-05,-4.179330195482755e-05,7.731997715062614e-06,-4.0423049988242265e-06,7.289077530160148e-06,-4.12429195977889e-06,4.1910805147896614e-05,1.3164522103093372e-07,1.6369273868508306e-08,-9.004817022169582e-07,4.403136631049453e-07,-1.1625673616721484e-05,1.5156325123670877e-06,-5.087576186721297e-05,8.20275007696626e-06,8.558515187734686e-07,3.358540774788476e-07,4.184507207393191e-06,1.4866494146420992e-06,6.537743971619959e-07,-5.908995133587851e-07,2.1952999232429458e-06,-1.6209189423634492e-06,-2.734611167328241e-07,3.145958058832065e-07,-2.0970311929212204e-06,1.8398926077202244e-06,-1.6013822576859867e-06,4.5951113003362926e-07,-6.600853515444432e-06,1.0674556793659036e-06,5.067296118395152e-07,-7.011272749358081e-07,-2.3697740752449812e-06,-1.6961167977749805e-06,50mV,1,56,-2.4289683283044914,0.008729288442407342,0.003742387441472587,-1.019543996093053e-05,-2.5354511839209676e-05,0.17507055247343112,0.07505558342708993,-0.004100855700240152,-0.010198205746987665
23847.66,0.0498021,0.007988269843268237,0.004075795155609862,0.049802159442877865,1.0408340855860843e-17,-4.511898421039822e-06,-3.694784958950397e-05,-4.7956386906787505e-05,-2.023173851746327e-06,-1.7796309609795965e-06,1.6764652436108956e-06,3.20804508895275e-06,2.0216752990834173e-05,2.3236583059030136e-07,-4.076538843576302e-08,2.03055537493461e-06,7.925016128939485e-07,-1.0359771201900221e-05,-9.820441251848704e-07,-4.322132639562743e-05,5.023398500344603e-06,8.735978255695017e-07,8.420399442300247e-07,1.6687424374296857e-06,8.975463893727802e-07,1.2620151475076029e-06,-6.322985631129366e-07,9.382428052854497e-06,-3.5391271565563486e-06,-1.079184779886506e-06,2.129664551584401e-07,-2.5390973658933975e-06,-2.92041571750345e-07,-1.04409347846144e-06,-4.7635780831363597e-07,-7.01654492332048e-06,7.352507578481099e-07,1.6787923397244117e-07,-6.866010456841933e-07,-8.63853117365311e-07,-3.1330519250277735e-06,50mV,1,55,2.1545937284516667,0.007988269843268237,0.004075795155609862,-4.511898421039822e-06,-3.694784958950397e-05,0.1604000696481973,0.08183972745769628,-0.0018191267696659596,-0.014896794208936972
18925.78,0.0497173,0.007123717633733925,0.0043032203191500345,0.0497172875311037,-3.469446951953614e-18,8.231964052197077e-06,-4.557283691117329e-05,-4.349183863207602e-05,-8.415683411599572e-06,1.3132662517225353e-06,-2.9492620591417255e-06,1.0028589253202833e-05,4.3377331735233875e-06,3.7650174592159185e-07,-5.683475005744858e-07,2.0402994419682156e-06,-1.429161476661693e-06,-9.071607676990857e-06,-8.94977890392728e-07,-4.3194319878395554e-05,2.740304779017363e-06,1.748072224806966e-07,7.635711287594376e-07,1.6148942498390042e-07,7.715122408229663e-07,2.070814591774881e-06,-5.537096686635922e-07,5.783442866355015e-06,-2.496077301058061e-06,-6.548166283320105e-07,4.952703078001323e-07,-2.4956686558220637e-06,3.3019700738423455e-06,-1.67604021505026e-06,9.951003774697416e-08,-6.500944535804942e-06,2.0269287160719944e-07,4.740382348434869e-07,2.746822533974848e-07,2.9215408837718533e-06,-2.2218527610190704e-06,50mV,1,54,-0.5514158575062096,0.007123717633733925,0.0043032203191500345,8.231964052197077e-06,-4.557283691117329e-05,0.14328451907753909,0.08655380317073597,0.0033303402972220757,-0.018437040572778292
15058.59,0.0497143,0.0062179282057905644,0.004386024743993329,0.04971431861946177,6.938893903907228e-18,2.537605707909992e-05,-5.007080090570717e-05,-4.205227402848463e-05,-1.8290057447307683e-05,6.185556552512471e-06,-7.211091953852763e-06,2.0490687081571114e-05,-4.123132834441218e-06,1.241106051713215e-07,-3.0384241474858095e-08,1.1940817935772441e-06,-2.8092319468816884e-07,-9.035644318102296e-06,-5.925278696204796e-07,-4.145906614551811e-05,4.877847287073182e-06,2.313824103706099e-07,-1.8313003111840523e-07,8.805879776470917e-08,-2.6231786917626266e-06,1.2745347423557029e-06,-4.856077310543226e-07,5.378045575247043e-06,-1.962951028583378e-06,-1.2586748046651644e-06,1.4726621110344124e-07,-4.474724582298344e-06,8.079743675331132e-07,-1.3922199608007904e-06,8.856540613537416e-07,-6.1573194443019115e-06,3.894672565149454e-06,4.4036999211768325e-07,3.2439796160564124e-07,2.181807835206312e-06,-1.6034744132968247e-06,50mV,1,53,-2.725307120434928,0.0062179282057905644,0.004386024743993329,2.537605707909992e-05,-5.007080090570717e-05,0.12507318572312526,0.08822457726044991,0.010267416029731762,-0.020259165647297666
11863.43,0.0496706,0.005265780957892466,0.004299546471255276,0.04967059410578266,-6.938893903907228e-18,4.627489078354169e-05,-4.510924024229309e-05,-3.386844423145382e-05,-1.9389734669051435e-05,1.2245359988681024e-05,-7.791915728769846e-06,2.7536991289800918e-05,-5.9279487826634756e-06,2.3858991550202005e-07,2.7833066551866973e-07,3.2001739093646307e-06,1.6335878095222308e-07,-8.690728430065088e-06,-8.8660567750308e-07,-4.1422812105732194e-05,3.883053318397613e-06,6.017770739360982e-07,4.4748144955166043e-07,1.641248603027119e-06,-5.363774120334079e-07,1.8035412847278362e-06,4.291588410422959e-07,5.058955964822997e-06,-4.202563799492845e-07,-1.963529641686662e-06,-1.780249162684279e-07,-7.684774120108308e-06,2.6304650688183884e-06,-1.5825496031906677e-06,4.504735673754487e-07,-6.584473403195328e-06,2.5735896267793886e-06,5.541721069598795e-07,-1.7164782872566246e-07,2.1129390182809087e-06,-7.431534398118838e-07,50mV,1,52,-1.2253869879611803,0.005265780957892466,0.004299546471255276,4.627489078354169e-05,-4.510924024229309e-05,0.10601405223134672,0.08656120484684765,0.018756279388412136,-0.01828381436795035
9432.87,0.0497716,0.004430688314084144,0.004072541929223555,0.04977156524943886,3.469446951953614e-18,6.322400021502027e-05,-3.327211086643563e-05,-2.2779774053805058e-05,-2.4305668314647362e-05,1.9601036803211402e-05,-6.360766953689795e-06,3.293090782421016e-05,-1.0748812096445935e-05,-3.700653615710687e-07,-1.620398797577318e-07,1.2644428664554365e-06,-1.2196301546093636e-06,-9.246395440042745e-06,-1.0608093070330771e-06,-4.195522761902801e-05,5.688012485152686e-06,6.701078555212658e-07,2.6975955008470643e-07,4.1222240477543224e-06,-6.276007247025916e-07,1.7371491359099305e-06,1.5631751983634314e-07,6.875908141722297e-06,-1.267018916049907e-06,-1.392757877127127e-06,-5.678734810012616e-08,-6.356607940720118e-06,1.1026957333318348e-06,-1.568952981617943e-06,-3.2306636612886494e-08,-6.315297495408775e-06,4.332181262069931e-07,7.398003859109341e-07,-4.052788009964733e-08,3.5879184330878494e-06,-5.887924274195106e-07,50mV,1,51,1.1703725456994714,0.004430688314084144,0.004072541929223555,6.322400021502027e-05,-3.327211086643563e-05,0.08902047367566154,0.08182467054860143,0.02552227433509642,-0.01343129093940455
7558.594,0.0500648,0.0037225409710940406,0.0037863577172966836,0.05006480575595343,3.469446951953614e-18,7.42769906013741e-05,-1.6758503779922212e-05,-1.7781903746432065e-05,-3.355612091123162e-05,2.667722538323678e-05,-1.9585730522029714e-06,3.6747665726730015e-05,-1.9091496546743668e-05,-8.617735249976879e-07,-5.902466333161032e-07,-6.617001516657687e-07,-7.608265230258475e-07,-8.878360174471125e-06,-1.3223477867057885e-06,-4.035750941334742e-05,8.231209120201039e-06,6.09160078235208e-07,2.2600646392496583e-07,2.5977484502752784e-06,-8.739817376802975e-08,1.3649339462170056e-06,-1.6792983987772142e-07,6.423718411750214e-06,-2.714600500602149e-06,-1.2880931676452077e-06,3.5110063060807883e-07,-5.381049112288533e-06,4.092661341644187e-06,-1.2963853276103468e-06,2.0388449462240737e-07,-5.125346652435763e-06,2.895499928664611e-06,6.884467003832217e-07,-2.0190575327667795e-07,3.4179416641811806e-06,-1.7853677664572047e-06,50mV,1,50,-2.597609989203918,0.0037225409710940406,0.0037863577172966836,7.42769906013741e-05,-1.6758503779922212e-05,0.07435444749830827,0.07562913028672702,0.029633928492573142,-0.006686058477004916
5960.648,0.0497521,0.003055730594362874,0.0033526493400329754,0.04975209853183371,-3.469446951953614e-18,7.342717978300501e-05,4.7428845578099e-06,-8.215363029388031e-06,-2.366860250157148e-05,3.066266287974224e-05,8.691277514284573e-06,4.24843994361134e-05,-1.7927758035126693e-05,-4.885252383459948e-07,-1.228926621858966e-06,1.5835332757608408e-06,-2.054378363462112e-06,-8.872226873785484e-06,-2.045336351869456e-06,-4.1551821902412864e-05,7.138796634653765e-06,5.883300796379709e-07,2.1493813239056596e-07,2.954640471952139e-06,-6.354167661139337e-07,1.8679158411813274e-06,-9.26763224281132e-09,8.51713305976991e-06,-1.5682093686160345e-06,-1.3498387756313715e-06,4.721821290409464e-08,-6.364594101548516e-06,1.5158890809478667e-06,-1.4843183140699845e-06,2.1662009912870274e-07,-6.486759352345713e-06,2.6598817046779375e-06,4.3686172495800577e-07,1.5743133292031158e-07,1.6967881577775306e-06,-1.0028893775501848e-06,50mV,1,49,2.247293625905829,0.003055730594362874,0.0033526493400329754,7.342717978300501e-05,4.7428845578099e-06,0.06141912973595827,0.06738709399137795,0.029664295601116452,0.0019161069503231536
4746.094,0.0498259,0.002565460021247132,0.002951318770568194,0.049825852251116076,0.0,6.663390188226529e-05,2.0432540905496765e-05,-4.711888041847192e-06,-1.9887971844041282e-05,3.008006489481553e-05,2.136015954749378e-05,4.7817727466047016e-05,-1.458246300651465e-05,3.5327069096115036e-07,-1.631767355239593e-06,1.4424990132170974e-06,-6.953103296543203e-07,-8.587116409088314e-06,-3.270251266956692e-06,-4.343554201008268e-05,7.752149485013753e-06,5.535696788908165e-07,1.3686237753602361e-07,3.2761932936059036e-06,-2.5767193176663472e-08,1.6080323438780191e-06,4.539117709185902e-08,7.009048621602341e-06,-2.3935830082284503e-06,-1.3247426841751127e-06,-1.8482215127276394e-07,-6.136442382818254e-06,5.595715258195993e-07,-1.7924717501201415e-06,-7.108331394383788e-08,-7.532217302630534e-06,2.520254739359837e-06,5.893467399925757e-07,-2.353185728939475e-07,3.2919681460014673e-06,-2.488135699849973e-06,50mV,1,48,-0.445121341550574,0.002565460021247132,0.002951318770568194,6.663390188226529e-05,2.0432540905496765e-05,0.05148853266608534,0.059232680169601835,0.026840201582488867,0.008230247685554548
3761.574,0.0498534,0.0021707397474451367,0.002556067210160642,0.049853448553391466,1.734723475976807e-18,5.532805617363823e-05,3.1825267481076175e-05,-1.9081755252664315e-06,-1.17101495608314e-05,2.3773219468482786e-05,3.3569338648311084e-05,5.093187774648738e-05,-1.0459002627169792e-05,8.973124296002802e-07,-1.8504017007813124e-06,1.6473905936404727e-06,-4.545744493995625e-07,-7.563955179948814e-06,-4.404725052449771e-06,-4.251087715980289e-05,8.32443674829804e-06,4.5526164308226717e-07,3.3253592517149243e-07,3.5139145779103438e-06,6.266186409455286e-07,1.4490585198687862e-06,6.919338566951643e-07,8.163628922609417e-06,-4.939000182197939e-07,-1.3302058551804559e-06,-2.724798005922463e-07,-7.050437250101382e-06,1.0125833599751168e-06,-1.6050158393369284e-06,-5.737195890155148e-08,-8.166448083535312e-06,3.2004897262739253e-06,6.537397147591503e-07,-8.972954026108273e-08,3.225585836482614e-06,-1.247831249764569e-06,50mV,1,47,-1.8655575524401957,0.0021707397474451367,0.002556067210160642,5.532805617363823e-05,3.1825267481076175e-05,0.043542419038882396,0.05127162281307731,0.022261529596844902,0.012805060993540684
2993.223,0.0499194,0.001869976662210926,0.0022049036746025303,0.04991938422059246,-3.469446951953614e-18,4.3025699706511924e-05,3.7258802011910105e-05,-2.8390091174926587e-06,-7.362214180594708e-06,1.3362884750297763e-05,4.282724262154082e-05,5.075221777013816e-05,-5.5536306841339655e-06,1.6704768794059257e-06,-1.636078943640363e-06,1.975667484605791e-06,-8.672079865214995e-07,-6.179178336089111e-06,-5.226524947113487e-06,-4.136151882440036e-05,5.9826300729325265e-06,1.7296598214491543e-07,8.510196570940538e-09,3.469371212681708e-06,-1.1218199309519908e-06,1.2796110562823308e-06,6.293726036276906e-07,7.757552289532996e-06,-1.5470775292180404e-06,-1.1875132915269349e-06,-2.5457463200283275e-07,-7.822415293388875e-06,1.523607444362368e-06,-1.5060047384666979e-06,1.4184284194378427e-07,-8.136061190962614e-06,3.5978738562091468e-06,4.6177884932729417e-07,1.0280346880598287e-07,1.7171324425708144e-06,-7.316382753637443e-07,50mV,1,46,-0.8157201282138472,0.001869976662210926,0.0022049036746025303,4.3025699706511924e-05,3.7258802011910105e-05,0.037459930474052876,0.04416928832413313,0.017265911194330293,0.0149516956408128
2372.685,0.0499173,0.0016280073848885036,0.0018883581684808165,0.04991732218577313,-8.673617379884035e-19,3.126845623315185e-05,3.852969205932085e-05,-7.138143018330978e-06,-3.373785435659524e-06,6.582797568117438e-07,4.7770993424685055e-05,4.8731221611639716e-05,-3.4298621756418973e-06,1.879011202284829e-06,-1.0177211185942901e-06,6.30865243466251e-07,-1.4865035171964293e-06,-4.622052775357051e-06,-5.291511348893027e-06,-4.0935531302085565e-05,8.894164108549024e-06,3.3572858555493136e-07,-5.4886933893638264e-08,3.2052352471306467e-06,-2.5750680161457e-06,1.4366071844833781e-06,3.397892992475251e-07,8.934292470458198e-06,-4.612674146184238e-06,-1.0656427767687486e-06,-2.965231288511689e-07,-4.815912158851046e-06,2.269291825819381e-06,-1.2698010114769633e-06,-2.8625955450063273e-07,-6.59405990574252e-06,2.4966454416741073e-06,5.163625627246162e-07,1.0479988672360944e-08,2.2713815899979577e-06,-1.4198171023969865e-06,50mV,1,45,-0.1269034854270146,0.0016280073848885036,0.0018883581684808165,3.126845623315185e-05,3.852969205932085e-05,0.03261407690960834,0.037829716935797786,0.012548848636645273,0.015462972334283153
1886.433,0.0499688,0.0014390495449302329,0.0016224495035195117,0.04996878036897749,-1.734723475976807e-18,2.1674505725678582e-05,3.687579960516411e-05,-6.330973053589368e-06,-2.76876449089724e-06,-1.1950546333678163e-05,4.8972376236212424e-05,4.5540304387188355e-05,-3.5790738103329956e-06,2.014228325140753e-06,-5.179620109869814e-07,9.902936746668197e-07,-1.4918169282800177e-06,-3.444390989886585e-06,-5.787663993171218e-06,-4.163329122833656e-05,6.552682032479509e-06,5.761325879872291e-08,3.6764650324453154e-07,2.1023301887029645e-06,-6.697287671462007e-07,8.255257804197077e-07,5.856790444674991e-07,6.885468697206296e-06,-1.990924678345782e-06,-9.798455870354968e-07,-2.1031766227548353e-07,-6.183864624336661e-06,1.6057084894806166e-06,-9.2982079286155e-07,-4.7006721480656386e-07,-6.908795182766527e-06,2.2368759062244965e-06,5.264587605667347e-07,2.0825826687314295e-07,2.7280312398953556e-06,-1.5748469504800335e-06,50mV,1,44,1.2946053424342028,0.0014390495449302329,0.0016224495035195117,2.1674505725678582e-05,3.687579960516411e-05,0.028798972764675468,0.032469263638997874,0.008680639160048761,0.01476875709010783
1506.696,0.0499673,0.0012866179994817884,0.0013996367816118335,0.04996726871767163,0.0,1.3929533644135705e-05,3.425275296411887e-05,-8.65284392298862e-06,4.1414333345950515e-07,-2.3176695931102754e-05,4.7578257867162774e-05,4.586201357848452e-05,-7.532085207495778e-07,1.959305005406241e-06,-1.2461706692173205e-07,1.1302816857514181e-06,2.6186656134111512e-08,-2.574119866916786e-06,-5.411801875318187e-06,-4.074525023152163e-05,7.5330897536603625e-06,3.1152877999227533e-07,5.731790018122339e-08,3.869648330419909e-06,-8.709302800940265e-07,6.243773747980895e-07,4.376628347871709e-07,6.464243358813294e-06,-2.814762880497903e-06,-8.626544387107697e-07,-1.691557088446503e-07,-6.4493825360991314e-06,3.034809212098973e-06,-1.0464154684587503e-06,-3.5964526078013876e-07,-6.2741929513387526e-06,2.760067399114082e-06,2.5807507038351164e-07,4.050428739495964e-09,2.7470526640637127e-06,-1.7251929666528868e-06,50mV,1,43,1.3972214689231492,0.0012866179994817884,0.0013996367816118335,1.3929533644135705e-05,3.425275296411887e-05,0.025749216086865236,0.02801107239861666,0.005579115531033027,0.013719056999672472
1185.994,0.0499738,0.001151421391726397,0.001201124130357229,0.04997382204189515,0.0,7.639368549754567e-06,3.017807390326904e-05,-8.657308045251932e-06,7.28382780225223e-09,-3.3589492604584165e-05,4.400740179324356e-05,4.341538295071152e-05,-1.6179758950534951e-06,1.570224611813413e-06,9.02532717018603e-08,3.095277807205446e-09,-6.265782135672391e-07,-1.4734492262132492e-06,-5.272518171239699e-06,-4.110731332651562e-05,1.1143324896874898e-05,2.1273909384862707e-07,8.282425215685986e-08,3.833243027544978e-06,-8.119411185911569e-07,5.74000102792112e-07,5.593617915073126e-07,7.199009744615864e-06,-2.095876288722445e-06,-6.106885898906195e-07,-2.453674913511869e-08,-5.011586152009133e-06,4.900147512804111e-06,-8.652686572994283e-07,-2.653570077219869e-08,-5.720761556365663e-06,3.472762179679883e-06,3.831400677213135e-07,-5.761054372109606e-08,2.812839427514997e-06,-2.0204885677188897e-06,50mV,1,42,-0.1356174287237073,0.001151421391726397,0.001201124130357229,7.639368549754567e-06,3.017807390326904e-05,0.02304049089463504,0.02403506638636277,0.0030589496636458896,0.012083879500597128
948.6607,0.0499889,0.0010434644031994495,0.0010463551573884043,0.04998886646904431,0.0,3.350192562760777e-06,2.632185054376694e-05,-9.741761598847434e-06,5.858962622762396e-07,-4.1549315746896055e-05,3.892532050972796e-05,3.8795299478434466e-05,-3.7519641144969287e-06,1.1875339753356598e-06,1.4869806604777374e-07,5.185543291310824e-07,-2.6942817941438567e-06,-4.83238769369881e-07,-3.791946926839425e-06,-3.9925222340362716e-05,1.721798184761018e-05,4.653108250709267e-07,-2.5362574053786437e-08,3.2413174163706035e-06,-1.7557310831680718e-06,1.976420032180181e-07,-2.989115964935809e-08,4.535961607131902e-06,-3.243686575370629e-06,-5.120072693852412e-07,-2.609818382439711e-07,-3.6347405150677646e-06,2.6740692084795067e-06,-7.777802499098968e-07,-2.5930982973156084e-07,-4.427690134418927e-06,4.253171899463012e-06,4.159204230523274e-07,4.1813692686761794e-08,1.1873878530354154e-06,-1.4721336943953504e-06,50mV,1,41,-0.06382955306022797,0.0010434644031994495,0.0010463551573884043,3.350192562760777e-06,2.632185054376694e-05,0.020873936076258433,0.020931764036625264,0.001340674016057108,0.010533430666291772
752.3148,0.0499741,0.0009449883213061867,0.000911009136464675,0.04997411102613205,0.0,-2.3693093243309195e-07,2.2234682506500905e-05,-9.42254944816256e-06,7.169422024695621e-07,-4.799359861767115e-05,3.3202027217547726e-05,3.9518671850271526e-05,-7.41633790130535e-06,1.3605109497104209e-06,3.2603893797980476e-07,1.7893319495613653e-06,8.040164684058625e-08,1.3539023983262732e-07,-3.5977981005625078e-06,-3.928179308351774e-05,1.8405826998406263e-05,3.277281246496279e-07,-1.3689866790474993e-07,2.3305498056134023e-06,-2.109922094801952e-06,-3.020183132471674e-08,3.98100490699083e-07,3.793048619797893e-06,-2.0482155533550543e-06,-6.152134321263736e-07,-3.4445193659420746e-07,-3.518814929959854e-06,1.9391259771087276e-06,-8.357339387267427e-07,1.9106295416513017e-08,-5.1567133330677585e-06,6.10206749934617e-06,5.339012158208938e-07,-2.2617182600316555e-07,4.094038586238727e-06,-2.29197881797469e-06,50mV,1,40,0.7581574102745603,0.0009449883213061867,0.000911009136464675,-2.3693093243309195e-07,2.2234682506500905e-05,0.018909557406874958,0.01822962165326558,-9.48705916295512e-05,0.008903090290596232
599.564,0.0499903,0.0008589613460028042,0.0008006679380501866,0.049990291860586705,6.938893903907228e-18,-2.5448806863450164e-06,1.8780335181216302e-05,-9.601942472186972e-06,3.132167067096286e-06,-5.2006368607812015e-05,2.757663588773359e-05,4.090710047040027e-05,-7.89857027281385e-06,1.1944276298957612e-06,1.6544037702494128e-08,1.0320819983672425e-06,8.793539588320311e-08,1.2299194806062497e-06,-3.7723888261936732e-06,-3.365029522077425e-05,2.056470022807901e-05,1.1608129981765818e-07,-1.2758476615857705e-07,1.3254798714708658e-06,-2.838555382817323e-06,6.172326396850135e-07,3.955049923217898e-07,5.695971265857427e-06,-5.124890457589859e-06,-2.704970297710208e-07,-1.537959903859596e-07,-3.010497650232508e-06,4.892679863986626e-06,-3.8131178874224046e-07,1.8750966645422843e-07,-3.053788307916041e-06,6.285583627695027e-06,1.0314970388017767e-08,-1.3586874564601777e-07,3.308424427324475e-08,-2.961536534583272e-06,50mV,1,39,2.121824017002673,0.0008589613460028042,0.0008006679380501866,-2.5448806863450164e-06,1.8780335181216302e-05,0.01718256313442382,0.016016468563198133,-0.001018347686599632,0.007515052076105276
474.0168,0.0499757,0.0007793120311102581,0.0007030526057481582,0.0499757396263281,0.0,-4.304329818782315e-06,1.5381813171787207e-05,-1.010155779181203e-05,2.78034460325549e-06,-5.532650614904132e-05,2.1285572106216005e-05,3.704455206328335e-05,-1.4061070641907224e-05,1.2199574341557585e-06,6.78087016560453e-08,4.682741018022055e-07,-4.562362396248503e-07,1.948990015278127e-06,-2.863004429905526e-06,-3.023660600614363e-05,2.8400629983328578e-05,6.341656954997848e-08,1.5048115440357428e-08,2.1678017727020458e-06,-1.568951120903589e-06,2.4673354605555566e-07,2.0763962974224203e-08,3.1856765100333167e-06,-5.934066160636615e-06,-4.145774092309469e-07,1.3925603631474935e-07,-2.1427978021715728e-06,5.4417960400504435e-06,-4.3576668474947135e-07,2.9329194730327255e-07,-7.257909930387447e-07,7.5103132959660525e-06,1.8043379136797835e-07,-1.5240140163731044e-07,-1.023077940643959e-06,-2.6039128842220733e-06,50mV,1,38,-0.09264398642688289,0.0007793120311102581,0.0007030526057481582,-4.304329818782315e-06,1.5381813171787207e-05,0.01559380685382999,0.014067877954482094,-0.0017234039387199656,0.006158700313632582
377.1552,0.0499864,0.0007079283994446828,0.0006240307499600288,0.04998636115190715,-8.673617379884035e-19,-5.4605813924179296e-06,1.2487215437876266e-05,-1.0616193362418308e-05,3.6765137607727996e-06,-5.727567266588108e-05,1.5540608626164712e-05,3.4822059819571435e-05,-1.7399612759764713e-05,1.1843455491001242e-06,-1.830927072281944e-08,9.661694838972096e-07,-1.29947586642059e-06,2.643134975790207e-06,-2.3714230181096007e-06,-2.405351816637441e-05,3.1822244538411725e-05,-1.1994462828136818e-08,8.705362221965107e-09,6.95392225805165e-07,-2.5057061761811257e-06,1.1517752504443454e-07,-8.220717255858544e-08,1.1623056614369224e-06,-7.625295453585377e-06,-2.670834754853526e-07,2.330930717034665e-07,8.436784042425946e-07,6.635743699505518e-06,-2.956308063716538e-07,3.816923810304635e-07,1.8100787239867348e-06,7.3911576354694115e-06,5.9482595345482204e-08,-1.4606535580670472e-07,-7.917899264120452e-07,-1.5312730348097894e-06,50mV,1,37,0.13793310670249656,0.0007079283994446828,0.0006240307499600288,-5.4605813924179296e-06,1.2487215437876266e-05,0.014162431173841765,0.01248402035234405,-0.002185424661354671,0.004997612270275067
298.2954,0.0499899,0.0006407799297581892,0.0005548163200968839,0.04998986754767493,-1.0408340855860843e-17,-6.212460045323504e-06,9.983833939684926e-06,-9.126695117964371e-06,4.5058674793321926e-06,-5.8228034830757696e-05,1.000189967464096e-05,3.146507239698838e-05,-2.217560115711033e-05,1.2409786039614392e-06,-3.184531569183058e-08,1.1369276756515936e-06,-7.428663333797385e-07,3.316936793449587e-06,-1.741562215609451e-06,-1.6457922051034877e-05,3.727644873610336e-05,6.383604540738442e-09,7.918478348331642e-09,-8.311311407321523e-08,-2.655483714356966e-06,-4.651522256193135e-08,-1.269992717877315e-07,-9.104155365098069e-07,-7.21754207264584e-06,-1.6161500583805014e-07,2.7775355509157775e-07,1.8254762237153832e-06,5.50089857130688e-06,-3.31523331762463e-08,4.3688109397114506e-07,4.810548046558419e-06,6.354903952819862e-06,9.47565569383901e-09,-1.5765745454589534e-07,-2.2446571233334814e-06,-1.7359147425659833e-06,50mV,1,36,-2.1034744902291753,0.0006407799297581892,0.0005548163200968839,-6.212460045323504e-06,9.983833939684926e-06,0.012818196190399636,0.011098575517683862,-0.002485991483645639,0.003995152639552556
236.7424,0.04994,0.0005796135051178937,0.0004953448597275283,0.04994003452223141,0.0,-6.689684576111108e-06,7.758135860498554e-06,-1.1611440675067964e-05,4.884049557312402e-06,-5.793540056580361e-05,4.969356385030715e-06,2.6365697575324106e-05,-2.715581669949336e-05,1.2696062130648235e-06,-1.4175186863173523e-07,5.279422513122626e-07,-2.7291929807927394e-06,3.941187062246036e-06,-1.1726288655836866e-06,-3.593111298343496e-06,3.999634895967338e-05,-5.9322610923981804e-08,2.376239109147981e-09,-1.2572207967700076e-06,-3.111622557514747e-06,-2.7735920994619004e-07,-1.5312238806323955e-07,-4.288973573095292e-06,-6.1604745281468735e-06,9.135789707840287e-09,2.3673223961678226e-07,5.625594581049831e-06,3.772663457657058e-06,1.3489972778945296e-07,3.6452858003656465e-07,7.572142380586985e-06,2.5790660881914407e-06,-1.0864045243836047e-07,-1.2711801281690224e-07,-2.67113251541707e-06,-3.422032832028369e-07,50mV,1,35,-0.25846613951747927,0.0005796135051178937,0.0004953448597275283,-6.689684576111108e-06,7.758135860498554e-06,0.011606189516346283,0.009918792897650472,-0.002682303797520005,0.0031107112814560563
189.0121,0.0499026,0.0005248027047445307,0.0004452189912338926,0.04990260125702886,0.0,-6.849898601118953e-06,6.003613427172047e-06,-9.830781210164853e-06,5.94934795099516e-06,-5.703132992898139e-05,5.665139237594118e-07,2.0749994296565926e-05,-3.3023407693894255e-05,1.300146280301229e-06,-1.2912610041899912e-07,4.5598887094921035e-07,-2.314840881443635e-06,4.6465371403112846e-06,-5.782144068789638e-07,1.1989155862633984e-05,3.825011707692847e-05,-1.1809472087965975e-07,4.1213653242537203e-08,-2.315171022071389e-06,-2.1747191323425063e-06,-4.939885574678084e-07,-1.2958380881536453e-07,-5.902414722429973e-06,-3.6067941199004073e-06,1.1971607122557618e-07,1.8128671551147984e-07,6.163711585233138e-06,-5.936325476187365e-08,3.175354846715306e-07,1.3331763299715338e-07,7.979421818222088e-06,-2.899971680493201e-06,-9.608343072256638e-08,-4.044121261484691e-09,-1.8083552384626155e-06,2.172740163446366e-06,50mV,1,34,-0.3391336836786706,0.0005248027047445307,0.0004452189912338926,-6.849898601118953e-06,6.003613427172047e-06,0.010516540050517133,0.00892175918727649,-0.0027506654570698982,0.002410828690080985
149.6011,0.04977,0.0004720798313055833,0.000398781132115755,0.04976997499887654,4.336808689942018e-18,-6.805308642039701e-06,4.368939118700085e-06,-8.217033602194245e-06,7.417869142047174e-06,-5.531047298208239e-05,-3.4490864934007327e-06,7.873026378935285e-06,-3.791703778599687e-05,1.3233320449741932e-06,-1.3124140835755323e-07,-1.0694052223634887e-06,-1.3303583382169585e-06,5.618879945337544e-06,-3.5615017203395603e-07,3.015767656641711e-05,2.726508480256678e-05,-1.5919915232712676e-07,7.442436232712719e-08,-2.4521301856105387e-06,-7.512120976173776e-07,-6.192505465858617e-07,1.294791618710306e-07,-6.555973710885979e-06,1.8657155445532271e-06,2.0071247958516593e-07,2.511830368495657e-08,3.962591970122631e-06,-3.7392732792174813e-06,2.1525184704095095e-07,-1.3361234428506878e-07,2.0832325319513164e-06,-6.199957324941921e-06,-1.0398225743008884e-07,1.1226098439495097e-07,4.203600390518291e-07,3.661894558008818e-06,50mV,1,33,-1.4591600305923371,0.0004720798313055833,0.000398781132115755,-6.805308642039701e-06,4.368939118700085e-06,0.009485233442778296,0.008012484075484399,-0.002747343619149116,0.0017637667358778438
119.1737,0.0495052,0.0004244582640231997,0.0003581894182871957,0.04950517082431743,-6.938893903907228e-18,-6.659635964282587e-06,3.111532432281591e-06,-5.877777812972311e-06,8.996892133910525e-06,-5.273748179796842e-05,-6.653118555184572e-06,-5.559968481205672e-06,-3.838016447523646e-05,1.3177045390880679e-06,-1.2829464643934517e-07,-8.249500952420834e-07,-1.943810430764972e-06,5.974949173071376e-06,6.661790765205335e-08,3.924737840512532e-05,3.09761098953387e-06,-1.8679525631375482e-07,1.1280085806976965e-07,-1.3196774692770447e-06,1.4388381441358272e-06,-7.942562940447432e-07,3.060448079632974e-07,-3.4210409937154907e-06,7.0521460506507345e-06,6.64467548203376e-08,-1.4670872497850066e-07,-2.0206751354171596e-06,-5.853819297368811e-06,1.2281857921936641e-08,-2.7702678413614643e-07,-5.590063760496947e-06,-5.92104963288953e-06,6.213181134143416e-08,1.7506974606569258e-08,3.027655975166386e-06,-2.9009482747871863e-07,50mV,1,32,2.403145124085337,0.0004244582640231997,0.0003581894182871957,-6.659635964282587e-06,3.111532432281591e-06,0.008574018773301587,0.0072353940471860684,-0.002717373670647199,0.001269618392385757
94.69697,0.0503274,0.00018851724451900625,0.00011770066017728304,0.02516370960935287,2.0813717096406295e-18,-3.2051409436788325e-06,-4.7382842606221246e-07,5.548988526775317e-07,-3.413137613488759e-08,-2.524301413576348e-05,-5.31103868117105e-06,-1.2219701888188604e-06,9.676374024099088e-09,6.590350563370134e-07,-1.0289121887757553e-08,4.4480562189859446e-07,4.993319293368503e-07,2.905793215569543e-06,-1.1966034348662284e-07,2.2477129824843417e-07,1.676694650223002e-07,-4.469686387406494e-08,1.6228226984328148e-08,5.9147047822245896e-08,-1.8185596589477306e-07,-2.188203173060843e-07,1.0349818659882587e-07,1.0088013126891285e-06,3.8268361663537336e-08,-1.6821644178879516e-09,1.4533858513796263e-08,6.886094980669125e-08,-4.75012987666549e-07,-1.5753596605267543e-08,-4.3265009190280714e-08,-9.081798516794767e-08,2.754073203924661e-08,5.8509920852095405e-09,7.866757269823642e-10,3.2398221182399503e-08,3.900725016519162e-08,50mV,1,31,1.5708401456377614,0.00018851724451900625,0.00011770066017728304,-3.2051409436788325e-06,-4.7382842606221246e-07,0.00749163169682017,0.004677397013576088,-0.0050617163284944105,-0.000748293171267239
75,0.0499998,0.0001677621520133207,0.00010650072396758274,0.02499990396528918,4.1589317710186147e-19,-2.9776799282542517e-06,-5.894369701018449e-07,5.526840896828396e-07,9.644202798649862e-08,-2.324645017335172e-05,-5.722906459289913e-06,-8.73483428816952e-07,3.79111346435897e-07,6.709533475626653e-07,3.447205407742686e-08,4.6037757653193584e-07,-2.041014724383003e-08,2.776500223222083e-06,2.4579762529478834e-09,4.2876324384564455e-07,-2.1990465711919861e-07,-7.14127721753436e-08,4.066264641234064e-09,-5.696460655318679e-07,1.9741623636156544e-07,-2.3921018553384444e-07,6.205381322436212e-08,-5.605859409246967e-07,-5.24232235089966e-07,1.5916259975455688e-09,1.083567305954852e-08,-3.5893042868667194e-07,1.4343474684222613e-07,-1.006390976683508e-08,-4.5232743842041454e-08,-9.54998676096714e-07,-1.809143060702752e-07,1.740776845964703e-08,-2.540357226075678e-08,8.286255642837751e-08,1.3898223728502898e-07,50mV,1,30,1.570713683372286,0.0001677621520133207,0.00010650072396758274,-2.9776799282542517e-06,-5.894369701018449e-07,0.0067105118582154585,0.004260045323192138,-0.004764324488378459,-0.00094310639782505
54.50581,0.0499995,0.00029233420893964786,0.00020304990886762275,0.04999956477007306,1.8033331447044054e-18,-5.524100651737488e-06,-1.5297363300495519e-06,2.589095880507321e-07,4.0292934733670786e-07,-4.349022343068882e-05,-1.4116287183574706e-05,-2.1114178794371376e-06,2.455246664246128e-07,1.305910814132844e-06,1.2093650135825778e-07,-1.4320867032354866e-06,8.735997666233029e-07,5.576083295247499e-06,4.1769629932248234e-07,2.7743952118394817e-07,3.679158712671327e-07,-1.8036805077056505e-07,4.328700399947821e-09,-7.21201733282717e-07,5.45094677100303e-07,-5.052809920808241e-07,1.2223552258274186e-07,1.6080376753276998e-08,3.021238780266813e-07,-2.0814578537439734e-09,1.2290994372032827e-08,4.668142530374589e-07,2.9610501895674563e-07,-6.124538979162456e-10,-4.956447825137526e-08,-6.265855088518888e-07,2.317726591316435e-07,3.0147996006114385e-08,-1.6531341011134907e-09,5.804924475384499e-07,2.1037982110057137e-07,50mV,1,29,1.570852255008733,0.00029233420893964786,0.00020304990886762275,-5.524100651737488e-06,-1.5297363300495519e-06,0.0058467350722745245,0.00406103352701896,-0.002209678729260044,-0.0006119051847514108
45.95588,0.0499946,0.0002721553001074887,0.00023501296694322936,0.04999460619510018,5.637851296924623e-18,-5.240234494957245e-06,-3.421329050724096e-07,-2.774586391902714e-07,4.547553575188809e-07,-4.1819820345191815e-05,-1.388959964673793e-05,-6.741964787127841e-07,9.104600005699806e-07,1.2893283090057634e-06,2.2440213832181394e-07,-1.0298191791265527e-06,4.220755606876545e-07,5.536855501320634e-06,4.473375658620478e-07,9.106328605060387e-07,-4.152234790173197e-07,-1.6938144004413368e-07,1.5683777645372377e-08,-1.1931086690765176e-06,1.1276673043079405e-06,-5.407262948767557e-07,1.5337104287062014e-07,6.127460291503764e-07,-1.4187191226974313e-07,-4.806496981827783e-09,1.5030499913161435e-08,-2.0754099149695848e-07,-2.1130736091624937e-07,1.7807648367364423e-08,-5.3019312592806795e-08,3.28794427026316e-07,-3.77587616334712e-07,1.5242289461529838e-08,-2.117903722030392e-08,-1.1361080477111574e-07,-8.652026110942672e-07,50mV,1,28,1.6212108824541245,0.0002721553001074887,0.00023501296694322936,-5.240234494957245e-06,-3.421329050724096e-07,0.0054436932465359,0.004700766439205641,-0.002096546108011665,-0.00013688269317767136
37.5,0.0500012,0.0002465947416475722,0.00021401134839219179,0.05000122585896715,-5.637851296924623e-18,-4.885636057287403e-06,-6.93412517338143e-07,-2.4393884733962606e-07,1.5049463967864689e-07,-3.9018123989511466e-05,-1.4649326742917248e-05,-1.094821998291335e-06,7.588224756098312e-07,1.2624672170059552e-06,2.6950609681749845e-07,-4.0108490831252636e-07,-7.89294541131806e-07,5.375321393214236e-06,7.224261220031493e-07,4.6111093989191203e-07,3.2732691294331055e-07,-1.799863187754908e-07,4.084834729660518e-09,-1.8090295950480318e-07,4.6654222732577845e-08,-5.615335469204876e-07,9.999240615404359e-08,-5.016179835393489e-07,3.5904870279161765e-07,4.062726981247465e-10,1.5070429838390852e-08,-5.041841057967641e-07,-4.6216766404575017e-07,1.5249225934411727e-08,-5.2061644945608033e-08,-8.006029585067198e-07,6.919177834318009e-07,1.548340560436683e-08,-2.2404309332907552e-08,-1.4745578489585649e-08,-4.6273294254401956e-07,50mV,1,27,1.6073451886586485,0.0002465947416475722,0.00021401134839219179,-4.885636057287403e-06,-6.93412517338143e-07,0.0049317739197657735,0.004280122031324384,-0.0019541586008265696,-0.00027735140702016996
30.04808,0.0500004,0.00022118414108988427,0.0001926763718179827,0.050000430227808465,-4.336808689942018e-18,-4.517547734494305e-06,-1.0432411353546464e-06,4.174860184981526e-08,1.061749709678107e-06,-3.5961531326920615e-05,-1.5118158293242868e-05,-8.322411643900057e-07,-5.022241105109917e-07,1.2131589460264505e-06,3.311292323627217e-07,-7.190906529167707e-07,-4.4724659317929566e-07,5.137152151848013e-06,9.709714773865107e-07,-1.0518735247443223e-07,-7.983627411330445e-07,-1.8949268183362814e-07,-2.014121928760638e-08,4.633541415682675e-07,6.801527716741806e-07,-5.643675536904622e-07,5.779764862832566e-08,-6.105733304251518e-07,-2.2850349067217458e-07,3.757780276135724e-09,2.6946193636930634e-08,6.120285032916875e-07,1.9801473417256087e-07,2.8104372476714402e-08,-3.805781106102273e-08,-6.157937394598091e-07,-6.122744139801703e-07,9.54287977782635e-09,-2.998629720856288e-08,-4.1023518502343576e-07,-1.4809079804149141e-07,50mV,1,26,1.5951895214609693,0.00022118414108988427,0.0001926763718179827,-4.517547734494305e-06,-1.0432411353546464e-06,0.004423644758297889,0.0038534942787516848,-0.0018069879970045006,-0.0004172892729329879
23.91582,0.0499991,0.00019750147475827907,0.00017539770665698977,0.04999913524454621,6.505213034913027e-19,-4.136305458168642e-06,-1.1794021213121292e-06,-3.1292378222739365e-08,-2.2256755051107845e-07,-3.2905392403999076e-05,-1.5173776129812515e-05,-1.0877060007261875e-06,1.0952691437299826e-06,1.1507750456531959e-06,3.6718851299718065e-07,-9.885861739256787e-08,4.154232349931441e-07,4.865525222339959e-06,1.175352843678796e-06,6.897226683794601e-07,-5.590827583357449e-07,-1.9639784016718534e-07,-3.139208850754495e-08,-6.53830110813943e-07,3.175234498078116e-07,-5.632466319827445e-07,1.2991740521878768e-08,8.514927169509912e-07,-1.313244499797671e-07,1.4154982841474112e-08,2.7075500369626232e-08,-5.016811364792514e-08,-8.508329011428502e-08,2.989382461808784e-08,-3.147940892604454e-08,-1.928472560353182e-07,-2.0374606172029023e-07,5.602925503480955e-09,-2.6610023003145674e-08,-5.827593519403553e-07,1.3805475412850864e-07,50mV,1,25,1.5852261434053507,0.00019750147475827907,0.00017539770665698977,-4.136305458168642e-06,-1.1794021213121292e-06,0.003950097812538109,0.003508014804638481,-0.001654579415035453,-0.00047177716725886766
18.8253,0.0499994,0.00017537005987331827,0.00015745557333312019,0.04999939367736774,-3.3610267347050637e-18,-3.750677281250864e-06,-1.305748730178112e-06,-1.9920052244083776e-08,5.27454488420706e-07,-2.9870417186829984e-05,-1.5035873715012192e-05,-1.010463156677714e-06,1.2090633283936602e-06,1.0810851252411664e-06,3.9582773414151375e-07,-2.756959798854538e-07,-7.37038881388161e-09,4.5604244329765774e-06,1.3417725955397627e-06,6.693044987349451e-08,-1.1715626574657388e-07,-1.9809848796275064e-07,-4.1999189842772135e-08,-7.652912147629706e-07,-4.5619757972631225e-07,-5.578534559902182e-07,-3.1338083158976804e-08,6.695275788227243e-08,-2.520528073403075e-07,2.0723332288056714e-08,2.3207080292197e-08,3.6324465954811134e-08,6.24989400059741e-08,3.742255163834555e-08,-2.2774223190981343e-08,1.0458550928832323e-07,1.4678643412261478e-08,1.779203130096135e-09,-2.339795226504979e-08,5.4292003038237574e-08,1.8479485195129516e-07,50mV,1,24,1.5769441811087612,0.00017537005987331827,0.00015745557333312019,-3.750677281250864e-06,-1.305748730178112e-06,0.0035074437303166664,0.0031491496546765634,-0.0015003072990905555,-0.0005223121595817769
15.02404,0.0500003,0.000156734533374726,0.00014183021212523284,0.05000029404459514,-1.0299920638612292e-18,-3.412003312108641e-06,-1.3805413905320497e-06,3.976949347071734e-08,1.9720959220774058e-07,-2.7173986111217943e-05,-1.4719208668516608e-05,-1.1655959135509928e-06,1.0995093573094099e-07,1.010083089581256e-06,4.1132571894775506e-07,-1.064076142234618e-06,-3.28386969252359e-07,4.2630912730910254e-06,1.4589727980398209e-06,5.844521707470353e-07,-5.561890106639304e-07,-1.935233499773833e-07,-5.136241516384199e-08,1.2083729760974869e-08,4.577215783190574e-07,-5.454265864377176e-07,-6.570262981335204e-08,3.20782974481877e-07,3.9716080830037595e-07,2.3657366880950028e-08,2.384059827480135e-08,4.3523759001787834e-07,2.0640630469457103e-07,3.696429232616351e-08,-1.58455311058587e-08,-7.50818733615244e-07,4.399301606794795e-07,3.787867772195424e-10,-2.1676314607130544e-08,-4.7586428450792797e-07,-3.918347860723188e-07,50mV,1,23,1.5707191642211078,0.000156734533374726,0.00014183021212523284,-3.412003312108641e-06,-1.3805413905320497e-06,0.0031346722328259684,0.0028365875608398388,-0.0013647852724869396,-0.0005522100612183666
11.95791,0.0500006,0.00013982274340418018,0.0001276862945048144,0.050000579800465565,4.228388472693467e-18,-3.0891914959758927e-06,-1.4062409384495516e-06,-3.052459407091318e-07,-1.1063573858054962e-07,-2.4610429936394368e-05,-1.421895728956468e-05,-6.568321055238907e-07,2.270513983053997e-07,9.365595528096154e-07,4.2194474054875826e-07,-1.4236767287655667e-07,-1.1980820699565027e-07,3.9490421432005536e-06,1.5347199169527976e-06,2.654737183646653e-07,6.602383562767272e-08,-1.8866331954494372e-07,-5.903435447256571e-08,-2.29180333517274e-07,1.3907943216766454e-07,-5.23713288873588e-07,-9.387122691635111e-08,4.5582937718095836e-07,-2.797915037126903e-07,2.4167972498441527e-08,2.1537248493488836e-08,6.874142220542901e-08,3.119709324988348e-07,4.5435099719149274e-08,-6.247302042530552e-09,1.2737816948276505e-07,3.819627413996598e-07,-4.63969248124029e-12,-1.9790815415488413e-08,1.2732796509374258e-07,-2.2507351217434645e-08,50mV,1,22,1.565738848919961,0.00013982274340418018,0.0001276862945048144,-3.0891914959758927e-06,-1.4062409384495516e-06,0.0027964224407429424,0.002553696277410477,-0.001235647941054143,-0.0005624833301803164
9.52744,0.0499999,0.0001247707385069755,0.00011493583426085355,0.049999902537771514,2.7647155398380363e-18,-2.788864572868818e-06,-1.3973483082566968e-06,-2.632000681733317e-07,-1.0106999336979056e-07,-2.22439327321666e-05,-1.3599132440712917e-05,-5.791600056405187e-07,2.507217266708243e-07,8.625124141176795e-07,4.2315541479512224e-07,-4.293774951568519e-08,-7.160080738179345e-08,3.6432554236434427e-06,1.5744032463619798e-06,6.096167755174726e-08,-4.4922259331215613e-07,-1.8019083210637527e-07,-6.496702796462769e-08,2.5613937437516684e-08,-5.97887419800008e-08,-4.994545986945807e-07,-1.194473822784727e-07,6.420812597514584e-07,4.966569491084536e-09,2.6606572178909975e-08,2.2095763641262302e-08,1.4209777235522722e-08,-1.0910168959243829e-07,4.537854861220275e-08,-3.0884389093425743e-09,1.1957344354471445e-07,6.378469985833055e-08,-6.836989383603329e-10,-1.8396128046287114e-08,-2.137760435018932e-07,-2.992386801483968e-07,50mV,1,21,1.5617890170689661,0.0001247707385069755,0.00011493583426085355,-2.788864572868818e-06,-1.3973483082566968e-06,0.0024954196343226816,0.0022987211659868207,-0.0011155501781035426,-0.0005589415023279314
7.524077,0.0499995,0.00011083023086444431,0.00010286410334562967,0.049999546529893614,2.2768245622195593e-18,-2.503694238805189e-06,-1.3674915813195913e-06,-4.3617281078334586e-07,3.107387511495746e-07,-1.997879476769498e-05,-1.2880119852451953e-05,-1.0990319340040113e-06,-1.6472856194184949e-09,7.890180479591724e-07,4.1928040048090063e-07,-4.802356101466543e-07,-1.3166200434557363e-07,3.3308441047779865e-06,1.585108776968314e-06,7.313412871102382e-07,1.3983465870826858e-07,-1.7017874186564503e-07,-6.990301992811695e-08,-1.6848921213894657e-07,3.0533599244904835e-08,-4.726220152428043e-07,-1.409494638645429e-07,2.174536283837427e-07,-6.490567606432689e-08,2.5370917100740086e-08,2.0696028834130013e-08,1.0843637245614878e-07,4.3863706243445105e-08,4.750393706496187e-08,4.017888192977435e-09,-2.1789705823273597e-07,1.222592138953696e-07,-2.38955684682835e-09,-1.703935925587846e-08,-4.829162813746949e-07,-6.067316966730188e-08,50mV,1,20,1.5585137048509419,0.00011083023086444431,0.00010286410334562967,-2.503694238805189e-06,-1.3674915813195913e-06,0.0022166247207498447,0.00205730072540017,-0.0010014958613770908,-0.000547006554527662
5.98659,0.0499998,9.881016101249228e-05,9.233548790170919e-05,0.049999853530914816,9.75781955236954e-19,-2.2518629918978563e-06,-1.3184122898818335e-06,-2.846377174460614e-07,5.448747087778201e-07,-1.7969676151229987e-05,-1.2123523307564385e-05,-8.199058458573122e-07,1.2305197791830863e-07,7.191049387257409e-07,4.090265870121013e-07,-3.8009977137389245e-07,1.841727236277616e-07,3.0397237251460067e-06,1.567531846821656e-06,1.0399426866702253e-08,-1.0775882849295093e-07,-1.6012511938008496e-07,-7.288153778440197e-08,-4.271549631266094e-07,-7.870431100354817e-08,-4.409063381655634e-07,-1.5353199586765853e-07,2.9034574818961657e-07,-3.224258505724193e-08,2.6225656613655044e-08,2.0853141940828866e-08,3.2479811433553546e-07,-3.16474896884535e-07,4.570294449369727e-08,6.336105451135697e-09,-9.457662752547105e-08,9.444890613885652e-08,-2.847144141349844e-09,-1.53444053075399e-08,-2.3130340197822855e-07,2.3499145616890304e-08,50mV,1,19,1.5560184071440397,9.881016101249228e-05,9.233548790170919e-05,-2.2518629918978563e-06,-1.3184122898818335e-06,0.00197620900932036,0.0018467151677678082,-0.0009007504740353294,-0.0005273680056725817
4.76372,0.0500005,8.809712740070825e-05,8.283138754211223e-05,0.05000050779027432,4.336808689942018e-18,-2.024312840334985e-06,-1.2575443444909436e-06,-5.189659644978469e-08,-4.907464866125564e-08,-1.6139181561978243e-05,-1.1337333957479057e-05,-8.108188348603799e-07,1.3591158353953881e-07,6.533979501398516e-07,3.947337571843853e-07,-3.120214728316633e-07,5.817244350151224e-08,2.764233769316209e-06,1.5316933186764754e-06,5.046215436336595e-07,-6.738431815175647e-09,-1.4884025170240709e-07,-7.4295852580863e-08,-1.5718185841445248e-07,7.191074326431829e-09,-4.0890594605234053e-07,-1.623020053375954e-07,5.699996803198132e-07,-1.2253185804732597e-07,2.5101936664870973e-08,1.984067415426161e-08,-2.3540687693979381e-07,-1.1667589487773246e-07,4.5745489198207884e-08,1.1142075555029892e-08,3.849335936639013e-08,1.8510533735691747e-07,-3.2714721545619465e-09,-1.331688972476113e-08,-3.462531503763573e-07,2.1459397030278354e-07,50mV,1,18,1.5540261875949584,8.809712740070825e-05,8.283138754211223e-05,-2.024312840334985e-06,-1.2575443444909436e-06,0.001761924654250095,0.0016566109266239071,-0.0008097086895625769,-0.000503007520851417
3.76506,0.0500001,7.828285553505238e-05,7.40070924020889e-05,0.05000008632579707,5.421010862427522e-18,-1.810340959864975e-06,-1.1837794650718465e-06,-6.522139185571926e-08,1.651498976544233e-07,-1.442861674324316e-05,-1.052033950453433e-05,-5.437933422139415e-07,1.0972255687003353e-07,5.90406417177595e-07,3.7689724085295634e-07,-2.737124970658307e-07,-8.796694386455049e-08,2.4984134186501916e-06,1.4759553873760165e-06,4.376470904849114e-07,9.018161379362382e-08,-1.3701014722392858e-07,-7.432785968902473e-08,-1.8493522067886253e-07,-9.327294842709316e-08,-3.7699148986627176e-07,-1.6808031313551694e-07,5.042555282668305e-07,3.2643943178001925e-09,2.396107722419127e-08,1.914685739028588e-08,1.471923177600775e-07,-1.6133575600048715e-08,4.3829643343439896e-08,1.3710129520722626e-08,-7.884333604824986e-08,-1.5487219005177194e-07,-3.026063216694336e-09,-1.2128151188900159e-08,-5.204368482506358e-08,-7.792821042527877e-08,50mV,1,17,1.5523944128228924,7.828285553505238e-05,7.40070924020889e-05,-1.810340959864975e-06,-1.1837794650718465e-06,0.0015656544075737546,0.0014801392925576937,-0.0007241338834864446,-0.00047351015098167883
3.008665,0.05,6.996001605834499e-05,6.643328817781124e-05,0.049999996465792895,-3.0357660829594124e-18,-1.6247397249700907e-06,-1.1093276292397748e-06,6.996297494054389e-08,-3.524572675402841e-08,-1.2956400915473465e-05,-9.750377936141577e-06,-1.328205120780254e-06,-9.51577899604403e-08,5.345674941224173e-07,3.567232937028657e-07,-2.890662905553011e-07,-3.537960183975488e-07,2.261482642959251e-06,1.4092876794347357e-06,2.1844134307266501e-07,-6.297043880634613e-08,-1.2566537140432504e-07,-7.261095708656115e-08,-3.094705861705007e-07,1.2383361417446533e-07,-3.4617410413724607e-07,-1.6931413804977227e-07,4.299441723105888e-07,-3.068725601213837e-07,2.3078054360830332e-08,1.8007576098305418e-08,-1.5397418784196787e-07,1.2004148876860803e-07,4.049830423922004e-08,1.5754422266430113e-08,-7.318586007976078e-08,1.4238832103135077e-07,-3.5221068404603346e-09,-1.0333355514616208e-08,-2.9447676248686875e-07,3.155465704023329e-08,50mV,1,16,1.551164189089807,6.996001605834499e-05,6.643328817781124e-05,-1.6247397249700907e-06,-1.1093276292397748e-06,0.0013992004200681812,0.0013286658574718309,-0.0006498959818627128,-0.0004437311144254141
2.38186,0.0499997,6.22377754841794e-05,5.933736188668573e-05,0.04999972222217494,-4.336808689942018e-18,-1.4535343422654311e-06,-1.0291327108580925e-06,1.4003713652512892e-07,1.4433193193915775e-07,-1.1570848629762919e-05,-8.968177413930805e-06,-1.1707789052131543e-06,1.1357491657745449e-07,4.803855098781323e-07,3.351375606951235e-07,-5.972969014765923e-07,6.691885753327907e-09,2.0342563150920104e-06,1.3331415275202031e-06,1.0714702394074788e-07,1.2530781155202458e-07,-1.1510039151202499e-07,-7.023710297322763e-08,-3.731881780840712e-07,1.522017670651698e-08,-3.1521820374721835e-07,-1.675504240013799e-07,4.3342574767057906e-07,5.455470951068984e-08,2.1363600743907563e-08,1.6754655693183444e-08,-5.5424671411360445e-08,9.475798613597076e-09,3.870154104268622e-08,1.664952721832544e-08,-2.373575498948343e-08,-7.457529354199426e-08,-2.9251204780202185e-09,-9.288894580645134e-09,-3.079652413753487e-07,-1.0908862644277477e-08,50mV,1,15,1.5501419001308308,6.22377754841794e-05,5.933736188668573e-05,-1.4535343422654311e-06,-1.0291327108580925e-06,0.0012447624250315709,0.001186753830811675,-0.0005814201971137393,-0.00041165765830529136
1.890121,0.0500002,5.544792813865187e-05,5.3035233161900495e-05,0.05000023089549442,5.421010862427522e-18,-1.3003925405300202e-06,-9.499727693736846e-07,-6.207004764984037e-08,5.975813871242563e-08,-1.0338408131666795e-05,-8.222701962067707e-06,-7.448981191472567e-07,1.7543336125613063e-07,4.321726390501837e-07,3.128694744512076e-07,-3.8802973860553503e-07,2.8326558193315376e-09,1.8296423355761012e-06,1.2530740474524559e-06,-4.321067636916638e-08,1.555166455669094e-07,-1.045405845228568e-07,-6.691788215923527e-08,-1.5502132235331586e-07,1.948563045336874e-07,-2.8651616344030044e-07,-1.6366335294512665e-07,8.140757541453781e-07,4.930914336345678e-08,2.006657783141986e-08,1.646720959555943e-08,-7.50352116424226e-09,-1.0306482735973292e-07,3.642810002992565e-08,1.846962546047985e-08,2.1853873016882163e-07,1.2362774901617713e-07,-2.9549113414472772e-09,-8.123052419084982e-09,-2.50147336303751e-07,1.1248136688591348e-07,50mV,1,14,1.549333556993384,5.544792813865187e-05,5.3035233161900495e-05,-1.3003925405300202e-06,-9.499727693736846e-07,0.0011089534417259733,0.0010606997650220763,-0.0005201522121688277,-0.0003799855982628671
1.502404,0.0499998,4.945312068680957e-05,4.742249215094617e-05,0.04999982757226677,-4.336808689942018e-18,-1.1656468871184318e-06,-8.755344053444903e-07,-5.206961370940534e-08,-9.988050608340285e-08,-9.241007200020477e-06,-7.519787652542189e-06,-9.374677255936537e-07,4.472256108569924e-08,3.888261875902948e-07,2.908780867724605e-07,-3.384414145973454e-07,-1.7063792968999405e-08,1.643712791183588e-06,1.1694726452174757e-06,3.322388620579994e-07,-1.7894956460920008e-08,-9.45736398327475e-08,-6.396552101403853e-08,-2.34879323976537e-07,-1.576738661113712e-07,-2.599629555246532e-07,-1.5753173839662488e-07,6.395304486280202e-07,-3.544551889670007e-08,1.872392242102211e-08,1.6044887843859607e-08,-7.974269902173671e-08,1.063102221273204e-07,3.367025353603469e-08,1.8353014491250962e-08,-1.3016948595645792e-07,-2.3980214585891696e-08,-3.003624053884767e-09,-7.42067433576108e-09,-2.3373872936952092e-07,1.1924245277749967e-07,50mV,1,13,1.548709366688611,4.945312068680957e-05,4.742249215094617e-05,-1.1656468871184318e-06,-8.755344053444903e-07,0.000989065824583754,0.0009484531138113333,-0.0004662619707016155,-0.00035021617761289703
1.195791,0.0500003,4.41457775196238e-05,4.2414696576011754e-05,0.05000030811874052,-4.9873299934333204e-18,-1.0447559640310364e-06,-8.040301565426758e-07,-1.994993118497959e-07,-3.964744927208552e-08,-8.262783104019818e-06,-6.861026680056002e-06,-1.0622508040589487e-06,7.778198342474707e-08,3.4918007685890074e-07,2.6906178002141744e-07,-3.371129595901942e-07,6.88850479317344e-08,1.4753902419885677e-06,1.0869345697165567e-06,3.7470756229186007e-07,-1.5212173960929674e-07,-8.568042594655828e-08,-5.986292430825178e-08,-1.655153299270273e-07,1.8567260646218916e-08,-2.3555593755570465e-07,-1.507916433959256e-07,6.484253989016124e-07,-6.725823593903582e-08,1.7248207910512286e-08,1.4435608178165539e-08,6.899100054965187e-08,1.0220724986826048e-07,3.114690851842059e-08,1.8564450959140383e-08,3.161678799247706e-08,5.5091944390857375e-08,-2.691000667976556e-09,-6.430997783744839e-09,-9.057414671584087e-08,-9.107431065727561e-08,50mV,1,12,1.5482099085840797,4.41457775196238e-05,4.2414696576011754e-05,-1.0447559640310364e-06,-8.040301565426758e-07,0.0008829101095694568,0.0008482887040472935,-0.0004178972351177549,-0.00032160809886556285
0.9486946,0.0499965,3.93277693195765e-05,3.7884331536549216e-05,0.04999649629250037,-4.336808689942018e-18,-9.357634289696711e-07,-7.540240183183952e-07,2.2124014871744408e-07,-2.498690191056617e-07,-7.363191660649511e-06,-6.231722718574516e-06,-4.3237668370253124e-07,7.338134211729677e-07,3.133720453112998e-07,2.571122167499881e-07,-3.8013452040776504e-07,-4.881925322316176e-08,1.3131724502170109e-06,1.0021044705505024e-06,1.2977896489054965e-07,-1.9344550406076188e-07,-7.726399813628853e-08,-6.245301378456074e-08,-1.65171379462542e-07,-5.900187427850678e-09,-2.0710589786077666e-07,-1.4167188982545594e-07,6.225560932991906e-07,8.039514398425826e-08,1.5706616597025425e-08,1.7885914218419474e-08,1.01339372285974e-07,-1.96613661165268e-08,2.4359417974425284e-08,1.7554263874783468e-08,-8.888247084047686e-08,1.951605771679169e-07,-2.601193695300844e-09,-9.250600952591607e-09,-3.6921963392253e-07,-2.046319996972608e-07,50mV,1,11,1.547869215909929,3.93277693195765e-05,3.7884331536549216e-05,-9.357634289696711e-07,-7.540240183183952e-07,0.000786610507454215,0.0007577397286983885,-0.0003743578353638391,-0.00030165188184455864
0.7515633,0.0500005,3.504825585770296e-05,3.3796890774600206e-05,0.05000053998365256,4.7704895589362195e-18,-8.375969715425532e-07,-6.86357033693008e-07,-1.1706778168603378e-07,-9.800292138500223e-08,-6.567229680998977e-06,-5.64911088487935e-06,-9.136083665895558e-08,5.936575349751641e-07,2.805135560997831e-07,2.348934875959084e-07,-3.918503235312137e-07,-1.405112023291286e-07,1.1755512198565644e-06,9.216330367851099e-07,2.7202875941196854e-07,7.62185669255514e-08,-6.94079442381746e-08,-5.752461702242135e-08,-2.7435492095515355e-07,-5.384978131487499e-08,-1.8728634781155155e-07,-1.334082000501103e-07,4.596672082905262e-07,-9.88305291565548e-09,1.4379003367493622e-08,1.601409572132829e-08,-3.3009113048249764e-08,7.764902346891237e-08,2.317358917021252e-08,1.7474297612844137e-08,5.828245602314212e-08,-7.759457770886826e-10,-2.6503130134914074e-09,-7.963183765493582e-09,-3.6143579808882614e-08,-2.1646280875455703e-07,50mV,1,10,1.5475352855654174,3.504825585770296e-05,3.3796890774600206e-05,-8.375969715425532e-07,-6.86357033693008e-07,0.0007009575470417284,0.0006759305156634296,-0.0003350315521154963,-0.0002745368836280158
0.5978954,0.0500007,3.1305600145052096e-05,3.020831394813958e-05,0.05000066647742942,-1.734723475976807e-18,-7.510024277406899e-07,-6.238408763691315e-07,-1.1028578771823515e-07,-1.2440504778944407e-07,-5.868685199562517e-06,-5.118988361086189e-06,-3.175283640493841e-07,3.859948509980225e-07,2.515974448864393e-07,2.1416336347530958e-07,-3.7832844813032503e-07,3.235313743546592e-08,1.0526807465471438e-06,8.457710448954727e-07,1.6495882318473707e-07,-2.6589340189162015e-08,-6.233976802755996e-08,-5.2874744084706325e-08,-1.483503315553061e-07,2.3843943414193225e-08,-1.6858647563137788e-07,-1.2449555094952e-07,6.095792820548538e-07,-2.4316968726462395e-08,1.2916534181657504e-08,1.4522078618711012e-08,1.2456841070574043e-07,5.2117427922559503e-08,2.1276839531448447e-08,1.668570236274604e-08,1.137603807281134e-07,-1.8471265272474e-08,-2.320610698227318e-09,-6.981427297168145e-09,-2.5016573496930274e-07,-2.3447438995202556e-07,50mV,1,9,1.5472853834480838,3.1305600145052096e-05,3.020831394813958e-05,-7.510024277406899e-07,-6.238408763691315e-07,0.0006261036572219217,0.0006041582258063656,-0.0003003929628377155,-0.0002495296982668423
0.4763719,0.0499999,2.7992663189666316e-05,2.7018129008107295e-05,0.04999992714535908,8.673617379884035e-19,-6.738526244662479e-07,-5.661379767342762e-07,-1.6844700302752175e-07,-5.185106533946252e-08,-5.2482550385500284e-06,-4.633655325689144e-06,-4.869959116340384e-07,5.239371939201757e-07,2.2581907673969874e-07,1.9490695917861121e-07,-2.6434210359437176e-07,-5.105806134194452e-08,9.434763189742765e-07,7.742471293361299e-07,3.6605557609186213e-07,-3.347762303189975e-08,-5.625691854924355e-08,-4.829437856765893e-08,-2.979998872647706e-07,-1.985753036999967e-08,-1.5221620388927531e-07,-1.1591333924028755e-07,5.924234071996316e-07,-7.413302446951189e-08,1.1751306564587649e-08,1.2991370546829976e-08,4.076187025480783e-08,-3.176955079207199e-08,1.9450389165073517e-08,1.575736837289866e-08,-3.914818430365454e-08,-5.463386120476305e-09,-2.1523325832577355e-09,-5.9525122428678565e-09,-1.4094339306528905e-07,-4.699549506714208e-10,50mV,1,8,1.5470785468773314,2.7992663189666316e-05,2.7018129008107295e-05,-6.738526244662479e-07,-5.661379767342762e-07,0.000559854079552685,0.0005403633675217281,-0.0002695418352808718,-0.00022645585062761698
0.3780242,0.0500005,2.4987071057106413e-05,2.4114664858486326e-05,0.05000052390868373,4.336808689942018e-19,-6.025637706354897e-07,-5.109536615960876e-07,-6.374799939747504e-10,1.046703248692128e-07,-4.685543756974601e-06,-4.1819784625978875e-06,-6.253901691827858e-07,4.0151981659338785e-07,2.0201749340142275e-07,1.7645967162350874e-07,-2.84318083020666e-07,1.2386588067668493e-07,8.436527509967056e-07,7.05374315066253e-07,2.0435543091816416e-07,-2.0485105783701754e-08,-5.056236789884356e-08,-4.3784594921152136e-08,-2.586011267545475e-07,-8.005424615661719e-08,-1.3677374411160752e-07,-1.0710415422104051e-07,5.931934971491716e-07,-5.770544079901983e-08,1.0630409077157213e-08,1.1487325250264522e-08,1.8371637705873465e-08,-7.803613181878942e-08,1.808245402267831e-08,1.4944369456338213e-08,8.290209986118954e-09,1.1755360323890012e-08,-1.919106185034127e-09,-4.976752722567629e-09,-1.889865088250514e-07,3.6786772137030996e-08,50mV,1,7,1.5469114431096913,2.4987071057106413e-05,2.4114664858486326e-05,-6.025637706354897e-07,-5.109536615960876e-07,0.0004997361848195922,0.00048228824366974816,-0.00024102045731931186,-0.0002043771816167878
0.3004808,0.0500004,2.2326869443627794e-05,2.1540666651534076e-05,0.050000424831501876,-3.2526065174565133e-18,-5.397716857053498e-07,-4.6130159650775374e-07,1.0080868961165456e-07,2.487913559811166e-07,-4.18685271539877e-06,-3.7709579629980726e-06,-8.338339630780285e-07,3.6288351594196985e-07,1.8102094325743882e-07,1.594794338143043e-07,-2.9969710815589886e-07,1.3933345041419723e-08,7.548887796965746e-07,6.416867146260199e-07,2.180499723157389e-07,-1.659385430014377e-07,-4.5251551568082836e-08,-3.964028285020277e-08,-1.2503064366805923e-07,-1.828737745385848e-08,-1.2307721865873576e-07,-9.865702965437143e-08,5.309372322339261e-07,1.8814073280591693e-08,9.572688816486437e-09,1.0165122576726507e-08,-2.6463020620841646e-08,-2.54493108820506e-07,1.6806027361951982e-08,1.3995305693236525e-08,1.2181892188874659e-07,-2.2225656614546722e-08,-1.745554644871086e-09,-4.103323994263947e-09,-1.2068201570244717e-07,-2.1114530263779827e-09,50mV,1,6,1.5467819371075853,2.2326869443627794e-05,2.1540666651534076e-05,-5.397716857053498e-07,-4.6130159650775374e-07,0.0004465335948418012,0.00043080967260027684,-0.00021590500533664596,-0.00018451750303586322
0.238186,0.0499867,1.9918656612396455e-05,1.920759717319143e-05,0.04998666446133897,5.204170427930421e-18,-4.807365118928852e-07,-4.161142880531037e-07,-4.503219594607517e-08,-2.0033511889409678e-07,-3.7333030689270547e-06,-3.3894400582442034e-06,-8.952607921237367e-07,3.920323314405738e-07,1.5999839545470685e-07,1.432933853633242e-07,-2.499172282253154e-07,4.317933863012658e-08,6.751735565958989e-07,5.763491991255417e-07,2.187810428572927e-07,-1.4171521780214728e-07,-3.900828005015881e-08,-3.4983570169833996e-08,2.1514265769340374e-08,8.807091271412978e-08,-1.1105892350727868e-07,-8.671233567494154e-08,6.154082698168527e-07,-5.130138791841648e-08,7.12927595369223e-09,8.448986265390504e-09,4.2243467490664325e-08,5.962745022586127e-09,1.5610897178275028e-08,1.0678540298910421e-08,8.349036478003545e-08,8.307994092565507e-08,-9.765053752896656e-11,-2.8148551560869538e-09,-1.425403171252841e-07,-7.070192943733737e-08,50mV,1,5,1.615004930853266,1.9918656612396455e-05,1.920759717319143e-05,-4.807365118928852e-07,-4.161142880531037e-07,0.0003984794109997494,0.0003842544282595031,-0.00019239721989361443,-0.00016653453648485532
0.1890121,0.0500041,1.7794827808326765e-05,1.7143957287770265e-05,0.050004077321859006,-2.168404344971009e-19,-4.3024572558283684e-07,-3.752134116804149e-07,-4.302462584939377e-07,1.1290259066706982e-07,-3.3340052995910948e-06,-3.051491809888095e-06,-7.926328786459973e-07,4.1689271421243096e-07,1.4344962728118873e-07,1.2991831044146994e-07,-1.949526961631694e-07,-7.572032183545106e-08,6.028012377695285e-07,5.247163810416923e-07,1.6390401681920663e-07,-2.4858118278729735e-08,-3.512948589958064e-08,-3.2298222780282874e-08,-2.4441780456242203e-07,9.785465021647755e-08,-9.923450172901987e-08,-8.090799164403725e-08,5.993989168567414e-07,-1.7515342698544895e-07,6.669177121570489e-09,8.04884836038338e-09,-3.916922611427631e-09,4.6293657816977516e-08,1.3964509926657302e-08,1.0717248727294258e-08,-1.4068975071768886e-07,6.984391260486482e-08,-4.961937367297126e-10,-2.876914397675794e-09,-1.6289609554875345e-07,-6.632744901424304e-08,50mV,1,4,1.6008475208533,1.7794827808326765e-05,1.7143957287770265e-05,-4.3024572558283684e-07,-3.752134116804149e-07,0.00035586753643683083,0.00034285118746258476,-0.00017207022566120356,-0.0001500608898124393
0.1502404,0.050003,1.5911090263096206e-05,1.5312375026561304e-05,0.050003040785503786,5.5294310796760726e-18,-3.8577535075502386e-07,-3.387100540441526e-07,-2.5240434179092393e-07,-1.1844736988796373e-07,-2.979520495036794e-06,-2.7450662155690936e-06,-7.825521503511146e-07,1.2340032956526398e-07,1.287647273612121e-07,1.1760458951172468e-07,-3.185892474906954e-07,-4.28990767408485e-08,5.38334053053199e-07,4.7569107566598514e-07,2.432202910461467e-07,-1.3515824614765986e-07,-3.164787211271861e-08,-2.9640849526492468e-08,-3.6156834051340085e-07,-7.002373342434243e-08,-8.86219254694046e-08,-7.448026065059961e-08,4.320800470676081e-07,-4.903986359985178e-08,6.109128111830379e-09,7.516138183359548e-09,-8.760450329527887e-08,5.6071628641984344e-09,1.2387172169810201e-08,1.0235642784466137e-08,-6.107481764476969e-08,3.707098490150912e-08,-5.524677911937885e-10,-2.7533304720596506e-09,-1.3641406247280279e-07,-5.647862026384491e-08,50mV,1,3,1.5896649793716633,1.5911090263096206e-05,1.5312375026561304e-05,-3.8577535075502386e-07,-3.387100540441526e-07,0.00031820245355376346,0.0003062288770046253,-0.0001542913730525336,-0.00013546754400686544
0.1193355,0.0500022,1.4209050804708838e-05,1.366547905695795e-05,0.050002172690798104,3.903127820947816e-18,-3.451022794798086e-07,-3.1389482787908277e-07,-1.478749142347529e-07,3.0108519215177455e-08,-2.6565775263081456e-06,-2.4657704323862187e-06,-5.960201594863746e-07,4.141069797010999e-07,1.1478769579313186e-07,1.1026491975989802e-07,-3.5481753881025336e-07,-1.0362463634940066e-07,4.778039880865272e-07,4.2939769064643226e-07,3.4767054923820273e-07,-1.5723835538641872e-07,-2.791970666604961e-08,-2.96590579845762e-08,-2.921013197757461e-07,3.630189417162032e-08,-7.694586525584097e-08,-6.74555360561885e-08,6.98499539875426e-07,9.868638806067094e-08,5.117750397846161e-09,8.962904436371469e-09,2.8800024461665954e-07,-2.5282844013003754e-08,9.446096924752563e-09,8.997741406430554e-09,-4.408198747800083e-08,-1.1719299371575831e-07,-1.4479063205614967e-10,-4.060679802434899e-09,-2.0825241372071156e-07,2.8168156390323682e-08,50mV,1,2,1.5807468629905617,1.4209050804708838e-05,1.366547905695795e-05,-3.451022794798086e-07,-3.1389482787908277e-07,0.0002841686678811805,0.00027329770531096955,-0.00013802891576508632,-0.00012554701992037448
0.0946587,0.0500019,1.2682291134250357e-05,1.2186176035225544e-05,0.05000192109583001,3.3068166260807885e-18,-3.0836832843378693e-07,-2.9045061256111756e-07,-2.9902092380694547e-07,2.907061829350408e-07,-2.367718744660193e-06,-2.2111937764221125e-06,-6.847185281383988e-07,1.3639459610663747e-07,1.0251338267667019e-07,1.0325057944026831e-07,-2.5826596647414647e-07,-5.475301942360635e-09,4.234879251604344e-07,3.8678255197536126e-07,2.819597176685276e-07,-1.8186795452158223e-07,-2.4716407041925883e-08,-2.9425812671094418e-08,-1.741785531382542e-07,6.587164318825832e-08,-6.645683718582953e-08,-6.105220246265936e-08,5.46431778464013e-07,-1.2501022494552268e-07,4.239603189993529e-09,9.95066111430147e-09,-2.8129932661567377e-08,-7.668393329483782e-08,6.699428374638327e-09,8.078748968542403e-09,-1.3782115803393917e-08,5.5858158479109165e-08,1.6659850378168076e-10,-5.278294009123564e-09,-1.5419162694276234e-07,7.21145758883495e-08,50mV,1,1,1.573638370839948,1.2682291134250357e-05,1.2186176035225544e-05,-3.0836832843378693e-07,-2.9045061256111756e-07,0.0002536360775007906,0.00024371415673950637,-0.00012333785343800118,-0.00011617131780358187
1500059,0.0743107,0.014096457824591502,0.0033640462136925167,0.07431066911729867,6.938893903907228e-18,-2.7373074009683182e-05,3.2353600174639106e-05,4.0509730421423826e-05,0.00035009582790296225,1.587003170783883e-05,5.63049939743924e-08,7.214074846325367e-05,-0.00015563835278286118,8.740293420896827e-09,-7.700662182960772e-07,2.7008342270621775e-06,-3.386608163857722e-06,-1.3511310468366128e-06,8.564689910063581e-07,-5.110218942428859e-06,-4.232739623898749e-06,-8.119487718213777e-07,2.746394603155687e-07,-5.38302339983383e-06,-2.9194765799145504e-06,5.758015956404609e-07,5.006334515566279e-08,-2.7495952884337657e-06,-5.64138633540936e-06,9.86853234966863e-07,-4.651034437613138e-07,5.1220102051802595e-06,-3.173047079129383e-06,-3.798302697142627e-07,2.073216381769594e-06,-4.939662031232333e-07,9.724507003065606e-06,-9.553475386049442e-07,3.8655836669076976e-08,-8.07828095700861e-06,-1.1299894013707226e-06,50mV,2,73,-1.852792567288031,0.014096457824591502,0.0033640462136925167,-2.7373074009683182e-05,3.2353600174639106e-05,0.18969628442371284,0.04527002991161876,-0.0049570263550904325,0.005858956458124185
1191504,0.0699373,0.014108928369619626,0.0024808867205586387,0.06993735542459678,-1.734723475976807e-17,-2.7739603053384146e-05,3.6946279688773425e-05,-1.9732636995399685e-05,0.00031286191686355166,2.261613065321874e-05,-7.622918565114535e-06,6.592323322995881e-05,-0.0002058950275310513,3.728364495761307e-08,-2.0530690372594042e-07,2.0590805342254927e-06,-3.248294570600324e-06,3.3118323090112097e-07,-1.0727245120249844e-06,2.1101496294271116e-06,-1.968842391151597e-05,-6.173597461582543e-08,-7.746876675919902e-07,4.065602813526613e-06,-2.223468730752897e-06,5.241653209032575e-08,8.711173290443802e-09,-4.9632880272051635e-06,1.02857927654727e-06,-2.2841456280385835e-07,-6.138399383042273e-07,-6.596497354458387e-06,-3.8207461136936035e-06,9.341666175161503e-08,3.6640537683019204e-07,2.9121820391504335e-06,2.8644113721899076e-06,6.996873367184656e-08,1.339967397489947e-08,1.8532149362495013e-06,-9.579794422500837e-07,50mV,2,72,2.824871385380831,0.014108928369619626,0.0024808867205586387,-2.7739603053384146e-05,3.6946279688773425e-05,0.201736658241692,0.03547298443724283,-0.005671289667745035,0.007553570750717588
946464.9,0.067581,0.01417205552023156,0.001954809895810681,0.06758096163795245,1.734723475976807e-18,-1.9937399167011764e-05,3.7801451377845866e-05,-2.2150530684556503e-05,0.0002561103353168614,3.5751604107274354e-05,-2.3508137585964346e-05,0.00010589591501190125,-0.000289879143847563,6.526934378370578e-07,5.225810677615804e-07,8.973985173043437e-06,1.1911922560819907e-06,1.860027507921725e-06,2.7731361753522215e-08,3.4761261688706877e-06,-2.1457095754902286e-05,-4.122296795356403e-07,5.550352168000916e-07,-7.353815897593661e-06,6.670357346868586e-06,-2.1967669707273795e-06,-4.3937368032182594e-07,-9.12234406133589e-06,-1.8406777619919803e-06,5.279592074601789e-07,-1.1026474985367593e-07,2.720128159724121e-06,-1.6977008555886672e-06,1.9714793273579196e-07,-4.102809359378537e-07,-2.542466518803088e-06,-3.3456844560240493e-06,4.7093031718025357e-07,1.1110902591449334e-06,2.6862384279496044e-06,3.7207140870403147e-06,50mV,2,71,-0.21153041663811453,0.01417205552023156,0.001954809895810681,-1.9937399167011764e-05,3.7801451377845866e-05,0.20970485143663223,0.02892545250070678,-0.0043653570329801866,0.008276748147881463
751816.4,0.0665214,0.014298725970778577,0.001625767003257539,0.06652143635855805,-1.734723475976807e-18,-1.201655062199299e-05,3.8081635528404246e-05,-4.146743479019002e-06,0.00022019377290566003,5.583026848264918e-05,-4.38248480761708e-05,0.00020548798251665394,-0.0003920053670003202,7.788250441987292e-08,-2.3189071857487587e-07,4.690953095061966e-06,-2.5466201132746165e-06,3.525823396099579e-06,2.0875663771312016e-10,4.895782672861376e-06,-3.351807885114648e-05,7.566646946012872e-08,1.8022430224908052e-07,-1.5978568060220334e-07,2.3030484340916074e-06,-5.770801736000168e-07,5.629243380469432e-08,-4.40807323688558e-06,6.100193404846631e-06,6.225121242569213e-07,-9.101138330802024e-07,2.6569092326083657e-06,-3.3244815120287643e-06,-3.4143638987964615e-07,6.432877578167154e-08,-1.6851543737628393e-06,1.1163116853672186e-06,-5.8889366009738744e-08,-3.263072550806044e-07,-2.8811303714930405e-06,1.6068438020374082e-06,50mV,2,70,-1.7567699753284434,0.014298725970778577,0.001625767003257539,-1.201655062199299e-05,3.8081635528404246e-05,0.21494914652333771,0.024439745926327746,-0.0027155423745674864,0.008605821938697505
597246.1,0.0656564,0.014336432040559333,0.0014067077885066854,0.06565640594165241,0.0,-7.358784549911009e-06,3.8561997488454274e-05,4.442130732594884e-06,0.00019428232478489163,8.199188205001644e-05,-5.8171738526109925e-05,0.0003329541566973597,-0.0004451149153250595,2.67546069208113e-07,-6.515839372511679e-07,3.965136248630229e-06,-3.7988946786925538e-06,6.372127235544793e-06,-3.6727158078676974e-06,1.368715739517639e-05,-4.971185379998099e-05,-8.019978325802495e-07,-1.5531721181416967e-07,-3.4067009565152904e-06,-8.722565780895533e-07,6.847105483525313e-07,-6.810280791517955e-07,2.097613172180482e-06,-1.2818103520892087e-06,1.3948426786357587e-07,9.994131756110648e-07,1.9047385645006855e-06,4.653742386427939e-06,8.636395355146335e-07,3.894925667670479e-07,3.7519810727601043e-06,5.3792636244172e-06,-1.0373324646546595e-07,5.86651265811794e-08,4.919609928494066e-07,2.210677881548497e-06,50mV,2,69,-0.4441746359302916,0.014336432040559333,0.0014067077885066854,-7.358784549911009e-06,3.8561997488454274e-05,0.21835541916960619,0.02142529382063343,-0.0017070721483363708,0.008945514228644381
474433.6,0.0642908,0.014174727318730273,0.001266715696298739,0.06429079290961706,0.0,-5.641624442341296e-06,3.532225452481807e-05,1.4377856735737463e-06,0.00017109045483097805,0.00011129762142685296,-6.316527719439876e-05,0.00048483660070335326,-0.0004498478890464531,1.1380866888991625e-06,-3.317268891823636e-07,7.791088055576423e-06,-2.0150430085410177e-06,1.1336132458103789e-05,-7.667377883153177e-06,3.6495996819543435e-05,-7.505431055603941e-05,-6.205029630397992e-07,-4.7243541829225095e-07,-1.3932449915949436e-06,-3.080479942256662e-06,8.630776580166526e-07,6.073408396384556e-07,2.1122054430038623e-07,2.005896304077686e-06,1.0400174704677588e-07,-8.94614094538699e-08,-3.5936512392267115e-08,-5.780967717054747e-07,3.1204910769783506e-07,1.995073117556886e-07,-1.3223537164672844e-06,6.027335499760251e-06,4.5822976361260523e-07,1.041294802798277e-06,1.1834399777576469e-06,3.516199549537822e-06,50mV,2,68,-2.308267359506249,0.014174727318730273,0.001266715696298739,-5.641624442341296e-06,3.532225452481807e-05,0.2204783403225055,0.019702909840909038,-0.0013649181478633833,0.008545763142710282
376816.4,0.0622127,0.013798548179463814,0.0011773719308851632,0.06221266184947871,-6.938893903907228e-18,-1.3905297674235613e-05,2.982004175373357e-05,-4.613057168792948e-05,0.0001490195632909992,0.00012998144230399087,-4.9396813796184506e-05,0.0005830015440755247,-0.0003479398291084493,5.575265900904111e-07,1.2817826164851074e-06,2.739774936077359e-06,5.07864545398658e-06,1.4676823802623389e-05,-9.72465095675984e-06,5.777424688907926e-05,-8.271123570518234e-05,-2.6377637877718125e-07,4.3586842151177883e-07,1.1842662907491644e-06,2.4111465850396445e-06,-3.381988971214796e-07,-5.9527294510399e-07,-5.007191547272982e-06,-6.448330588550072e-06,-1.372357517751123e-07,-7.57051176864337e-07,-6.107949579314956e-07,-1.0569001893237709e-06,2.4920777803679927e-07,-2.407503196732264e-07,3.56469751763695e-06,4.717107222977391e-06,1.837526346623843e-07,5.258821923438819e-07,-1.4758055707662542e-06,1.499288060555587e-06,50mV,2,67,-1.02068779298278,0.013798548179463814,0.0011773719308851632,-1.3905297674235613e-05,2.982004175373357e-05,0.22179646022619806,0.018924956687012905,-0.003592714635652536,0.0077046103545782285
299355.5,0.0610982,0.013597650408123467,0.0011720925339233608,0.06109820993032,0.0,-1.4523771983912993e-05,2.2639760588785107e-05,-5.006901855000406e-05,0.00011177383133009659,0.0001449895312021435,-2.7483475295028257e-05,0.0006604813180370764,-0.00022366284341448074,6.229594575002856e-07,1.5280917806518457e-06,3.992377741916131e-06,7.480983185315795e-06,2.209788279735698e-05,-1.0424280922876177e-05,9.654856076652955e-05,-8.163093133297397e-05,-7.014869677460619e-07,-1.5574799923572773e-07,-1.7663445254081123e-06,2.2690991073962135e-06,9.118182778373224e-07,4.7500547917218917e-07,2.1890721295676107e-06,-2.655378771278293e-06,-8.20549866164367e-07,2.7743046957318193e-08,5.56344068473038e-07,-2.5032098799911814e-06,3.232855898275196e-08,-9.86032510728656e-07,-1.9775046132340333e-06,1.9698523058094023e-06,-9.498738230797524e-08,-3.8384000620459403e-07,-2.9280979070016798e-06,-5.342260885976898e-08,50mV,2,66,-2.5677176750024677,0.013597650408123467,0.0011720925339233608,-1.4523771983912993e-05,2.2639760588785107e-05,0.22255399010267288,0.01918374589468471,-0.0038906525585578728,0.006064777287708633
237832,0.0591563,0.013174368392781398,0.0012126384072661143,0.05915626832877939,-6.938893903907228e-18,-1.3738697555404351e-05,1.499473422037352e-05,-4.779824343538502e-05,7.299527995482365e-05,0.0001343512608795709,-6.945256089559642e-06,0.0006131270119024223,-0.00010170481269830615,1.0551619158394928e-06,2.184853676163058e-06,5.108954554083006e-06,7.13542972007263e-06,2.7662544323616027e-05,-4.585495234320823e-06,0.0001280848535675344,-5.053008401523969e-05,7.052798484118955e-08,-2.8793437098781325e-07,-5.149131775702804e-07,-3.6647435621876365e-06,1.1946096679693163e-06,-1.007280409820404e-06,1.7552448595496066e-06,-9.271984057216491e-06,-5.238159532188368e-07,-3.633872810286937e-07,1.6052422377723131e-06,8.747846245343694e-07,-4.730015796548004e-07,2.1818579342290612e-07,-5.294866095101779e-06,2.783750801207408e-06,-7.116528614484439e-07,5.384233591265391e-07,-1.2506721200213323e-06,-2.914095185292412e-07,50mV,2,65,1.1425063452257191,0.013174368392781398,0.0012126384072661143,-1.3738697555404351e-05,1.499473422037352e-05,0.2227045208389539,0.02049889963522547,-0.0039259432962231505,0.004284865872745436
188847.7,0.057074,0.012686738754624923,0.001308435320803234,0.05707396551563854,-6.938893903907228e-18,-7.556597906808512e-06,1.1928475900270446e-05,-2.4284640097897663e-05,6.089051952368619e-05,0.0001381850600291636,1.5761165055179394e-05,0.0006278582149909447,1.0397519598202078e-05,1.5343361455469292e-06,3.1921664213003133e-07,7.737173605159415e-06,2.0347942814169133e-06,2.912840690920348e-05,-2.9000865497982165e-06,0.00013151908574269918,-3.469577997960013e-05,3.346704952291072e-07,8.877369709324031e-07,1.9186704324828992e-06,1.43128587633538e-06,1.961014953196542e-06,-3.374894266568802e-07,5.565286701585099e-06,-4.769916965204039e-06,-3.114626552823863e-07,7.526296495734361e-07,1.5118495499825139e-06,1.068593634126651e-06,2.5370348273801603e-07,-4.339993582399265e-07,4.942657176465844e-07,-2.785190889261449e-06,-5.787231330042395e-07,3.8318777647057435e-07,-1.3124075712201114e-06,-1.0410501643298725e-06,50mV,2,64,-2.6048849975654638,0.012686738754624923,0.001308435320803234,-7.556597906808512e-06,1.1928475900270446e-05,0.22228591688006494,0.022925256883450963,-0.0023197982508515454,0.00366192006906176
150058.6,0.0548409,0.012126241033172851,0.0014554740434521204,0.05484091517468969,-3.469446951953614e-18,-9.366381485657427e-06,9.575942637993894e-06,-2.6739057745286254e-05,5.582812805350634e-05,0.00010596563873266587,4.024727450702431e-05,0.000487622057225137,0.0001373589611604925,-8.225511897118674e-08,3.5088678363518134e-07,2.645095037016015e-06,1.128651803281643e-06,2.3085398437452638e-05,2.0524614437791816e-06,0.00010675176228613804,-4.33421672218763e-06,4.114719864579399e-07,3.061531238957254e-07,2.9165629026898317e-06,-6.379593509633586e-07,1.8681306719225575e-06,-4.685558779777051e-07,5.867779589555168e-06,-2.63768398405266e-06,-2.588095663721557e-07,-1.492988902034697e-07,1.5018045550455408e-06,-1.717231025474067e-06,2.432380222831532e-07,1.4866154611210138e-07,-8.588874056771638e-07,5.840927650599553e-07,-1.0180328115209651e-07,-2.2285305529926252e-07,-6.504949507189619e-07,-1.3593568930327133e-06,50mV,2,63,1.3653233684457307,0.012126241033172851,0.0014554740434521204,-9.366381485657427e-06,9.575942637993894e-06,0.2211166789348071,0.026539929882932644,-0.0031143144088102816,0.0031839933256094435
119238.3,0.0533391,0.011686294186624804,0.0016663045140514541,0.05333906658323587,-8.673617379884035e-19,-1.0202431521185919e-05,6.450409192510543e-06,-2.913263741444766e-05,4.1422193039412354e-05,7.954636734516582e-05,5.390044071098428e-05,0.000376136734869641,0.00020889806071963841,1.0461482467247107e-06,8.772737560805496e-07,1.4642097631556235e-06,2.3990751149340005e-06,1.698573723232291e-05,6.565280323284562e-06,7.822557853147016e-05,2.0927647836849793e-05,-4.3544477894794195e-07,1.3728643492560146e-09,-2.1803001172991725e-06,-6.095011023925338e-07,1.4524582654926009e-06,1.1684409395691016e-06,5.912335022550518e-06,3.3423915028128736e-06,3.865832705071933e-07,-3.0012659760008273e-07,3.2545212842705792e-06,-4.6612588335773807e-07,3.245737423416615e-07,-3.9460983862516024e-07,1.6386085983316671e-06,-6.555807160405812e-07,3.009085599958211e-07,-2.768526674449127e-07,-7.683085124892306e-07,1.4316769425348263e-06,50mV,2,62,-0.10495244958101138,0.011686294186624804,0.0016663045140514541,-1.0202431521185919e-05,6.450409192510543e-06,0.2190944636871042,0.03123985140330827,-0.0035860213068656193,0.0022672345072163647
94746.09,0.0521515,0.01126320159811349,0.0019303283556369546,0.0521515407611156,-6.938893903907228e-18,-1.0831672306983778e-05,2.730111548512971e-06,-2.7037243771016016e-05,3.6836287054930205e-05,5.3008388897316766e-05,5.8607286506936465e-05,0.0002567780315408496,0.00024064912366582902,3.23424344785805e-07,3.0670424376020974e-07,5.205855770579317e-08,-8.401562057949618e-08,9.642287945580913e-06,1.0491270330384598e-05,4.739120672962647e-05,3.9768598910196965e-05,-9.195847266444478e-08,-7.032222123996763e-08,3.993110055962838e-07,-1.3717929062035076e-08,8.059934087807201e-07,1.4006999380060525e-06,6.3800952386171635e-06,4.991759075912604e-06,1.953191446046714e-07,-7.110772002227961e-07,-1.2237114876223614e-06,-1.811954974558334e-06,-1.7647953815059655e-07,-1.53465275439885e-07,2.026973713686048e-06,-1.7134793573073706e-06,-5.366260126361217e-07,-2.697084138012007e-07,-1.6309697916360143e-06,3.655778198008549e-07,50mV,2,61,-2.729301190474232,0.01126320159811349,0.0019303283556369546,-1.0831672306983778e-05,2.730111548512971e-06,0.21597063928955632,0.03701383175770363,-0.003982549892953289,0.001003797488248473
75292.97,0.0512553,0.010842735400908684,0.0022437242312794486,0.051255338159705115,0.0,-1.224608239375311e-05,-9.176893535127858e-07,-3.219795232841196e-05,3.0835370836380035e-05,2.762367310083313e-05,5.499895144014989e-05,0.00014741260080154857,0.0002303167915542571,1.7791212574184148e-07,-3.8437059469122603e-07,9.117133000537257e-07,3.828498250151641e-07,2.4234919019891608e-06,1.0601097539040144e-05,1.196667131953543e-05,4.6302974630784944e-05,8.309416243651588e-08,-4.464440088239363e-07,-2.3193070664661565e-06,-9.219156691213148e-07,4.3636143157516833e-07,1.5906642884497943e-06,4.525957304961629e-06,7.893920260252632e-06,-6.38367871908937e-07,-7.627015606884684e-07,-2.74015406414614e-06,-4.552840909519134e-07,3.100102313283055e-08,-5.892128556713708e-07,1.3216372047909336e-07,-3.548074692071797e-06,-2.9849442444082043e-07,-1.4644182487005524e-08,-1.0203744988661336e-06,4.243058321177873e-07,50mV,2,60,0.7726000616684296,0.010842735400908684,0.0022437242312794486,-1.224608239375311e-05,-9.176893535127858e-07,0.21154353458997968,0.04377542538668439,-0.004661427895832941,-0.00034931520257903303
59824.22,0.0507459,0.010428815966129129,0.0026085822903053964,0.05074589957415365,0.0,-1.4101177644121114e-05,-4.985587454034838e-06,-3.2261568254575165e-05,2.9280609449462462e-05,9.763459206461928e-06,4.5369613438426716e-05,6.95856841546169e-05,0.00019702518184225128,-7.713765223716022e-08,-4.90122977641316e-07,-4.246862491027344e-07,-1.313542987458456e-06,-5.126921313070845e-06,9.578082502351165e-06,-1.7599449433972852e-05,4.5791483255110485e-05,6.425002587186622e-07,-2.6429876566484847e-07,7.552483637400142e-07,9.091389015547044e-07,-5.022906352322705e-07,9.477465906504062e-07,1.3429510127461946e-06,5.80074789840755e-06,-2.9423483587543044e-07,-8.098666841133076e-08,-1.535408922058799e-06,-1.7083166738277372e-06,-1.3970789829554274e-07,-3.7958239225664353e-07,-7.811044561005516e-07,-2.6880641392907858e-06,-5.858299551147928e-07,-5.448558417641449e-09,-2.431142434758474e-07,-8.365702581725434e-07,50mV,2,59,0.6120356136967784,0.010428815966129129,0.0026085822903053964,-1.4101177644121114e-05,-4.985587454034838e-06,0.20551051520704197,0.05140478959277376,-0.005475874327973039,-0.001936040452677766
47519.53,0.05033,0.00993896051314094,0.003003215579057034,0.050330018750269365,3.469446951953614e-18,-1.622412391677282e-05,-1.1683354583534919e-05,-3.818149153277204e-05,2.4860742729047508e-05,-1.4649985411889977e-06,3.1096384800849715e-05,1.5266994936972137e-05,0.00014182740485598107,-5.218189278928386e-08,-9.196452346189049e-07,-7.082923115417417e-07,-4.6878586295675995e-06,-9.55603038037322e-06,7.00771970188344e-06,-4.38881995940959e-05,3.6873693983256296e-05,7.49970608392202e-07,-8.876746669386257e-07,2.419004031639884e-06,-1.1252719667376477e-06,6.42690109523333e-07,2.9287297233052664e-07,-2.6218782150326905e-06,5.215090282560972e-07,-9.720583976560566e-07,-2.0663974635237268e-07,-2.247984385528031e-06,-1.39981864104347e-06,-1.3651570540890726e-06,-6.251761469472929e-07,-4.868709167864641e-06,-8.683949328813073e-07,8.956809330354072e-08,-1.790928917579589e-07,1.3575099795105178e-06,-9.887679461890977e-07,50mV,2,58,0.746022969740707,0.00993896051314094,0.003003215579057034,-1.622412391677282e-05,-1.1683354583534919e-05,0.19747579595502826,0.059670464141064125,-0.006404822085736552,-0.004612255666683812
37792.97,0.0500035,0.009360480177055912,0.0034024059069599627,0.05000351415153302,-3.469446951953614e-18,-1.7222264534634292e-05,-2.0284067018398712e-05,-4.690713047534031e-05,2.102768806837883e-05,-4.009169019149436e-06,1.8551055007758787e-05,-1.9265407632868526e-06,8.656046037485323e-05,2.8655328690261275e-07,-9.581418018008632e-07,9.813284767533435e-07,-1.8100831911805086e-06,-1.1447608974944593e-05,2.7595617198523218e-06,-4.8914985402940045e-05,1.7696912390502344e-05,-8.483824070257226e-08,2.66333993955511e-07,8.454262845893918e-07,-3.2963894418596085e-06,-2.862252401298875e-07,-8.078874419277424e-07,-7.417747883777933e-07,-3.2835276168463555e-06,-8.384358937705124e-07,-2.808159865558022e-07,-4.21714926148006e-06,1.4876802040765715e-06,-6.817082803166265e-07,-2.757406271240176e-07,-3.5709439709068225e-06,9.321303391394447e-07,1.4200889884182658e-06,-2.3074593265930375e-07,3.7372423771003024e-07,-1.071373555665147e-06,50mV,2,57,1.4472497311568246,0.009360480177055912,0.0034024059069599627,-1.7222264534634292e-05,-2.0284067018398712e-05,0.18719644680750774,0.06804333584733967,-0.006887937569574561,-0.008112486427021637
29941.41,0.0498636,0.008683800505414285,0.0037930720742639958,0.04986357947605931,0.0,-1.4033199586917285e-05,-3.220424500384704e-05,-5.5762276646096065e-05,1.5771666290850616e-05,-4.767730032500402e-06,7.743607516425645e-06,-7.855766523059891e-06,4.435611538317973e-05,3.51872879816465e-07,-1.423814495539354e-07,3.3580700248113273e-06,-1.65865902362832e-06,-1.1700074048542505e-05,-1.0412358768708316e-07,-5.1625795445862046e-05,5.888373218647783e-06,6.043285064531187e-07,-6.955904198744152e-07,-1.1182729177262883e-06,-3.671187150710576e-06,-3.535653104659415e-07,2.1498027834715694e-07,1.4882342159434593e-06,1.0176176965238006e-07,-1.0847622909509495e-06,2.2626862719095558e-07,-5.687595628509556e-06,3.2600329453012613e-06,-1.5019789017453274e-06,-9.244066075152262e-08,-5.510251400296208e-06,-7.164006812778999e-07,-1.3000484595399828e-07,4.190307098249403e-07,-3.3407665480596585e-07,2.9520934083199546e-07,50mV,2,56,-1.222286999038541,0.008683800505414285,0.0037930720742639958,-1.4033199586917285e-05,-3.220424500384704e-05,0.17415116597442798,0.07606898891173948,-0.005644036314946797,-0.012952279854026139
23847.66,0.0497876,0.00791240958753151,0.0041092230594586285,0.04978756082318077,-6.938893903907228e-18,-6.394607265424136e-06,-4.6323926824129586e-05,-5.700378318394937e-05,3.2856821379773037e-06,-1.2453754800622457e-06,5.409161513709515e-08,9.305737036600395e-07,1.724760529160344e-05,5.185252545650044e-07,3.356104094674495e-07,9.724912112552e-07,-1.670195535317524e-06,-1.0215981179325216e-05,-9.470834541177415e-07,-4.4789781384046647e-05,4.077762217457186e-06,4.78163943845962e-07,-3.63014029003638e-07,5.093134566026308e-06,7.070514115663889e-07,2.111280594478954e-06,-9.772382005886252e-07,3.215967652546382e-06,-5.35494574234683e-06,-1.5190165373556178e-06,7.616679486473132e-07,-4.186763227023917e-06,4.135565003931404e-06,-9.303779201595511e-07,1.010956036557512e-06,-2.582382815286129e-06,3.0795396766911266e-06,3.519154848241597e-07,1.8633635079434618e-07,-1.3896238102920821e-07,1.3995603401522572e-06,50mV,2,55,2.4349391296262053,0.00791240958753151,0.0041092230594586285,-6.394607265424136e-06,-4.6323926824129586e-05,0.15892342297370676,0.08253513511241148,-0.0025797176605389534,-0.01868803621136774
18925.78,0.0496922,0.0070278193606418,0.0043103739034739295,0.049692204111699056,0.0,1.0577472574109123e-05,-5.9384461334731626e-05,-5.761390257258129e-05,-1.0300040431773775e-05,2.1727090094405363e-06,-4.5592798831958904e-06,1.4413237476065135e-05,3.223723820832782e-06,1.4354933593332515e-07,-2.8099201060589703e-07,2.2180296357444435e-06,-1.9136078235070046e-07,-9.622892706335485e-06,-4.905124527079811e-07,-4.435731851350249e-05,6.0008719951225595e-06,4.6797630943852366e-07,3.7393551250296403e-07,3.3461906387831565e-06,-9.495948880101576e-07,8.948511522807031e-07,-5.482759397734586e-07,6.211040911359048e-06,-1.3124011157178442e-06,-6.053295739462203e-07,8.977795123389404e-07,7.313483608372665e-07,4.458728715263351e-06,-2.449189923014271e-07,2.0950575551046688e-07,-8.600840392644153e-07,1.2497484062476048e-06,7.585153902420541e-07,5.546653934120242e-07,4.6983548783269604e-06,-8.372427087272124e-07,50mV,2,54,0.20102571948306072,0.0070278193606418,0.0043103739034739295,1.0577472574109123e-05,-5.9384461334731626e-05,0.14142700019593693,0.0867414513106521,0.004283565253443606,-0.024048960031394492
15058.59,0.0497118,0.006119989549633428,0.004368506674405136,0.04971177780207053,0.0,3.325527603159091e-05,-6.494959379194358e-05,-4.896402304224025e-05,-2.0518895410251904e-05,7.517269161554496e-06,-7.088098850169417e-06,2.3452043142886228e-05,-5.956568480990906e-06,1.80564295282914e-07,2.5822743869565125e-07,4.887249717291477e-07,-2.8410524124365374e-06,-8.455965748371608e-06,-6.11365729786055e-07,-3.7306928592989894e-05,3.5446200641196017e-06,8.120023708609236e-07,3.2017446141711796e-07,1.8992736777507436e-06,-1.3894314068170346e-06,1.8876927410107543e-06,1.214638821919996e-07,3.334691805683324e-06,-3.519825475988972e-06,-8.78184689204645e-07,2.0643169452402544e-07,-1.1959568514474523e-06,3.828300021828507e-06,-1.2864063729396546e-06,-7.180345412453558e-09,-9.451414380463011e-06,4.327946842879733e-06,-1.548888339067227e-07,-3.4733260842484273e-07,6.188603307652258e-07,-2.269150043388846e-06,50mV,2,53,-2.4775471223735637,0.006119989549633428,0.004368506674405136,3.325527603159091e-05,-6.494959379194358e-05,0.1231094485093737,0.08787669376457474,0.01345680525850395,-0.026281966038918178
11863.43,0.0496951,0.005182581905034419,0.004258150458841179,0.049695104619605794,0.0,6.028832589154643e-05,-6.061033189752301e-05,-4.0901312867819116e-05,-2.8902945410353135e-05,1.4232447143916217e-05,-8.007371378382189e-06,2.54189104961687e-05,-9.640775673876801e-06,-9.156563228293861e-08,-3.342431615129662e-07,2.27278629305883e-06,-8.903164827683265e-08,-8.821877907999619e-06,-9.560271955409554e-07,-4.027637666882187e-05,7.706254499284589e-06,7.300717392971372e-07,-2.2366060276320463e-07,1.1678034585020308e-06,5.5027020708103053e-08,1.6089303061484243e-06,-4.2610462710679194e-07,6.418688038302582e-06,-2.7323073914558887e-06,-1.6730519920318853e-06,2.944945340796364e-07,-5.677189587842204e-06,1.1820388601843896e-08,-7.422720090094616e-07,9.170706342240543e-07,-7.324176917004582e-06,2.3571826631952106e-06,7.013136979965276e-07,5.56453684917286e-07,2.030972850857454e-06,1.6791242839978207e-06,50mV,2,52,-1.085981712017752,0.005182581905034419,0.004258150458841179,6.028832589154643e-05,-6.061033189752301e-05,0.10428757409215271,0.08568551150934184,0.024412148657682507,-0.02454253639644155
9432.87,0.0497296,0.004364268504467691,0.004010595289971415,0.04972965438423944,0.0,8.187587573912894e-05,-4.416280733033644e-05,-2.5885607262492465e-05,-3.085022927737248e-05,2.2273587933759974e-05,-5.79506607477156e-06,3.3587891651067355e-05,-1.1038757703799436e-05,-8.008919487432712e-07,-2.4316305364458887e-07,1.799030168046105e-06,-1.4768218110155518e-06,-9.01330409813456e-06,-8.142612318484641e-07,-4.0661574945003034e-05,6.8590992252157666e-06,6.502868399484221e-07,1.1951776792095198e-07,2.5903581775508162e-06,-1.0038557649190645e-06,1.748807457083824e-06,3.813811629017876e-09,7.126946634509506e-06,-6.219198153654853e-07,-1.0661163218310194e-06,3.3481511060870114e-07,-4.490007381327747e-06,1.564153726359669e-06,-1.2912030088659266e-06,1.3906313207681076e-07,-6.130085800977565e-06,2.0874443823047717e-06,4.419611095922115e-07,-5.457829859793658e-07,3.144555995318992e-06,-6.343442222511253e-07,50mV,2,51,1.1652113112370253,0.004364268504467691,0.004010595289971415,8.187587573912894e-05,-4.416280733033644e-05,0.08775988006566231,0.08064796225976734,0.033107400028596475,-0.017857711022595243
7558.594,0.0500821,0.0036869661401921616,0.0037249126667534167,0.05008214043736757,0.0,9.61994230687333e-05,-2.3779766610944423e-05,-2.033287858168169e-05,-4.32731064738261e-05,2.9726099390403012e-05,-3.043750684145428e-07,3.703425130844645e-05,-2.019166708015853e-05,-1.2262222125522169e-06,-7.448622701378052e-07,1.362643489077976e-06,1.8023819029685927e-07,-9.052441506447293e-06,-1.0741932560096087e-06,-4.1570492266721266e-05,9.787180166056944e-06,6.155655185488137e-07,2.3131216119386263e-09,2.6789497159053625e-06,-9.631141008276637e-07,1.547432118334184e-06,-1.6561303871468534e-07,6.6172913706234425e-06,-2.304441689065659e-06,-1.2257825971801729e-06,9.522041741461305e-08,-5.506042704174869e-06,2.551784491559817e-06,-1.3830863551022975e-06,2.05984949346389e-07,-5.0407926731655535e-06,3.5699918561255652e-06,4.148970667083959e-07,-1.3287219906746216e-07,2.709386200240109e-06,-2.029493916860424e-06,50mV,2,50,-2.3207385782556638,0.0036869661401921616,0.0037249126667534167,9.61994230687333e-05,-2.3779766610944423e-05,0.07361838188212143,0.07437606768048922,0.0383536502934826,-0.00948073100194327
5960.648,0.0497405,0.003043463803463011,0.0032947319960307717,0.04974050035209226,0.0,9.59092510266544e-05,3.04282380934401e-06,-9.456518222744728e-06,-3.2793634538243803e-05,3.303862017592498e-05,1.2129261059257442e-05,4.231864405169126e-05,-1.8486629819448804e-05,-7.78571888052542e-07,-1.920639564852371e-06,1.9252830592317237e-06,-8.160335493607242e-07,-9.176341080055148e-06,-2.2189043141038266e-06,-4.072949380097641e-05,9.208990384709787e-06,5.152706911031782e-07,2.3161614362848912e-07,1.6793035091429117e-06,6.271370221686425e-08,1.5505568161115056e-06,1.3146872981115686e-07,8.542653294544965e-06,-1.4583938356373644e-06,-1.3422108884053363e-06,9.97951309297726e-08,-6.288433886056772e-06,2.457836176414228e-06,-1.8617072613458466e-06,1.3673072820925544e-07,-8.170328056916227e-06,2.324782298062149e-06,3.765373984144315e-07,-1.1349623208730968e-07,1.9095405825379203e-06,-1.7464976926686188e-06,50mV,2,49,2.3127659861634045,0.003043463803463011,0.0032947319960307717,9.59092510266544e-05,3.04282380934401e-06,0.06118683531366995,0.06623841683756171,0.038765036770309354,0.001229862350004298
4746.094,0.0498189,0.002572509761602549,0.0029037370821958326,0.04981887041810893,-1.734723475976807e-18,8.777330172098712e-05,2.3913611920299357e-05,-5.042589168990267e-06,-2.4163617201888927e-05,3.1083689460116075e-05,2.6007492775261368e-05,4.901153113594885e-05,-1.4464460210009521e-05,-3.175261319521881e-07,-2.7688244923775835e-06,3.826236134039003e-07,-2.043050595747595e-06,-8.712193701707705e-06,-3.700188411801604e-06,-4.2934919487119425e-05,7.2678609235526985e-06,5.112185751317091e-07,4.3974598222119676e-07,4.314996582330457e-06,-2.9832207905349957e-07,1.4727607731498287e-06,2.3452212631724321e-07,7.616149154959864e-06,-2.484971838408919e-06,-1.1542440331573587e-06,-1.3380824751384592e-07,-4.816328688632924e-06,1.6842740966311598e-06,-1.8030922944245356e-06,1.4073830887856304e-07,-9.231946697984727e-06,3.7599046293515085e-06,5.792407671316344e-07,-2.0108517742821776e-08,3.243589030847389e-06,-1.8000086327217291e-06,50mV,2,48,-0.3022295627628136,0.002572509761602549,0.0029037370821958326,8.777330172098712e-05,2.3913611920299357e-05,0.05163725592355971,0.058285887612986455,0.03536508309497258,0.009635126582689552
3761.574,0.0498828,0.002192529636389824,0.0025232961193139202,0.04988282647200763,-1.734723475976807e-18,7.414111415290914e-05,3.832321313597921e-05,-1.4860516237831942e-06,-1.6174176509996714e-05,2.3152112378242438e-05,3.8832437732612985e-05,5.163432479277403e-05,-9.804477800097379e-06,1.0489719116432613e-06,-2.726872128249277e-06,4.973359889608655e-08,3.5479214985676324e-08,-7.51897830306637e-06,-4.971358340994911e-06,-4.1201248057608966e-05,6.594424695136516e-06,4.824774230587767e-07,2.1540484087594424e-07,3.4581506203565867e-06,-1.0064291376907659e-06,1.4494232561721155e-06,1.1901045457248679e-07,7.450738817088571e-06,-2.3858422061516575e-06,-1.2952427262545104e-06,-4.063138195043891e-07,-5.724861917837024e-06,1.1012862197762776e-06,-1.6582436329732736e-06,-3.025210524917725e-08,-8.320412497422804e-06,2.325608913810751e-06,5.602598252204037e-07,-1.4832930090924072e-07,2.6913248541166137e-06,-2.314954878625102e-06,50mV,2,47,-1.7995270112697328,0.002192529636389824,0.0025232961193139202,7.414111415290914e-05,3.832321313597921e-05,0.04395359668763335,0.05058446559217929,0.029795933813628262,0.01540138606185757
2993.223,0.0499161,0.0018972516506914007,0.0021829387305362965,0.04991609301931092,-3.469446951953614e-18,5.895076798282525e-05,4.605959462710913e-05,-3.7211056201169997e-06,-9.313997699146962e-06,1.1139619286981103e-05,4.813604791828989e-05,5.0788581910258276e-05,-5.246396762569397e-06,2.312462963086929e-06,-2.431629128821348e-06,1.4191836151530286e-06,-1.225618215541898e-06,-6.446001599402338e-06,-5.689268453738639e-06,-4.3779567946937874e-05,7.184406464600252e-06,2.4788916706787675e-07,3.0318399504861956e-07,2.2609222084025278e-06,-4.871639025449869e-07,1.0954226048900637e-06,5.281054436115355e-07,5.397964667544511e-06,-1.4617783274117499e-06,-1.1009297767287373e-06,-1.2304814749798696e-07,-6.1308729932082225e-06,2.1334159753696763e-06,-1.3222767742831282e-06,-1.0520475502178512e-07,-6.295746635346384e-06,3.5989339427430174e-06,5.211445364554358e-07,7.691957367836096e-08,2.3075603500137504e-06,-1.2125745055224294e-06,50mV,2,46,-0.6949935627310273,0.0018972516506914007,0.0021829387305362965,5.895076798282525e-05,4.605959462710913e-05,0.03800881711550251,0.04373216328633309,0.023659648952258954,0.0184858293971377
2372.685,0.0499179,0.001658959755179009,0.0018773170751994889,0.04991789028429354,0.0,4.436733027909424e-05,4.795921107313307e-05,-4.005050994347352e-06,-6.0835877708380095e-06,-2.693192966691755e-06,5.271863453949291e-05,5.135146383119004e-05,-1.7063317120536484e-06,2.819001761983634e-06,-1.6080674023537619e-06,1.5485810798443681e-06,-1.6492400229118963e-06,-4.621537627882897e-06,-6.361004905183584e-06,-4.155511099975739e-05,5.940796847280242e-06,8.836268529686231e-08,2.487255376134846e-07,2.12401831397411e-06,-1.327559694218371e-06,1.1663426413742913e-06,3.825200873092149e-07,8.038651569870335e-06,-2.7472741072292826e-06,-8.70318744963287e-07,-3.5074708225159874e-07,-5.915578513966858e-06,2.78459037210254e-06,-1.4552925057444703e-06,-4.290967849632305e-07,-7.972819121107056e-06,1.243050010464569e-06,3.8423517718309695e-07,1.8908324474348077e-07,1.8177955433372748e-06,-2.0537916588873152e-07,50mV,2,45,-0.14476823295027771,0.001658959755179009,0.0018773170751994889,4.436733027909424e-05,4.795921107313307e-05,0.03323377141403337,0.03760810131413304,0.01780536382857454,0.019246846648577932
1886.433,0.0499663,0.0014698314884321118,0.0016195331043346434,0.049966331135915955,2.6020852139652106e-18,3.207089722038658e-05,4.6919979502640756e-05,-6.462323907672203e-06,-2.514818744133242e-06,-1.6319555619768785e-05,5.344321740364582e-05,4.77347449398201e-05,1.6815376355814264e-08,2.8201504650768224e-06,-1.0677265472020646e-06,4.990870577818531e-07,-5.543781846080912e-07,-3.34930692562825e-06,-6.119583626560708e-06,-4.2140969576659235e-05,6.81970923981684e-06,1.517059825509133e-07,2.3387455853036214e-07,2.334654633786584e-06,6.559824189502655e-07,8.616182120748891e-07,5.692016599220396e-07,5.9022341973017126e-06,-1.3330620134730105e-06,-8.791807047962493e-07,-2.398564867333568e-07,-5.671859385721405e-06,2.000775331944222e-06,-1.4371015001691833e-06,-1.3801426865460276e-07,-8.286081087167491e-06,2.585080269941626e-06,3.784066984640741e-07,2.148318698033381e-08,2.2913256996258165e-06,-9.599055030838553e-07,50mV,2,44,1.4140458869658314,0.0014698314884321118,0.0016195331043346434,3.207089722038658e-05,4.6919979502640756e-05,0.02941643812978681,0.03241248791970075,0.012845653005264943,0.018793293232904493
1506.696,0.0499675,0.001316096557166465,0.0014029194255133273,0.04996751494519491,-5.204170427930421e-18,2.1987153740165446e-05,4.3253835274608534e-05,-7.894382731196503e-06,-1.775061372296098e-06,-2.8745588593216718e-05,5.095239032937696e-05,4.533338761262667e-05,3.5596587472925656e-07,2.8456614276682934e-06,-3.684706357273951e-07,8.728803558019135e-07,-1.0166196633569854e-06,-1.8155389206567563e-06,-6.201138895667615e-06,-4.08163505841401e-05,7.194226054132372e-06,1.0071487570123316e-07,9.531265626083145e-08,2.0374743682105637e-06,-1.2927279110509957e-06,9.090320195574496e-07,5.558634300443978e-07,7.403491378664804e-06,-1.8707445135405774e-06,-5.826812834394144e-07,-8.400377371701449e-08,-5.239563587668698e-06,3.788098398303488e-06,-1.1766562515882408e-06,-3.866525181425901e-07,-6.187533898755728e-06,3.094765132349303e-06,2.6526556562600563e-07,-8.382131864822892e-08,1.7261627393999774e-06,-1.7553978943304188e-06,50mV,2,43,1.4070983166916615,0.001316096557166465,0.0014029194255133273,2.1987153740165446e-05,4.3253835274608534e-05,0.02633904364885823,0.028076629927505297,0.008806300705266876,0.017324037689719473
1185.994,0.0499743,0.0011778478293628246,0.001209371084599726,0.04997431410414228,8.673617379884035e-19,1.368546892607633e-05,3.8543597136422096e-05,-9.787980157441323e-06,2.661577452329199e-07,-3.922666167825327e-05,4.553260327868112e-05,4.4756558337641146e-05,-3.856314566896172e-06,2.4781399607040535e-06,1.0753052439813482e-07,1.1804705660989884e-06,-4.1682514069813155e-07,-6.333244082937122e-07,-4.841181783717695e-06,-3.92983704108849e-05,1.3781508537897304e-05,3.7244608767985535e-07,1.8517652291720571e-07,2.8900829887815833e-06,-4.544911040476335e-07,4.683595218316526e-07,2.703553219269194e-07,5.775286476324504e-06,-3.870396582373435e-06,-6.210507093343799e-07,-5.3298881519803524e-08,-4.87574485648824e-06,3.096541359849178e-06,-9.936358035776784e-07,-1.5500614101094455e-07,-6.242339619795538e-06,3.5368724635027544e-06,4.3733622056395996e-07,8.549950440191464e-08,3.066899552570223e-06,-1.2589086588778764e-06,50mV,2,42,-0.1033277964830373,0.0011778478293628246,0.001209371084599726,1.368546892607633e-05,3.8543597136422096e-05,0.023569064437948834,0.02419985359037641,0.005479816283889094,0.01543329149835584
948.6607,0.0499884,0.001066908093772689,0.0010571138938366223,0.04998841194733271,8.673617379884035e-19,8.04694515447833e-06,3.386957103202975e-05,-9.019237541310147e-06,2.3068484072631744e-06,-4.71295598615556e-05,3.990208606102784e-05,4.348548776153911e-05,-4.60425105990901e-06,2.2707810302694966e-06,3.01446648990579e-07,1.3164410179196834e-06,-1.4141054341868933e-06,7.677230396027318e-07,-4.892838658007361e-06,-3.6089704162087756e-05,1.3742057065782972e-05,2.2099706491368454e-07,-8.88211506994861e-09,3.82044816817912e-06,-8.640083488758505e-07,6.755291714137273e-07,2.496005978238769e-07,7.397750379593754e-06,-4.754725907364963e-06,-6.824528172327768e-07,-6.994245729389568e-08,-4.604987264966362e-06,3.3310139914502886e-06,-1.0521145501201558e-06,-6.43684456047675e-08,-4.848591061392821e-06,3.295329451804256e-06,3.642066762010456e-07,2.8408935595739953e-08,1.5327087705709267e-06,-1.5858605803831885e-06,50mV,2,41,-0.07892269761623334,0.001066908093772689,0.0010571138938366223,8.04694515447833e-06,3.386957103202975e-05,0.021343108376732846,0.021147178969205642,0.0032202705554123037,0.013554110314544782
752.3148,0.0499724,0.0009649972108952108,0.0009236388333829778,0.049972397107381564,-3.469446951953614e-18,3.546717484498964e-06,2.8666881831353855e-05,-1.0302288194887775e-05,4.850495148955989e-07,-5.3201475007430024e-05,3.3571511413205717e-05,4.151803870597919e-05,-6.146628533682493e-06,1.961283075920648e-06,4.595931245996965e-07,7.061214386263994e-07,-5.522577460767116e-08,1.0339557532064821e-06,-5.050081624729132e-06,-3.784412314037533e-05,1.3723740282786972e-05,1.3845412980964308e-07,2.365200888728836e-07,2.4221032108432082e-06,-1.674766562233719e-06,9.969110925357049e-07,3.0268619430377315e-07,7.83387147862076e-06,-4.337348575595214e-06,-5.029373765580123e-07,1.0963417835317966e-08,-4.266192975636042e-06,6.519291372122719e-06,-7.618058646245214e-07,-1.0850833073887768e-08,-4.627517671163339e-06,5.919698784518753e-06,6.224024879135949e-08,-5.5649562502335296e-08,-2.2942013290808523e-07,-2.865922297000626e-06,50mV,2,40,0.7743294832073087,0.0009649972108952108,0.0009236388333829778,3.546717484498964e-06,2.8666881831353855e-05,0.019310604788911924,0.01848298034209259,0.0014202546864556277,0.011479423846131813
599.564,0.0499905,0.0008764095119524995,0.0008140502161213633,0.04999053905668775,-1.0408340855860843e-17,-5.843646481010683e-09,2.4106055497583528e-05,-1.0850033727359106e-05,1.0829564748862213e-06,-5.7439218858435596e-05,2.7222552573595853e-05,4.119286723382837e-05,-7.133013489332675e-06,1.9142158467903346e-06,2.4330503291412505e-07,2.585229850232575e-06,-1.4449048243896835e-06,1.6929669278489978e-06,-4.478782656562513e-06,-3.5583817428765757e-05,1.77721741979325e-05,-7.729949486599955e-08,-5.1587612372278545e-08,1.2968499868310652e-06,-1.8027816393901083e-06,7.490013451536198e-07,5.337276271458033e-07,6.802713988106885e-06,-2.999381263264335e-06,-3.45869940801474e-07,-8.819953603635511e-08,-3.91160441895414e-06,4.6530311116377074e-06,-6.909040607289347e-07,8.869726304871852e-08,-2.9468537011202975e-06,6.910134021129755e-06,1.1188474816256459e-07,1.705536466660932e-07,-1.1300356442630451e-07,-1.1404037638755495e-06,50mV,2,39,2.122964851321752,0.0008764095119524995,0.0008140502161213633,-5.843646481010683e-09,2.4106055497583528e-05,0.01753150753102857,0.016284085578638297,-2.3383434260707013e-06,0.009646072291392955
474.0168,0.0499762,0.0007938272553117713,0.0007168695455599836,0.049976155160801145,0.0,-2.250109476175689e-06,2.0019572009629478e-05,-1.167734602515002e-05,2.4322656753007434e-06,-6.0716802970439156e-05,2.0323502894683265e-05,3.622438159259698e-05,-1.3014456158559279e-05,1.6791381815664404e-06,3.305450735579843e-07,1.5955724472377703e-06,-7.226153110388013e-07,2.6523606749110615e-06,-3.0376492839778204e-06,-3.0237920978535275e-05,2.783603069085855e-05,2.5270678194831757e-08,2.7338619140673027e-08,1.329212731651364e-06,-1.914918085616763e-06,2.3289638056838888e-07,1.2194796102520393e-08,4.356192613909461e-06,-5.88566203167882e-06,-3.915340857163679e-07,1.7348295247943897e-07,-2.6870409721269938e-06,6.3004299459294005e-06,-4.110742612831519e-07,3.3168652520394475e-07,-1.423587167259563e-06,7.799258304146108e-06,1.70689700070401e-07,-1.3992156522958003e-07,4.680625074051087e-07,-2.5490291424853835e-06,50mV,2,38,-0.09600629959266849,0.0007938272553117713,0.0007168695455599836,-2.250109476175689e-06,2.0019572009629478e-05,0.01588412019207133,0.014344231629132226,-0.0009009028609315571,0.00801547208660895
377.1552,0.0499885,0.0007198659711654083,0.0006374483861581292,0.049988500800881235,-8.673617379884035e-19,-3.901798235962869e-06,1.6412379400215503e-05,-1.0618359207929542e-05,2.824070553153802e-06,-6.22923647225609e-05,1.4017110764892943e-05,3.4822619802302994e-05,-1.861868692704881e-05,1.5536154604062787e-06,2.3829302396129484e-07,7.914845300670794e-07,-8.928989335171313e-07,3.317399409465375e-06,-2.4039153617477807e-06,-2.460923244556672e-05,3.137378245929789e-05,-3.54423887713305e-08,-4.109986303611542e-09,8.352471444993092e-07,-3.446550429611578e-06,4.1917032460792184e-08,-4.022684107398761e-08,9.495785810370987e-07,-6.846681091851271e-06,-3.3385792856872217e-07,2.3410102609405377e-07,-9.733270936042563e-07,6.410960927457533e-06,-2.6914739951547793e-07,4.106079087774865e-07,7.970128144918783e-07,7.462874925227967e-06,8.142405882258928e-08,-1.624321866972527e-07,-7.380545649610712e-07,-2.5128143581234196e-06,50mV,2,37,0.15094803160625722,0.0007198659711654083,0.0006374483861581292,-3.901798235962869e-06,1.6412379400215503e-05,0.014400631337851964,0.012751900456012311,-0.0015614374229901509,0.006567972469618238
298.2954,0.0499891,0.0006504173736291155,0.0005673573112488691,0.049989048841157,1.0408340855860843e-17,-5.032951495804205e-06,1.321487346463048e-05,-1.0342372367690248e-05,3.7929753404204014e-06,-6.265141397533796e-05,8.138744818635093e-06,3.1573229634627405e-05,-2.3249300876367597e-05,1.5710677738252887e-06,2.0215560405752534e-07,1.4253029624786019e-06,-1.3394659955348501e-06,4.020477332536721e-06,-1.8138024837889713e-06,-1.6162890746662653e-05,3.734599113393431e-05,-8.040754233106576e-08,1.5815983848788504e-08,-6.068514930753728e-07,-2.185240975148267e-06,-1.4139644495595143e-07,-1.2438000840864113e-07,-1.2876988910573033e-06,-8.287175461072995e-06,-7.05033554517033e-08,3.22549151193757e-07,2.069922518704274e-06,5.9194645584832325e-06,-2.0158785684178994e-08,4.2044190106005007e-07,4.531290395874359e-06,5.763997706044654e-06,-2.5501504958318558e-08,-2.027077362961156e-07,-3.1131251478930943e-06,-2.349305843513803e-06,50mV,2,36,-2.092944806801786,0.0006504173736291155,0.0005673573112488691,-5.032951495804205e-06,1.321487346463048e-05,0.013011197226333576,0.011349632057446794,-0.002014062754550564,0.005288265637648073
236.7424,0.04994,0.0005873422199113847,0.0005069694061733396,0.04993995612625071,-1.734723475976807e-18,-5.7023965482384385e-06,1.0407151930377056e-05,-9.877356436071702e-06,4.611824189743536e-06,-6.189241660336229e-05,2.9129264128809433e-06,2.646455751191163e-05,-2.737581021641848e-05,1.5163120778026546e-06,1.4278160374091677e-07,-7.988914135821486e-08,-2.2595531893978614e-06,4.671055967751078e-06,-1.076577609493173e-06,-3.8106637414326817e-06,3.966593061208052e-05,-4.15632399742957e-08,-3.8035205499181446e-09,-9.456603595937633e-09,-3.3946609798680363e-06,-3.3212892845852845e-07,-9.595520836285522e-08,-3.878894624963655e-06,-5.943673535929553e-06,1.756477555443651e-08,2.663470489179558e-07,4.7457394218363424e-06,3.418457313823694e-06,1.749748020586719e-07,3.41066817072858e-07,7.2996073259298835e-06,3.5415311790677377e-06,-8.716753571643377e-08,-7.89082949820732e-08,-2.249017662777841e-06,-5.876395179159859e-07,50mV,2,35,-0.2570411628941309,0.0005873422199113847,0.0005069694061733396,-5.7023965482384385e-06,1.0407151930377056e-05,0.011760967879638382,0.010151578925934485,-0.002286446806931488,0.004172876982364944
189.0121,0.0499021,0.0005310455050956954,0.0004557158250312553,0.0499021085079497,1.734723475976807e-18,-6.045673629638499e-06,8.143669808617262e-06,-9.050828029582244e-06,6.870247035198303e-06,-6.044452194828049e-05,-1.6799664269832858e-06,2.0162736602590837e-05,-3.3814193002312935e-05,1.4809257122237213e-06,5.191499142009795e-08,4.0657391916929695e-07,-1.3112320030008083e-06,5.3453486911863015e-06,-5.669629182711645e-07,1.2458336023180059e-05,3.8165709585853866e-05,-1.7366306561499622e-07,4.273130453209338e-08,-1.942261196248253e-06,-2.407953335614125e-06,-5.796151811100993e-07,-1.608652183566308e-07,-5.552647028273859e-06,-4.080001590851969e-06,1.6404287661049366e-07,1.7706755756919173e-07,6.739849806628096e-06,2.572641405277138e-07,3.243263713073259e-07,1.3637052665029004e-07,6.820088922616452e-06,-2.9859120105706387e-06,-1.1309987219567807e-07,-2.3268325926899414e-10,-1.8805277064831264e-06,2.487156180744373e-06,50mV,2,34,-0.3335001177130578,0.0005310455050956954,0.0004557158250312553,-6.045673629638499e-06,8.143669808617262e-06,0.010641744827497553,0.009132195786048942,-0.002427766453207591,0.003270260615861706
149.6011,0.0497697,0.0004769572582684877,0.00040818009581821264,0.04976970028821016,-1.734723475976807e-18,-6.132991683127319e-06,6.218513612580372e-06,-8.108100015294196e-06,7.1457875574225135e-06,-5.826815823545156e-05,-5.588651111741527e-06,8.759441822150767e-06,-3.753671843305124e-05,1.4768952032871036e-06,9.531962243745862e-08,-9.72227090676939e-07,-5.697352349143338e-07,6.259904646708289e-06,-2.1989114329872137e-07,3.0543908114078674e-05,2.811910668498018e-05,-2.0890923973866906e-07,4.5598398232202684e-08,-2.3733602174404394e-06,-1.145679462697642e-06,-7.580218982940546e-07,1.572597654771883e-07,-6.771170787902112e-06,2.108566354010285e-06,2.417606884485202e-07,-1.1030827048441744e-08,3.922879578160002e-06,-4.3369945492389435e-06,2.0539565728645775e-07,-1.9567648017281273e-07,2.4441764563688638e-06,-7.543806019684768e-06,-1.3383930916787017e-07,1.1660289489025437e-07,3.2246873732459433e-07,3.3560542449562566e-06,50mV,2,33,-1.4602085175804873,0.0004769572582684877,0.00040818009581821264,-6.132991683127319e-06,6.218513612580372e-06,0.0095832857241753,0.008201377413456227,-0.002475952592199386,0.0025104786854764603
119.1737,0.0494748,0.0004280342265449427,0.00036616139577270735,0.04947477654771705,0.0,-6.05904397320372e-06,4.506888612854141e-06,-6.729520759743134e-06,8.130763463804765e-06,-5.506079411739556e-05,-8.846914034247016e-06,-5.419451644790313e-06,-3.9949363737241234e-05,1.4386673322230189e-06,6.183593580792388e-08,-4.144658637898628e-07,-1.582336690149652e-06,6.491638736268566e-06,1.8780198130937075e-07,4.028333826755939e-05,2.8995879731374638e-06,-1.671606496832742e-07,1.0818903868786549e-07,-8.603264975051894e-07,1.2723533518760997e-06,-9.003736358647955e-07,3.495712449235628e-07,-2.8899918142141803e-06,7.464253634727364e-06,8.534588012194411e-08,-1.4687996711280948e-07,-1.966104611860421e-06,-6.374134460922855e-06,3.67957972223063e-08,-2.526565292764043e-07,-6.195437021784273e-06,-4.2267908096519205e-06,7.092216532540372e-08,9.496322592686906e-08,3.212427077405051e-06,-2.5953814360193146e-08,50mV,2,32,2.407753376785564,0.0004280342265449427,0.00036616139577270735,-6.05904397320372e-06,4.506888612854141e-06,0.00865156462368487,0.0074009711882084975,-0.0024753489015309385,0.001841234661192266
94.69697,0.0503582,0.00018995504317975,0.00012097799884428725,0.025179111274379683,-1.260385025514399e-18,-2.993027740815281e-06,-2.874842243294497e-07,4.2919695214232564e-07,1.2129097784180116e-07,-2.626274451066832e-05,-6.320666517880211e-06,-1.9715720934445096e-07,-4.1029145022942514e-07,6.964105260193168e-07,5.77625598177432e-08,-8.221159164884135e-07,-3.1655028418136064e-08,3.1753593725626727e-06,-4.014500059937014e-08,8.846177488822914e-07,4.2151617694560895e-08,-7.83092845188805e-08,-1.5437901272524953e-08,5.049141520427773e-07,6.201246022949499e-08,-2.8414462336672015e-07,1.0656746423642551e-07,-1.9122757969979517e-07,-1.5781542665962836e-07,-8.903893038963152e-09,-1.465735679248771e-08,-4.359737933005702e-08,-2.6179553534843095e-07,-2.0448544527259247e-09,-3.642358896346832e-08,4.0571526669156454e-07,-8.7776754611401e-08,2.0489426920846312e-08,-4.549628287641907e-08,5.985676224449861e-07,-3.503050327301575e-07,50mV,2,31,1.5708357911322275,0.00018995504317975,0.00012097799884428725,-2.993027740815281e-06,-2.874842243294497e-07,0.007544152019894109,0.004804696938107785,-0.004720955946793963,-0.0004534539857247947
75,0.0499988,0.00016884719888220304,0.00010905244513193144,0.024999406800276347,1.861778418064952e-18,-2.8263047165563182e-06,-4.764154122032607e-07,-4.382382973540045e-07,-3.2347987491562314e-07,-2.4001454185615152e-05,-6.578338528544221e-06,-8.422243051101685e-07,-1.9583487046543678e-07,6.977572976264563e-07,6.174776574236875e-08,-4.66253833100989e-07,5.891502078789838e-08,2.9875807780286246e-06,1.1862592231996009e-07,9.092917686226285e-07,-3.065212310163677e-07,-8.729425084997969e-08,7.993909342064248e-09,5.168057964876474e-07,2.5747451854939364e-07,-3.0335010535374614e-07,6.89159069522871e-08,-3.67922902113159e-07,3.577742940764646e-07,1.2989369906223957e-08,-4.1739758558181e-09,-2.350980001765829e-07,-4.1091921447606977e-07,-6.293175548803847e-09,-4.138330107179853e-08,4.3101719224243484e-07,-5.123790416237584e-07,1.3852982353477428e-08,-3.995673344958569e-08,6.300464406719435e-08,-2.0742723110342067e-07,50mV,2,30,1.5707047542937738,0.00016884719888220304,0.00010905244513193144,-2.8263047165563182e-06,-4.764154122032607e-07,0.006754048215269515,0.004362201311541758,-0.004522302154215027,-0.0007623008348275926
54.50581,0.0499986,0.00029395468332982753,0.0002077838763605443,0.049998614532042886,4.1928130889087867e-20,-5.263465772731899e-06,-1.2354842060270519e-06,-3.443594489080392e-08,1.3142969217563223e-07,-4.465926446500818e-05,-1.580821292036114e-05,4.072223788508794e-07,-1.5191448986650661e-06,1.3434827954361674e-06,2.0574229492792475e-07,-1.0374242079288476e-07,1.4264512553875006e-07,5.965022691983988e-06,7.041079391402219e-07,4.6005540178345355e-08,2.3690417842473845e-07,-1.985331744834674e-07,-1.4968286454151605e-08,4.97868982409523e-07,4.254650417337774e-08,-5.768103105662426e-07,9.107317262975047e-08,3.216002668339364e-07,3.1395691023431314e-07,8.206186352929978e-09,7.69842292152667e-09,-4.891938770846448e-07,5.958292968924854e-07,4.007239884269584e-08,-4.265479165694864e-08,3.0885755427612686e-07,-3.5897410780632094e-08,-9.506685615863191e-09,-7.146710887271296e-08,6.960988244555624e-07,-4.493817942856961e-07,50mV,2,29,1.5708207447525429,0.00029395468332982753,0.0002077838763605443,-5.263465772731899e-06,-1.2354842060270519e-06,0.005879256577028534,0.004155792681562821,-0.0021055029917532836,-0.0004942210711296649
45.95588,0.0499953,0.0002735270553880266,0.00023947571148839834,0.04999534783901125,-3.903127820947816e-18,-4.973844140264764e-06,3.8387450780388954e-07,-3.904475945700746e-08,-2.4636730424215085e-07,-4.2872366508018933e-05,-1.5478203142536518e-05,-6.090090310025211e-07,7.181564707394302e-07,1.333227444207114e-06,3.2962676467691706e-07,1.2250841796066123e-07,-1.1792938570125421e-07,5.889201637424189e-06,7.180458900177525e-07,1.2079056456935836e-06,1.1300676302159012e-09,-1.9690704352091836e-07,-3.682326642827317e-09,4.603386253250584e-07,-3.4191243293669435e-07,-6.071341795904309e-07,1.3546577031922643e-07,1.0551351833841207e-06,-7.853469076380933e-07,4.046300080629408e-09,1.4007716154412757e-08,1.181227596534279e-07,-5.485833660035761e-07,2.2066378823866168e-08,-5.436441696747134e-08,1.95773668626029e-07,-2.0013333252739466e-07,1.641471754470295e-08,-2.2288908408818492e-08,-6.899684814544229e-07,-2.0835565003440655e-07,50mV,2,28,1.621193516395121,0.0002735270553880266,0.00023947571148839834,-4.973844140264764e-06,3.8387450780388954e-07,0.005471050151882214,0.004789959903059942,-0.0019899079337616175,0.00015357838064606748
37.5,0.0500007,0.0002477018483711909,0.00021783890297574762,0.050000721825181525,-4.119968255444917e-18,-4.660138334585738e-06,-8.139806614138865e-08,-9.788763413872009e-08,1.4620074063263277e-07,-3.986780774375675e-05,-1.607363402092041e-05,-1.916382336540995e-06,1.1929744208109835e-06,1.295117314189341e-06,3.587982061714916e-07,-1.8254160917283766e-07,-1.0817008539698711e-06,5.6710197056089974e-06,9.766540415387707e-07,-9.801472463496006e-09,-2.45178702419853e-07,-2.0473422188907947e-07,-1.6375136604128528e-08,-5.8579340139073e-07,-6.569728077471021e-07,-6.278326542993083e-07,7.872671855758852e-08,-3.1471259343590515e-08,3.2676331697462814e-08,1.132735772968573e-08,1.6639019429342218e-08,8.203434586157967e-09,-9.219857094150872e-07,3.025199909931201e-08,-4.832743485069611e-08,-1.0190882976054514e-06,8.570509938610795e-07,1.4968955824568597e-08,-1.755801772377784e-08,5.705970375732692e-07,-2.742461464194438e-07,50mV,2,27,1.6073295263964662,0.0002477018483711909,0.00021783890297574762,-4.660138334585738e-06,-8.139806614138865e-08,0.004953965449483622,0.004356715163780674,-0.001864001514116562,-3.2558286394130744e-05
30.04808,0.05,0.00022208118000922154,0.00019590474089028543,0.05000001557677887,-4.9873299934333204e-18,-4.33215597300858e-06,-5.360062330514756e-07,2.6127204696106753e-07,-1.2636114382100507e-07,-3.6627278360773776e-05,-1.6370789077174804e-05,-1.4650030958999895e-06,1.7284184195966727e-07,1.238106390613018e-06,4.05425854349804e-07,-6.209121593146174e-07,1.8044261745938407e-07,5.386875710084284e-06,1.2226370408119142e-06,3.295886171123026e-07,4.215365585208153e-07,-2.0583740807680777e-07,-3.848641810750717e-08,-4.852289041500338e-07,-1.2826625669057397e-07,-6.213040861797685e-07,3.7206273027997873e-08,3.926938908791969e-07,9.741114329911707e-08,1.6253249954377972e-08,2.5383142375380897e-08,1.937998585683947e-07,2.4170782078368876e-08,3.424332341249595e-08,-4.146869252423184e-08,-1.4416577148400681e-07,-5.839648508384366e-07,1.1145290740798626e-08,-2.8151786134947298e-08,-3.786221502809284e-07,3.171052479430999e-07,50mV,2,26,1.5951666917912668,0.00022208118000922154,0.00019590474089028543,-4.33215597300858e-06,-5.360062330514756e-07,0.004441622216461089,0.003918093597180159,-0.0017328613095073664,-0.00021440235963264393
23.91582,0.0499997,0.00019823767795259487,0.00017809748439937922,0.049999749692580205,1.0842021724855044e-18,-3.990828207026344e-06,-7.43120621177053e-07,3.6077223260534974e-08,4.537733508735469e-08,-3.342553608298374e-05,-1.625338482526155e-05,-8.873145645839896e-07,-1.4014512516142706e-08,1.1681006794002374e-06,4.3101454829481604e-07,8.947703917082281e-08,-6.505903198674958e-07,5.070421394949539e-06,1.4050709653468159e-06,6.709630422218418e-07,-4.832821041056688e-07,-2.091542796935169e-07,-5.044429934777554e-08,-1.3456304231992657e-07,2.8194035515628744e-07,-6.144611741412175e-07,-8.856078673264762e-09,2.5846378710851336e-07,7.067216015367864e-07,1.8253576073980506e-08,2.372743801280069e-08,-3.575712079692828e-08,1.2037805463973982e-07,3.984040110142911e-08,-3.196952762139759e-08,-1.3735477968664214e-07,-1.3889770174354503e-07,6.986110466455217e-09,-2.6905974489939574e-08,2.3914740335929314e-07,4.999019659534226e-08,50mV,2,25,1.585235446750087,0.00019823767795259487,0.00017809748439937922,-3.990828207026344e-06,-7.43120621177053e-07,0.003964773407295931,0.00356196751972557,-0.0015963472658731394,-0.0002972512246308543
18.8253,0.0499996,0.00017598155319311008,0.0001596794989355887,0.04999961931620832,2.439454888092385e-18,-3.6357512229944314e-06,-9.451111358614789e-07,2.555080600568127e-07,-4.415516395815407e-07,-3.0270465738533175e-05,-1.5955197210777096e-05,-1.4595436144041143e-06,1.674670594937056e-07,1.09198016023138e-06,4.461045987545915e-07,-2.8189082939340057e-07,1.1425848814413193e-07,4.725264424676435e-06,1.5494867924613895e-06,-2.4048012768180534e-09,-2.792314340441209e-07,-2.079843060266261e-07,-5.989292460044553e-08,-4.1743391315526035e-07,-6.368985523465192e-08,-6.019739139022127e-07,-5.562355126989078e-08,-1.7828345304961573e-07,5.399379593828685e-07,2.510799150343575e-08,2.6113376274945278e-08,2.5337934997785976e-07,-8.483968476579761e-07,4.214689167343709e-08,-2.5766128169515147e-08,-4.2923857611347353e-07,-8.540649354531455e-08,1.8898014796159808e-09,-2.505941392043606e-08,-1.84957566210911e-07,3.017273844263432e-07,50mV,2,24,1.5769593344661954,0.00017598155319311008,0.0001596794989355887,-3.6357512229944314e-06,-9.451111358614789e-07,0.0035196578613962038,0.0031936142938557453,-0.001454322634595663,-0.0003780502110261878
15.02404,0.0500004,0.0001572626215864589,0.00014367778335950185,0.050000404497654846,8.326333871509772e-19,-3.3224443460674203e-06,-1.0789891432219714e-06,8.518673164611729e-08,2.477947179328876e-07,-2.74831109010188e-05,-1.5495479020834246e-05,-9.832284682136519e-07,-7.933334969579714e-08,1.0186171617541308e-06,4.5677307844368526e-07,-8.104536007586751e-07,1.3663135112995675e-07,4.391253505353318e-06,1.6469441029630303e-06,3.3267204612467524e-07,3.627317002065765e-07,-2.0199768950464343e-07,-6.777542179712967e-08,-6.979363664941538e-07,-1.8219402251232173e-07,-5.797315731419179e-07,-9.194497413042218e-08,2.3636289810931232e-08,4.186546420861698e-08,2.6639002725686658e-08,2.5209270959053185e-08,8.394252948004597e-08,2.5666567160256023e-07,4.6403405300207524e-08,-1.2373488239167958e-08,4.404656732684995e-07,5.996823954692268e-08,3.669408552923429e-10,-2.2779932746079174e-08,-5.3341144642236376e-08,-2.5861601951620203e-07,50mV,2,23,1.570728069445571,0.0001572626215864589,0.00014367778335950185,-3.3224443460674203e-06,-1.0789891432219714e-06,0.003145226986990374,0.002873532420447533,-0.001328956235952758,-0.0004315886741962793
11.95791,0.0499995,0.00014029071693589878,0.0001292202479759765,0.04999954022290862,-1.3552527156068805e-18,-3.0181480649270515e-06,-1.156168613002758e-06,-6.479125700801431e-07,5.0617809778801855e-08,-2.485220296672651e-05,-1.4871940373866259e-05,-4.552365419897543e-07,2.7574533852929145e-07,9.453658718908789e-07,4.5905233403437447e-07,-1.262599549567649e-07,-5.596888716195564e-08,4.053764333230318e-06,1.700142199982404e-06,5.81654764804921e-07,6.245261377879864e-07,-1.9431905718747187e-07,-7.29861815689339e-08,2.3002412282545914e-08,3.412575790229775e-07,-5.529728492480253e-07,-1.1869043542681073e-07,6.258864801309673e-07,-2.1846485471314355e-07,2.9209637710574164e-08,2.5005431924021952e-08,2.5528350896747273e-07,6.770814219028505e-08,5.115599480566455e-08,-5.6020246845244275e-09,3.672670455302112e-07,1.539674912929399e-07,-2.2127487423985847e-09,-2.172052069773542e-08,-1.003385556959711e-07,-1.912470027344522e-07,50mV,2,22,1.5657428097186274,0.00014029071693589878,0.0001292202479759765,-3.0181480649270515e-06,-1.156168613002758e-06,0.002805840139938344,0.002584428724741969,-0.0012072814290824932,-0.00046247595059589324
9.52744,0.0499999,0.00012518916952044529,0.00011621124301458143,0.049999910651198604,-3.415236843329339e-18,-2.7376461338720007e-06,-1.1927702512463104e-06,-2.535738849254799e-07,-1.4953057747880755e-07,-2.243305526222579e-05,-1.4145975743880489e-05,-6.983828666941529e-07,1.688853329118739e-07,8.686838825387329e-07,4.5373531053509683e-07,-4.96151794156794e-07,9.869065455809001e-08,3.7238149904268963e-06,1.719092299176388e-06,6.256450392930668e-07,2.37225984885283e-09,-1.847535117772738e-07,-7.638200334771965e-08,-3.832799679884676e-07,-1.2605938750323944e-08,-5.231240974687982e-07,-1.4317856370664234e-07,8.764410630902719e-08,3.1870890287523524e-07,2.856139667946698e-08,2.3304387526435724e-08,-1.4687227766144791e-07,-4.352797083356203e-07,4.958225655900001e-08,-1.1847177474460486e-09,-2.2370046363974012e-07,-2.0043104394476702e-07,-2.7798793122974794e-09,-1.865808425854175e-08,-3.750722573823297e-07,-3.0017938220005585e-07,50mV,2,21,1.5617955374471508,0.00012518916952044529,0.00011621124301458143,-2.7376461338720007e-06,-1.1927702512463104e-06,0.0025037878646177987,0.0023242290136331594,-0.0010950623672457021,-0.0004771098056645716
7.524077,0.0500001,0.00011121224822734915,0.00010391572714994247,0.0500000928520381,3.469446951953614e-18,-2.4663824345705676e-06,-1.1993634057365123e-06,-3.174459131566933e-07,1.5234852124470268e-07,-2.0126470794070717e-05,-1.3328563611497339e-05,-1.3591825901590861e-06,7.930236383821153e-08,7.936099825436182e-07,4.4265653709088976e-07,-4.2748175585446214e-07,6.341488606702928e-08,3.394798055502921e-06,1.7086391441300851e-06,5.379907229798712e-07,5.8779752205905e-08,-1.7312408349149684e-07,-8.028739796104499e-08,-2.3148019363136906e-07,2.258873019699141e-07,-4.913245377196681e-07,-1.6132871629797444e-07,1.2422228070336837e-07,-1.9220478728506202e-07,2.9532967354487775e-08,2.463062998872727e-08,2.901626541186596e-08,-3.8894084126745597e-07,5.0884742901002584e-08,5.590761863111819e-09,2.755835370562605e-07,-1.407489042634943e-07,-3.1977221041681063e-09,-1.6601371983138724e-08,-2.7221847724007438e-08,-3.239284561605314e-08,50mV,2,20,1.558523717186812,0.00011121224822734915,0.00010391572714994247,-2.4663824345705676e-06,-1.1993634057365123e-06,0.00222424083404109,0.0020783106834911936,-0.000986549309700261,-0.0004797435804861817
5.98659,0.0500007,9.916026525436263e-05,9.321194567573999e-05,0.050000683305757465,5.421010862427522e-18,-2.224593251676173e-06,-1.1810451836932218e-06,-1.3275949086630086e-07,2.0378457266131206e-08,-1.8087924350209098e-05,-1.2494223148554635e-05,-1.0508358889476934e-06,-3.827940176111796e-08,7.23115214197192e-07,4.2885878697562275e-07,-1.6256846706017124e-07,1.1830528936331983e-07,3.0896801830013295e-06,1.6734927627346109e-06,2.420800915313697e-07,-2.602971926128619e-07,-1.605058265039062e-07,-8.11025564325037e-08,-3.0280939772248536e-07,-1.0905270613191427e-08,-4.5609500047826205e-07,-1.7286150371409385e-07,4.183631848955449e-07,1.0140182510567408e-07,2.788231610702376e-08,2.319132441438411e-08,-2.3761624490336842e-08,-2.095409172364839e-07,4.858082170736169e-08,7.855955711961655e-09,-1.8334348455002117e-07,1.628189513169846e-11,-3.6351582942793462e-09,-1.5523974561730376e-08,-2.4422396443303956e-08,-2.6550310109968716e-07,50mV,2,19,1.5560169949655984,9.916026525436263e-05,9.321194567573999e-05,-2.224593251676173e-06,-1.1810451836932218e-06,0.001983178202745573,0.0018642134369593073,-0.0008898129799309953,-0.0004724051615023925
4.76372,0.0500002,8.842118798313192e-05,8.356618205634331e-05,0.05000017751082099,-2.8189256484623115e-18,-2.002795230829378e-06,-1.1432910766831644e-06,4.744263687954009e-08,3.319233403039392e-07,-1.6235397824819693e-05,-1.164327809736814e-05,-8.337358915050233e-07,9.836417389398422e-08,6.569930229004151e-07,4.099355795160451e-07,-1.5613743821009574e-07,-3.114813382366337e-08,2.8026606240717066e-06,1.6193616630664206e-06,1.9905402681301173e-07,1.7146059749299464e-07,-1.4981947507464192e-07,-8.088698103990144e-08,-1.6118993030683563e-07,-2.0534879529703978e-07,-4.2198554872489263e-07,-1.8104815332058386e-07,1.6187970601672253e-07,2.2698761234164072e-08,2.6679562191860414e-08,2.1690489222406147e-08,-1.1226167890580544e-07,1.5231377305021634e-08,4.885397944028422e-08,1.2971237350766963e-08,-2.3873846086823593e-07,2.2226104343426106e-07,-4.0463822586322945e-09,-1.266811645500305e-08,-1.4190473888883368e-07,2.722277215326969e-08,50mV,2,18,1.5540247287012185,8.842118798313192e-05,8.356618205634331e-05,-2.002795230829378e-06,-1.1432910766831644e-06,0.001768417481397859,0.0016713177075872983,-0.000801112404076832,-0.00045731318354595544
3.76506,0.0499994,7.858052151207357e-05,7.462251136464859e-05,0.049999380721273634,4.119968255444917e-18,-1.7948660450274737e-06,-1.0936836236721683e-06,-8.737621424035568e-08,1.0211171102916997e-07,-1.4507843327527013e-05,-1.0771498490824581e-05,-6.784614439783122e-07,3.708186775771698e-08,5.923540109462974e-07,3.892846877434777e-07,-4.5466431487712676e-07,2.018583601309754e-07,2.5284338045083193e-06,1.5486136176737527e-06,5.603448026834962e-07,-1.801833912589848e-08,-1.3754775289803048e-07,-7.992312636332e-08,-3.876319137073883e-07,1.3362585341255484e-07,-3.872689492164058e-07,-1.83561465551777e-07,1.7824285484222888e-07,3.9534126237342254e-10,2.576923487384217e-08,2.109356162868805e-08,-1.083246634778226e-07,4.981637981920822e-08,4.558927119852838e-08,1.5663691279196794e-08,-5.992794695157718e-08,6.550458094289312e-08,-3.851886748588195e-09,-1.2355991187623666e-08,-1.8448457521131206e-07,-5.165622216314943e-08,50mV,2,17,1.552392650225882,7.858052151207357e-05,7.462251136464859e-05,-1.7948660450274737e-06,-1.0936836236721683e-06,0.0015716298957806748,0.0014924687123754384,-0.0007179642026991331,-0.00043748428639022336
3.008665,0.0500004,7.023313049238582e-05,6.69574375408029e-05,0.050000402710727906,3.2526065174565133e-18,-1.616351725825408e-06,-1.0366889567042157e-06,-5.854535810521343e-08,-3.337095267056605e-08,-1.302272140995401e-05,-9.956854262531313e-06,-1.192827253919971e-06,1.548268892099382e-07,5.373111706705515e-07,3.6675801992172145e-07,-1.8800903514398593e-07,-1.2914161689975216e-07,2.285443961862586e-06,1.4724584329070116e-06,2.63957301646399e-07,1.3585169005986731e-07,-1.263018267212014e-07,-7.69871994759222e-08,-3.527921354286223e-07,1.7638691385304585e-07,-3.5421013970810564e-07,-1.8272883664904467e-07,6.645431584234632e-07,2.403152261112077e-07,2.411519310547585e-08,1.99811344645669e-08,-7.081522105681714e-08,2.029251793391979e-07,4.2125376284625e-08,1.7890229452405333e-08,-1.662207678809164e-07,2.6215019261072627e-08,-4.407822711878322e-09,-1.0683675397647119e-08,-1.1111756466430335e-08,-8.492857472513993e-08,50mV,2,16,1.5511668681512214,7.023313049238582e-05,6.69574375408029e-05,-1.616351725825408e-06,-1.0366889567042157e-06,0.001404651296484795,0.0013391379651115638,-0.000646530275701105,-0.00041466890299015594
2.38186,0.0499999,6.248563862603317e-05,5.978090703041905e-05,0.04999988800625183,-4.553649124439119e-18,-1.4468114486032739e-06,-9.734924397794245e-07,-3.336653264257314e-08,1.950511807086999e-07,-1.1626597426154346e-05,-9.135192676106742e-06,-8.965970955895834e-07,5.5382509957702804e-08,4.8326541277773e-07,3.4370705118106234e-07,-2.9546790768566345e-07,-9.032463405234839e-09,2.0529111693280898e-06,1.3845250054129036e-06,5.040174925615028e-08,9.530003649548558e-08,-1.1443603738901209e-07,-7.415149867619982e-08,-3.1248081652436956e-07,1.1446884230120077e-08,-3.2257502087915223e-07,-1.791530194682737e-07,3.3806802969443764e-07,1.4612242557060371e-07,2.2477419167676708e-08,1.9199127108822825e-08,3.488494341000368e-08,-1.7495263866016705e-07,4.0468110435902224e-08,1.805689678977135e-08,-1.6073673150130504e-07,3.5284106958337835e-08,-4.129252649117448e-09,-9.831199929360931e-09,-3.1580025149383267e-07,2.4871912778830547e-08,50mV,2,15,1.550141880216823,6.248563862603317e-05,5.978090703041905e-05,-1.4468114486032739e-06,-9.734924397794245e-07,0.0012497155717272838,0.0011956208186495183,-0.0005787271719914123,-0.00038939872031870513
1.890121,0.0499999,5.5669895727214126e-05,5.341563459598154e-05,0.04999993198899793,-4.553649124439119e-18,-1.2951777127483061e-06,-9.062855406920321e-07,5.8465549006692884e-08,1.2909948418090646e-08,-1.0386858339099722e-05,-8.360504670498526e-06,-5.173136999980692e-07,-6.133572459065531e-08,4.342298579543435e-07,3.1937148492884846e-07,-4.995539884257186e-07,1.0338631651545333e-07,1.8440741721132076e-06,1.294949933610365e-06,2.442074687903061e-07,2.2718658836933016e-07,-1.0471473096697306e-07,-7.056702926920036e-08,-2.947510588504496e-07,1.8134293694713082e-07,-2.9169507549712356e-07,-1.7262374342516884e-07,4.786013311116192e-07,2.4721248941243223e-07,2.061544381328668e-08,1.792291352016703e-08,1.7213602937175517e-10,-2.2739152265663107e-08,3.854181340791289e-08,2.000535737859e-08,5.988404637031398e-08,-1.1271314091898501e-07,-3.7084076188371124e-09,-8.388076057070683e-09,-6.170119025848946e-08,4.6587774440225754e-08,50mV,2,14,1.5493443471555182,5.5669895727214126e-05,5.341563459598154e-05,-1.2951777127483061e-06,-9.062855406920321e-07,0.0011133994290124997,0.0010683141450619415,-0.0005180724944835437,-0.00036251520247702966
1.502404,0.0500005,4.964939009855929e-05,4.774962733359638e-05,0.05000049215329837,3.0357660829594124e-18,-1.1607928073993845e-06,-8.407239850602516e-07,5.7021941901722864e-08,6.625050278701329e-08,-9.28289504189229e-06,-7.633236987467151e-06,-8.455813586465024e-07,1.1658001412804941e-07,3.9056587816780724e-07,2.9561670132071785e-07,-1.571171661815562e-07,-1.0578370405607138e-08,1.6543280474724326e-06,1.20496885107009e-06,2.5193162030092884e-07,1.9602672879569384e-09,-9.474271980826743e-08,-6.619642376084465e-08,-3.107394080692946e-07,-1.6507861721380195e-07,-2.6410140084783846e-07,-1.657930024439196e-07,4.6703377217058867e-07,2.546958427754316e-08,1.912002135171595e-08,1.7006618357558136e-08,5.8971962880397166e-08,-6.578524156866073e-08,3.5083420077443215e-08,1.9612500937583407e-08,5.679255476922202e-08,2.6419634238440433e-08,-3.539994400241229e-09,-7.853549750779252e-09,-3.574728293948467e-07,-1.676541630666025e-08,50mV,2,13,1.5487080026354194,4.964939009855929e-05,4.774962733359638e-05,-1.1607928073993845e-06,-8.407239850602516e-07,0.0009929780280229518,0.0009549831467098169,-0.00046430798248656727,-0.0003362829738805283
1.195791,0.05,4.431445686113974e-05,4.2696143799279436e-05,0.04999998417481391,2.168404344971009e-18,-1.0410860790405757e-06,-7.775461415864731e-07,-1.1811291607793759e-07,-4.068954434391023e-09,-8.298915297458925e-06,-6.953882472986029e-06,-1.1229652541454388e-06,9.693659701148414e-08,3.5059442493527104e-07,2.727999402878726e-07,-2.709343852210432e-07,3.361972151863924e-08,1.4840994944889171e-06,1.1148779488573476e-06,3.366181519505757e-07,5.013865860861284e-08,-8.545797409404674e-08,-6.224046991156774e-08,-2.9414556409006086e-07,1.5612641656927084e-07,-2.388939583497695e-07,-1.5722782337550032e-07,4.959578489143408e-07,2.216086733124019e-08,1.7503718913653235e-08,1.527714337889317e-08,1.690291757638256e-08,2.417784867641285e-08,3.213599378930911e-08,1.9344485062218954e-08,-1.227322992319485e-07,-3.7052007511642e-08,-3.695545135738334e-09,-6.8264085621183835e-09,-2.2838404154144726e-07,8.937551615534025e-08,50mV,2,12,1.5482129671204432,4.431445686113974e-05,4.2696143799279436e-05,-1.0410860790405757e-06,-7.775461415864731e-07,0.000886289417736694,0.0008539231462554426,-0.00041643469522245044,-0.0003110186535116808
0.9486946,0.0499964,3.947146586856084e-05,3.812637548248165e-05,0.04999641902368017,-4.119968255444917e-18,-9.325751689830686e-07,-7.337660412278658e-07,1.171525451671765e-07,-9.279228289720629e-08,-7.393936006894132e-06,-6.308233658359086e-06,-4.846381552323365e-07,4.5212835750210205e-07,3.1464746984921147e-07,2.603303683815654e-07,-1.0913522283048088e-07,-5.837015291705916e-08,1.3214411961639772e-06,1.025619311304805e-06,1.0186328704230789e-07,8.59772463525875e-08,-7.686611414228204e-08,-6.41573699118542e-08,-4.477331653252322e-07,-3.8649634956690945e-08,-2.0970740466723217e-07,-1.4714332257601863e-07,4.7050829517204796e-07,-7.647069877236891e-08,1.5810098450350145e-08,1.8754626761938394e-08,8.846019677818887e-08,-7.724962666047319e-08,2.5121648458377764e-08,1.8333778710010683e-08,-1.38753542387664e-07,-1.0631800495280766e-07,-2.696081225363234e-09,-9.407607311800864e-09,-1.0067784918884416e-07,-1.508698909617976e-07,50mV,2,11,1.5478691362612071,3.947146586856084e-05,3.812637548248165e-05,-9.325751689830686e-07,-7.337660412278658e-07,0.000789485859974605,0.0007625821254202941,-0.0003730835058075337,-0.0002935484625891618
0.7515633,0.0500003,3.516780170117831e-05,3.400543256907233e-05,0.050000266668271315,-3.469446951953614e-18,-8.334062058336935e-07,-6.697066215094652e-07,2.1417566730418336e-08,1.69495648837902e-07,-6.593699170238581e-06,-5.712735280683035e-06,-2.9035472837967516e-07,5.572436787333508e-07,2.8146564758545576e-07,2.3715055683786936e-07,-2.07649902143121e-07,4.6637823565030775e-08,1.1811185041823283e-06,9.410424462896052e-07,2.2882388618272787e-07,1.0249318721685484e-07,-6.903604334381075e-08,-5.85987687094377e-08,-1.193594718366409e-07,2.073245108663473e-09,-1.8904005088353409e-07,-1.3830875992232962e-07,5.460063193025043e-07,-2.2924491948794157e-08,1.4325507706262827e-08,1.673831364192889e-08,-1.2175583630175002e-07,2.5017477953511687e-08,2.3660804625739395e-08,1.8285774639830106e-08,6.589410032753883e-08,1.0504847953074636e-07,-2.7942864031261e-09,-8.239452694533839e-09,-2.760484469924068e-07,5.7084261223830565e-08,50mV,2,10,1.5475422313341027,3.516780170117831e-05,3.400543256907233e-05,-8.334062058336935e-07,-6.697066215094652e-07,0.0007033522827888186,0.0006801050241328246,-0.000333358926474049,-0.00026787979119453285
0.5978954,0.0500007,3.1404863851992644e-05,3.0387213016569464e-05,0.05000071117886925,-2.8189256484623115e-18,-7.46521212011641e-07,-6.102233007489044e-07,4.126265676512835e-09,1.3945700454248063e-07,-5.892344993256083e-06,-5.171582622209626e-06,-2.1154042038610558e-07,4.163581784303609e-07,2.523129586859494e-07,2.1573271040384172e-07,-3.446531402732676e-07,-2.3427107290194386e-07,1.0580328087207427e-06,8.618622163149283e-07,2.8706343600271485e-07,1.8737844993614423e-08,-6.228286935990936e-08,-5.3507266108966616e-08,-2.692975233789271e-07,-9.405566634326472e-08,-1.7023126388990887e-07,-1.2856716457316266e-07,8.206373726512943e-07,5.543128234313602e-08,1.282899426043461e-08,1.49799679255997e-08,6.644092256804702e-08,-1.5738700710183107e-07,2.1581078600161603e-08,1.7293308856430315e-08,7.044373019410129e-09,-4.731984009138009e-08,-2.6219304130398145e-09,-7.11127424908514e-09,-1.1076090902917935e-07,1.1097200322624006e-07,50mV,2,9,1.5472849624134932,3.1404863851992644e-05,3.0387213016569464e-05,-7.46521212011641e-07,-6.102233007489044e-07,0.0006280883433766963,0.0006077356161568234,-0.0002985999904241047,-0.000244082376801032
0.4763719,0.0500002,2.8071597795761148e-05,2.716968919517758e-05,0.05000017829498739,1.0842021724855044e-18,-6.690315438774164e-07,-5.54678861763309e-07,3.4279707890674094e-09,2.183817526889449e-07,-5.2692817953269384e-06,-4.678578246675399e-06,-7.841623847090677e-07,5.241425537286494e-07,2.259742954316669e-07,1.9583261892439982e-07,-1.3733561774626056e-07,-7.111705161445862e-08,9.478977724215379e-07,7.874154708152052e-07,3.14124945137823e-07,5.452591003391002e-08,-5.6074267973961435e-08,-4.870503159680215e-08,-4.094872732911834e-07,-6.84777056208273e-08,-1.5361168248700373e-07,-1.1919494059618988e-07,4.5631556703634175e-07,5.145410312879118e-08,1.1784763478654206e-08,1.325753941896651e-08,1.105470344822791e-07,1.2119050037800434e-07,2.005106279159558e-08,1.6078849085990414e-08,-2.0548763587353385e-07,-1.8236433321661656e-08,-2.3798737851107684e-09,-6.0020877499470054e-09,-4.193578588797357e-08,7.903826253970954e-08,50mV,2,8,1.5470717919300527,2.8071597795761148e-05,2.716968919517758e-05,-6.690315438774164e-07,-5.54678861763309e-07,0.0005614299539122918,0.0005433918462227042,-0.0002676107090016442,-0.00022186996237041665
0.3780242,0.0500001,2.5046689225089612e-05,2.4242344192098796e-05,0.0500001469264509,-4.7704895589362195e-18,-5.992684385740584e-07,-5.031817227596229e-07,-1.4216061979147113e-07,2.7328232785175864e-07,-4.702663511228609e-06,-4.218302764692472e-06,-6.439744315888812e-07,4.168850699063266e-07,2.0249513828417877e-07,1.7729139890771527e-07,-3.545476636263397e-07,-1.2067365012113867e-07,8.473163632187207e-07,7.160933912007811e-07,2.9160268804360563e-07,-1.1918171417942115e-07,-5.01970838701258e-08,-4.422521036264692e-08,-2.1730325736025553e-07,1.1475837706452582e-07,-1.3798561151700238e-07,-1.0987344805256442e-07,4.2505545835086663e-07,6.68239743610127e-08,1.067283951124645e-08,1.1822580829226238e-08,4.059088072726668e-08,-2.2947409377944078e-08,1.8482235513300588e-08,1.5540590211705484e-08,-4.494942042627945e-08,1.2028101749482521e-08,-2.0006308059368616e-09,-5.181204820633461e-09,-2.551717706597545e-07,-7.608697360542776e-08,50mV,2,7,1.5469032173807713,2.5046689225089612e-05,2.4242344192098796e-05,-5.992684385740584e-07,-5.031817227596229e-07,0.000500932312497656,0.0004848454591095252,-0.00023970596666167583,-0.00020127150621778825
0.3004808,0.0500005,2.2371496298662682e-05,2.164671467318136e-05,0.05000053984856557,-4.7704895589362195e-18,-5.370877019077248e-07,-4.554718935735285e-07,-2.6025267873089056e-08,1.5523795032112354e-07,-4.200221655559973e-06,-3.8020731337623617e-06,-5.758348827805446e-07,4.059226084562085e-07,1.813961452786169e-07,1.6024352580219395e-07,-3.946783183610149e-07,-9.175906132730276e-08,7.577539947983818e-07,6.504708313567953e-07,1.9375508844232402e-07,-7.90854899644973e-08,-4.519545858049203e-08,-3.9941836154921177e-08,-3.140156785525633e-07,-4.9096709727704146e-08,-1.2380002919573103e-07,-1.0089222011987023e-07,6.468000111709893e-07,-3.803614822486544e-08,9.486208670677232e-09,1.0474580853317835e-08,3.5010369967697465e-08,-8.926633996700623e-09,1.676447946554314e-08,1.4456562604700359e-08,-1.2805787829110768e-08,1.3157380066289293e-08,-1.8723717593722264e-09,-4.385914157295705e-09,-2.0776084763537406e-07,1.197736781500765e-07,50mV,2,6,1.5467781906046543,2.2371496298662682e-05,2.164671467318136e-05,-5.370877019077248e-07,-4.554718935735285e-07,0.00044742509513733735,0.00043292961913494966,-0.0002148304417018144,-0.00018218482331955183
0.238186,0.0499862,1.9947985320778948e-05,1.9294078290538805e-05,0.049986213866815024,-8.673617379884035e-19,-4.782138379100112e-07,-4.1156847826017163e-07,1.9422638050397736e-07,-1.259595505952631e-07,-3.744312619726239e-06,-3.4154471531204877e-06,-7.331420116392729e-07,4.5094097144020854e-07,1.6041823365901323e-07,1.4368407536495475e-07,-2.9887728177542735e-07,-1.4862035114182129e-07,6.775833313021323e-07,5.839113881378608e-07,4.974517738059648e-07,-6.990481701648923e-08,-3.8901298812415857e-08,-3.5213078526598806e-08,-1.7510791834901675e-07,-1.711334455764932e-08,-1.1177811573484299e-07,-8.868580715755545e-08,6.025210842583135e-07,-1.7400057016698797e-07,7.024096153718212e-09,8.596072630822293e-09,7.330211857202485e-08,1.4353453974916157e-08,1.585307802118537e-08,1.0997235727888745e-08,-2.4739209561139354e-07,-1.8313384462469997e-07,-1.4209513070842785e-10,-2.966886717631325e-09,-1.4289875270845054e-08,-3.5529330170660006e-08,50mV,2,5,1.6150062146180244,1.9947985320778948e-05,1.9294078290538805e-05,-4.782138379100112e-07,-4.1156847826017163e-07,0.0003990697389870143,0.00038598799144793413,-0.00019139106232090696,-0.00016471821186997133
0.1890121,0.0500043,1.7813925424780705e-05,1.721287894529418e-05,0.05000429433350157,4.7704895589362195e-18,-4.282341713792049e-07,-3.71822515807814e-07,-3.2284033494299676e-08,-5.118120104231135e-08,-3.3420119163171134e-06,-3.0742935868627884e-06,-4.93237082468877e-07,4.7293110349376824e-07,1.4367269635056216e-07,1.302466666431436e-07,-3.9241381057831726e-07,1.1118778081904565e-07,6.045695125517701e-07,5.310399519157974e-07,3.4045841848784e-07,-9.254160624523055e-08,-3.507363146872734e-08,-3.249350247902938e-08,-3.3082306649660774e-07,2.0842982294746235e-07,-9.973363909763378e-08,-8.245567395643052e-08,5.719925655522712e-07,-1.1649310028700716e-07,6.606161329367303e-09,8.191322999785425e-09,-9.811906340831648e-08,1.0258735889090251e-07,1.4217436367989441e-08,1.1021392067547106e-08,-1.7142162822390542e-07,-9.028536139281328e-08,-4.81921479981098e-10,-3.025131486457322e-09,-1.0759250032941826e-07,-4.633549102885135e-08,50mV,2,4,1.600837465176335,1.7813925424780705e-05,1.721287894529418e-05,-4.282341713792049e-07,-3.71822515807814e-07,0.00035624791154878553,0.00034422801430800305,-0.00017126424865632276,-0.00014870346193587586
0.1502404,0.0500033,1.5921205261976316e-05,1.5365535533606806e-05,0.05000329070894379,0.0,-3.8445719690409034e-07,-3.362712971327924e-07,-4.690095821620061e-10,1.3286554748112188e-07,-2.985176112441406e-06,-2.76305038945408e-06,-7.397267390250375e-07,6.064745073272369e-07,1.2901519210250793e-07,1.1793141509511153e-07,-2.889807838906361e-07,2.585184625431422e-08,5.398848991134517e-07,4.807644598670132e-07,1.7241085782341942e-07,-1.1471537300601463e-07,-3.162785299738694e-08,-2.9616046792254357e-08,-1.4875853031933908e-07,8.089666976736214e-08,-8.911391870001746e-08,-7.56989752231826e-08,6.020112907504955e-07,7.987731868505311e-08,6.135114447527929e-09,7.527543779688037e-09,5.255887230871877e-08,-5.854089991812503e-08,1.2703572389776407e-08,1.0482407063427068e-08,-7.360918432280845e-08,4.2357641902793764e-08,-6.268148499958511e-10,-2.8717612564344093e-09,-1.4050036322813479e-07,-1.6957147794523182e-07,50mV,2,3,1.589660487238742,1.5921205261976316e-05,1.5365535533606806e-05,-3.8445719690409034e-07,-3.362712971327924e-07,0.0003184031497976709,0.00030729048660108413,-0.00015376263857201351,-0.00013449081546539675
0.1193355,0.0500021,1.4211921949079546e-05,1.370533406159199e-05,0.05000208602214532,6.505213034913027e-19,-3.4362474730504554e-07,-3.1182014286551884e-07,-2.7117370451249665e-08,2.454510556472778e-07,-2.660540498444951e-06,-2.480286698689648e-06,-8.611143834823094e-07,2.9258413093523877e-07,1.149137212145765e-07,1.102510583754873e-07,-1.910705101020735e-07,5.293750701962239e-08,4.788176234132718e-07,4.3356280016353863e-07,3.644636502729197e-07,-2.0588413940549865e-07,-2.7845713856453222e-08,-2.9641946717983214e-08,-3.2432455636558254e-07,9.420657490941689e-08,-7.724693540173636e-08,-6.852853322969088e-08,5.919185602526472e-07,2.443520151654093e-07,5.059905239249331e-09,8.848813699750293e-09,7.143400990364487e-08,3.906528518117183e-08,9.572407860526323e-09,9.349993105364664e-09,-1.2337269194869111e-08,-6.477848674921283e-09,-1.212985369336058e-10,-4.103391860024238e-09,-4.9945004560347343e-08,-8.479426057261905e-08,50mV,2,2,1.5807503274108665,1.4211921949079546e-05,1.370533406159199e-05,-3.4362474730504554e-07,-3.1182014286551884e-07,0.00028422658092274903,0.00027409524585678407,-0.00013743843069839132,-0.00012471765037790056
0.0946587,0.050002,1.2681091832850768e-05,1.2212709115127235e-05,0.05000202075532349,9.215718466126788e-19,-3.071673062123163e-07,-2.8825666231253036e-07,-2.1795570932552074e-07,4.0025607249047454e-07,-2.3698237514838147e-06,-2.2222718716819517e-06,-7.884444515058505e-07,2.877027427464679e-07,1.0235051948461696e-07,1.0311067387185552e-07,-3.2621902611127205e-07,1.1396675762579133e-07,4.2415778293612933e-07,3.9012270328183996e-07,4.256978190773356e-07,-9.477882385195323e-08,-2.4608916637946502e-08,-2.9382997987964507e-08,-2.6654396694795294e-07,3.1689980335638005e-08,-6.671620098472831e-08,-6.184019982693347e-08,6.384496517298403e-07,3.066421588813136e-08,4.248581195189721e-09,9.940297523585343e-09,-7.558686892228535e-08,6.454407993460342e-08,6.810687024854362e-09,8.210499353015528e-09,-1.9381741021091983e-07,5.8621876126473514e-08,1.0870046635798078e-10,-5.231044273555615e-09,-1.1465707518722729e-07,1.1049941782576401e-07,50mV,2,1,1.573639934011534,1.2681091832850768e-05,1.2212709115127235e-05,-3.071673062123163e-07,-2.8825666231253036e-07,0.0002536115869177281,0.0002442443111427052,-0.0001228569917274518,-0.00011529334555102278
1500059,0.0009926,0.00018600941371798338,2.4716163848025105e-05,0.0009925538010806018,-8.131516293641283e-20,4.796916319540819e-07,2.358364248210819e-07,4.169048582118626e-06,9.392597983320705e-07,5.409500767516136e-08,-5.634675524103154e-08,-7.510666436625373e-07,2.0503603366381097e-06,1.0947859697241935e-07,1.5246315281142961e-09,3.6012899449414294e-06,-1.85908192019055e-06,2.7172994085846987e-08,-7.214838105303846e-09,-7.181696635150204e-07,8.620465505077332e-07,-2.6041004485439975e-08,-6.143613155556317e-08,-6.148427859039828e-07,-1.3088872150812973e-06,2.3156086268377737e-08,-2.085484658788226e-08,3.5421822395729013e-07,-9.642773997143436e-07,1.7145386644491176e-08,-1.488746776469198e-08,-1.362846239331111e-06,5.805368801772477e-07,7.478946958313786e-09,3.1175434082579795e-08,8.769702650937286e-07,5.906568885802626e-08,-1.0881222596708574e-08,4.4461502777455826e-08,-2.5463595235497347e-06,-7.462076667427739e-07,1mV,2,73,-1.7959970870412922,0.00018600941371798338,2.4716163848025105e-05,4.796916319540819e-07,2.358364248210819e-07,0.18740486764090103,0.024901586010870565,0.4869159809725465,0.2393882162860152
1191504,0.0011842,0.00023892290291788483,1.912560731296739e-05,0.0011841849375909307,0.0,-4.630973784352837e-09,4.3298591633308673e-07,-2.6033006425835004e-06,3.2787184926091876e-06,-1.686575360705147e-08,-1.6630945532906046e-07,-4.6570502321739985e-07,3.410759440969501e-06,-1.2032063973078164e-07,6.920603349035282e-08,-9.03117916015935e-07,-2.393738181403686e-07,8.67516505899803e-09,1.403490626093282e-10,8.799520476121602e-07,1.2264279444181382e-06,-1.343810909441679e-09,-1.0741796315939493e-07,-2.9943028109388073e-07,-2.2962057512319747e-06,1.704204858875126e-08,-5.676482625565717e-09,-7.387861668326488e-07,-7.892675201885924e-10,-8.423120139445308e-09,6.425991459969127e-09,1.157316597268276e-06,-7.288370453367233e-07,-1.3006965273602653e-07,1.2662601694009936e-07,1.3062533901644396e-07,1.0764109913808e-06,-8.968799376558336e-08,2.045489178752059e-08,1.6193231291122603e-06,5.713383244455042e-07,1mV,2,72,-2.364294163494965,0.00023892290291788483,1.912560731296739e-05,-4.630973784352837e-09,4.3298591633308673e-07,0.20176147773331946,0.016150861834027322,-0.0033024272337023974,0.3087697206879779
946464.9,0.0011922,0.0002500299496258427,1.6052757694568642e-05,0.0011921702360009018,-1.0842021724855044e-19,-3.6325995642488235e-07,2.1392450619319354e-07,-3.2841642573978155e-06,3.1122668310567918e-06,-1.7341966134692327e-07,-7.058316250832064e-08,3.8889120565180007e-07,1.3913078806643486e-06,1.9562166106501734e-08,-1.9267284519358706e-09,1.759037595866076e-06,-7.20202039582056e-08,-5.205013725922755e-08,-4.116118415429863e-08,-6.551018253468161e-08,-3.6598181032319966e-07,-3.470245378646728e-08,-1.7563686817577893e-08,-3.580238627458763e-07,-7.902300645481986e-07,-3.392992362418869e-08,-6.570088880926981e-08,1.120396328278065e-06,3.841840068736286e-07,-2.1919788735474644e-08,-1.7536810896656593e-08,1.3456211812708893e-06,4.500358652366818e-07,-2.597558239039937e-08,7.97572313814715e-09,-6.314130441806434e-07,-1.3724460377533585e-06,8.9490722205707e-08,2.6352891120150955e-08,1.4152185301728251e-06,-1.7916244852472914e-07,1mV,2,71,-2.398909276155491,0.0002500299496258427,1.6052757694568642e-05,-3.6325995642488235e-07,2.1392450619319354e-07,0.20972671693646744,0.013465155570748977,-0.25558830429177654,0.15051645747714118
751816.4,0.001211,0.00026121386691535487,1.5300159725355805e-05,0.001211043677200942,-5.421010862427522e-20,-3.6764850304592693e-07,-8.151458356372091e-09,-5.001260281278203e-06,-7.603810165406058e-07,-1.1974325433936093e-07,-2.042699926842595e-07,-2.517414427251415e-06,4.6867717340689954e-07,-1.2045304258256654e-07,-5.11733157191079e-08,2.498461256437524e-07,-6.280606280279364e-07,-2.9649324146931633e-09,-7.849938889340007e-08,-7.176387735821603e-07,-2.314732607799599e-07,3.766888907548309e-08,-4.0802349486898214e-08,4.5280511313028854e-07,3.316578131906963e-07,-4.129738803230326e-09,8.10715797872988e-08,2.5917408084617606e-07,1.394975908989592e-06,7.476174818889654e-08,-1.626154363767228e-07,-8.126788420040949e-07,-6.627933334727959e-09,-4.5948136817586316e-08,-4.004431033913463e-08,-8.930603259828809e-07,1.9258105120876164e-08,5.6831394804827335e-08,-7.816187103681976e-08,1.1242574823470763e-07,1.5845289263897795e-06,1mV,2,70,-0.3557504359743772,0.00026121386691535487,1.5300159725355805e-05,-3.6764850304592693e-07,-8.151458356372091e-09,0.21569318417903194,0.012633862851849184,-0.2506762497670759,-0.005557963636404625
597246.1,0.0012301,0.00026893296375764736,1.4364302231581274e-05,0.0012300778167101273,-5.421010862427522e-20,-3.3085437300718576e-07,1.782326871843863e-07,-2.722645120803096e-06,1.0140993017566614e-06,-2.691582271621845e-07,-2.0168199323389594e-07,-2.6658597564338946e-06,3.1905810019571815e-06,-8.946829621963745e-08,3.808202969672435e-08,1.5022519030343935e-06,6.698348101991597e-07,4.748515206307953e-08,8.933405478519493e-08,-2.1113519745190947e-06,-2.301389423619446e-06,-3.168202640012398e-08,1.2543063099977461e-08,1.7183975809778008e-07,8.067953490765773e-07,-3.524591854552261e-08,-1.0024748396610561e-08,-2.003564724813949e-06,-2.435027968213344e-06,-7.614243164284419e-08,1.910256342656912e-08,-3.3464165315822205e-07,-1.1414541190039894e-06,-3.013811772964236e-08,6.961055080738395e-08,6.257762959430166e-08,-6.538203383284895e-07,-2.269191646458641e-08,1.4579449355044095e-07,-7.540811369149721e-07,7.017034888055492e-07,1mV,2,69,1.8629764770154051,0.00026893296375764736,1.4364302231581274e-05,-3.3085437300718576e-07,1.782326871843863e-07,0.21863085416572672,0.01167755570944199,-0.2186611894817086,0.11779373211854977
474433.6,0.0012414,0.0002728762043640487,1.808759902802039e-05,0.0012413908542400023,-1.0842021724855044e-19,-3.071109349614986e-07,6.857942096383842e-08,-2.029063104172942e-06,-5.438751709995775e-07,1.6842445903299482e-07,3.34611450708937e-08,-7.490356069214042e-07,2.1430150120873552e-06,-6.915816803584337e-08,-1.4674131961818362e-07,8.618257367042607e-07,-9.75550859764511e-07,-5.931134583572167e-09,3.585894073863486e-08,4.827856580582705e-07,-3.2462404490447822e-06,1.6515724489447932e-08,7.162117640413326e-09,1.1780456687856572e-06,-2.365119538946257e-06,7.985490800675819e-09,-4.907864110550308e-08,-3.536928140175425e-07,1.9885131003531492e-07,-5.36874665122015e-09,2.1169448083069388e-08,1.8272973045065713e-06,-5.987979824896245e-07,-1.3073415123275687e-08,3.4626903920400554e-08,5.995230883111059e-07,1.929928531000616e-06,7.097885593857428e-09,-6.84188298075283e-08,2.317394472971302e-07,3.69022739037153e-07,1mV,2,68,-0.5487547444707921,0.0002728762043640487,1.808759902802039e-05,-3.071109349614986e-07,6.857942096383842e-08,0.21981489829092346,0.014570430389624472,-0.19928664563588494,0.04450171324980015
376816.4,0.0012472,0.0002757781041284453,1.9920366440924478e-05,0.0012472094710738561,0.0,-3.6447381117343173e-07,4.656643292718238e-08,-2.3272419024576444e-06,-1.5785897890674369e-06,4.4273243538037167e-07,1.0713835479252532e-07,-2.1184540833676632e-06,9.427697992188367e-07,3.9684816479380595e-08,-3.083932918068312e-08,1.616566608688459e-06,1.4433134397179965e-07,-2.403238055391918e-07,8.422950683487987e-08,8.87263851666724e-07,-8.005222590535448e-07,1.2788413218346695e-08,1.699302461170861e-07,-5.8795286610350154e-08,1.1727041809712242e-06,-1.1279374754916016e-08,-6.287973766496679e-08,-1.3813375169867726e-06,-2.12851786574363e-06,-5.7205498319757024e-08,-1.1460405720336075e-07,-6.764336961962226e-07,-7.038630116115584e-08,8.626183052070795e-08,1.995887161553758e-08,1.4656731558927409e-06,2.3006514585230028e-06,2.4958149435572875e-08,6.386352731028774e-08,1.4246278481209793e-06,1.6636574472647162e-07,1mV,2,67,-0.4258749942007375,0.0002757781041284453,1.9920366440924478e-05,-3.6447381117343173e-07,4.656643292718238e-08,0.2211161080191272,0.015971949301966815,-0.23430822161814144,0.02993602764253674
299355.5,0.0012572,0.0002779654684698795,2.3603631849038664e-05,0.001257167956356955,1.6263032587282567e-19,-2.9484981395904716e-07,2.2998156300198643e-08,-1.5422146722029157e-06,-3.283579394316031e-07,1.9149957129595968e-07,5.228790450008331e-07,-4.162896280374776e-06,4.913376872420353e-07,1.1096291723619845e-07,-8.524921760118301e-08,4.6206173090355077e-07,1.3778563037132717e-08,-1.545386916550982e-07,-1.1599077099743461e-07,7.249153955752687e-07,8.626030152431563e-07,-5.176438033902569e-08,1.6938466035801374e-07,-1.6546111286838524e-06,3.0270196579137927e-06,8.550532463387899e-08,4.7674499046229355e-08,1.4203658010404377e-06,-1.7270092620581849e-06,1.5654025055469006e-07,9.228216524333133e-08,7.877795565432582e-07,1.4492575947733861e-06,-1.0314511432371697e-08,-8.540440201505522e-08,7.765237276372996e-07,-3.905157155301932e-07,3.0240109533617995e-08,7.433232289481705e-08,-1.6657673081070365e-07,6.524724713110822e-08,1mV,2,66,2.929011993947207,0.0002779654684698795,2.3603631849038664e-05,-2.9484981395904716e-07,2.2998156300198643e-08,0.2211044809600247,0.01877524139052802,-0.1865581611410746,0.014551454828443663
237832,0.0012657,0.000278859500623672,2.7443092544758784e-05,0.0012657161184040026,2.710505431213761e-20,-1.1567111659650941e-07,1.6119652881847766e-07,-4.657380565408165e-07,-3.7834043748944595e-07,-8.167036132250833e-08,7.361183432587788e-07,-2.5395150490930735e-06,2.204432987882753e-08,5.8064580244941086e-08,-1.891368874524419e-09,1.0331497936821508e-06,3.1919026258573667e-06,-2.916657480123127e-08,-2.7976389612592623e-07,-1.8691161019688984e-06,1.8864998700127604e-06,-4.51914402554003e-08,-5.710298317137916e-08,-7.518651154354324e-07,1.0979851670638152e-06,3.995706601141936e-08,8.18857715441742e-08,2.181918805711287e-06,1.071434015160524e-06,-1.5664019336918078e-08,3.9202124267747177e-08,-9.427964950039623e-07,8.863968114722019e-08,6.245330680135594e-08,-1.992815845148168e-08,5.395894382694635e-07,-1.6912734072609448e-06,4.036392746393177e-08,-6.12834706778134e-08,5.136919060312429e-08,6.445142605051156e-08,1mV,2,65,-1.4625469026386457,0.000278859500623672,2.7443092544758784e-05,-1.1567111659650941e-07,1.6119652881847766e-07,0.2203175708746589,0.02168187016482257,-0.07220251185545863,0.10061971065494266
188847.7,0.0012782,0.0002795683558302529,3.2480862295194925e-05,0.0012781868018834467,1.0842021724855044e-19,-2.2140972519099e-07,4.243483029817477e-08,-1.2633381320451279e-06,2.2898533564724065e-07,-7.223261289768947e-07,6.927723196245568e-07,-2.9937746741871717e-06,1.056099264597709e-06,-4.704448317297633e-08,1.3568798015928597e-07,-1.304435755314931e-06,5.190982107163039e-07,2.5554760271260963e-07,-1.2916446519933782e-07,2.2693960617246395e-07,1.2701063970004141e-06,2.6414405404169918e-08,-9.863656917738881e-08,1.1608259113607463e-06,-7.582680876074467e-07,-4.4077371111023163e-08,-2.0820591126606048e-08,6.523490715859203e-07,5.802770107708152e-07,-7.446596476178082e-08,-1.1593380091378284e-08,2.886306940605005e-07,1.0768664419225417e-07,-2.7957042401119788e-08,6.448205051390372e-08,1.1790599847356311e-06,-2.144645949918161e-07,7.146948690014196e-08,1.4323239578314437e-08,-1.3272200184864762e-06,-6.918695865518806e-07,1mV,2,64,-2.2234476703975914,0.0002795683558302529,3.2480862295194925e-05,-2.2140972519099e-07,4.243483029817477e-08,0.2187226119204959,0.02541167085071867,-0.13552144858475673,0.025973699517924324
150058.6,0.0012905,0.0002799406298024403,3.915548816999545e-05,0.0012905386429984441,-3.2526065174565133e-19,-2.3080339713509616e-07,-1.142933829544568e-07,8.502325034551345e-07,-7.630313356262811e-07,-1.5238502729292082e-06,-1.0898286186885957e-07,-7.420752851835743e-06,-5.910192786375747e-06,-7.457907923318669e-08,1.6358331849439114e-07,-1.9426556108741225e-06,1.2945815894517077e-06,1.1394726251098745e-07,3.570528951104633e-07,-3.097021795252938e-06,7.875621216332064e-07,1.0599016474747873e-07,-6.494436443358427e-08,-1.4115996089629867e-06,2.368341081583824e-07,2.2049211994420737e-07,2.0713812617110002e-08,1.1021466835403251e-06,-8.627678728412893e-07,-6.452617586820762e-08,-1.0159635045811849e-10,3.178758617265522e-07,-8.787999388428744e-07,-5.4147048391423306e-08,-3.3124352831707473e-08,-7.591723993031784e-07,1.3011289505928402e-06,1.0744543970339164e-08,1.3991431442426802e-07,-9.746074370334643e-07,2.173794729075444e-07,1mV,2,63,-2.0024988927198066,0.0002799406298024403,3.915548816999545e-05,-2.3080339713509616e-07,-1.142933829544568e-07,0.2169176655973856,0.030340422878792263,-0.1385798765825434,-0.06862447910486823
119238.3,0.0013189,0.00028313806345473924,4.711384412522853e-05,0.001318939380630449,-1.0842021724855044e-19,-3.155605048462712e-07,-2.491068997698896e-07,-4.915005060646668e-07,-1.7713671240221792e-06,-3.0064224873000145e-07,-1.8151770560991357e-06,2.711970365711537e-06,-6.569030841638138e-06,-4.116907284442739e-07,2.5705711227923273e-07,-1.6597524205607334e-06,8.594205020899974e-07,-3.8809644513998946e-07,-4.619527944726189e-07,1.3500945784749176e-06,-3.3160498005252065e-06,-6.12453655757192e-08,-2.10265099011499e-07,-8.962801924569118e-07,3.978363260542689e-07,-1.949327360643227e-07,3.051979706008766e-08,2.3480135197617544e-07,-9.676404043884325e-07,-1.3507966158163611e-07,2.0528722847740358e-08,-6.226247267005513e-07,6.659424368994393e-07,-6.874254513505616e-08,1.0038936902267482e-07,1.3710712618182371e-06,-4.5273615458729663e-07,1.3612830957306547e-08,3.697212149480933e-08,-8.652433936382326e-08,5.482512888506552e-07,1mV,2,62,-0.7603778186362496,0.00028313806345473924,4.711384412522853e-05,-3.155605048462712e-07,-2.491068997698896e-07,0.2146710209830873,0.03572100796831791,-0.18139819910469934,-0.14319771425396358
94746.09,0.0013168,0.0002787306066364652,5.706695688283146e-05,0.001316767652229229,-3.2526065174565133e-19,-8.280246576828946e-08,-9.04561096930967e-08,3.512177353156197e-07,-1.3519564899043195e-07,6.222504544624716e-07,5.650230738197348e-07,2.7454401291600035e-07,2.9134752822241305e-06,9.472047256256069e-08,8.905218943652585e-08,6.424087848898971e-07,-8.63862637897087e-07,-1.3695805552713215e-07,3.720863772898263e-07,-4.571533321350426e-08,-1.4875989744577216e-06,-1.4308377138264666e-07,-1.3426981554681285e-07,-1.4791517308211063e-06,-1.586375262122728e-06,-1.3550753692710407e-07,7.708722528890649e-08,-1.0848359202981974e-06,-1.5878051582274916e-07,-1.028304681648019e-08,6.23703420823718e-08,-3.710733345849689e-07,-8.608018177868164e-07,3.455005856994407e-08,-2.980569854666084e-08,-2.717990468748101e-08,3.397467855964e-07,-3.3025213318473315e-09,-5.743866179543934e-08,-5.854643818266821e-07,4.481804901882686e-07,1mV,2,61,2.703737127487422,0.0002787306066364652,5.706695688283146e-05,-8.280246576828946e-08,-9.04561096930967e-08,0.21167789637343135,0.04333866858455986,-0.04775567320089378,-0.05216985235217553
75292.97,0.0013044,0.000267781201203192,6.848217551116523e-05,0.001304447519754326,-5.421010862427522e-20,-2.013966429821524e-07,-2.5891536017964472e-08,-6.272128674261004e-07,2.0550176623514786e-06,-1.7481106200046531e-07,9.679377669877324e-09,4.335570204034537e-07,-2.0499827893614068e-07,2.1058500880657538e-08,-5.941268323676259e-08,-3.401611980179675e-07,-3.666673730045793e-07,3.24735162747006e-08,-1.0700713307133277e-07,1.0306084661163081e-06,-1.9053125185347445e-06,2.8535628876592444e-09,4.4333854854426994e-08,2.2010653596747776e-06,4.799595922567996e-07,-4.360965199237603e-08,-3.311080107076623e-08,-1.087442942353336e-06,-1.8496773344867259e-06,-3.2403734232268264e-08,-7.881377306258907e-09,-5.447067767925671e-07,-7.86265267017272e-07,1.1308592434890751e-08,1.9027469848790873e-09,-1.1758397075066567e-06,6.015156814593284e-07,-1.9811290373182412e-08,-3.629918771984665e-08,5.11026643856782e-07,2.91989312689911e-07,1mV,2,60,-1.232011546923051,0.000267781201203192,6.848217551116523e-05,-2.013966429821524e-07,-2.5891536017964472e-08,0.2052832307532194,0.05249898863241572,-0.11835837788203453,-0.015216143420186604
59824.22,0.0013142,0.000257927604211673,8.122522656748372e-05,0.0013142020727340664,0.0,-3.9734904016334614e-08,3.7092601973606012e-09,-5.201363175936208e-07,1.2234732050215815e-06,-9.254547672298821e-08,-1.7190439743715028e-07,-8.157061618468577e-07,2.0085560808179323e-06,2.2262280674922107e-08,-1.3260265707503285e-08,-4.6001077938694675e-07,1.6800091702759079e-06,-7.46554116591591e-08,1.6028806369654987e-08,-8.597690007355753e-07,-3.28735151337383e-07,2.0894134247658264e-08,3.1598121660500905e-08,2.1465580275502376e-08,-3.3029210507194956e-07,-6.33376894262392e-08,5.303570601333837e-08,-1.4184195496643029e-06,2.4944231854578354e-07,-1.328328968610385e-08,3.698023901958607e-08,1.4305298893739926e-06,1.0823421983268205e-07,-6.077097082750405e-08,-6.107169219261745e-08,-1.3312956468723998e-06,-5.256195622103209e-07,1.6532858311448933e-08,2.125559757139796e-10,-1.784428536516028e-06,-2.9378094136726856e-07,1mV,2,59,-2.14445993148459,0.000257927604211673,8.122522656748372e-05,-3.9734904016334614e-08,3.7092601973606012e-09,0.19626175423318298,0.06180573615935846,-0.023006357952987465,0.002147647514290356
47519.53,0.001337,0.00024808561848636856,9.443644702238931e-05,0.0013370138494420516,-2.168404344971009e-19,5.232177241483777e-08,6.740462405022397e-09,4.80541608431531e-08,5.853304321356195e-07,-1.0384199564666669e-07,-2.1044834983244247e-08,4.851907994504921e-07,-5.709130489944161e-07,2.5364453158268828e-08,-2.0934586923972843e-08,-1.942199651402559e-06,2.0216360475342434e-06,-2.5746358516300488e-09,-1.8537462989939384e-08,2.483426011436523e-07,-6.411744993009686e-07,3.434035109274171e-08,4.019699514515264e-08,1.4887327091569173e-06,2.994578651020226e-07,-6.44946062826035e-08,-4.943432092065973e-08,4.073105517884781e-09,-1.039265090964941e-06,1.6508027792816234e-07,1.5586165109091676e-07,2.5686009298555e-06,9.559902662742363e-07,6.23963334471397e-08,-5.731264896645095e-08,3.048563114595137e-06,-7.558193807583942e-07,1.8828280731620458e-08,-5.0052932662465325e-08,-2.9546959459949506e-06,4.170397370967666e-07,1mV,2,58,-2.5309394645757064,0.00024808561848636856,9.443644702238931e-05,5.232177241483777e-08,6.740462405022397e-09,0.1855520184700383,0.07063236260551718,0.029269185397340042,0.003770664384841316
37792.97,0.0013623,0.00023411558462615236,0.00010742991492298583,0.0013623310616618135,1.6263032587282567e-19,-6.633856847919243e-08,2.9039874077234873e-08,7.443385432319474e-07,-1.318839075835568e-07,1.7296416923613678e-08,-1.1879361122414992e-07,3.081857820067156e-07,3.902194340957813e-07,-7.399562184363708e-08,-7.651118850572155e-08,-2.1479000525016332e-06,-1.2642486411819188e-06,-7.848203446396253e-08,1.810467289299749e-08,-2.9051008907099277e-07,1.4540863479648975e-07,1.3763122497217804e-08,-3.9238016695489934e-08,-4.5884199894211445e-07,1.4989853393936414e-06,-4.6056607613711876e-10,2.3106274433608623e-08,-1.7169773879269866e-06,-1.6182115179397898e-07,7.444198067155162e-08,-5.619526395002313e-08,-8.970976151602385e-07,2.05194016428788e-06,2.7775924290504143e-08,-1.784946239076911e-08,4.2137652821516594e-08,1.5944987524555547e-06,3.594356737989609e-08,8.855158748102062e-08,-8.549219690576856e-07,2.8343516616550996e-07,1mV,2,57,1.2814741021837295,0.00023411558462615236,0.00010742991492298583,-6.633856847919243e-08,2.9039874077234873e-08,0.17184925985653657,0.07885742162550377,-0.035743804659526146,0.015646939784048793
29941.41,0.0014011,0.00021711303884110986,0.00011973470543146127,0.0014010524338122611,-1.0842021724855044e-19,-9.327188857425581e-08,-1.3442147750171348e-08,2.370227059811367e-07,-1.664795898037966e-06,5.717223802323163e-08,-1.1898291196816347e-07,6.66097298960695e-07,8.658721828650946e-07,-9.829666235157251e-09,-5.1599967981546185e-08,1.2834344319947508e-06,4.83904566279208e-07,1.2283248677438218e-08,5.0027937314509064e-08,1.0356527045085855e-06,-3.750064941768347e-08,4.872704857594694e-08,-4.3951999439299634e-08,1.6866826443698534e-06,-3.156954911369785e-06,2.468406792781737e-08,-4.136347465553944e-08,-1.8187532083753503e-06,-7.009018829607159e-08,8.385816308041072e-08,7.288837042870684e-08,-4.854266192540248e-07,-1.2106441772382908e-07,-1.0279907888540722e-07,-3.328251009187044e-08,5.905759157669832e-07,1.8007632848402063e-06,1.186579672113456e-07,-1.2178295113033322e-08,2.948403218976863e-07,-1.1435989640013714e-07,1mV,2,56,1.0903567159984142,0.00021711303884110986,0.00011973470543146127,-9.327188857425581e-08,-1.3442147750171348e-08,0.15496424944664325,0.08546054561688557,-0.04751623184449222,-0.0068479390601870645
23847.66,0.0013975,0.00019085383253769194,0.00012433749252860782,0.0013975352180983474,1.0842021724855044e-19,-4.6896133281378506e-08,-7.971924011893285e-08,2.6577936643853925e-06,3.0203575681541407e-06,-7.957385293601303e-08,-9.697654250165976e-08,-1.79144004436571e-06,5.177612613209617e-07,-2.308779713697812e-08,4.929150262398529e-08,1.812184242248121e-06,1.4853872049376356e-06,7.430883516995338e-08,-3.490958640391934e-08,-1.030726372863157e-06,-7.734278632381876e-07,1.8699498252866765e-08,4.599772919584891e-08,6.966545925411804e-07,-4.833721127908845e-07,9.840418423043822e-08,-7.433362851272468e-08,-9.735882501376998e-07,-7.978299933666361e-07,-5.318808037876309e-08,-9.175056249017814e-08,-3.0638945514861565e-07,-2.080597203581554e-06,-8.176700795189231e-08,6.738016321785106e-08,-8.755928159460721e-07,-2.0198029300765232e-07,-8.81970203063125e-08,4.971243962547124e-08,1.2708491227873782e-06,-1.4723405670536288e-06,1mV,2,55,2.1726262625383086,0.00019085383253769194,0.00012433749252860782,-4.6896133281378506e-08,-7.971924011893285e-08,0.13656459605890317,0.08896913002149325,-0.02401106997578304,-0.04081667546931879
18925.78,0.0013591,0.0001596026826062571,0.00012071352226175611,0.0013590540833201454,0.0,-6.381299878649423e-08,-1.5340088837999277e-07,-2.904560529525636e-07,1.215739661764637e-06,5.8258781439554135e-08,1.0075669192780843e-07,1.112014711832094e-06,1.4229058109116235e-06,-7.35658009769765e-08,-6.62025163538172e-08,-1.647010957878831e-06,5.267422934315748e-07,1.1296224809892221e-08,5.585451603420888e-09,-1.6165928277962384e-07,-7.909630809427359e-07,3.0028475650011176e-08,1.6656343459191742e-08,1.4938513954995192e-06,8.676781676668107e-08,7.83470836498204e-08,5.376057032960116e-08,8.842796477165197e-07,1.3326035814033475e-06,-4.341441978454237e-08,-1.8067325475849273e-08,2.424124863976683e-07,-1.3684874594492091e-06,-5.174840255907014e-09,7.035615612775005e-08,6.808640630767189e-07,-1.7899655623472835e-06,3.568416436639698e-08,9.167438315842026e-08,-1.0747920478701143e-06,4.7638653128878716e-08,1mV,2,54,0.8905765331123989,0.0001596026826062571,0.00012071352226175611,-6.381299878649423e-08,-1.5340088837999277e-07,0.11743659399951951,0.08882172074186707,-0.034549015357915575,-0.08305282229864358
15058.59,0.001221,0.0001210310476014173,0.00010396098048206609,0.0012209675712104356,-2.574980159653073e-19,5.279315150849006e-09,-8.768711597614084e-10,-1.1532803785165395e-06,4.005116499575372e-07,1.3407068645106454e-07,5.304593647740213e-08,7.409306560765734e-08,-7.683881628225077e-07,-7.504820245887731e-08,-3.3856893004930955e-08,-8.376372159437436e-07,6.600721826094816e-07,-3.1829053049664943e-08,1.0869946939550965e-09,5.220514989383844e-07,4.938007309839271e-07,-1.3212723942631777e-08,8.093619092063669e-09,2.5009639429956426e-07,5.219208721385219e-07,1.4260531103045264e-08,1.7988057352315814e-08,1.5829097158734606e-07,-2.8516565155688415e-07,-4.024056714135357e-08,6.429080746151672e-08,2.065135510233493e-07,1.3468131922210347e-06,7.478788272919399e-08,-4.415252403786349e-08,7.402290132933902e-08,-1.3142627870977439e-06,7.157510416345545e-09,3.689286547488732e-08,2.171760267566704e-06,8.444765080615717e-07,1mV,2,53,-3.0775751750094225,0.0001210310476014173,0.00010396098048206609,5.279315150849006e-09,-8.768711597614084e-10,0.09912715984866839,0.08514638957937425,0.003541353900818596,-0.0005882033963509441
11863.43,0.0010283,8.459720763433315e-05,8.093133654455233e-05,0.0010282628341978656,0.0,-1.1567976126813555e-08,-4.389655181442351e-08,-1.1927291952372382e-06,-4.6602147798364417e-07,1.5455936641906087e-07,3.951034892065573e-08,-1.5083342796645634e-06,-1.0370844497276528e-06,-6.509220770944721e-08,-4.7208058670878146e-08,8.224675887971206e-07,-1.8918448272875079e-06,1.0231432345700264e-07,-1.0646502045399053e-08,-5.841122477503546e-08,2.0622344366367294e-06,-1.4508488969439854e-07,-2.9216077543752446e-08,-1.8331903549639386e-06,-3.810197879564387e-07,8.59101224071701e-08,6.089604616795407e-08,5.1396932804941496e-08,2.1227675598969844e-07,-3.3156271956384834e-09,1.238279771922895e-07,-5.887730757790071e-07,6.554531723669895e-07,5.1774823948351e-09,1.2962072195524997e-07,2.607951257724564e-06,1.9785936705433277e-06,-5.073992489782368e-08,6.801838489180859e-08,-8.258948032326405e-07,-1.6082731580701016e-07,1mV,2,52,-0.061163505652869585,8.459720763433315e-05,8.093133654455233e-05,-1.1567976126813555e-08,-4.389655181442351e-08,0.08227196862592659,0.07870685767582547,-0.010940800677655052,-0.041516633382805514
9432.87,0.0009848,6.811845453528104e-05,6.946171281000955e-05,0.000984813902669243,5.421010862427522e-20,-6.687726196405741e-08,-1.1105120623111131e-07,-3.467916877793954e-07,-3.3711297770333246e-07,1.1902687209787946e-07,5.8084204884797e-08,9.122508721838546e-07,6.763729600835218e-07,4.9011137148030094e-08,-2.658212111566863e-09,-4.894857846221275e-07,-5.470809749828203e-07,-5.32449602078004e-08,-1.4976735931843617e-08,-5.12918641300626e-07,1.22543611949722e-07,-8.834695269058242e-08,-1.0053176899741552e-08,-2.968283223221889e-07,3.937619193813162e-07,-3.881954417337516e-08,4.0109954630267626e-08,-9.738565712800098e-07,3.3546917841319194e-07,-6.042839064108942e-08,5.635834322379188e-08,8.618152208009375e-08,-9.826267667092053e-07,2.3404725702988103e-09,1.3455899794959882e-08,-3.5105409500810424e-08,-7.917608232414611e-07,-3.2568762117414796e-08,2.3364392103339802e-08,-2.788277698056403e-07,5.72736598750432e-07,1mV,2,51,0.9688907932342607,6.811845453528104e-05,6.946171281000955e-05,-6.687726196405741e-08,-1.1105120623111131e-07,0.06916885956895262,0.07053283125039186,-0.06895569537328176,-0.11450249192055015
7558.594,0.0009291,5.4741794184115075e-05,5.798231149506396e-05,0.0009290764777745453,1.3552527156068805e-20,5.215997556992896e-08,2.2106445016569512e-08,1.1096828337307189e-07,-9.075359533917738e-08,1.3573620730751923e-07,-1.1345245681426289e-08,5.320940765506265e-07,-6.363749193078053e-07,4.8986485607288575e-08,1.0600027804723487e-10,7.058414922297251e-07,-1.5607665125330603e-07,-1.0940814832752798e-08,-9.420831245413379e-08,-1.803289001326826e-07,-7.462215627023843e-07,-8.724406316283671e-08,-6.957133058478627e-08,-1.3244526674007907e-06,-1.013997515211251e-06,-4.3811312045501314e-08,3.257975431375941e-08,5.163715109494673e-07,1.092967354407209e-06,-4.555668097035266e-08,-2.87967898605535e-08,-6.534973351762934e-07,-7.240446908484672e-07,-1.6452828863478876e-08,3.364579173520375e-08,-1.7978602301098586e-07,-8.12391742482644e-08,-6.648977900009688e-09,5.687265167087634e-08,1.1484111674066769e-06,9.848221431104601e-08,1mV,2,50,-1.6848878286875297,5.4741794184115075e-05,5.798231149506396e-05,5.215997556992896e-08,2.2106445016569512e-08,0.05892065453560973,0.062408545348119626,0.06042747532479188,0.025610377423714772
5960.648,0.0009521,4.802851974965425e-05,5.1353310011179774e-05,0.0009520545795214134,-2.168404344971009e-19,9.265057235139421e-08,-3.7145341504959974e-08,1.6454227557993658e-07,-7.178968403300541e-07,1.0015559845501906e-07,-6.393065679524122e-09,1.183520625462472e-07,9.333618753318553e-08,-6.938433803847726e-08,4.85672969669096e-09,-2.687734233792136e-07,7.57661539774822e-07,-6.013197588305392e-08,-4.287741198328462e-08,-3.02844401773356e-08,-7.030659863281908e-07,-3.7359717099799e-08,-7.206235438045536e-08,-1.7744290679669104e-07,-7.827311473954328e-07,-5.656455776187862e-08,5.0908486517255986e-08,-1.6525906539742546e-07,2.429034806803691e-07,-5.3772275170041505e-09,5.509981079834313e-08,-2.564389463818302e-07,-1.1024199369883165e-06,-3.122677415888139e-08,-3.0673903324296437e-08,-7.818607011387098e-07,-1.7623393544337618e-07,5.6628596243109355e-08,2.6108298631505527e-08,4.5351717513359147e-07,8.202429569664623e-07,1mV,2,49,2.0544346487928706,4.802851974965425e-05,5.1353310011179774e-05,9.265057235139421e-08,-3.7145341504959974e-08,0.05044723357540869,0.05393946010636753,0.10221730201489242,-0.04098082175529779
4746.094,0.0009516,4.2094759774972504e-05,4.4151825786022826e-05,0.0009515869103511567,-2.710505431213761e-20,5.5772138450525855e-08,3.550924786886173e-08,-8.880271267165242e-07,-4.523128532079429e-08,1.0721677043280034e-07,7.867437088663284e-08,-1.1241798333812053e-07,-6.245158785410895e-07,8.07860083849419e-08,-2.0084173278901588e-08,4.35715123065422e-07,-3.13111327829535e-07,-3.261412014814712e-08,2.0042442872432764e-07,2.5143811315221867e-07,7.131139996916412e-07,6.619317562932323e-09,-6.648808501544892e-08,8.546800619550948e-07,-6.864162980269669e-07,-1.0801008370629151e-07,1.544413763732806e-08,-1.0793713818669175e-06,-2.0466086275716305e-07,-8.018020267811634e-08,-7.4371677228060126e-09,-5.575142537327492e-07,2.169974127156688e-07,-9.546017806295371e-09,6.646432919874908e-09,1.7823303978149072e-07,-1.4483372011078246e-07,1.8980415374305714e-08,-1.91771656086239e-08,2.375837113240924e-08,-3.0452551633483607e-07,1mV,2,48,-0.17014836375094103,4.2094759774972504e-05,4.4151825786022826e-05,5.5772138450525855e-08,3.550924786886173e-08,0.04423637958558993,0.046398101219918865,0.06159144283569299,0.03921430791457897
3761.574,0.000994,3.907606793572999e-05,3.954945020611593e-05,0.000994017523793541,-5.421010862427522e-20,3.3692649716892813e-08,-5.2549292301748715e-08,4.2502897728647844e-07,-5.576945075379322e-07,1.3058488630712876e-07,5.829273211892466e-08,2.0110431747202643e-07,-5.334903951102308e-07,2.9181353464351715e-08,-9.875170304076635e-08,-2.2486186811705e-07,-6.791376459569867e-07,-2.725136565067319e-08,5.527230291259307e-08,5.340740040079123e-07,1.887602232725226e-07,8.749538737032873e-08,-4.66167159063023e-08,1.7947516046937949e-06,6.507485310999836e-07,7.425571834561155e-08,2.3852345652649326e-08,-1.3875682449340598e-08,1.1168409341961013e-07,6.549023954378243e-08,3.1324787171136005e-08,-4.389655644924634e-08,1.798783394869399e-07,-2.6031006129612408e-08,3.4277901245002754e-08,-6.755640475660583e-07,1.9522424855141305e-07,-7.543284363963845e-08,-2.3579312732034906e-09,-1.3033096693891211e-06,-3.0480643683942434e-07,1mV,2,47,-1.9518133402284854,3.907606793572999e-05,3.954945020611593e-05,3.3692649716892813e-08,-5.2549292301748715e-08,0.03931124653275846,0.0397874778456425,0.03409942732287974,-0.053183729649313415
2993.223,0.0012443,4.4451021290387285e-05,4.252044880517019e-05,0.001244258993706861,5.421010862427522e-20,5.9579498763562695e-08,-7.986396407398385e-08,-9.999846323571558e-07,-2.4245575965342673e-06,9.733834345419177e-09,7.678111257824256e-09,1.0937987974820951e-07,1.5545523633897887e-07,1.347816188429072e-08,1.208758420340188e-08,4.416632585067944e-08,5.366292323849158e-07,1.3709656730213852e-08,-2.251375862730187e-08,-4.179525336141062e-07,-6.973253999331039e-07,1.858496045335651e-08,-5.520394627990668e-09,4.7792214750907695e-08,-6.692123944507167e-07,1.0031717490296765e-08,-2.3047272303909686e-08,1.821277977228824e-07,-8.146511870578961e-08,-1.1735718066497242e-08,4.820700541786346e-09,3.2577361505738555e-07,-2.534396154615889e-07,6.798114509773889e-09,-2.262886820074686e-08,1.2922113022441697e-07,-4.809010627528877e-07,2.7512901029350303e-09,-1.1872192579388177e-08,1.013736455056323e-07,2.107709247300106e-08,1mV,2,46,-0.2800427463263361,4.4451021290387285e-05,4.252044880517019e-05,5.9579498763562695e-08,-7.986396407398385e-08,0.035724894507661996,0.034173310396169596,0.038483562440520896,-0.0515856949449249
2372.685,0.0009253,3.0142246369807758e-05,2.732444007268434e-05,0.0009252782078753365,0.0,5.069922618525789e-08,-2.174705775708996e-08,-5.917691663339798e-08,-8.620178658678543e-07,3.6409395758053184e-08,1.4276921264295483e-09,3.4503868553147825e-07,-8.811295747662415e-07,-5.519918678818295e-09,2.2372722891981378e-08,-4.562858988636264e-08,-7.514348528979203e-07,-1.8904934439506537e-09,2.1914075806115407e-08,-6.091855658703244e-07,8.414732453121627e-07,-1.4120068474536367e-08,6.948246722217596e-09,1.0556112513453637e-06,8.631928630045918e-08,4.0551636677571e-09,1.7317212206276475e-08,1.2964042973231981e-06,-4.090790475338627e-07,-1.8489351008936688e-08,-1.1086413195810416e-08,-7.762142772782327e-07,6.954477871386025e-07,5.573032028828869e-09,-1.070109094261531e-08,-4.6546155167377305e-07,1.041012657579785e-07,7.025029650595504e-09,-1.8314283969180788e-08,8.566583198715509e-07,-2.3680304024675887e-07,1mV,2,45,0.007607544275174945,3.0142246369807758e-05,2.732444007268434e-05,5.069922618525789e-08,-2.174705775708996e-08,0.03257641443757946,0.029531053298475374,0.059218399188302136,-0.025401293951205994
1886.433,0.0009451,2.8359978206452178e-05,2.431061170459978e-05,0.0009450753640712545,5.421010862427522e-20,4.680987893129551e-08,3.719749381557497e-09,1.3570788042596729e-06,-2.6423495816015468e-08,2.664034048113301e-08,8.586617617985529e-09,3.8729795476205127e-07,-1.1449921987458048e-06,6.673150275517011e-10,1.3754390733837797e-09,-8.832493656917774e-07,7.467645739465481e-07,-2.421487019167107e-08,-2.567688677489782e-09,-1.1310949799124459e-06,-1.0203498048537182e-06,7.909837718615563e-09,-1.2525311083700225e-08,4.434454278429451e-08,-4.893961346696535e-07,6.0847299778793735e-09,1.4661431292706444e-09,2.619392291488354e-07,-2.3591560036284272e-07,6.448721532876729e-09,-2.7263436460960953e-09,-6.022055078958702e-07,-3.427059065806288e-07,-4.86628578178214e-09,5.7186725567647886e-09,-2.8530807949235667e-07,4.892849726014507e-07,-9.716985572358156e-10,-1.1441612052088923e-08,7.6363424992171e-07,4.406853889954359e-07,1mV,2,44,1.6781307246050183,2.8359978206452178e-05,2.431061170459978e-05,4.680987893129551e-08,3.719749381557497e-09,0.030008165787203785,0.025723463576357568,0.05240885038698097,0.0041646719296421
1506.696,0.0009743,2.7092864458161244e-05,2.210404092882892e-05,0.0009742934975785418,-4.0657581468206416e-20,1.6970396746760199e-09,2.5744103659029063e-08,-1.0573718500561604e-06,-7.129074451346352e-07,5.0851254118902116e-08,-5.2208786336201325e-09,1.6716230165531041e-06,-3.732332340024994e-07,1.993819926811791e-08,-7.126126697130621e-09,6.696070525104118e-07,2.3564136206005165e-08,-3.5528252576791387e-08,7.868125303432968e-09,8.523640680580563e-07,-3.4081549132027153e-07,-1.856912452739263e-08,-2.8431786395190806e-08,-2.1014267757615565e-07,-6.357409883727838e-08,-7.441076541727783e-09,-3.707701443235582e-09,6.446471207710607e-07,-1.8411889742209847e-07,-2.5507823908311363e-08,1.3954482472207619e-08,-3.4488525007209504e-08,2.1876669282328014e-07,-1.517237893915328e-08,8.093286849617498e-09,-1.6532359096249942e-07,2.5950889500269927e-07,9.96683791624044e-09,-2.0710003754009426e-08,-1.4340184552186335e-07,-9.33145167848059e-07,1mV,2,43,1.5033694343841955,2.7092864458161244e-05,2.210404092882892e-05,1.6970396746760199e-09,2.5744103659029063e-08,0.027807703249068616,0.022687250796361823,0.001787773055624276,0.027120529678598737
1185.994,0.0009438,2.4289812455685892e-05,1.8836837257606697e-05,0.0009438408918371803,0.0,-1.293469191509933e-08,4.303143204195017e-09,-5.099160295684081e-08,3.463452133593668e-07,7.088122027214785e-08,-2.1804499059971115e-08,2.4973293568775513e-07,-1.2120161511680442e-06,1.0273219777147343e-08,8.735698823783227e-09,2.7554540260479624e-07,-7.524485216294517e-07,-6.18649619067222e-08,2.6503670225068742e-08,6.620484821299919e-07,1.7505502908518722e-06,1.3751370378433068e-08,-6.0333204595317715e-09,3.5451580380487326e-07,-4.352806527805148e-07,-6.308492581622456e-09,-1.1820328816129003e-08,9.998430805952858e-07,-1.4767141801594315e-07,1.1736412607172266e-08,6.243138455301495e-09,1.4723431716352042e-07,-2.7328679697035264e-07,1.1640308614416972e-08,-1.3493821042436107e-08,-1.5381099128664015e-07,-1.746698385902508e-07,-6.712827934089266e-09,-1.8774053767314713e-08,6.078774176502634e-08,-1.6935782287322346e-07,1mV,2,42,0.033111614887415305,2.4289812455685892e-05,1.8836837257606697e-05,-1.293469191509933e-08,4.303143204195017e-09,0.025735071097000177,0.019957640552043587,-0.014519728996592728,0.004830457004198505
948.6607,0.0009898,2.3696416453849702e-05,1.775038222601275e-05,0.000989823369206124,6.776263578034403e-21,-8.788710739529223e-09,-6.473770356220046e-09,-4.5212148942569865e-07,6.365474664019487e-07,3.9480478464493784e-08,1.935858492502066e-08,-5.711457057022945e-07,-1.7910310159733809e-06,-1.463074785411088e-08,-3.148904914318896e-08,8.372581391488928e-07,-1.9694210239959e-06,-5.528991227873411e-08,5.348400878349325e-08,-6.546832693150248e-07,-6.440596880874081e-07,2.4273772189639943e-09,6.397420264494506e-10,1.6113413642126888e-07,1.320426061543548e-06,-1.1684952473471965e-08,4.409000607556748e-09,-9.432094110143433e-07,1.1164479519568895e-08,-7.180018174355372e-09,2.984554565114834e-08,-9.018999686224276e-07,8.925035276264303e-07,-5.287361066793093e-09,-7.592022106441975e-09,1.3938126353062118e-06,-1.3601154489760606e-07,1.864361315379392e-08,-5.9337219038197584e-08,-9.676372386705977e-07,-6.295736086459475e-07,1mV,2,41,-0.049870770792540105,2.3696416453849702e-05,1.775038222601275e-05,-8.788710739529223e-09,-6.473770356220046e-09,0.023940045457660927,0.01793287850967717,-0.008970357773359354,-0.006607571685875343
752.3148,0.0009763,2.16729797977366e-05,1.5703709555580868e-05,0.0009762922043665436,-5.421010862427522e-20,-2.265372584649742e-08,3.245588321141619e-08,-1.5103351912535773e-06,6.047323345801855e-07,5.533628808365757e-08,-1.1233080526475292e-08,2.116772066843688e-06,5.854715993050414e-07,-6.125779936782549e-09,-5.67600698451491e-09,2.0263185251076237e-06,-5.443390150644071e-07,-8.346871223205984e-08,4.1105380596818996e-08,-6.580157051924753e-07,1.1206242061103883e-06,2.9859966028524344e-08,6.281214987704518e-09,1.7138393384809895e-07,1.7162654943868523e-07,-5.273735800543551e-09,-5.260008807110704e-09,1.6940716402603492e-06,1.1848450742317475e-06,-1.8975983747145642e-08,1.0868508065053808e-08,-4.2927016273464945e-07,8.582527573970715e-07,-2.092618282901372e-08,-1.807364248980796e-08,8.834227182098871e-08,-4.536735041529936e-07,4.7634717375794365e-09,-1.8375066001829805e-08,-2.189570032599541e-07,-5.066813723386191e-07,1mV,2,40,0.8656207637728037,2.16729797977366e-05,1.5703709555580868e-05,-2.265372584649742e-08,3.245588321141619e-08,0.022199275688981734,0.0160850506491241,-0.02376730817325297,0.03405130721311802
599.564,0.0009972,2.053861098068118e-05,1.4565126171458068e-05,0.0009972248781708278,1.0842021724855044e-19,-3.1307663201935723e-09,1.255438654820069e-08,3.238302172142743e-07,7.26918578700295e-08,4.0303302521824736e-08,5.625558426163237e-09,-1.7144114610844214e-07,-1.48686186471619e-06,8.713366132800139e-10,-1.304235800900363e-08,6.351306126556154e-07,-6.289618830397703e-07,-5.044698734858185e-08,2.1240701010045806e-08,-9.641745667747062e-07,6.612099142262242e-07,-4.428058286423182e-08,4.139575195134324e-09,-1.569390100551521e-06,-8.767407400693461e-07,2.3867159259364942e-08,-6.091424175594212e-11,1.3381939749855132e-06,9.047020220362257e-07,2.2465151919164597e-09,-3.905959381308066e-09,6.885156052912533e-07,4.414359170932241e-07,-7.82183192081408e-09,-5.27503323779121e-09,-9.38905079913179e-07,6.681296951384735e-08,-2.0159906431422867e-08,-4.298922297597739e-09,6.224441715831573e-07,2.9935017645232813e-07,1mV,2,39,2.1052299613216205,2.053861098068118e-05,1.4565126171458068e-05,-3.1307663201935723e-09,1.255438654820069e-08,0.02059576674255699,0.014605658653617156,-0.0031482154376060215,0.012624357584846861
474.0168,0.0009883,1.8818547325678532e-05,1.313665391053825e-05,0.0009882982845425443,-6.776263578034403e-21,-2.2280472114504756e-08,4.833646073829923e-09,-1.0317987432342941e-07,-5.1144213089254085e-09,1.086943287547912e-08,-2.4754643563435114e-09,5.66773431914993e-07,-3.5306928805905485e-07,-8.384698851457733e-09,1.0103743047648356e-08,-8.893764904341416e-07,3.597408620671221e-07,-3.151860877554847e-08,9.856422354541826e-09,-8.413486922883045e-07,2.6173747237243297e-06,3.3354441261179136e-08,-1.0147372669915062e-08,1.6168848927877473e-08,-4.2721299223086426e-07,4.366660646533864e-08,-1.3105022600896736e-08,3.854940221060013e-07,-6.120302390754317e-07,-7.597704308205102e-09,-4.2351941407260156e-08,-6.757758560343902e-07,-1.7168380171084653e-06,-3.9726400614802235e-09,-1.5082883087651875e-08,-3.8579781025221176e-07,-9.82928136661032e-07,-2.960588587505356e-10,-1.362305989130519e-08,9.061854589997629e-07,-5.532515628457356e-07,1mV,2,38,-0.037249301262114586,1.8818547325678532e-05,1.313665391053825e-05,-2.2280472114504756e-08,4.833646073829923e-09,0.019041363948526038,0.01329219539890109,-0.022811209129281848,0.004948787031100905
377.1552,0.0010142,1.780777918457057e-05,1.2405615292954161e-05,0.0010142263390492722,2.710505431213761e-20,-2.046181042822447e-08,-3.957068118870245e-09,-1.0912863557403635e-06,-2.7328055004491695e-07,-2.2610446241798985e-09,6.1389238724776655e-09,5.522370873221364e-07,-6.056581291252228e-07,-2.7947136945970484e-08,1.0179424537565654e-08,2.7134094395869373e-07,-4.2099637831349874e-08,-3.8242703628542746e-08,1.4044665892522792e-08,-6.057271284313977e-07,1.8932800352534575e-06,2.3544978912469495e-08,-9.270238770184222e-09,1.0159693284706249e-07,1.7852496238625332e-06,2.5921889510677623e-08,-1.2112296975573801e-08,2.8081391390519107e-07,-3.6591104210785895e-07,-1.4594973882806223e-08,1.584843936387135e-08,4.488668655978101e-07,1.2342033508997713e-07,8.559162006582253e-09,8.098207283860129e-09,-6.038257150292449e-07,1.7199005473494058e-07,6.289056302304082e-08,2.4773018110488622e-09,2.233884288934017e-07,-2.7724196109195716e-07,1mV,2,37,0.1557026586802968,1.780777918457057e-05,1.2405615292954161e-05,-2.046181042822447e-08,-3.957068118870245e-09,0.017557993219998055,0.01223160434246175,-0.01989180930343811,-0.0038468367546161284
298.2954,0.0009785,1.5763241847560758e-05,1.1002355600950305e-05,0.0009784597881555245,1.0842021724855044e-19,-3.955852419772455e-08,-5.332158191661507e-09,-7.266223479898521e-07,-4.945625998892348e-07,4.073213826589469e-08,-1.1537520394821171e-08,9.993125537704148e-07,-1.5514171978117654e-06,-5.557830738751188e-10,9.327947356687906e-09,-1.5459657326974445e-07,-8.121143262274291e-07,-2.5235978680823796e-08,2.998200168540762e-08,-2.0762376758934034e-06,1.6284237591381956e-06,-1.574925520570877e-09,-3.214616593477161e-08,5.730630249448692e-08,-4.498493312861036e-07,9.752826557380567e-09,-2.361587119761912e-08,-6.531956242828442e-07,5.419742664617679e-07,-1.842225761810947e-08,-6.8417049568627225e-09,-3.3537319957921254e-07,6.738779390978463e-08,-1.4476459289876046e-08,1.8303235906064107e-08,1.2739292030368705e-07,7.44623804202614e-07,3.136791525432271e-08,8.630616797725215e-09,-1.7018161853511065e-07,7.480501716909906e-07,1mV,2,36,-2.067293959622049,1.5763241847560758e-05,1.1002355600950305e-05,-3.955852419772455e-08,-5.332158191661507e-09,0.016110260266572366,0.011244565933251719,-0.04131941049848333,-0.00556951093683078
236.7424,0.0010043,1.4850283456900023e-05,1.0428221242893591e-05,0.0010043017362928097,0.0,7.217937515938102e-09,4.617326711792389e-09,-7.882271582023215e-07,5.064125389116964e-07,3.214770620592788e-08,3.769409164128213e-09,9.935539346389632e-07,-6.361659382380413e-07,3.6507535952520954e-08,-2.0641404636799855e-08,-3.9802996021130294e-07,4.3739604078156553e-07,-2.8087712166525854e-08,3.269520883312463e-08,-6.078763418590978e-07,1.543621136278829e-06,-1.3564147023997398e-08,-1.2962819609023897e-08,-8.794466999697227e-07,-1.239584615261748e-06,1.2734086535448797e-08,1.51403512142215e-08,-1.4197444233090597e-06,-1.0900245955516446e-07,-1.1050699973166166e-08,1.8506730036627155e-08,-1.0129949415568162e-06,-1.675335729461539e-07,-3.387188784444297e-08,-1.322597621110892e-09,3.226930333314819e-08,-3.612522659068963e-07,-2.385571319417955e-08,-1.9188415831744968e-08,-5.270007666867794e-07,-1.0252990969408125e-06,1mV,2,35,-0.2507985466730121,1.4850283456900023e-05,1.0428221242893591e-05,7.217937515938102e-09,4.617326711792389e-09,0.014786675080058152,0.010383553932095549,0.007156236604798347,0.004577856535648797
189.0121,0.0009994,1.3542510713249079e-05,9.6180166690429e-06,0.0009994130712320422,0.0,-5.750949856722311e-09,1.725033934291287e-08,1.6295228681709763e-07,-2.395223139483228e-07,1.0109027474903289e-08,-4.1945783871701095e-09,-7.790108747989885e-08,-1.5613413279838206e-06,5.358799189016451e-09,-1.6854777255991597e-08,-9.701790954476899e-08,-2.921946147722505e-07,-1.0911850722750588e-08,2.6153418484336507e-08,3.1669469776757496e-07,1.3184638594789192e-06,-3.7449867879857746e-08,3.8286306449253905e-09,-5.104347691117044e-07,2.951341027008957e-07,-1.784461182751613e-08,-5.547034819812291e-09,3.163687331826311e-08,-2.1913416930216663e-07,-2.2413393029381817e-09,4.669934623208745e-09,6.022102281230528e-07,2.4189317157729776e-07,-4.793144365066605e-09,-9.169265106889246e-09,-2.0112670867908746e-07,-5.908920361402201e-07,3.619612354406245e-08,-2.0048958051781964e-09,9.20422083573866e-07,-8.111553816112561e-08,1mV,2,34,-0.32145724770587925,1.3542510713249079e-05,9.6180166690429e-06,-5.750949856722311e-09,1.725033934291287e-08,0.01355046387031374,0.009623665074928569,-0.00575770660055923,0.01727060662517821
149.6011,0.0009962,1.2293461360149514e-05,8.825776218153116e-06,0.0009962009620127297,2.710505431213761e-20,-1.849998515878136e-08,8.088882371782122e-09,-3.639474163594399e-07,3.384813010194973e-07,2.2453977373258346e-08,1.4253445178947967e-08,9.257903549150919e-07,-5.218489613038672e-07,-1.4190276661534904e-08,-4.159118429276945e-09,4.574098568664906e-09,3.524500304149133e-08,-2.3230222542254004e-08,3.2581950336769015e-08,1.0489712007115928e-06,5.803304982436538e-07,4.111327916318523e-09,2.668122807869014e-08,5.276747521494545e-07,8.367728788904794e-07,-1.805572909143711e-08,5.8910401231956755e-09,5.60086552966891e-07,2.3427688941467405e-07,7.49979142665655e-09,9.710426005962865e-09,-7.051789330830888e-07,-8.160912220015511e-07,5.927816944206883e-09,-1.9284544024180248e-09,2.1606798031857357e-07,-4.411294473818981e-07,-1.3200202375649325e-09,2.209673889040043e-09,1.7727244919475155e-07,4.2604996436877915e-07,1mV,2,33,-1.4610122374397354,1.2293461360149514e-05,8.825776218153116e-06,-1.849998515878136e-08,8.088882371782122e-09,0.012340342791189177,0.008859433542727634,-0.018641354541975273,0.008150694330106002
119.1737,0.0009847,1.1031291579846415e-05,8.093865263799158e-06,0.000984712258600841,-2.168404344971009e-19,1.5618524046572075e-08,2.3640505172512674e-09,2.6726155503999044e-07,1.5724794230832977e-07,-4.556671840827032e-09,1.0684360581645988e-09,-4.637578155986783e-08,-7.731949874892401e-07,-6.748055366339835e-09,-5.182887813603587e-09,8.85214417974401e-07,-1.2924856515269982e-07,7.503672187935134e-09,5.841399175273067e-09,5.054852694777218e-07,-5.98291725214701e-07,1.2022297493329725e-09,-1.1700851791715846e-08,-5.831887555355002e-07,2.906205211304307e-07,-2.7034104233453187e-09,-1.0630984777250392e-08,-5.118444319276336e-07,6.253297837774408e-07,2.6034965376536284e-08,1.5934605423939107e-08,-1.9260258406460386e-07,1.1407915630105972e-06,-2.9181932946037292e-08,-6.055174650555542e-09,-1.3837223905776147e-06,-6.449717929676089e-07,-2.017999000709027e-08,1.3373871573333072e-08,8.114312789497337e-08,-3.4519303179148555e-07,1mV,2,32,2.4174721682693057,1.1031291579846415e-05,8.093865263799158e-06,1.5618524046572075e-08,2.3640505172512674e-09,0.011202553317982013,0.0082195232090434,0.01610724637536636,0.002438024490126897
94.69697,0.0009993,5.086645299578123e-06,3.13795063319325e-06,0.0004996720659174895,-4.912791094074942e-20,1.8670880619791964e-08,-1.2117800335745798e-09,7.589003388053354e-07,-4.910285112302473e-07,-9.075494548569121e-09,-8.597739121823843e-09,-3.5566248645132146e-07,5.181051989475011e-07,1.460802970913874e-09,-4.170377898889431e-09,5.867025192035259e-07,-6.10228998338965e-07,-1.744831468044014e-08,-1.763117889505899e-08,-6.57879263046459e-07,6.934230018262832e-07,-1.3872341462241734e-08,-1.1193154786833764e-08,2.077297994733392e-07,-3.103356058521859e-07,-1.2960323669003278e-08,1.0495288561809768e-08,-6.768475550908867e-07,7.732523899298083e-08,-1.7996906149386002e-09,-1.1602753188065642e-08,-1.20395611291097e-07,-3.306528686430303e-07,5.312935913579197e-09,-3.2238245546690085e-09,-3.263072442579074e-07,5.255788170766236e-08,-8.015472210387125e-09,2.3042814059891713e-09,-4.4828222981841417e-07,3.878168788634483e-07,1mV,2,31,1.5463141407871128,5.086645299578123e-06,3.13795063319325e-06,1.8670880619791964e-08,-1.2117800335745798e-09,0.010179967315639528,0.006280020131666552,0.07478158403148577,-0.004853484538505046
75,0.0009985,4.48632391040018e-06,2.4925469602590523e-06,0.0004992563881510374,2.159934015498466e-20,3.15103804909722e-08,-6.019694570630237e-09,1.3217763980505273e-06,-4.1014689199798565e-07,1.2897182050421674e-08,2.3350809884335373e-09,6.333519297220681e-07,-5.903020001398045e-07,-1.2937759841539643e-09,-2.4223891446924965e-10,5.3848819602233815e-08,2.634085502890161e-07,-1.073292409809758e-08,1.4913792178151388e-08,-2.5030187964327695e-07,-2.3429312440082522e-07,-2.0132439447023285e-08,-9.348617762316898e-09,-1.0130695035613587e-06,-4.5882706087863963e-07,-1.0038130599606855e-10,6.249028896382676e-09,1.0527577777308959e-07,2.4162680278037634e-07,-9.439700138118846e-09,-1.2389541109077579e-08,-6.705270455916207e-07,5.760783249200873e-07,1.46649295525358e-09,3.486807186089048e-10,-7.748648425266265e-07,2.1380100873529646e-07,-4.024496506242163e-09,-3.270719010897727e-09,8.08388248901642e-08,-2.6182877595802435e-07,1mV,2,30,1.5643807960257232,4.48632391040018e-06,2.4925469602590523e-06,3.15103804909722e-08,-6.019694570630237e-09,0.00898601203084247,0.004992518912957796,0.12641726385109747,-0.02415055943410167
54.50581,0.0010008,8.00600835729147e-06,5.917063790739649e-06,0.0010008285253397752,-7.453889935837843e-20,-1.5184034079959453e-08,-7.414103802770038e-09,-2.3508205405641409e-07,-1.485940342146895e-07,1.896329557319125e-08,1.587231620258262e-08,1.1241369197532234e-06,-4.995593080559725e-07,1.2130403504674496e-09,1.934361133285486e-08,5.295285249730002e-07,-4.4703901680150994e-07,-5.172246907307825e-09,-1.3571804542554382e-08,-2.960278014132582e-07,-4.8102899497275396e-08,7.380818071269871e-09,3.6318745066250227e-09,-6.625327695631709e-07,-1.312942316576926e-06,-7.177339686086835e-09,-1.2516975465116043e-08,-9.226713795716443e-07,4.460968225138674e-07,1.9787825151441086e-08,1.3951510476746175e-08,4.994243007219051e-07,2.2241758451072736e-08,2.7065469112508503e-08,8.717427503319684e-09,1.5081861685244873e-06,1.6638680105290967e-06,-1.3678689492827548e-08,-5.757560759237418e-09,-5.495627967324546e-07,1.0133896750156458e-06,1mV,2,29,1.5556011159732281,8.00600835729147e-06,5.917063790739649e-06,-1.5184034079959453e-08,-7.414103802770038e-09,0.007999380667705768,0.005912165411882962,-0.015158904600894986,-0.0074018335085048684
45.95588,0.0009994,7.368081493914387e-06,5.839627606904194e-06,0.0009993651958659817,2.0328790734103208e-20,2.2734924534817105e-09,-3.709543094706203e-09,1.689865343444195e-07,1.329618354988302e-06,2.1033809851581137e-08,1.893804468471308e-08,1.4796901884597053e-06,1.9208004070428428e-07,-4.559897543730617e-09,3.8341520675842264e-09,-6.919067935961288e-08,3.136476008094596e-07,-1.234283849298414e-08,-6.1684008613212825e-09,-9.493560957862415e-07,6.159079910970001e-07,4.6682157279565e-09,-2.3928878477754228e-09,-8.151652863342222e-07,3.8403927333452735e-07,4.081603576293853e-09,2.2865537081470004e-09,-2.799036504050605e-07,-4.330440182002471e-07,-5.500440826151718e-09,3.958716316752682e-09,1.221853453927879e-07,5.13928933085673e-07,3.935002849047211e-09,1.0830381675685666e-09,1.37655404119797e-06,-1.6250509798201537e-07,-3.4056545114865364e-09,-4.6816501170278515e-09,-4.826793973767307e-07,-3.7574267390913794e-07,1mV,2,28,1.6228915822909675,7.368081493914387e-06,5.839627606904194e-06,2.2734924534817105e-09,-3.709543094706203e-09,0.0073727617535546755,0.005843336981376433,0.0022763816491168072,-0.0037142572496623874
37.5,0.0010002,6.718838714298149e-06,5.412281726725941e-06,0.0010002132683044579,-9.486769009248164e-20,9.86594730659122e-10,-5.251009079032659e-09,6.1260549524223e-07,7.296242651792114e-07,1.4367078337894159e-08,6.263728972862614e-09,8.675608298474299e-08,-7.43896275953393e-07,-2.67392417058767e-09,6.580761965817141e-10,-7.549885367933338e-07,6.164805611292074e-08,-1.0704231511402114e-08,-6.839037046537293e-09,3.7085336297089244e-07,2.2144105508406507e-07,-2.395229171494262e-10,-4.329170589445692e-09,-5.1246431444594474e-09,-1.8014153000103188e-06,-6.8514875101190215e-09,-4.524861398695001e-09,-5.143449057746351e-07,-3.9499328302440113e-07,4.4989611924004927e-10,3.5563618407282683e-09,5.402710901561654e-07,2.677319139164987e-07,1.850015612078099e-08,1.2232919100998874e-08,1.3517353147926173e-06,4.82639706335049e-07,4.875941490674605e-09,-2.2455417097437862e-10,1.3543843539798482e-07,-5.164060516253177e-07,1mV,2,27,1.6075298474039825,6.718838714298149e-06,5.412281726725941e-06,9.86594730659122e-10,-5.251009079032659e-09,0.006717406104487889,0.005411127704695156,0.000986174046471022,-0.005248770047723776
30.04808,0.0009994,6.048845273017061e-06,4.952682592014128e-06,0.0009993545050476498,4.0657581468206416e-20,3.337252207479294e-09,-5.8317900242020124e-09,5.018007954861099e-07,-1.7811138960090482e-09,2.138420069449739e-08,1.329615859886579e-08,1.839570075297386e-06,-1.9057099733242696e-07,-3.5883866569971597e-09,1.0845907117789333e-09,-9.35826538454572e-07,1.4761355762948344e-08,-8.837631942129202e-09,-7.897370181540626e-09,-6.648850959945522e-07,-4.654565668429337e-07,-1.8350111494892166e-09,-3.641060612004362e-09,-6.408980332773792e-08,1.5532792758170348e-07,7.78902946513169e-09,-2.3096652023267148e-09,-3.098078182994357e-07,-4.770799619635353e-07,1.5980910997821646e-09,4.024158132755779e-09,-4.94270624128359e-07,-3.8424284686343633e-07,1.902028826698166e-09,-3.5286685446249356e-09,-1.8119288803241414e-10,-6.005506299637444e-07,-3.0942070244356776e-09,-5.778735211442668e-09,4.370108183432185e-07,-2.080248410244938e-07,1mV,2,26,1.596226025542673,6.048845273017061e-06,4.952682592014128e-06,3.337252207479294e-09,-5.8317900242020124e-09,0.00605275229407071,0.0049558815885639915,0.0033415647415176546,-0.00583932610221481
23.91582,0.0010006,5.436872797677299e-06,4.526073996578229e-06,0.001000607583585156,6.606856988583543e-20,-5.88458509275769e-11,-2.2743846788522277e-09,5.622607305690294e-07,2.799031708776567e-07,7.039690096009262e-09,2.3220812784349063e-09,5.826108384492607e-07,-1.3976202431495415e-08,-2.3752893544932353e-09,2.738626759453928e-09,-6.546956885490201e-07,-3.602197315184606e-07,-9.389041176401416e-09,-7.405742401780535e-09,-1.2245818937576902e-06,1.0619392554031351e-07,-1.4402496173422123e-09,-2.2538545249479673e-09,-9.898053784323005e-07,2.3385977221027394e-07,-4.6785646892888005e-09,-4.773062621749318e-09,-7.333220184031564e-07,-2.5674256735063157e-07,2.7766656632488745e-09,4.271899225744537e-09,7.961653686960233e-07,6.077937489670025e-07,-2.8171149506813635e-09,1.4771841813725763e-10,6.131136162662282e-08,3.216619951056966e-07,2.8092843979595847e-09,9.514768764455551e-10,-6.2513093998032e-07,4.781868134377401e-07,1mV,2,25,1.585849124201138,5.436872797677299e-06,4.526073996578229e-06,-5.88458509275769e-11,-2.2743846788522277e-09,0.005433571448856202,0.004523325698133729,-5.877440849888275e-05,-0.0022716234380394705
18.8253,0.0009992,4.843690952237471e-06,4.097840960473926e-06,0.000999184299513624,5.082197683525802e-21,-5.032235379521393e-10,-2.9255640939081006e-09,4.810108367549393e-07,4.1109873851533e-07,8.639208154697737e-09,6.001824030494354e-09,5.060381280971341e-07,8.757273880293876e-07,-4.667130702462297e-10,6.112647729830723e-11,6.011855700798885e-07,-6.178593621983488e-08,-6.6533686328213746e-09,-3.799109431337577e-09,1.5019584424616423e-07,-1.250113368551034e-07,-2.056547301648944e-09,-3.769272605946453e-09,-5.049885579743167e-07,3.689952198568533e-08,-6.6481516958912365e-09,-2.415994640879068e-09,-4.3720116078716614e-07,-1.1100619520877721e-07,7.684839624809817e-12,3.33341751869514e-09,-6.891751523410231e-07,7.73446996739375e-08,-2.219820979808671e-09,-1.9505759972592554e-09,1.926890829373507e-07,-3.0564044298755126e-07,-3.101764216754076e-11,1.6465140894377124e-09,-3.2467392776091454e-07,-3.3667255578771276e-07,1mV,2,24,1.5778334180417792,4.843690952237471e-06,4.097840960473926e-06,-5.032235379521393e-10,-2.9255640939081006e-09,0.0048476451787675704,0.004101186300133664,-0.0005040455029004955,-0.002930342708098422
15.02404,0.0009993,4.3480416389816775e-06,3.735364045205336e-06,0.000999265737739226,7.628590481209042e-20,7.10680698075508e-10,-3.184136706587952e-09,1.0329954300729342e-06,-4.127412140665235e-07,5.846304385959044e-09,3.35033256109306e-09,1.4816238624786346e-07,3.316808971362107e-07,-1.8584303695148252e-09,1.7070418076121464e-09,-3.1846988186797537e-07,6.11422339799131e-08,-5.639417713682128e-09,-2.248172697347227e-09,-2.726465051940777e-07,-1.4847512747981715e-08,-2.066123896440813e-09,-1.4296319815554336e-09,2.3374165428645933e-07,5.548306181869482e-07,3.019428440803251e-10,1.3152995313518914e-09,-3.210428910717999e-07,4.164573442477799e-08,1.7503566321317241e-10,1.6449705608231195e-09,-5.788950119808577e-07,-5.956404615284869e-08,-1.191908239712302e-09,1.6168632967920167e-09,5.831751369221093e-07,-2.999326555704858e-07,1.4672344442047156e-09,-1.338326100273533e-09,-1.4494961411140952e-07,-4.816715235996265e-07,1mV,2,23,1.5712702854428682,4.3480416389816775e-06,3.735364045205336e-06,7.10680698075508e-10,-3.184136706587952e-09,0.004351236587795794,0.003738108797421949,0.0007117255007054581,-0.0031888178445647875
11.95791,0.0009985,3.8918385895476405e-06,3.3835460175197066e-06,0.000998507708211006,-9.513238788849861e-20,-6.545378414253997e-11,-2.8010103482163895e-09,3.818917385866929e-07,-6.341641287586836e-08,5.772339665134237e-09,2.0453380375522876e-09,4.6555143951285623e-07,2.005074475950328e-08,-7.68479853942415e-10,5.517012733327352e-10,-4.1284324653329295e-07,-2.8799358238473417e-07,-7.226280625314124e-09,-4.6990254802507885e-09,-5.635741373473609e-07,1.1664039139793439e-07,-1.5165323789503903e-09,-1.8291069776291576e-09,6.98152261110282e-08,3.7392411539179345e-07,1.6658827950253695e-10,7.254327660436767e-10,6.312707505107437e-07,2.1232483011750897e-07,2.689803937105873e-09,1.8911496176708397e-09,7.093523464978332e-07,2.2636268309830462e-07,-2.969667537935356e-09,2.6198408295417437e-10,1.197501787609423e-07,-2.0174498119194052e-07,5.678633837077743e-10,6.378909313416356e-11,-6.745692936302237e-08,2.7715386105908435e-07,1mV,2,22,1.5706362774018536,3.8918385895476405e-06,3.3835460175197066e-06,-6.545378414253997e-11,-2.8010103482163895e-09,0.0038976550281424687,0.0033886028016567814,-6.564957458743383e-05,-0.0028093889480088293
9.52744,0.0010002,3.490812583264004e-06,3.0711684110312676e-06,0.001000213208170186,5.844527336054672e-20,8.113884889778769e-10,-3.6307395650688924e-09,6.421495523822113e-07,1.471606293663712e-07,4.671063818100714e-09,1.688449430738897e-09,3.7401034159334046e-07,-2.527739765599354e-07,-1.330051307250221e-09,5.937206273848178e-10,-1.6546860970184903e-07,-4.0041001655789325e-07,-3.461324529305314e-09,-2.1148876830986934e-09,-3.34084697921535e-07,-2.1815862311782567e-07,-1.069975726673378e-10,-2.8088163817409176e-09,-8.173904307018421e-08,4.071914784219005e-08,4.343852600959107e-09,1.0993089847289055e-09,6.811526863515891e-07,-4.1812081542130247e-07,8.435270075798307e-11,1.70742352580442e-09,2.0107944535688645e-07,-2.091360311521788e-07,-5.648036744251306e-09,-5.592428354785547e-09,-5.94445604319764e-07,-4.6935894918393105e-07,5.721954423200919e-10,-1.6154909919377916e-10,-1.8394406914924158e-07,2.2332708043756105e-07,1mV,2,21,1.5659448218537335,3.490812583264004e-06,3.0711684110312676e-06,8.113884889778769e-10,-3.6307395650688924e-09,0.0034900684721512333,0.003070513752412585,0.0008110426102879608,-0.0036291918533854634
7.524077,0.0009992,3.1095126237959833e-06,2.769944295234729e-06,0.000999246592150831,1.0842021724855044e-19,-6.093898129976341e-10,-3.539063822827378e-09,4.364280816619403e-07,1.4404960406083815e-08,2.7466534657795803e-09,6.78948491020255e-10,6.418825656792034e-07,-7.862564017569741e-08,-3.4473452333117956e-10,-1.6767865139572947e-10,4.550012175172919e-08,-3.4882053748245256e-07,-6.4078638711754405e-09,-5.478712692843278e-09,-1.234673931470849e-06,-2.8317847922558093e-07,-8.423507044656365e-10,-1.0816032955275576e-09,-4.4997269168656326e-07,2.4073440961562266e-07,4.2127011480216743e-10,-9.129704723519656e-11,3.9909319064153845e-07,2.00527307514575e-07,1.5056966054048246e-10,2.8082900062622614e-09,-4.3207295975713566e-08,4.5735336582653484e-07,-3.3864111494496375e-09,-2.3218742203438376e-09,-5.660131019140674e-07,-3.141316325408042e-07,1.0271111960075703e-09,3.1004278096063346e-10,2.6249882674081634e-07,3.0438209196104506e-07,1mV,2,20,1.5619020602495384,3.1095126237959833e-06,2.769944295234729e-06,-6.093898129976341e-10,-3.539063822827378e-09,0.003111857121376721,0.0027720327664791477,-0.0006103090898894057,-0.003544402572378874
5.98659,0.0010012,2.783942035357511e-06,2.5053153933850288e-06,0.0010011912629584892,9.147955830346444e-20,-3.404817053649341e-10,-2.6324851063770877e-09,6.512370884193496e-07,4.610746481923405e-09,3.6833025969581586e-09,2.0277428294072393e-09,-1.759302680101137e-07,-2.0826116611460465e-07,-1.3463663792110932e-09,2.502577174267019e-10,-1.611059764073504e-08,-3.784712610275697e-07,-1.3446851119439127e-09,2.4094131898712797e-10,-2.4674611821934824e-08,9.60293901820182e-08,-8.775282897164764e-10,-1.8044495852310345e-09,2.2704996022616658e-07,-3.1097316274995934e-07,4.544511937934148e-09,1.4436883256793253e-09,4.618444301824544e-07,-4.948163183695423e-07,6.827096762904246e-10,1.273802897780042e-09,2.4885633232439673e-07,-8.679619127011444e-08,-1.9656808729975033e-09,8.532882829891844e-11,-6.469558164976514e-08,2.263935845331116e-07,-1.0207192271373666e-09,6.059251174046216e-10,-3.048925794667361e-08,1.194570854777435e-08,1mV,2,19,1.558646055308627,2.783942035357511e-06,2.5053153933850288e-06,-3.404817053649341e-10,-2.6324851063770877e-09,0.0027806295743443153,0.0025023344550389893,-0.0003396719461190508,-0.0026262243319479434
4.76372,0.0009999,2.4846069807210044e-06,2.257959203059387e-06,0.0009998708220038126,1.0333801956502464e-19,-3.2175585379840986e-10,-2.673895533763811e-09,4.594802571054987e-07,-7.204016037107574e-08,1.904027367031376e-09,1.9519069150698556e-09,5.387247367511167e-07,4.364641144349889e-08,-6.046244620713239e-10,3.548418614035584e-10,-3.203518403720944e-07,1.0494288218821052e-07,-4.8275094338406415e-09,-3.913730731108643e-09,-4.879412036896758e-07,-6.001119300640383e-08,-5.33167548228453e-10,-9.908118533940885e-10,-3.8469521429655685e-08,2.0325811184391093e-07,6.898546150373452e-10,2.7371899464989196e-10,-2.669699183117025e-07,-7.91130470489946e-08,6.884515384012012e-10,6.455864168015686e-10,-1.8077882587555925e-07,-2.2922154697579504e-07,-4.3256148776281474e-09,-2.8887260182679664e-09,-4.985829561090405e-07,-1.1555276715298182e-07,1.897859557844542e-09,-1.3183109348028914e-09,2.0517753451530477e-07,4.08061652473006e-09,1mV,2,18,1.5563247798310604,2.4846069807210044e-06,2.257959203059387e-06,-3.2175585379840986e-10,-2.673895533763811e-09,0.0024849279787379683,0.0022582509193880412,-0.0003218389974614717,-0.002674586484578523
3.76506,0.0009998,2.2125504609352795e-06,2.029925974443731e-06,0.0009997608295200789,-6.776263578034403e-21,-1.2353133494257853e-10,-1.7957307445883332e-09,5.03517982712129e-07,-8.037477799286984e-08,1.37498372497076e-09,1.834205188489904e-10,-6.0786434092274295e-09,7.212821151784072e-08,-1.0130912926689742e-09,3.4989905385354507e-10,5.29031533864261e-08,8.68263331258727e-08,-4.557978335270698e-09,-2.1273281422740613e-09,-3.888414774534168e-07,2.1828360034613017e-07,-6.602466620707935e-10,-1.4841018150141624e-09,-1.970017205636103e-07,-5.914120652426517e-08,-2.9166644020817473e-10,-8.419710952810302e-10,-4.194129775691692e-08,-2.773307538599133e-07,3.24082716338137e-10,5.314506008032744e-10,8.48595832561928e-08,2.6085812073100016e-07,-2.639400236872101e-09,-1.6364669799169581e-09,-3.1006705618889156e-07,1.8797149970136177e-08,3.4052331385089125e-10,-1.9149670137841697e-10,2.0900057483730406e-07,1.2003061455032619e-08,1mV,2,17,1.554838841270585,2.2125504609352795e-06,2.029925974443731e-06,-1.2353133494257853e-10,-1.7957307445883332e-09,0.002213079764284607,0.0020304115889578996,-0.00012359044624557817,-0.0017965900244155811
3.008665,0.0009999,1.981642060367476e-06,1.832485189884231e-06,0.0009999365059023405,5.082197683525802e-20,-1.9680903735515682e-10,-2.0148652886346383e-09,4.3533781839179557e-07,1.2145947990135066e-08,1.2340040549285666e-09,2.2119302517367106e-10,2.71680695665214e-08,4.78675581138283e-08,-9.48966383496425e-10,5.49617541108158e-10,-2.352749416536719e-07,2.278536963156724e-08,-3.4411590176505377e-09,-1.8212991970718576e-09,-6.438277265888825e-07,1.1271982096690804e-07,-6.163209630526228e-10,-1.5266228515446549e-09,-9.170308843107906e-08,-1.0532519350024442e-07,1.1410243823181535e-10,-5.122933305016461e-10,-1.9040912981926624e-07,-2.330161551785145e-08,-2.860850674453214e-10,4.374577947419299e-10,1.8630721387232718e-07,-4.9426582774538166e-08,-3.52473411173648e-09,-1.8590359464137764e-09,-2.705235611827908e-07,4.880990141308678e-08,-1.3482037101453738e-10,-5.062311776625753e-10,-1.4273190261068915e-07,-5.283593308907423e-08,1mV,2,16,1.5531309800112771,1.981642060367476e-06,1.832485189884231e-06,-1.9680903735515682e-10,-2.0148652886346383e-09,0.001981767890931481,0.0018326015492659711,-0.00019683403216014193,-0.002015121177112307
2.38186,0.0010003,1.7657919263078633e-06,1.644319164156085e-06,0.0010003345300213947,-6.776263578034403e-21,1.0793685016313162e-10,-1.808145056429516e-09,6.526748172857245e-07,-1.1759831709081464e-07,1.6664287143992561e-09,4.0947995925264696e-10,6.086085066135007e-08,1.188790841371731e-07,-7.632317625752371e-10,6.52069928942489e-10,-1.612990554384183e-08,7.277962985572215e-08,-3.3026116328286372e-09,-2.3567721494055712e-09,-3.002406364727763e-07,-7.756950916254868e-08,-5.113725248352906e-10,-1.112506354650868e-09,-1.8893191475926098e-07,-5.7009304576661025e-08,1.0886284552493459e-10,-3.849933032398983e-10,-1.286009038391681e-07,-9.195677340646342e-08,3.060607527884305e-10,8.115370911741692e-10,1.1922141103974373e-07,4.846746805165904e-08,-2.373290840517908e-09,-2.1557424409301604e-09,-2.8091763753692763e-07,-3.7051142987091365e-08,1.6384594824231178e-10,-5.308770780297934e-10,1.3496928883494913e-07,-1.0934977404381544e-07,1mV,2,15,1.5520278181452938,1.7657919263078633e-06,1.644319164156085e-06,1.0793685016313162e-10,-1.808145056429516e-09,0.0017652014134412588,0.0016437692739856907,0.00010786467015113348,-0.0018069359056003943
1.890121,0.0010003,1.5754838899592414e-06,1.4758472721396421e-06,0.0010002617750008405,-8.470329472543003e-20,-2.1016585755062718e-11,-1.2945956256385554e-09,4.5012695474517383e-07,1.0661160431780013e-07,1.5228498722762993e-09,2.541283658124386e-10,2.5686827095061906e-07,1.824889975884102e-08,-6.976558740515602e-10,5.24587850043785e-10,-1.1832820683342193e-07,1.6822058687695615e-07,-2.7912924067368167e-09,-1.9094162309878366e-09,-5.720499955872114e-07,-4.327689858772587e-08,-2.087018873966771e-10,-9.81124630128062e-10,-1.4470090085133998e-07,-6.300376240320667e-08,-4.305001326844814e-10,-5.04296274229964e-10,1.1302637826515055e-08,-4.7169331713047694e-08,1.549876336400987e-10,8.627764600931586e-10,1.4516575695591917e-08,-3.844030463734001e-08,-2.0261406903166255e-09,-1.1953411687662113e-09,-2.0341638311975562e-07,-4.4184911205764516e-09,4.836327359369136e-10,-6.718791365061254e-10,2.634319526378482e-09,-1.6513400400807677e-07,1mV,2,14,1.550821145969434,1.5754838899592414e-06,1.4758472721396421e-06,-2.1016585755062718e-11,-1.2945956256385554e-09,0.0015750715755962156,0.001475461033326403,-2.1005586840604773e-05,-0.0012939181061446807
1.502404,0.0010004,1.4068048258139075e-06,1.32437449727025e-06,0.0010004392300844872,1.3552527156068805e-20,6.785688102184906e-12,-1.460046795159169e-09,4.323932986852759e-07,3.921269940874901e-08,9.437638290555868e-10,3.7466357660539335e-10,2.3181809505064452e-07,4.283310277066566e-08,-4.4179732203390774e-10,3.631642023849369e-10,-2.3718839324874193e-07,-3.8027563386937526e-08,-2.2677415140935462e-09,-1.6074043891877373e-09,-6.801911922212752e-07,-6.843581970854503e-08,-6.315171406418478e-10,-8.471661088454989e-10,-2.5216068459670935e-07,-1.7254413276178998e-07,-1.6496905709706242e-10,-7.499076726279399e-11,-1.1830968258313297e-07,1.0092436918749968e-07,3.5003735906425275e-10,9.488480093972987e-10,2.2221354629574293e-07,-3.768860846466661e-08,-1.481308739981475e-09,-7.473800052527019e-10,-4.78967130144288e-07,7.211167456292411e-08,1.2193449272248707e-11,-4.103269949492741e-10,2.019377106863146e-08,1.0942812257819561e-07,1mV,2,13,1.549924440876458,1.4068048258139075e-06,1.32437449727025e-06,6.785688102184906e-12,-1.460046795159169e-09,0.0014061871860973532,0.0013237930475381364,6.7797310705165486e-06,-0.0014587650467402888
1.195791,0.0009998,1.2557396094621627e-06,1.1884182781878359e-06,0.0009997896707744855,0.0,-1.9392940011207469e-10,-1.3631433461573698e-09,4.815509894605913e-07,-2.447107539496338e-08,9.437730413722186e-10,3.5027839144585527e-10,3.037945810933156e-07,-9.144770457985702e-08,-4.3598190811829553e-10,3.8695213850419365e-10,-9.378964578034024e-08,3.8121301390829486e-08,-1.906456530972797e-09,-1.5271172354102193e-09,-5.409589503908457e-07,3.6166238853491584e-09,-1.8961518859482785e-10,-7.858355989153622e-10,-4.591676692014959e-08,-1.353776628749968e-07,3.7194370908219637e-10,7.146242458589072e-11,-3.10194692225661e-08,-1.4508443302114309e-08,1.4966764331529419e-10,4.958282391500097e-10,2.2273889475946383e-08,-8.08603034557304e-08,-1.9983962001193465e-09,-1.1695573234970064e-09,-2.891156038653302e-07,-5.468944632718244e-08,2.2088185485538855e-10,-7.16021658801944e-10,-2.2480647776933547e-08,-5.1715802537771015e-08,1mV,2,12,1.5491338266676717,1.2557396094621627e-06,1.1884182781878359e-06,-1.9392940011207469e-10,-1.3631433461573698e-09,0.0012560037837652453,0.0011886682898686375,-0.00019401100389772376,-0.001363716944886415
0.9486946,0.0010001,1.1196885569094187e-06,1.063909876342554e-06,0.0010000589111437673,-5.759824041329242e-20,-1.6409228457791573e-10,-1.661395922345322e-09,2.7479892207510446e-07,-5.927420485714847e-08,1.5590316697810446e-09,1.277930649322942e-10,1.4531694971035865e-07,-2.937480978590711e-07,-1.928387994042888e-10,4.1461676699604945e-10,-1.299725843281558e-07,-1.1094095533896555e-07,-1.871389764408754e-09,-1.1756163031759562e-09,-5.97287674075522e-07,-1.0341653747016851e-07,-1.8511073889595535e-10,-8.065014242320716e-10,-6.048976028294471e-08,3.438092582582514e-08,4.1875920927685984e-10,1.2600600477748749e-10,-1.5098656616004115e-07,1.0786816456971662e-07,1.2386141692719418e-10,5.862166999817928e-10,-8.687059054271786e-08,-5.3818871636322605e-08,-1.4931431742318003e-09,-1.0613866957740593e-09,-3.7505431467090716e-07,-8.008709126697848e-08,4.056650240681613e-10,-1.5464863444608248e-10,2.1374548140408764e-07,7.011626258208815e-08,1mV,2,11,1.548798198433465,1.1196885569094187e-06,1.063909876342554e-06,-1.6409228457791573e-10,-1.661395922345322e-09,0.0011196225986615438,0.0010638472038869795,-0.00016407295255790373,-0.00166120019017363
0.7515633,0.001,9.982183245584338e-07,9.521144538895341e-07,0.0010000278631866507,3.3881317890172014e-21,1.5658950327211482e-10,-1.0978953618994556e-09,4.851714709750051e-07,2.6503331124916345e-08,8.37567720430388e-10,3.411645812481406e-10,1.0466653306889031e-07,-1.0014680244476259e-07,-2.895042588395621e-10,4.1893165266648224e-10,-2.4744293056978407e-07,5.1075423658635474e-08,-1.4944249622340495e-09,-1.2257206061623107e-09,-5.724613594187623e-07,-8.050899392403e-08,-1.7855688137708246e-10,-5.094040111906862e-10,-2.365760242453752e-07,6.437689686724327e-08,2.322999596293334e-10,1.5157686906550955e-11,-5.324416463766044e-09,-1.684741518936276e-08,5.385787950638093e-10,5.618732892184252e-10,2.3455565743308022e-07,-2.5876230886199238e-08,-1.295167088932057e-09,-9.905123954333067e-10,-2.4584914670899905e-07,1.2314309572415886e-07,1.2088345966041879e-11,-2.9629771584391753e-10,-1.075456733591362e-07,-4.603849913511933e-08,1mV,2,10,1.5486527481993129,9.982183245584338e-07,9.521144538895341e-07,1.5658950327211482e-10,-1.0978953618994556e-09,0.0009981905117898908,0.0009520879256859527,0.00015658077747169498,-0.0010978341827296543
0.5978954,0.0010001,8.917111062714593e-07,8.528345168270385e-07,0.001000078415784125,-7.792703114739563e-20,1.1551662152496554e-10,-9.225568246114178e-10,5.198194696985648e-07,7.458026539988847e-08,8.030117383451062e-10,2.7902447544671388e-11,1.656466681460737e-07,-2.2463179865162984e-07,-2.2336667446381294e-10,1.2343930422330359e-10,-1.5283307398840365e-07,1.0068319542307608e-07,-1.397640107619564e-09,-8.952331580802826e-10,-4.6480851797632555e-07,4.857003166853858e-08,-1.794879738049382e-10,-5.806562879032147e-10,-2.280101424984512e-07,-4.211515925169295e-08,5.645517911368737e-10,-2.767008574035879e-10,3.2010485837555366e-09,3.4248697452958516e-08,3.52894287320697e-10,4.09752652729335e-10,8.655350310392912e-08,1.6443531455534336e-08,-1.2948818202147495e-09,-9.981973756363276e-10,-4.489229905803817e-07,8.32164863814661e-08,1.8518092201654483e-10,-1.8240745312078808e-10,2.4821438925194797e-09,-5.6696254469490234e-08,1mV,2,9,1.5482206904885185,8.917111062714593e-07,8.528345168270385e-07,1.1551662152496554e-10,-9.225568246114178e-10,0.000891641187528581,0.000852767646383371,0.00011549850700277753,-0.0009224121555945384
0.4763719,0.0010005,7.974984073206614e-07,7.644034478423066e-07,0.0010005092288415287,8.809142651444724e-20,-4.495201776454657e-11,-9.41927676892767e-10,4.281132806190385e-07,-8.855970133226045e-08,5.659809490562009e-10,2.7938196526698137e-10,1.3201162039909443e-07,-4.8117620958248697e-08,-3.8302042991029313e-10,2.0192660761762242e-10,-1.823172489968178e-07,4.370959784204814e-08,-1.2900687196004949e-09,-7.28911564253899e-10,-4.757054082973953e-07,1.996408969233685e-08,-2.416672534835275e-12,-3.527619960058063e-10,1.136674867235435e-09,8.963403102133434e-08,3.7487208263508996e-10,-2.573093759245693e-11,1.5502942355845296e-08,-1.6961646516360294e-08,2.5039049386343914e-10,2.2665972160190628e-10,8.661778940429438e-08,-2.7662338392759266e-08,-8.882465351270972e-10,-9.522218022326558e-10,-8.380217548629011e-08,-1.0733992197874349e-07,-3.30769313771804e-11,-1.0704775677956169e-10,3.837666407192688e-08,3.358198748481581e-08,1mV,2,8,1.5478890986180203,7.974984073206614e-07,7.644034478423066e-07,-4.495201776454657e-11,-9.41927676892767e-10,0.0007970925048278368,0.0007640143896797385,-4.490627098302128e-05,-0.0009409690956812784
0.3780242,0.0010004,7.116957758658208e-07,6.829455855957473e-07,0.00100041197743466,5.082197683525802e-20,1.195329871972955e-10,-7.071510864097036e-10,7.145573498914277e-07,-1.228189516719579e-08,6.628382995612605e-10,4.518309484425466e-10,3.947517460634976e-07,7.516061599090028e-08,-3.1500511905674217e-10,-1.1607915060669645e-10,-2.450347679425572e-07,-1.3181434525521036e-07,-9.925112355423314e-10,-6.298325685749938e-10,-5.839617727802809e-07,3.739098058382817e-08,-1.200029428460635e-10,-4.6378543474585697e-10,-9.262379647425077e-08,-4.7765193648045323e-08,2.833020178157597e-10,3.99277317951659e-11,5.417399603102933e-08,1.264993840159307e-07,1.5526760714127448e-10,3.6912113710302906e-10,8.67954249935817e-08,6.506638577723319e-09,-9.666242407239336e-10,-6.698631657146159e-10,-2.3020616458081674e-07,9.241040698044573e-09,7.753367403757745e-11,-1.5485512631286655e-10,5.6777019045751984e-08,-3.75204674747945e-09,1mV,2,7,1.5474118524095941,7.116957758658208e-07,6.829455855957473e-07,1.195329871972955e-10,-7.071510864097036e-10,0.0007114026940089328,0.0006826643432908645,0.0001194345582403892,-0.0007065687856955457
0.3004808,0.0009995,6.355560695388388e-07,6.105433639864591e-07,0.000999450814332439,2.371692252312041e-20,9.90686735715816e-11,-5.137260150631187e-10,4.811119320923959e-07,-1.98306850713943e-07,5.919620323214114e-10,2.870212628346784e-10,3.588608283537211e-07,1.6078020210488878e-09,-2.0541907572748277e-10,1.8681953893246045e-10,-3.109051133606727e-08,1.156126257284017e-07,-7.416903885975141e-10,-5.912988912972328e-10,-4.3798541339029076e-07,-1.3447069683866455e-07,-7.527424492057527e-11,-2.464622916085442e-10,1.440881247000772e-08,-2.148523651209452e-08,1.8365989537132762e-10,1.8666099710707236e-10,1.332426301533974e-07,3.4464543914404566e-08,4.752490092496269e-11,2.592807201245686e-10,2.117689478695777e-08,-3.875668032184667e-08,-8.898432379086552e-10,-3.9502384914181907e-10,-2.7285864893859714e-07,-2.9965503400793335e-09,3.7394053602965494e-11,-8.793126943222692e-11,-2.9582961745338385e-08,3.793363996041547e-08,1mV,2,6,1.5471162349877101,6.355560695388388e-07,6.105433639864591e-07,9.90686735715816e-11,-5.137260150631187e-10,0.0006359052996153137,0.0006108788498954378,9.917757746731544e-05,-0.000514290742159619
0.238186,0.0010014,5.672431122353603e-07,5.454178430834637e-07,0.0010014161394863916,-2.710505431213761e-20,-2.7319679292300313e-11,-5.37767640930279e-10,5.055948637272866e-07,-1.304230998908376e-07,4.655088527744955e-10,3.677002885325563e-10,2.720750356040926e-08,-1.4933842960537985e-08,-2.58325390617606e-10,-4.05828188281787e-11,-2.045649207360034e-07,-2.1064536972993232e-07,-7.171173037601282e-10,-6.390991636244127e-10,-2.926261750579013e-07,2.3494972400501375e-08,-2.0935755773689214e-10,-2.228620998827733e-10,-2.0609594666770086e-07,9.252335484027311e-08,1.539757725917042e-10,1.5274288835873073e-10,4.59556287901704e-10,-3.899179886380047e-08,-6.873956196690199e-11,3.694876901786264e-10,9.294578134447032e-08,7.056103963986785e-08,-5.378165878578393e-10,-5.520440130803047e-10,-2.728151834895669e-07,-8.34759217511724e-08,1.0744698533870867e-10,-6.527308864640871e-11,-4.244247437998873e-08,3.3236541912376885e-08,1mV,2,5,1.6155718402483128,5.672431122353603e-07,5.454178430834637e-07,-2.7319679292300313e-11,-5.37767640930279e-10,0.0005664409528353409,0.0005446465476012786,-2.7242466394132734e-05,-0.0005362477622504199
0.1890121,0.0009996,5.057811441855289e-07,4.863459822637829e-07,0.000999561010348755,-3.3881317890172014e-20,1.982136977283382e-10,-3.0434045378447284e-10,7.240393800973939e-07,6.569578059326146e-08,5.203731170235164e-10,2.974312266587724e-10,3.6891183614818505e-07,-5.4824413140190654e-08,-2.389260982215913e-10,1.1570889528823522e-10,-5.089914783571656e-08,1.3782069573568258e-07,-5.744903189137409e-10,-3.66177823951284e-10,-2.875936602121581e-07,5.7186175022739995e-08,-5.255296211580746e-11,-1.7471597682582067e-10,-1.5830787154246997e-07,-3.011276309357647e-08,2.1741369615286992e-10,2.2900409401023986e-10,1.0168446095935612e-08,8.951818715822094e-08,1.3535423448326273e-10,2.2140531267627265e-10,5.0630372738655304e-08,-8.757493201860249e-08,-1.0473719496262402e-10,-1.9150659239534145e-10,-1.4009573803295947e-07,-1.0793355605379638e-07,1.0987980183776525e-10,-7.665941536779504e-12,-6.231761231006166e-08,3.918787781303774e-08,1mV,2,4,1.6011359205194562,5.057811441855289e-07,4.863459822637829e-07,1.982136977283382e-10,-3.0434045378447284e-10,0.0005060032743864806,0.0004865595768827486,0.00019838783991394805,-0.00030460783445694357
0.1502404,0.001,4.5239036851446145e-07,4.34693775406626e-07,0.0009999719992643515,4.404571325722362e-20,2.128020341079002e-12,-3.8229385477303424e-10,7.257736269504719e-07,1.0559345025356008e-07,4.502448134921945e-10,2.8858359703784173e-10,4.465700067374437e-07,1.5368705694423383e-07,-2.764784222004283e-10,-5.2053076918068836e-11,-3.749268747759354e-07,-9.565540719368108e-10,-4.927341036670339e-10,-3.8701205320490526e-10,-4.4538635891124526e-07,6.729270151978785e-08,-1.2337133048128642e-10,-2.354775208261088e-10,-1.576315224216151e-07,-4.268660688577641e-08,2.768576457921857e-10,1.1498008706630878e-10,4.663803514102807e-08,-1.7661076928221505e-10,3.666594807573116e-11,2.4313720508117796e-10,1.193758004322707e-07,-6.13678875663285e-08,-2.6615623899674463e-10,-2.1072130490904487e-10,-1.914936034204083e-07,3.9684665299324804e-08,8.239922361853506e-11,-6.460291873210107e-11,5.7587882277754056e-08,-6.147862528409874e-08,1mV,2,3,1.5899109012601091,4.5239036851446145e-07,4.34693775406626e-07,2.128020341079002e-12,-3.8229385477303424e-10,0.00045240303613228275,0.0004347059474929466,2.1281395183545726e-06,-0.0003823152646906053
0.1193355,0.001,4.037290501319514e-07,3.880922096903964e-07,0.0010000163337691918,-1.0333801956502464e-19,1.2050801854770483e-10,-6.053861565352508e-10,5.42928153976753e-07,1.1265246317153749e-07,5.618007437464277e-10,3.0014490513347737e-10,3.2666493350250864e-07,9.034364288478836e-08,-1.3181555461482057e-10,2.3789727029371014e-10,-2.4268388362030743e-08,1.4035695073268114e-07,-6.21403340214194e-10,-3.871122916063193e-10,-3.062027350467779e-07,-6.395141553276363e-09,4.669491900703673e-11,-3.439540759217942e-10,-1.1139964857447889e-07,-1.1794821154768334e-07,3.1827014288208133e-10,1.873190683310898e-10,2.1811505000964655e-07,-3.7239062000855536e-08,-9.490330146482648e-12,1.9267157000897654e-10,-2.1123062662743952e-08,-1.0157510821541129e-10,-2.4719628173582095e-10,-2.1629617770723552e-10,-2.5212909598241663e-07,-7.840216220754847e-09,8.687616476473096e-12,-1.0174966931967634e-10,-1.1499438372116829e-07,-5.975987246516433e-08,1mV,2,2,1.58092895388274,4.037290501319514e-07,3.880922096903964e-07,1.2050801854770483e-10,-6.053861565352508e-10,0.00040372245582254043,0.00038808587078535646,0.00012050408194383313,-0.0006053663805442712
0.0946587,0.0009967,3.5909960969973846e-07,3.4523493536534054e-07,0.0009967369594772431,-6.352747104407253e-20,7.441854810427636e-12,-9.12966461874046e-10,3.457491659337952e-07,1.190752558713242e-07,7.190546492954612e-10,2.4642137340448206e-10,1.5881376407650587e-07,1.7445064492263766e-07,-2.1586303211141467e-10,3.551095637460625e-10,-1.1616709013702364e-07,2.920347765189598e-08,-5.893878588283901e-10,-2.903810135757846e-10,-2.690936026643179e-07,3.1779647123470627e-09,-2.3635828080588954e-11,-3.47956913006628e-10,-6.752450943202133e-08,-9.486470165518993e-08,3.783286267698261e-10,1.6674717009512197e-10,1.1264886323970794e-07,-4.746598448884405e-08,-2.010412143510448e-11,3.376374344970382e-10,-5.692740720887501e-08,7.651385083757996e-08,-3.275027197897569e-10,-2.5824293040337473e-10,-2.2812899365745278e-07,-6.094632992914853e-08,6.574411176617413e-12,-1.9166942979090137e-10,-1.1301564382440917e-08,4.833399263543432e-08,1mV,2,1,1.5773396797632138,3.5909960969973846e-07,3.4523493536534054e-07,7.441854810427636e-12,-9.12966461874046e-10,0.000360275202284136,0.00034636513884907537,7.4906597064557015e-06,-0.0009189538446413545
1500059,0.0009914,0.00018657152685752298,2.4134825984065185e-05,0.0009913714402010425,1.0842021724855044e-19,4.263538442501841e-07,2.543698765639529e-07,1.8141709072699426e-06,-9.537781862426666e-07,-4.0883589354013055e-09,-1.6966412661420607e-07,-2.5946039354841302e-06,-2.375689537649731e-06,9.571823393243802e-08,8.99640764653527e-08,1.6646567721958025e-06,2.867260746535224e-07,8.395727455508354e-08,-9.191726851894447e-08,-8.482610094907727e-07,-4.915896822151807e-07,2.581571277051589e-08,-4.146642426073201e-08,1.2982429199341387e-06,-7.592066143557415e-07,5.102573834012942e-08,-4.87295598789079e-08,1.5328717561090049e-06,-1.1152359777850425e-06,-9.39874319517369e-08,-2.128686349934159e-08,1.5534813083026034e-06,5.810818089901344e-07,3.976282853215056e-08,-4.535385935226338e-08,-7.93247939632853e-07,-2.1193096904437152e-07,4.200989418418101e-08,-5.4367603826552316e-08,2.257455086683554e-06,1.2536099577939034e-07,1mV,1,73,-1.0102154363150146,0.00018657152685752298,2.4134825984065185e-05,4.263538442501841e-07,2.543698765639529e-07,0.188195381964693,0.024344887299931502,0.43380781980000777,0.2588170437845367
1191504,0.001185,0.00023908070702493314,1.90378684969028e-05,0.0011849616123401326,-1.0842021724855044e-19,-7.749809124764587e-09,3.291823803301465e-07,-3.6223230595100925e-06,3.7940252639278368e-06,-5.5952553100869175e-08,-1.832506465124256e-07,-5.992592373983652e-07,3.5846403399893157e-06,-4.968110634832898e-08,6.808656158628507e-08,-4.4195764678602207e-07,-9.088761802281853e-08,-3.421526392739316e-08,-5.819463750663957e-08,1.8116777191840977e-06,-2.73162144642656e-06,1.043269825880974e-07,5.497581221152382e-08,1.8774658746099545e-06,-7.508070763295226e-07,-1.8061742277934635e-08,-1.148056789193921e-07,1.546592724460502e-06,-3.2931135050050484e-06,7.765326459208484e-08,1.1585569320587255e-07,1.9201298297512294e-06,1.1777394929789779e-06,-1.2234771047799187e-08,-7.291840417178633e-09,-4.822452293537608e-07,-2.1904648232728484e-07,2.8877454631041895e-08,5.851100341290223e-08,9.691528675057236e-08,1.286114349853521e-06,1mV,1,72,2.0872089441099,0.00023908070702493314,1.90378684969028e-05,-7.749809124764587e-09,3.291823803301465e-07,0.2017624069296071,0.016066232271698414,-0.005519280210697917,0.23443800591950562
946464.9,0.0011946,0.0002505420391777862,1.6322612837463404e-05,0.0011945634122310397,1.0842021724855044e-19,-3.171910832308391e-07,3.2340214758878515e-07,-3.0754556156107498e-06,8.764980215601929e-07,-1.2299998370739376e-08,-1.7107399021636565e-07,2.428056968876211e-06,5.993879531586091e-07,1.7225063986005818e-07,-1.6040192929377882e-08,-5.743984570033265e-09,-5.589574285076186e-07,3.874122766142894e-08,2.177637893026649e-09,-1.5291911939555218e-06,-1.2248750519815238e-07,-3.170455290166144e-08,2.5975743451436064e-08,-4.035949805521539e-07,-9.849599190856383e-07,1.5018419645220582e-08,-3.640488329539945e-08,-3.9257718266602315e-07,-5.025031212221011e-08,1.290897758010266e-08,-7.292239991023443e-09,4.4196255469437143e-07,-2.2336400471010656e-06,-3.39570403093887e-08,-3.74105792250863e-08,2.539376784676432e-07,-9.396274277933809e-07,-4.2746737230987775e-08,-4.949878550433769e-08,2.0936136088758625e-06,1.9414536848584883e-06,1mV,1,71,0.8752359678013217,0.0002505420391777862,1.6322612837463404e-05,-3.171910832308391e-07,3.2340214758878515e-07,0.20973523599710672,0.013664082350369556,-0.2222811077684012,0.2266336962833197
751816.4,0.0012113,0.00026096844610096453,1.5768713321756496e-05,0.00121126835811772,0.0,-3.7421511047382226e-07,1.344985516596591e-07,-2.5930794088417242e-06,1.3107491948950063e-07,-1.1759281224024186e-07,-2.1748085704398449e-07,-2.8625971610711403e-06,3.154492532557131e-06,-3.580653417919015e-08,-6.752848137621674e-08,2.5531270564458926e-06,2.427240376832338e-06,-6.472497616580753e-08,2.7707523096558407e-08,1.0332236000983612e-06,7.489375348702595e-07,3.5189179503443365e-09,-9.675073374205542e-08,3.411907063556913e-07,2.954620234729285e-07,-3.8155370581926314e-09,3.370621794624887e-08,-9.531672382968626e-07,-1.4778011797150223e-07,1.445836769509729e-08,2.967966252110908e-08,-2.0476767855695787e-06,-2.316576547098244e-06,-5.1651395245364385e-09,1.705178287327621e-08,-1.0537076424136504e-06,-7.509267557799028e-07,-6.23350432301403e-08,-5.144212265473087e-10,-1.3451482781336362e-06,-8.448083527095048e-07,1mV,1,70,1.0674260187875946,0.00026096844610096453,1.5768713321756496e-05,-3.7421511047382226e-07,1.344985516596591e-07,0.21545056002825236,0.013018348259555522,-0.25505895458031225,0.09167203305992246
597246.1,0.0012304,0.00026900900172811094,1.4091048087983646e-05,0.0012304489978513847,5.421010862427522e-20,-2.7043876700154023e-07,1.262822740887435e-07,-7.468429343135271e-07,-1.8970358039386556e-07,2.987243535067764e-07,-2.934517583156138e-07,3.1042582667878976e-07,-5.951459886381954e-08,-1.1358073333915631e-07,6.801375312090587e-08,8.040964574531197e-07,5.219176564387507e-07,7.189041778174812e-08,6.153516146608516e-08,8.962737111920943e-07,-2.690540672142697e-06,-7.3408460963648406e-09,-6.459008687556101e-08,-7.440933664826844e-07,9.304017405102896e-07,1.271322733737934e-08,2.2994306503752638e-08,4.20822808560429e-07,-1.3440707990207168e-06,2.079777824651137e-08,4.3001316731272274e-08,-6.660527151891306e-07,-1.0761223379083132e-06,-3.598465032988805e-08,-5.5484906442940686e-08,1.3501196285055707e-06,1.625265942506304e-06,-1.2296059639239177e-08,5.7019317676693405e-08,-6.735123405920609e-07,1.4457255687264688e-06,1mV,1,69,-1.323269641029444,0.00026900900172811094,1.4091048087983646e-05,-2.7043876700154023e-07,1.262822740887435e-07,0.21862669821980074,0.01145195624734506,-0.17862478268069662,0.08340943133126141
474433.6,0.0012397,0.0002729026937345327,1.7565891652717456e-05,0.0012397244820081127,-2.710505431213761e-20,-2.972579434622638e-07,1.3844036063658472e-07,-3.1898233255401433e-06,3.7562789830762795e-07,2.0366353633720048e-07,-3.193942718868542e-08,-3.942609999653981e-06,-2.222018211522376e-07,-3.4672496278541154e-08,1.7477862299189016e-08,-2.902538915122781e-07,1.9736339054183217e-06,-8.077780067676193e-08,8.664478857728783e-08,-2.339684086252754e-06,5.540567484580857e-07,1.4226942708765147e-07,6.174280341214753e-08,1.1889211296605193e-06,-8.638655152998921e-08,-2.1025809599192448e-08,-8.77789336462098e-08,-5.792696322709323e-07,-9.891270800404386e-07,1.3183639478457474e-08,1.3476281158111605e-08,1.360671146738816e-06,5.658879237391073e-07,-1.4778567490602612e-08,-1.70743418901671e-08,-1.7986826103770242e-06,9.273497475495631e-07,-6.356541823994718e-09,6.733750901111529e-08,1.1560061030825241e-06,1.4265921730342448e-06,1mV,1,68,1.530953173387772,0.0002729026937345327,1.7565891652717456e-05,-2.972579434622638e-07,1.3844036063658472e-07,0.22013172902134143,0.014169189935060517,-0.19341186533117885,0.0900766791156991
376816.4,0.0012484,0.00027606409249662236,1.9902658207960765e-05,0.0012483589782741563,-2.168404344971009e-19,-3.734658274072688e-07,3.8564698712676625e-08,-4.367572952378714e-07,-2.2105186548092336e-06,7.91836328022353e-08,2.6793413463180024e-07,-2.4671193271511454e-06,8.805337856755773e-08,2.3106531004426262e-08,-8.076443179935939e-08,-1.2326113043283304e-08,3.9047717806144093e-07,-8.00828397769437e-08,1.8098426411177855e-09,9.868368457714136e-08,-5.647839457958338e-07,1.6900587474103423e-08,8.103271729261654e-09,2.917655333698934e-06,-2.2240785489035785e-06,-5.902246030206577e-08,-2.2608061990613935e-08,-1.929038007625143e-07,-4.845630361039073e-07,5.776665819212382e-09,-8.330393847804887e-08,-6.52787514862401e-07,4.030439375063169e-07,-2.959485294422531e-08,2.124276678636515e-08,-2.8880259794350052e-06,-6.062544577148324e-07,-5.851746497541909e-09,-1.2689661822431285e-07,4.506502711341382e-07,-1.3184722804919355e-06,1mV,1,67,2.72951587299442,0.00027606409249662236,1.9902658207960765e-05,-3.734658274072688e-07,3.8564698712676625e-08,0.22114159252355295,0.01594305688855303,-0.23964694185264954,0.02474633937493649
299355.5,0.0012592,0.0002779564279558913,2.3201302807099826e-05,0.0012592037612771617,0.0,-1.7516878451398857e-07,1.7762004038346874e-08,-7.813063344173648e-07,-1.6540720317495584e-06,1.8493953797960472e-07,4.423135564533468e-07,-4.6113666181349555e-06,1.5871170376741574e-06,-7.060554186387839e-08,-9.343114374508368e-08,-3.4049900901971315e-06,-8.168274214548518e-07,-7.621317593481974e-08,-1.315221525972417e-07,4.289727596121718e-08,-9.267918449087556e-07,-7.213594928247276e-08,4.718232120897025e-08,8.069919223507624e-07,2.9192193185574027e-06,-1.5652013822075744e-08,6.578373436611859e-08,2.4234407185762206e-07,4.6350909799542254e-07,3.861426524055337e-08,-1.0733063977149666e-08,-9.631708428547486e-07,5.928412402104058e-07,9.420128409095584e-08,6.734241473119243e-08,4.6759882989925996e-07,1.1888065490041785e-06,4.4931799274080956e-08,6.196607164701375e-08,1.3332092974354977e-06,1.1693098970106995e-06,1mV,1,66,-0.4805547744239136,0.0002779564279558913,2.3201302807099826e-05,-1.7516878451398857e-07,1.7762004038346874e-08,0.22073983298300415,0.018425376035700245,-0.11047517340187434,0.011202112759676435
237832,0.0012648,0.00027844050935607535,2.7300204912235278e-05,0.0012648353672369298,-1.0842021724855044e-19,-1.097447791635599e-07,1.175488046294757e-07,3.771435536220828e-07,1.1544427249117505e-07,-1.3629449715448496e-07,7.765685584387405e-07,-2.170792387733789e-06,3.4192235615455763e-07,9.683348532489734e-08,-1.6045720406209516e-08,1.1690787862443121e-06,7.57577102042645e-08,8.7027549739729e-08,-2.2876136044111965e-07,3.2970881512639314e-07,1.021746417764354e-06,-8.67432956313898e-08,-8.76130586031083e-08,2.2921091522223763e-07,-5.789948667549902e-07,-1.266482904281096e-09,-2.6545206947124445e-08,-2.615810006354107e-07,-5.711038084801185e-07,3.7456540534150334e-08,1.607119233928681e-08,6.045391641361641e-07,8.535963640115759e-07,8.494126690652393e-08,1.0183015725304665e-09,-3.394970761470476e-07,7.870718832874924e-07,4.161888854615055e-09,-8.354680777910928e-08,-4.931701600314472e-07,2.586023287296939e-07,1mV,1,65,-0.8291777243439669,0.00027844050935607535,2.7300204912235278e-05,-1.097447791635599e-07,1.175488046294757e-07,0.2201397245590443,0.021583998692156596,-0.06859869711739262,0.07347679686220976
188847.7,0.0012763,0.0002789981409176109,3.288911379419237e-05,0.0012762736949246778,-5.421010862427522e-20,-2.897674210900193e-07,6.75168139768931e-08,-3.4170094009916637e-06,-9.350351260089547e-07,-7.801946221402418e-07,7.712331477237912e-07,-4.703832747707836e-06,3.8306268756821304e-07,-1.8198856654772506e-09,1.524049458617024e-07,2.608733791784976e-07,4.956189320596969e-07,2.1254191606726253e-07,-4.332568515426068e-08,4.878866548846748e-07,1.694013748671161e-06,-9.057670826565983e-08,-6.581558357435862e-08,8.915103186151796e-07,-5.368662520738364e-07,-1.2131618044513942e-07,-9.653813444341151e-08,3.899239338120976e-07,3.0704438713161135e-07,-5.0276291359362837e-08,6.258422134139591e-08,-1.1601314872591445e-06,-4.886796746982135e-07,-2.6934369273641944e-08,4.022985857604697e-09,9.79477717817728e-07,-1.5387897106483583e-06,-8.918435054974447e-09,4.093665351180282e-08,1.6711324412351518e-06,1.8399811519845459e-06,1mV,1,64,-1.32785994687885,0.0002789981409176109,3.288911379419237e-05,-2.897674210900193e-07,6.75168139768931e-08,0.21860369137677527,0.02576964010539558,-0.17789425348559335,0.0414499779684127
150058.6,0.0012927,0.0002802074502079717,3.932254896341662e-05,0.0012927000662566893,-1.3552527156068805e-19,-1.9398646818651708e-07,-2.0192488767275977e-07,-3.7521653745500215e-07,-1.4576875512610578e-06,-1.3655790572699848e-06,-1.0846862815268194e-07,-3.875726074151491e-06,-5.516684883621142e-06,-6.610342613373735e-08,3.035986727301697e-07,2.54617065262963e-07,1.5299569788753247e-06,4.83929481504261e-08,2.7746239141024753e-07,-7.996875664610227e-07,4.3490042165318406e-07,5.617131599832978e-08,-1.979828266899408e-08,-6.087674694460722e-07,5.947682737639689e-07,1.4523255048699802e-07,-2.2697861656261568e-08,2.904833842540618e-07,2.2073334735894704e-06,-6.918486553272449e-08,-3.624701479101545e-08,-1.0737918049827159e-06,-1.7153687528867042e-06,-6.745812298713065e-08,-8.396012603866433e-08,1.4447610255659193e-06,5.07071160014458e-07,-5.2352296123407485e-08,9.995355054972759e-08,-3.036100801719897e-07,-6.301082446273998e-08,1mV,1,63,1.4154213806923412,0.0002802074502079717,3.932254896341662e-05,-1.9398646818651708e-07,-2.0192488767275977e-07,0.21676137993817612,0.030418927011649458,-0.1160849434085327,-0.1208354344372556
119238.3,0.0013184,0.00028296875583549806,4.705937447562648e-05,0.0013183621884993127,-2.710505431213761e-19,-2.73718403500666e-07,-4.865618314230302e-07,-2.42007712172008e-06,-1.1476178692209263e-06,-2.909244071654944e-07,-1.7077817615824133e-06,2.4676728722114257e-06,-4.675351029189406e-06,-4.09287096215249e-07,2.5200200184104616e-07,-9.530462544532504e-07,3.469606447614161e-06,-4.7513591234385196e-07,-2.9052161679787255e-07,1.715136099340448e-06,-6.522600482206916e-07,-1.2448271132884847e-07,-2.713995397694453e-07,-2.2225619664474837e-06,-1.6214895359103375e-06,-2.41749177126259e-07,-3.768899760071114e-08,1.1259370734668373e-06,-6.33704823939395e-07,-6.056984274092206e-08,9.971928731609713e-08,-1.4921877756646872e-06,-1.9449926106279056e-06,-9.830875069481895e-08,1.3976796025597238e-07,1.9647392156618966e-06,5.636500916068411e-07,4.789886267350864e-08,6.350848323149918e-08,7.218019460144318e-07,-5.666700091997841e-07,1mV,1,62,2.9005006834445126,0.00028296875583549806,4.705937447562648e-05,-2.73718403500666e-07,-4.865618314230302e-07,0.21463658340929853,0.035695330832564355,-0.15748330515364364,-0.2799423217223405
94746.09,0.0013152,0.0002786535001465008,5.7114199464060675e-05,0.0013152003708924748,1.0842021724855044e-19,-1.0135558530870592e-07,-3.721230391270672e-08,1.0446045201105982e-06,4.411273268906685e-07,6.153570084200639e-07,4.616073854405422e-07,-1.6788179673206235e-07,2.6816471402473935e-06,1.2723810866828746e-07,1.550448640363111e-07,-1.061087527174754e-06,1.5773374725116415e-06,-8.773474214348251e-08,3.4075590884279325e-07,9.608112642098128e-08,2.1322115703635532e-06,-9.319384895077492e-08,-1.0701348325733347e-07,-1.8129189244753389e-06,4.95197639947786e-07,-3.789382612566495e-08,3.086036840188854e-08,-1.9443709212730362e-06,-2.5842151555303496e-07,5.7271442413832775e-08,-7.600923909880191e-09,2.067101197782634e-06,6.371248229256971e-07,-1.0147649192047394e-07,-3.208866732163345e-08,1.592205386123777e-06,3.832652424802998e-08,5.436967223853231e-08,7.016918612378179e-09,1.0532329802953206e-07,-1.4845988571811834e-07,1mV,1,61,0.9598797286767832,0.0002786535001465008,5.7114199464060675e-05,-1.0135558530870592e-07,-3.721230391270672e-08,0.21187151882979685,0.04342623430474235,-0.05859544281195731,-0.021513086024583288
75292.97,0.0013018,0.00026757215995525845,6.826762995655722e-05,0.0013018049673637672,1.0842021724855044e-19,-6.996720723958518e-08,-1.7338070986802137e-08,8.166745672438975e-07,8.005170049665086e-08,-2.1457760495321096e-07,8.924773664774584e-08,7.430104478478393e-07,1.1710503400688337e-06,6.995422741211893e-08,-7.625241041021193e-08,5.095481164644236e-07,-6.913768897170461e-07,1.0110912830401472e-08,3.025432990886286e-08,-1.223423683898291e-06,2.257722385602636e-06,-1.671725735385215e-08,1.6817556620912585e-08,-9.337944163855713e-07,-1.3879246779543551e-06,-6.238416727824258e-08,4.13344815323745e-09,-1.7050188549478548e-06,-2.578004116184899e-08,-6.984833639332006e-08,-7.678946968830994e-08,-2.4804598490588092e-06,1.1129721198894892e-06,-8.446718240364477e-09,5.6585237744651856e-08,1.336322796956353e-06,-3.627764345540622e-07,-5.3540441968569245e-08,-1.434409268370173e-09,-1.2394355506584258e-06,-1.6228724499907853e-06,1mV,1,60,-1.4493651958699743,0.00026757215995525845,6.826762995655722e-05,-6.996720723958518e-08,-1.7338070986802137e-08,0.2055393600910189,0.05244075085594674,-0.04128598881151654,-0.010230784291893311
59824.22,0.0013174,0.0002592211281107459,8.086863573343386e-05,0.0013173929198792215,-5.421010862427522e-20,-5.869900385173489e-08,-6.7682624083652435e-09,8.226513141597076e-07,-5.877351717991306e-07,-1.53618509396131e-08,-1.0593452436165399e-07,3.295800766799299e-07,-1.6791725287351435e-06,2.8531683841817794e-08,1.0681257064635788e-08,1.4696791173472376e-06,-1.6021749264838144e-06,-5.9577886578572144e-08,2.882539453900763e-08,1.421842671279252e-06,3.4182837743830967e-07,2.5474161388570887e-08,-7.64213116196178e-09,-1.0671889605660665e-06,-1.5612485012329614e-06,5.34400976975755e-08,2.4545776756204067e-08,6.045716831767601e-07,-1.4386237942295384e-08,-1.6816901032717312e-08,-3.9976243282437036e-08,1.5481018326818216e-06,2.5386815920384565e-07,2.6375230186702983e-08,-3.562400053956139e-08,7.012425088946828e-07,-1.2859947158884366e-08,1.0158936941413059e-08,-3.158603243945868e-08,1.9672821674327335e-06,7.70759945269873e-07,1mV,1,59,-0.22049845989790234,0.0002592211281107459,8.086863573343386e-05,-5.869900385173489e-08,-6.7682624083652435e-09,0.19676827178827655,0.061385357787445756,-0.033822061975894116,-0.0038998377421029778
47519.53,0.0013377,0.00024802964392085433,9.428713532146883e-05,0.0013376759731386927,-5.421010862427522e-20,-3.372500520249322e-08,-7.540999615647491e-08,-9.047973877462173e-07,7.172933715123551e-07,-1.6275268417349135e-07,-1.8471387850634558e-07,-6.982825155504327e-07,6.79913744206927e-08,7.349674354685994e-08,-7.779894041632911e-08,-2.2142478601576967e-07,-6.828167505983112e-07,-9.164196536243437e-08,-3.307375208698296e-08,-9.784578384911923e-07,-5.832571021128931e-07,-3.193496556354239e-08,2.9247508139056155e-08,-1.2759442553205897e-06,1.6585281561129041e-06,-5.9588804707773996e-08,-5.1018611603676444e-08,9.362461043575112e-07,3.316587298294888e-08,-3.449432134127527e-08,-1.2421524986509757e-08,9.688052178676774e-07,-8.830005521417342e-08,3.8086522487226787e-08,7.420516090885653e-08,1.3864040441431677e-06,-1.4039780696779402e-06,2.7147263959546672e-08,3.526588608686583e-08,-8.262104265084956e-08,-4.936474251973389e-07,1mV,1,58,1.3636261163715078,0.00024802964392085433,9.428713532146883e-05,-3.372500520249322e-08,-7.540999615647491e-08,0.18541832917794224,0.07048578072329105,-0.018847344651655787,-0.042143156960463536
37792.97,0.0013611,0.00023389492049271407,0.00010759712911178262,0.0013610847069729583,-1.0842021724855044e-19,-6.875815429816426e-08,2.3887180595375692e-08,-4.624641216025309e-07,-1.4894111915645656e-07,-1.0815922221008026e-08,-8.875132898140057e-08,-7.500985476331457e-07,-1.5659278402499572e-06,1.5111464643497797e-08,7.0543855173934e-08,2.1752476512753328e-08,1.9681042615313717e-06,-2.7159877103302666e-08,-8.585853167509362e-08,-7.278785451507757e-07,-1.6831396070410917e-06,5.6789550061201317e-08,-1.2375149022653517e-08,1.2075848829648858e-06,-1.523444442289812e-06,-7.882907717694682e-08,1.986824151303394e-08,-2.2994445715430892e-07,-2.2883816520438915e-06,6.627320090736052e-08,-1.4302166556642493e-08,-7.203249028644956e-07,6.889193042893685e-07,9.915661194801014e-08,-2.8060084354594767e-08,1.1965775108141066e-07,-1.4365807111653301e-07,5.026735087511676e-09,-2.7988083620274077e-08,-2.2430287113109953e-08,-4.6620228745229105e-07,1mV,1,57,0.6795068773525331,0.00023389492049271407,0.00010759712911178262,-6.875815429816426e-08,2.3887180595375692e-08,0.17184449968062204,0.0790524855363909,-0.03711537916512746,0.01289420540782192
29941.41,0.0014011,0.0002169798825686176,0.00011961513857852325,0.0014010968520600348,0.0,-1.6650329124016104e-07,-5.965796528737597e-08,2.1341547079621197e-07,1.343873346269587e-06,2.9679798870568155e-08,8.51787466762992e-09,-1.0552635446516705e-06,1.489056074147039e-06,-9.482785399824633e-08,6.747266668985203e-08,-2.0325450275469804e-07,3.0808640474748383e-06,-9.457425436729242e-08,-7.3195176458851185e-09,1.452990521109256e-06,-3.873659264461238e-07,4.365541257212241e-08,8.04314709959275e-09,3.8226323423367465e-07,-2.0396885836207052e-06,3.628091049480302e-08,-2.881571140661823e-08,-9.54235995775344e-07,-8.206632399355597e-07,-5.241110035514264e-08,-1.4035997397504955e-09,-1.8757746690136284e-07,4.1947706240517337e-07,4.283732176676992e-08,6.411795559550281e-08,-5.146343753530093e-08,-9.522231181399956e-07,4.806225219276398e-08,-6.6412581833864605e-09,2.6057800344516497e-07,6.603419130477228e-07,1mV,1,56,-0.05343643478170361,0.0002169798825686176,0.00011961513857852325,-1.6650329124016104e-07,-5.965796528737597e-08,0.15486429953046554,0.0853724982699468,-0.0848177032011978,-0.03039009953282845
23847.66,0.0013957,0.00019097223358116513,0.00012385872916384786,0.0013956692885600747,2.710505431213761e-20,2.548426983297909e-08,5.078787507386013e-08,-1.1970366499006599e-06,-4.833151212341851e-08,5.695737377064365e-08,-5.424850956279011e-08,3.799648498484168e-07,1.7057781406862241e-06,2.0749482850580782e-08,-2.9767125643963496e-08,-5.968030262926012e-07,2.0414447438055066e-06,-8.418811694562002e-08,-4.161731064934914e-08,-1.6586948782604967e-06,2.5716964758897796e-07,5.511473842214994e-08,5.497806114033929e-08,-3.943551965327262e-07,-1.540158348590579e-06,-3.890007236387519e-08,-9.87432045979916e-08,1.6739104560634276e-07,9.019060749280243e-07,9.81342596958351e-08,3.3217122232208495e-08,2.232762668167231e-06,2.827600192236161e-06,-5.898230070660514e-08,-7.593507057478323e-08,1.5927856236757668e-06,-6.519967812362268e-08,5.808831277316552e-08,-6.205654752738588e-08,-1.1660594175802525e-06,-5.81129022661529e-07,1mV,1,55,1.6600007217403703,0.00019097223358116513,0.00012385872916384786,2.548426983297909e-08,5.078787507386013e-08,0.13683200966483472,0.08874504166501657,0.013082994257517766,0.026073239778797584
18925.78,0.0013585,0.00015976052599120461,0.00012041309687073882,0.0013585420389427437,0.0,-1.2251164374339909e-08,-6.449120784058611e-08,-2.0167000584944045e-07,6.152506524244245e-07,9.70026043610625e-09,6.272737619657095e-08,-9.627164243962284e-07,1.463144068072078e-06,9.967384808804426e-08,-5.6927491143934104e-08,1.5964220320406573e-06,-1.0429476456874415e-06,-8.839199437619448e-08,4.955926292287418e-08,1.440179822315903e-07,-1.6044272954411342e-06,-6.226969149092936e-08,1.967019669068383e-08,-1.3509313232936204e-06,-1.978109989372848e-06,-5.593073416128364e-08,3.551169813942121e-08,7.387107902342065e-07,-5.218331248400547e-07,7.65855861678862e-08,5.221486513603954e-08,9.604522960642757e-07,1.5750366472844667e-07,-5.460969310333911e-08,2.6378543641290505e-08,1.441437415993616e-06,2.0047776861126255e-07,-1.9532784383479758e-08,3.04293573396478e-08,1.05267208103375e-06,-1.2132174431372227e-07,1mV,1,54,0.2914216630954694,0.00015976052599120461,0.00012041309687073882,-1.2251164374339909e-08,-6.449120784058611e-08,0.11759704257332725,0.08863406020504727,-0.006637907606955311,-0.03494253003440155
15058.59,0.0012179,0.00012107991453801887,0.00010411382515631117,0.001217874801287607,-2.168404344971009e-19,4.3963066070302936e-08,6.924619380770017e-08,1.353981999222064e-06,6.337267605852551e-08,1.1366459718723025e-08,6.692668594141928e-08,-1.9997795614131608e-07,1.247355518522737e-08,6.102142522143157e-08,-9.045156072658543e-08,-4.7424922550013833e-07,4.840974035936823e-07,-2.105485826394104e-08,-5.0144153374400284e-08,-2.0737386024024793e-06,-1.3377625242215905e-06,8.406738711007366e-08,-4.237568873228936e-09,1.2053468803100189e-06,1.244186682813277e-06,4.743171851264049e-08,1.5212103987221258e-08,-4.0972658904073066e-07,1.2675204999465715e-06,8.518284650432495e-08,-8.620125456961003e-08,-1.366580214468272e-06,-3.132344426880146e-07,3.943597976547303e-08,-2.264322260994221e-08,5.053536258893425e-07,-3.6210483613177325e-07,4.128330293441439e-08,-1.34934293235942e-07,-1.8097540396489942e-06,-7.988407282779167e-07,1mV,1,53,-2.1176694663470323,0.00012107991453801887,0.00010411382515631117,4.3963066070302936e-08,6.924619380770017e-08,0.09941901615010527,0.08548811835685909,0.029640306073029983,0.04668642481783221
11863.43,0.0010668,8.835943724073523e-05,8.409214910110205e-05,0.0010667977861064629,0.0,-3.784833564485391e-08,-1.0047920600840089e-07,-2.7185040969406736e-06,2.2785221592569516e-08,3.9523054790238654e-08,9.978469519790943e-08,2.3021346773243473e-07,2.377520222041693e-07,9.069098677273658e-08,7.26793848668686e-08,3.1659260868406343e-07,-2.4955035194530625e-07,-4.0543500100702816e-08,-6.626602245500913e-08,-3.3413671056777613e-06,-1.8237208441740042e-07,5.967704220763736e-08,8.619666380998257e-08,1.5997609229193052e-06,1.118175742651171e-06,-1.3233620494458875e-08,4.729591965412917e-09,-5.97151981170159e-07,-5.26384656411917e-07,8.53300211394611e-08,-1.9337973914807407e-08,1.5437748442266443e-08,-4.5101719038097816e-07,1.5263135363889883e-08,-1.3227263657509682e-07,6.397663325113062e-07,-1.6375751766550933e-06,3.314711531011727e-08,6.611223187461687e-08,3.9315161519427085e-07,1.631651038538706e-07,1mV,1,52,-0.28562273703205565,8.835943724073523e-05,8.409214910110205e-05,-3.784833564485391e-08,-1.0047920600840089e-07,0.08282679097340877,0.07882670005157841,-0.0332569620586434,-0.08829009479465316
9432.87,0.0009456,6.57030099994849e-05,6.664499605173749e-05,0.0009455911719056954,0.0,1.6227075509686026e-08,-3.194449137297188e-08,-2.893451835828848e-07,-3.9950404561910486e-07,1.307829726883437e-07,-2.9582696040045094e-08,1.1409979582645377e-06,1.542838857422988e-07,-1.8103730362065128e-08,4.6867194123715264e-08,-1.5950036975819214e-07,6.287376852172687e-07,-8.356808858669994e-08,-1.2496319784777853e-07,-1.1114150728929577e-06,2.8678990721247046e-07,2.988671251868102e-08,2.172270439855838e-08,-2.943389230743759e-07,3.9373489784958145e-07,2.5181955989440202e-08,8.114659894740553e-08,-2.654489186746283e-08,5.121932289318247e-07,4.282065522527764e-08,4.272410221497877e-09,-4.360735478233909e-08,-4.742896731318545e-09,-1.6163300485996774e-08,-9.516500882517667e-09,-5.062515730459416e-07,-5.28214866474438e-07,4.4945189487651896e-08,-7.99610549609839e-09,1.4686237134479203e-06,-8.126025213617301e-07,1mV,1,51,1.1978584205612932,6.57030099994849e-05,6.664499605173749e-05,1.6227075509686026e-08,-3.194449137297188e-08,0.06948352729126105,0.07047971473488339,0.018148195087893792,-0.0357263920460706
7558.594,0.0009308,5.489748462565387e-05,5.800143679304287e-05,0.0009308135063873406,0.0,-5.7234238777653376e-08,-2.4824655135323123e-08,-1.3113622382081985e-06,-2.7914712801141903e-07,7.869705467021341e-08,-1.0557077629391965e-07,-6.145586691981849e-07,-9.16761400569611e-07,8.5890518487475e-09,1.1118312881109534e-07,-4.460850988723147e-07,4.273293927376165e-07,-8.369490847055938e-08,-6.424015064821347e-09,2.4329847700729925e-07,-3.937680034113364e-07,6.04538073887989e-08,-3.156357716516476e-08,-3.978136205252129e-07,1.949084520189748e-07,-5.598227412942596e-08,-4.3569833867760335e-08,-7.611114430921481e-07,4.977240157512648e-08,4.6155689054006334e-08,-6.325038282046002e-08,-2.892322677943205e-07,-6.006850825578521e-07,-3.758480217607072e-08,1.8179186271552334e-08,-4.5862632708345894e-08,4.78646705954732e-07,-4.428375789825898e-08,2.5273984150940653e-08,-4.371179770656947e-09,1.952922217864503e-07,1mV,1,50,-1.9822633306401891,5.489748462565387e-05,5.800143679304287e-05,-5.7234238777653376e-08,-2.4824655135323123e-08,0.05897796309243638,0.06231262910887185,-0.06605878144621977,-0.028652193216595505
5960.648,0.0009524,4.818552498520307e-05,5.142345579048074e-05,0.0009523572062792674,-5.421010862427522e-20,1.748581703595063e-08,2.896758026480762e-09,-1.0195811228131007e-06,1.0975548878263258e-06,1.9862576712804925e-07,2.442061544693222e-08,1.2719962497519155e-06,8.832545785517897e-07,3.5302505920395946e-08,-7.513851375936065e-08,4.5641429530062254e-07,-6.88623832703373e-07,3.949688862605796e-09,8.20761061060149e-08,4.175516081803949e-07,-1.5818053830504774e-07,-2.0042795376860905e-09,2.3966681744632576e-08,2.1223355315293928e-07,-1.1868936516650238e-07,5.007291069387486e-08,-1.186634328823951e-08,2.1759106775429543e-06,3.127559556710108e-07,-4.139632650935073e-08,6.650684155784612e-10,-6.932984542279902e-07,-2.9954953142167105e-07,7.695874697820255e-08,1.5985952194318192e-08,3.044114860007383e-07,1.959197427655942e-07,-1.7158215620046752e-08,-5.3387039571576386e-08,-1.3177499852131146e-06,-9.601625815629002e-07,1mV,1,49,2.1261005717237413,4.818552498520307e-05,5.142345579048074e-05,1.748581703595063e-08,2.896758026480762e-09,0.05059606276667711,0.05399597488361046,0.01927907465617133,0.0031938349885833645
4746.094,0.0009869,4.379577197859171e-05,4.5815007622498465e-05,0.0009868795468181406,0.0,-6.994224733325469e-09,3.7772819433333475e-08,-3.642543228584371e-07,3.7978817622081126e-07,1.927545451178634e-08,1.770704494008455e-08,7.000715075695819e-07,-7.097753381623797e-07,2.4838544972271187e-08,1.4287958311126924e-08,-2.2829231367657078e-07,3.688198067239232e-07,-8.909376655915346e-08,5.915405570967358e-08,2.805352283694005e-07,1.2224441526989932e-06,1.848029374604131e-08,-1.1616288957736182e-09,-9.462339167981823e-07,-2.1178214869056734e-07,1.7605371750535897e-08,-6.902963657118634e-08,-4.872105374670994e-07,-1.6255689849998742e-06,-3.030512197614481e-08,6.604065925928696e-08,-5.0242171051303686e-08,9.488931827905192e-07,-4.5270961981429534e-08,4.254407926073426e-08,-6.203629407814162e-07,-3.475225306980152e-07,3.4404807122693785e-08,-2.9067945508907485e-08,-9.873232861135865e-07,1.37154448002923e-06,1mV,1,48,-0.39203144205966595,4.379577197859171e-05,4.5815007622498465e-05,-6.994224733325469e-09,3.7772819433333475e-08,0.04437803186801912,0.046424113023938396,-0.007181435861778791,0.038783866750312625
3761.574,0.0009585,3.785378293349919e-05,3.830603963866935e-05,0.0009584971169941686,-5.421010862427522e-20,1.6286637447862648e-08,7.883299237136792e-08,-7.315268139229477e-07,2.687555661372594e-07,2.821905816511811e-08,1.5816808358121635e-07,1.053898729808418e-07,-3.0858825791061957e-07,1.32586461224182e-08,-3.177243945617579e-09,1.595298950683927e-07,5.383890606945254e-08,-6.429581905569316e-08,4.521548503799867e-08,8.271235643346889e-08,1.044579009680954e-07,5.259094052608863e-08,6.250765287074512e-09,3.298917231221982e-07,3.2516706582723666e-07,9.106550618274789e-08,-8.824483909489279e-08,1.238449047873388e-07,-1.2532758185598169e-06,-2.8977572512109938e-08,-4.4362540076510075e-08,-5.1516425247192195e-09,-1.396112158255685e-06,7.774329447223462e-08,9.3859361529972e-08,6.462708468018321e-08,8.155679668943839e-07,-7.94028425202816e-09,1.5318405307479953e-08,-5.624694661231928e-07,1.5577512407589543e-07,1mV,1,47,-1.845521095856221,3.785378293349919e-05,3.830603963866935e-05,1.6286637447862648e-08,7.883299237136792e-08,0.03949285006950052,0.03996468947011179,0.017727594409740803,0.08580772546448522
2993.223,0.0012441,4.4551069665142166e-05,4.260725997790121e-05,0.001244142935246089,5.421010862427522e-20,5.072880645698822e-08,-7.730547508454582e-08,-5.5534036980271916e-08,-1.195135512069422e-06,3.903713722969738e-08,4.2331028850054134e-08,8.944254775003237e-07,2.545765862849762e-07,9.367573151964814e-09,4.0002304412423685e-09,-8.474638778704645e-07,-8.955806370415341e-07,5.745546292817566e-09,-1.1585588177221447e-08,6.202964846685076e-09,-6.920276648266394e-07,5.2293163386530515e-09,2.593437306334055e-08,-4.3467245995740265e-07,-7.319410208807482e-07,1.0124959585558053e-09,6.5735164335210985e-09,-1.2600139210799555e-07,1.2751907650724743e-07,-7.87338325602066e-09,4.328203338209151e-09,-2.604274283846588e-07,2.688656608393337e-07,7.944243110827203e-09,2.333966679442404e-09,-1.476565334500456e-06,1.3402837157562253e-07,-7.910854488102777e-09,1.7948332216939454e-08,1.9986597278978826e-06,8.045185897291548e-07,1mV,1,46,-0.20770391643232025,4.4551069665142166e-05,4.260725997790121e-05,5.072880645698822e-08,-7.730547508454582e-08,0.035808642562705266,0.03424627409830011,0.03277284083535209,-0.04994243325624485
2372.685,0.000925,3.0252509545346442e-05,2.7363847586443558e-05,0.0009250193484528887,0.0,4.697010168347851e-08,-4.42850047615999e-08,1.035438973478265e-07,-1.0868407715838165e-06,2.702407804291979e-08,-1.1898282565379767e-08,3.604256042558991e-08,-2.12791810995415e-07,-1.8746056337228366e-08,-1.1285168227674147e-09,5.498929158493943e-07,5.9238464801942505e-08,-9.861544778890139e-09,1.578018066078715e-08,-1.5019586373641509e-07,9.12498396214019e-07,2.4046614173948434e-09,1.4751812670279899e-08,-9.734528989156582e-07,7.075754895906857e-07,1.1286214790502972e-08,1.169426378786862e-08,3.0515292293700856e-07,1.1120612538550422e-07,-8.193060030842994e-09,-1.722848470095451e-09,4.855370091920047e-07,6.385553772732483e-07,-9.960240824624193e-09,1.1168998211279169e-08,9.880669608072716e-07,1.6090051405819696e-07,-1.1226243665427587e-08,-1.955092567741406e-08,1.9550444595015646e-07,-4.3692370716150896e-08,1mV,1,45,0.16497057876006496,3.0252509545346442e-05,2.7363847586443558e-05,4.697010168347851e-08,-4.42850047615999e-08,0.03270473163176998,0.0295819191589993,0.05489336657385177,-0.05175532760148036
1886.433,0.0009447,2.8386880382916036e-05,2.437112196528342e-05,0.0009446646298014188,-5.421010862427522e-20,2.5721452057915498e-08,5.645204582276723e-09,-3.595320332299646e-07,-9.593174462948175e-07,6.266859987650378e-08,-7.497946604296245e-09,7.264692353666328e-07,-1.1491669188653633e-07,3.5196730469917785e-09,1.0296121219627953e-08,4.39553620773567e-07,6.368220052136102e-07,-3.489235701190029e-08,1.477849202006087e-08,-1.7645697480753764e-07,6.576847316040736e-07,2.237264327569083e-08,-1.444006663464567e-08,4.111577693155189e-07,-1.619811749344555e-07,-3.5488216661454607e-09,4.924420919785624e-10,1.2291999624672622e-06,3.817912050582941e-07,-6.7441575609204075e-09,7.709407731845852e-09,2.444942642934804e-07,-3.354504619083252e-07,1.3614134365765168e-08,5.835884694022372e-09,-8.717073760846681e-08,-4.353138136371522e-07,2.1069036095820585e-08,-1.3028313665260616e-08,-4.266775976169301e-07,3.8131676119819087e-07,1mV,1,44,1.6079739238414252,2.8386880382916036e-05,2.437112196528342e-05,2.5721452057915498e-08,5.645204582276723e-09,0.030049691168053304,0.025798702731578464,0.028823065767444693,0.006325929911704551
1506.696,0.0009744,2.7147636905034764e-05,2.214137756580329e-05,0.0009744388681292159,3.7269449679189215e-20,2.4732940407755385e-09,7.948743145302783e-09,-3.717660715584386e-07,2.915174215774833e-07,5.1492166688218275e-08,2.8496982697594545e-08,1.0867947055174186e-06,2.687632445056619e-07,9.230781206588086e-09,1.2162061293661497e-08,-1.0502244274721905e-06,4.951739237790684e-07,-1.3286952695584265e-08,2.9091734812123266e-08,-7.303516501881224e-07,7.879438457645328e-08,2.716568341268424e-08,5.015366053312842e-09,1.2641199707646263e-06,-5.191841810592229e-07,-9.801016632917684e-09,2.829979661514185e-09,-5.79722142003425e-07,-5.04811709952909e-07,1.400730907918589e-09,7.813859417828486e-09,1.1813588045950986e-07,7.328477041614545e-07,1.5188950462569244e-08,1.272345545260624e-08,2.2373023178621137e-07,-3.179235542891769e-07,-6.373705607925488e-09,-1.454368961773613e-10,-1.415381613526633e-07,1.5590251163273548e-09,1mV,1,43,1.5482889060437581,2.7147636905034764e-05,2.214137756580329e-05,2.4732940407755385e-09,7.948743145302783e-09,0.02785976400669892,0.022722182263020342,0.002604753041437376,0.008371229842465357
1185.994,0.0009782,2.5196763345504185e-05,1.9574762729208174e-05,0.0009781638608201092,0.0,5.057398974065419e-09,4.0651960146808114e-08,-6.519541555432728e-08,-2.8531833482607527e-08,6.16463670858843e-08,1.7228235517401843e-08,1.2061501692278694e-06,-7.054521111895891e-07,-9.299559042242573e-10,9.522824071715835e-09,-1.5972021876199448e-06,9.562914135163974e-07,-2.2692111658627668e-08,4.434457355613206e-08,-6.636169328074382e-08,9.595219100860405e-07,2.1502309131319044e-10,1.0529140665346232e-08,-6.920446269697762e-07,1.5888362833553424e-07,2.5329023062213144e-09,-1.4739135167857284e-08,9.89307753865739e-07,-9.485478491283203e-07,-2.326009921744243e-08,2.522740987331717e-08,1.8327910804417222e-07,-1.1245377341476304e-08,2.1870081518010198e-08,1.0570262636801243e-08,5.545999458693045e-07,-1.240391629017468e-07,3.5355007893689336e-09,1.1867324126678693e-08,-1.2677481692326971e-09,2.9408698794401026e-07,1mV,1,42,0.01686225382222959,2.5196763345504185e-05,1.9574762729208174e-05,5.057398974065419e-09,4.0651960146808114e-08,0.025759245822452273,0.020011741910804556,0.0052857180019116245,0.042487215001795524
948.6607,0.0009567,2.292533119108001e-05,1.721437775092553e-05,0.0009566933225742992,3.3881317890172014e-21,-2.3740753422836953e-08,6.4262609643558564e-09,-9.58392233684972e-07,-3.0281340893066736e-07,4.797865697817884e-08,-5.453430646344564e-09,1.0558160843817237e-06,-2.418693326612273e-07,3.722648004600273e-08,-1.9975592136835458e-08,2.8042968558609105e-07,2.22994966634852e-07,-1.312637376540314e-08,3.4476819127811306e-08,4.431827896521873e-07,3.669347926289113e-08,3.033698751379159e-09,-2.381835759147383e-08,-1.8422191925636524e-06,-2.2170436174392804e-06,-2.2828747325372762e-09,-1.8413978058558966e-08,-1.3500777133520486e-06,-2.396444085791053e-07,3.4346257898762048e-09,6.72088964440259e-09,-4.990303481472201e-07,5.7044630463542566e-08,-1.1074840599675133e-08,1.066156698708126e-08,-4.256120507501478e-08,-7.269751657513938e-07,1.4041430772160268e-08,-1.500739994751843e-09,-2.3879419851787284e-07,5.263455490419387e-07,1mV,1,41,-0.03147765619995024,2.292533119108001e-05,1.721437775092553e-05,-2.3740753422836953e-08,6.4262609643558564e-09,0.02396309313562662,0.017993621722585628,-0.025938748117885293,0.007021224706958197
752.3148,0.0010075,2.2425472755788912e-05,1.6276542597114942e-05,0.0010074537505529342,1.0842021724855044e-19,5.007209481218419e-10,7.948234358377173e-09,-7.367935399839756e-07,6.294745563045564e-07,1.7379378883980744e-08,-5.10518454767494e-08,1.1440199375725737e-06,-2.3885729803454714e-06,-2.8617309070089617e-08,-2.377798142834958e-08,-4.7138606670373886e-07,8.742935719927795e-07,-7.863822036037325e-08,3.627357870006752e-09,-1.157838779257387e-06,1.3096364846554728e-06,1.1721214938139899e-08,-4.2253715795361616e-08,-1.1335280097663764e-06,-6.340988157285341e-07,3.4851081085894873e-09,-6.334472790781196e-08,-1.1965423583319618e-06,1.3388796084044504e-07,-2.6146807549009762e-09,-1.3645212174789728e-08,-1.953171807325443e-08,-1.4295834706111514e-06,4.279758233209151e-10,-7.341845967583735e-09,1.220670299737518e-06,7.555079622883545e-07,4.483475310441408e-09,8.508762958241447e-09,-1.7957329467141088e-06,1.326003423305051e-06,1mV,1,40,0.8270381921207167,2.2425472755788912e-05,1.6276542597114942e-05,5.007209481218419e-10,7.948234358377173e-09,0.022259555581068458,0.016156118916805528,0.0004933390860224484,0.00783105777491828
599.564,0.0009644,1.991815274959645e-05,1.4122805281955306e-05,0.0009644068267416093,-5.421010862427522e-20,-1.0788606186321846e-08,-2.7132077506359928e-08,-2.5585278716132913e-07,2.5683490748072425e-07,2.405166423748646e-08,1.2898080353660786e-08,-1.2922811678051693e-08,-1.9688614847440883e-06,-1.365062200899481e-08,1.4924800947241804e-08,-6.119432426099785e-07,-4.81272517525866e-07,-7.753909459421302e-08,-7.737051121056885e-09,-2.585292594707899e-06,-8.272423022921543e-07,-1.6424252098873054e-10,1.3872446773873476e-08,-1.178011804814752e-06,-8.482370492052029e-07,4.9631558033904325e-09,1.240807007290221e-08,3.635503559019212e-07,-1.535046473489472e-06,-6.8262610608149935e-09,2.396083279157454e-08,-3.034176287176143e-07,-1.326209102862562e-06,-3.4824246732780394e-09,-1.509615303348161e-08,3.809512774278127e-07,7.734918828625751e-07,-1.0513569067546335e-08,-2.3842297873599105e-08,-2.809772736950376e-07,-3.9963881748775407e-07,1mV,1,39,2.142254679650549,1.991815274959645e-05,1.4122805281955306e-05,-1.0788606186321846e-08,-2.7132077506359928e-08,0.02065326809941077,0.014644032881508406,-0.011599647415173213,-0.0291717509453578
474.0168,0.0009883,1.8848538951659854e-05,1.3186259292312182e-05,0.0009883342144713138,0.0,-9.263594457010943e-10,3.148889092543851e-08,-1.0428057502422829e-06,8.176381325993638e-07,2.828038941944723e-08,2.211254914169365e-08,1.1023490210396543e-06,1.7365712556549072e-08,-1.4894791012075479e-08,3.2482460892149754e-08,-3.2100988481667385e-07,-5.014093333231371e-07,-6.435326717888593e-08,1.8735941436694795e-08,3.158311720398266e-08,1.5154994158238666e-07,9.899099866075239e-09,-2.256164188044543e-08,3.754581714440589e-07,-3.1128213014054295e-07,8.37842179357363e-09,-8.818000589418077e-09,2.8976436133459407e-07,-7.044606822646758e-07,2.589234637219408e-10,1.1191564203479694e-08,4.176533089391335e-07,9.926285677844587e-08,7.434784820828511e-09,3.820132706095332e-08,-8.612672423979446e-08,1.2440836081799514e-06,-2.4713008863163115e-08,-8.89531664566162e-09,-6.832256997093848e-08,-7.791580059255073e-07,1mV,1,38,-0.05234028478461192,1.8848538951659854e-05,1.3186259292312182e-05,-9.263594457010943e-10,3.148889092543851e-08,0.01907101734987738,0.013341903072095773,-0.0009483570430042304,0.032236635168037486
377.1552,0.0010138,1.7821907164539357e-05,1.2413349118858519e-05,0.00101380990288346,0.0,-1.2439861722135421e-08,-1.9805288568425554e-08,-5.882587729979051e-07,1.5502768624900196e-07,3.60442038721973e-08,5.935935629143057e-09,5.742585425658155e-07,-1.4057033141552147e-06,1.4323385309567992e-08,6.343364980265385e-09,7.358646806398789e-07,-3.1511059841252343e-07,-4.411088483971293e-08,4.439966738460909e-08,-4.797620788482818e-07,9.544171204547345e-07,1.1940816409335895e-09,1.324267312925998e-08,4.029919973132265e-07,-3.4208964750938476e-08,1.5358041268990087e-09,-7.096283606559339e-09,6.351779528029181e-07,1.64799062892911e-07,-2.5851548879225864e-08,-1.3380635527939025e-08,-1.2203641162314654e-06,-2.042271039505895e-07,-1.581891501196405e-08,4.967821115289216e-08,-1.1212573872829961e-06,1.193510134760409e-06,-5.147618332967669e-10,-4.989988223428752e-09,-1.9799670030519904e-07,-7.617692559076599e-07,1mV,1,37,0.16608139864848406,1.7821907164539357e-05,1.2413349118858519e-05,-1.2439861722135421e-08,-1.9805288568425554e-08,0.01757914093544619,0.012244257117190011,-0.01210326367549223,-0.019269396643399203
298.2954,0.0009777,1.582743908659053e-05,1.1006128013294774e-05,0.0009777176406559583,0.0,-4.652026889839917e-09,4.695969684318837e-09,-7.001625734325918e-07,-1.476535118893531e-07,3.6792547136866424e-08,4.214217161970478e-08,-2.069813689414036e-07,9.980623755553042e-09,3.1947819236719915e-08,7.638649765759915e-10,8.76867630117407e-08,3.300352140597979e-07,-4.707776989203482e-08,2.451445910573534e-08,-9.174799853396374e-07,1.351611841432804e-06,1.7070345579005786e-08,-1.900500626203482e-08,1.1855321913075326e-06,-4.137623973489336e-07,2.347827622385465e-09,6.497957645967619e-09,3.903527828137504e-07,8.743779050543411e-08,9.30170807274216e-09,4.054561089425249e-08,6.907065983647527e-07,-3.8947917503326964e-07,1.1637373168318557e-09,-1.1492468080406075e-08,-2.5957188033003817e-08,9.301470848412493e-08,-7.793337591315544e-09,1.5923109481145106e-09,3.369414794500646e-07,3.9430858780385433e-07,1mV,1,36,-2.070657833298089,1.582743908659053e-05,1.1006128013294774e-05,-4.652026889839917e-09,4.695969684318837e-09,0.016188149245186755,0.01125695963295771,-0.004866484160865727,0.004912452707131632
236.7424,0.0010052,1.4889034235272416e-05,1.0438555891102332e-05,0.0010052078568588303,2.710505431213761e-20,-5.803662258534685e-09,1.3216180413800763e-08,4.0939213855544817e-07,1.768522556129158e-07,2.04544627166146e-08,-1.635910694418102e-08,4.0501317896953407e-07,-1.0368167013256531e-06,6.478663187835268e-09,-8.76499351338846e-09,-2.1995921014955347e-07,5.97260834227505e-07,-1.5109494703648486e-08,-9.83760425760077e-09,-1.849306466108395e-07,1.2019425693593027e-06,-5.466304550193179e-09,-1.2208677541839962e-08,-1.1895394486326328e-06,-2.6368829287665094e-07,1.7985380901616624e-08,-6.247822287991518e-09,9.07089197247146e-08,-8.390833023498263e-07,2.1053247632836244e-08,5.5319111052327794e-09,-4.106172899965113e-07,3.610348228581779e-07,-1.5211707194185648e-08,6.8595877239486e-09,5.273664127462405e-07,-3.887927911609255e-07,1.6972075899688322e-08,-6.148570756342089e-10,1.0932152014549875e-06,3.85614241732288e-09,1mV,1,35,-0.2487686150091982,1.4889034235272416e-05,1.0438555891102332e-05,-5.803662258534685e-09,1.3216180413800763e-08,0.014811896001090853,0.010384475031583747,-0.005743681932997357,0.013079592382267038
189.0121,0.0010014,1.3565262240269477e-05,9.642126577306338e-06,0.0010014293472247107,0.0,-1.0455231430964195e-08,3.1674213118101004e-08,-2.7963398692901073e-07,9.856556732349157e-07,3.8813652644921216e-09,-4.044543462956845e-09,5.878647298332984e-07,-7.671414828633832e-07,2.102376967048242e-08,8.695375304503019e-09,2.5698625585790503e-08,-3.660682244700757e-07,4.231342099811248e-09,1.344213540355551e-08,5.425491781618775e-07,5.380382456758566e-07,1.3365067930665353e-08,-2.5366341608785604e-08,4.263424810691089e-07,-7.270923874311126e-07,2.4883763399041834e-09,-1.799679914612447e-08,8.522421614781788e-09,1.782265404811609e-07,-4.253799212466748e-09,8.443041270457803e-09,3.9341271355285276e-07,-3.630914872588947e-07,1.2311725914127297e-08,6.106142500517684e-09,3.832397574868414e-07,3.2670051216925586e-07,-5.548350753973932e-09,5.5247201917043016e-09,1.0243466617102859e-07,4.693061909963675e-07,1mV,1,34,-0.3274186019878511,1.3565262240269477e-05,9.642126577306338e-06,-1.0455231430964195e-08,3.1674213118101004e-08,0.01354590044506212,0.009628364301513467,-0.010425407078161102,0.03158385998598411
149.6011,0.0009956,1.228538718998639e-05,8.825026564691403e-06,0.0009956025615954983,5.421010862427522e-20,-1.0105510986550663e-08,-2.1473341901315384e-08,-4.823697050184028e-07,-2.3100778006379497e-07,-1.116529873142183e-08,-1.17373563794129e-08,-3.3128167186567785e-07,-6.490475130192321e-07,-6.202346170970969e-09,2.2093164370116755e-09,5.639093986764425e-07,-7.38974713013617e-07,-8.972927646709219e-09,5.315716700531209e-09,2.726982841071503e-07,-5.07844455783848e-08,1.1150867526298905e-08,2.098781291684154e-09,-1.0730393233740971e-06,6.131080173439986e-08,-2.405094714580042e-08,-3.650782625899068e-08,-5.453849512470283e-07,-1.751102354614013e-07,-2.560277975966867e-08,1.156477142497545e-08,-1.19058030779008e-10,-7.047117386719106e-07,1.836617502767485e-08,-2.747368237261519e-09,3.611241243785321e-07,-2.626638064711027e-07,2.1495395573568776e-08,1.8180569282901322e-08,-1.2215587885463317e-07,3.669843983349122e-07,1mV,1,33,-1.4564801323761971,1.228538718998639e-05,8.825026564691403e-06,-1.0105510986550663e-08,-2.1473341901315384e-08,0.012339650040974683,0.008864005482819267,-0.010194977411945295,-0.02166345036230704
119.1737,0.0009836,1.1037802706483542e-05,8.08296637966383e-06,0.0009836417179458418,0.0,-7.838619702513935e-09,-5.429480388130975e-09,1.7531334372036378e-06,5.229381465046252e-07,-2.246605069569257e-08,-3.576501849039558e-08,-1.9988296942441574e-07,-1.3217612987494274e-06,3.226098417044106e-08,-2.183404425411238e-08,-5.353931175362137e-07,8.478624976096305e-08,2.8933195596795685e-08,2.531191726792714e-08,2.738156347672254e-07,7.546519027996117e-07,-1.4348490999198647e-08,-2.357555843774451e-08,-7.252582184911248e-07,-3.99640650492594e-07,-3.566496134755061e-09,-4.0882076194200914e-09,-8.874940551420505e-07,-8.440989761108115e-07,8.269679670124108e-09,1.3707101794832213e-08,6.000007105552169e-07,-1.136345106620812e-07,-5.8942827920917295e-09,3.0008244214640988e-09,1.0536233734011499e-06,3.7161974640582393e-07,1.6165189972327126e-08,2.024869798262382e-08,7.988171504005518e-07,-8.27946792895294e-07,1mV,1,32,2.4126848428233725,1.1037802706483542e-05,8.08296637966383e-06,-7.838619702513935e-09,-5.429480388130975e-09,0.011221364959524084,0.008217388742461683,-0.008101505207760559,-0.005611570060704666
94.69697,0.0010065,5.119048335267762e-06,3.1887765367533383e-06,0.0005032691336877829,-3.3881317890172014e-21,-5.022653912342541e-10,1.2068066378239924e-09,2.2208207091726943e-07,4.033032911384741e-07,-7.939824469034938e-11,-4.652523191318991e-09,8.411875122500313e-09,-3.618721848604429e-07,9.614321448709793e-09,-4.317873171678576e-09,-3.6547790658841985e-07,-6.248529284784792e-07,-1.870620482208712e-08,-5.385580849415925e-09,-8.180913075199533e-07,-3.2768817139115757e-07,-6.853165583165051e-09,-3.5544372754375462e-09,-3.679178893502095e-07,-2.61923320717345e-07,9.957972996006162e-09,-3.7096039232462817e-10,8.485579117580479e-07,1.8628616005516686e-07,2.099070442010421e-08,1.1536457369842014e-08,2.8194143527741574e-07,-2.8003936898573056e-07,2.137547928032165e-09,2.3603692091071667e-09,2.0540339929502803e-07,-5.778112474415511e-07,6.662192966760804e-09,9.42508412797504e-09,-3.0284791098044236e-07,-3.3978380665717764e-07,1mV,1,31,1.546249794364279,5.119048335267762e-06,3.1887765367533383e-06,-5.022653912342541e-10,1.2068066378239924e-09,0.010171592081869074,0.006336125788973152,-0.001983045429376085,0.0047647168788530645
75,0.0009994,4.500970556286623e-06,2.4818809982999075e-06,0.0004997142611572688,-2.668153783851046e-20,2.3744296495232248e-08,-6.92816185093056e-09,1.9548891835350648e-07,-1.8549123879275697e-07,2.1233402657080513e-08,9.772136010190968e-09,6.325373653128837e-07,4.785877005550286e-07,-1.3029844331172867e-08,-7.071105186329843e-09,-2.410658589237232e-07,-4.653488071033519e-07,-1.3334803236069525e-08,-4.407113298513524e-09,3.791040648701352e-08,1.9418954914150636e-07,-9.711694019480148e-09,1.3118771889559834e-08,-1.466275167893188e-07,-2.426267556722914e-07,-4.278797249452169e-09,-5.948158083770627e-09,-7.887845014737209e-07,-9.260406260942391e-08,1.4520502824999799e-08,-2.7211589463244095e-10,-8.700110900171683e-08,1.4144294958599476e-07,9.973047552722345e-10,-2.1983244548817103e-09,-3.4461490885584995e-07,-1.9974142050970708e-07,1.0867853131624008e-08,-3.736619191084592e-09,1.145270655431419e-08,-3.578720239199841e-08,1mV,1,30,1.564240747229943,4.500970556286623e-06,2.4818809982999075e-06,2.3744296495232248e-08,-6.92816185093056e-09,0.00900708846264063,0.004966600297842644,0.09508583379158699,-0.027744348895368403
54.50581,0.0010001,7.995277719530133e-06,5.922357603858084e-06,0.0010000883140263417,-8.470329472543003e-21,-1.639614845385645e-08,-4.741340439266186e-09,1.0907709509120754e-06,7.835484987081608e-07,7.138674882085397e-10,1.2460256009332006e-08,1.3408685084812505e-06,5.126914216093647e-07,-3.4908716042904985e-08,7.059796960669158e-09,-4.851615970559986e-07,4.4778910887901157e-07,-1.1156121519506121e-08,-1.2294111257440858e-08,1.961646342176694e-07,-2.1577663444575726e-08,8.955306882076943e-10,1.635030310900058e-08,-1.1068447253680537e-06,6.915854946652479e-07,2.5410016497428134e-08,-2.001273687338077e-08,1.0610363823942597e-06,1.045684145690745e-06,5.276647497447769e-09,-9.486751009286695e-09,3.8894896506880915e-07,1.6960000172234426e-07,2.4843805887955195e-08,-1.539657156002181e-08,2.1168276785297154e-06,-8.113307314639537e-07,-4.692304277231223e-09,2.906767201936831e-08,-5.643349749557918e-07,2.220307777461503e-07,1mV,1,29,1.5561102670071674,7.995277719530133e-06,5.922357603858084e-06,-1.639614845385645e-08,-4.741340439266186e-09,0.007994571686715602,0.005921834622799215,-0.016393252817677118,-0.004740503096462594
45.95588,0.001,7.3742137351862795e-06,5.852541441035683e-06,0.0009999704245705816,-6.098637220230962e-20,-5.951575311259843e-10,-2.3941021552602083e-09,3.236118835481694e-07,-1.3065506028776158e-07,1.405606395953825e-08,1.0049328594101532e-08,7.437656587388064e-07,6.272854997499658e-07,-2.6013713332608692e-09,2.606344706882447e-10,5.436231961208237e-07,4.645305918498138e-08,-1.2834118070705982e-08,-1.1307739689373322e-08,-2.0789328523466327e-07,-3.4541616681873643e-07,-2.6150926510272933e-09,-3.637154659625734e-09,9.18966086851358e-08,-5.420456645943052e-07,-9.337459964436296e-10,8.746832946748037e-11,1.535005004834585e-07,1.1744195092870625e-06,-2.1326654233161072e-09,8.865207414798658e-10,-1.4521933717953062e-07,5.681259172254121e-08,1.809969040789318e-08,1.0635103438846232e-08,1.283407026923199e-06,2.9131362044890357e-07,-3.2675726986394423e-09,4.140079391481224e-09,2.0749451525422048e-07,1.7196172647270047e-07,1mV,1,28,1.6226586620550685,7.3742137351862795e-06,5.852541441035683e-06,-5.951575311259843e-10,-2.3941021552602083e-09,0.00737443183717458,0.005852714537581396,-0.0005951927367669184,-0.002394243774741489
37.5,0.0010004,6.7204377981512235e-06,5.41874396088986e-06,0.0010003631391101596,-4.743384504624082e-20,3.6101837895779697e-09,-1.4482707582712623e-09,1.4771050823442071e-06,-3.32480667594461e-07,1.3946634812889497e-08,6.834358354411124e-09,6.767753751734478e-08,-6.023283578071655e-07,-2.7125596818504727e-09,2.575072028039773e-09,1.4850634963972729e-09,-7.333580971397984e-07,-9.981873724971379e-09,-9.371481266718346e-09,-1.0723892248756978e-06,7.02802915557175e-08,-2.256337976491816e-10,-6.764142522993775e-09,2.0197496044823572e-08,3.511811626111873e-07,-6.391685873489701e-09,-5.670689937581935e-09,-2.0480327703841862e-07,-2.7037147996359323e-07,-4.412233294803279e-09,2.0478043054315277e-09,7.883810399675458e-08,8.230471851063169e-07,1.7769717652062783e-08,1.3867047064274683e-08,4.0916331339837854e-07,-7.059604029233128e-08,3.6990293461404274e-09,3.630143871879229e-09,-1.1809672016742265e-07,2.968250153965544e-07,1mV,1,27,1.6078161156476292,6.7204377981512235e-06,5.41874396088986e-06,3.6101837895779697e-09,-1.4482707582712623e-09,0.006717998230251837,0.005416776917340165,0.003607563219253991,-0.0014472194834355683
30.04808,0.0009994,6.053200811439991e-06,4.957610614276649e-06,0.0009993658153019792,4.743384504624082e-20,5.998551557138613e-10,-2.7012964743768653e-09,5.787462405078834e-07,-1.0859287912237578e-07,2.298944836348056e-08,1.3759134390027291e-08,1.9325147427681496e-06,1.1194171878964611e-06,-2.6599265596420023e-09,2.5583529685926864e-09,-9.777997558648054e-07,6.484885630812199e-07,-9.925714544113951e-09,-9.06149231581398e-09,-1.1524228431307147e-06,-9.148329952756527e-07,4.49364620821069e-10,-3.0288900342637428e-09,1.7541670773213252e-07,-7.061917036107702e-07,5.817417150928696e-10,-2.242185751295544e-09,-2.725294713603623e-07,-5.06894077220207e-07,-9.123917090321967e-10,1.3853969305951424e-09,3.387025852444967e-07,3.1009182378088824e-07,6.531518944911489e-10,3.321642648827972e-09,1.9399353737472475e-08,5.13684706781513e-07,4.88071581755966e-11,8.451511299775264e-10,1.5559110629627627e-06,-1.6381143113026603e-07,1mV,1,26,1.595753515638531,6.053200811439991e-06,4.957610614276649e-06,5.998551557138613e-10,-2.7012964743768653e-09,0.006057042094851813,0.004960756650234832,0.0006006167180155662,-0.0027047259782179488
23.91582,0.0010008,5.437240278243172e-06,4.531572557744524e-06,0.0010008080978352579,2.371692252312041e-20,3.867936554405624e-09,-6.161169089592258e-09,-3.441984107094105e-07,-3.878833860270876e-07,6.528876264824629e-09,2.3592806715099525e-09,1.8655869629813525e-07,2.747618724365331e-07,-1.9982416233339404e-09,1.950406746530259e-09,1.6736340723582886e-07,-7.156304181152144e-07,-1.2014502851643889e-08,-9.680548410464108e-09,-1.7424275140216086e-06,3.201962417124207e-07,2.3261705386888012e-10,-1.26971635012402e-09,-2.235053989337319e-07,3.9576271823770826e-07,-1.2759928284413618e-09,-2.5682734859783052e-09,-9.836603453458402e-07,-6.847797599452238e-07,-4.861316322764985e-10,5.436628334030823e-09,6.144609656982306e-07,-3.149696128572477e-07,-1.2372475535532839e-09,3.178411230923583e-10,-1.6440566229415087e-07,-1.9606291145574917e-07,3.4800282589840722e-09,-1.7384214531422014e-09,9.640370975939803e-08,-1.7863884724895864e-07,1mV,1,25,1.5862446848204492,5.437240278243172e-06,4.531572557744524e-06,3.867936554405624e-09,-6.161169089592258e-09,0.0054328500039157275,0.0045279135605979706,0.00386169278148056,-0.006151223491931272
18.8253,0.000999,4.84765340623198e-06,4.096660923316158e-06,0.0009990083597664742,8.724439356719293e-20,1.450260060380214e-09,-3.1427086221212177e-09,3.725151038179556e-07,-8.386339616206103e-07,8.210569598420194e-09,6.032746639528848e-09,6.87704357870351e-07,-6.052725670352247e-07,-2.810418285905257e-09,-8.597077092751711e-10,-5.627025613282915e-07,-1.1818917517115283e-07,-5.878285234155424e-09,-3.1997540209990493e-09,-2.0927572076033364e-07,-3.0154992982650135e-07,-7.402039719470784e-10,-1.7028574918539134e-09,-7.468670760078988e-07,1.6191221612211395e-07,1.5066498347088057e-09,1.677682642520424e-09,1.0471136310747806e-07,2.484254773626999e-07,5.614531296856402e-10,-5.197283123548625e-10,4.85238935850015e-07,-6.650435023437747e-08,-4.9624266021655724e-09,-2.4147111831617657e-09,-1.5261322779291656e-07,-2.875840574716688e-07,-1.3411011224521375e-09,-6.975965972618968e-10,-1.640258080971418e-07,2.26289795419749e-07,1mV,1,24,1.5771323627606544,4.84765340623198e-06,4.096660923316158e-06,1.450260060380214e-09,-3.1427086221212177e-09,0.004852465306061258,0.004100727369562537,0.0014531406168351232,-0.0031489507781694093
15.02404,0.0009994,4.351260591062362e-06,3.73639857818647e-06,0.0009994479471873074,7.120370712856462e-21,9.313856645190229e-10,-4.4827057077182535e-09,-3.862032412680902e-09,4.0477886513725625e-07,8.110238886241731e-09,4.560078144046172e-09,4.59435561748871e-07,2.123073072593053e-07,-1.8043355380749116e-09,3.0408705682722674e-09,5.13995746799555e-08,-6.860108209106749e-08,-4.468844757375544e-09,-3.176083050468565e-09,5.356092274602391e-07,-1.45189617624387e-07,-7.497372232283254e-10,-1.4508538223609053e-09,4.493077969666434e-07,-2.58648133708674e-07,-3.958670244537984e-10,-2.0289352242233245e-09,-2.1013232615118012e-07,5.951731387865382e-08,1.6509015161289065e-09,1.979597676537755e-09,2.4704770746171964e-07,-4.1739627332813336e-07,8.169581037958749e-10,6.080963763325792e-10,-3.993373231523959e-07,5.916994059544728e-07,2.495109438698117e-09,-4.176974435748836e-09,-4.9730708858334455e-08,-5.137572825387861e-07,1mV,1,23,1.5709999363552365,4.351260591062362e-06,3.73639857818647e-06,9.313856645190229e-10,-4.4827057077182535e-09,0.004353664043543119,0.0037384624068733303,0.000932414864851592,-0.004487659189805157
11.95791,0.0009982,3.8896016800598625e-06,3.3848475029359523e-06,0.0009982381261537106,-1.7284766079908066e-20,4.868563881984501e-10,-3.317402985330415e-09,4.030483244702802e-07,-7.820430364304502e-07,3.6969991234869416e-09,2.262586591762871e-09,-4.259449063946145e-08,-1.4931531542203347e-07,-1.3497131303338509e-09,4.267984769551274e-10,-4.550628617858016e-07,-8.301076864954388e-07,-5.1482669463495576e-09,-5.1403497290266104e-09,-3.843525258567618e-07,-4.2574435683334365e-07,-1.4307562842507431e-09,-3.4397609913394256e-09,-7.75604163987082e-08,-9.297014490414895e-08,2.5024691924132137e-09,1.9497457384021983e-09,8.480690381985506e-07,-2.4425448241754948e-08,1.1281830497081188e-09,2.4431216849213088e-09,2.42315733703472e-07,-1.8187477623051106e-07,-4.2357561435076255e-09,-3.4865430492779486e-09,-4.751764185190659e-07,7.464855970712182e-07,-8.972948708143316e-10,-2.1400297557677733e-09,4.274148359587106e-07,6.671057945650179e-08,1mV,1,22,1.570970789605605,3.8896016800598625e-06,3.3848475029359523e-06,4.868563881984501e-10,-3.317402985330415e-09,0.003896466762942427,0.0033908217030119195,0.0004885764918453613,-0.003329123642821335
9.52744,0.0009998,3.4884983509319157e-06,3.074768293111947e-06,0.000999793721865535,3.134021904840911e-20,-3.657242334437953e-10,-4.5241613986556916e-09,1.7932280072633386e-07,-5.664937728155508e-07,3.939189512253145e-09,1.4314785748782072e-09,9.909295655904415e-08,-1.1367861184152453e-07,-5.481036304402962e-10,1.7428783649474028e-09,-2.2698684576862908e-07,1.4422650589446173e-07,-3.6695497552094143e-09,-3.1164244859120823e-09,-4.1384912142764666e-07,-2.616616091037157e-07,-1.865190463787508e-09,-2.3549403472054744e-09,-2.7262404430573873e-07,3.954703757498047e-07,2.9763533189121866e-09,6.573362606226873e-10,8.605011713204555e-08,-4.839638029131654e-07,6.89593968375838e-10,2.168362950720905e-09,8.26523546409971e-08,1.7935332713022682e-07,-6.091229826229016e-09,-5.889115922364645e-09,-1.3734096164966556e-07,-4.64063029857003e-07,8.975074144932741e-10,1.0781941339157169e-09,-1.195456894902017e-07,2.3757013012028437e-08,1mV,1,21,1.566341725311475,3.4884983509319157e-06,3.074768293111947e-06,-3.657242334437953e-10,-4.5241613986556916e-09,0.0034892181003323944,0.0030754026814398035,-0.0003658751619672781,-0.0045260284474795175
7.524077,0.0010004,3.111541345125715e-06,2.772359369417728e-06,0.001000427087050279,7.962109704190423e-20,3.5110878715120427e-10,-2.658735038258256e-09,5.703853666858206e-07,-9.898530042391726e-08,4.188482831968558e-09,3.09091197097343e-09,1.1338553863296292e-06,3.7114316478982325e-07,-1.4586089929059935e-09,8.103344380820821e-10,-6.392313069979063e-08,4.711255705516193e-08,-6.5057548242308995e-09,-2.8984755905331623e-09,-8.649404477794408e-07,1.5921447348094926e-07,1.588395218457705e-11,-1.9220444579247558e-09,-4.4272743368174004e-08,-1.5034972147049952e-08,2.6087279913139205e-09,2.2532109312762505e-09,1.9400065168599282e-07,1.7043326096564524e-07,-2.416686448593782e-10,7.371652680202649e-10,1.0128160046978481e-07,-9.296069431524851e-08,-2.0699086480989676e-09,-7.264492568435697e-10,4.1450504707212675e-08,-1.927145166219244e-08,1.5368077045440614e-11,-1.5763585229890667e-09,-2.2500052241369918e-07,1.9460119350856176e-08,1mV,1,20,1.5619744035333178,3.111541345125715e-06,2.772359369417728e-06,3.5110878715120427e-10,-2.658735038258256e-09,0.0031102130134240727,0.0027711758361040817,0.0003508090711396463,-0.002656465469706809
5.98659,0.0009995,2.7803485156754772e-06,2.5045459688908536e-06,0.0009994629649580588,-1.8634724839594607e-20,-7.983201460792596e-11,-2.480149282395549e-09,8.257199969153904e-07,-2.944839278690947e-07,1.899882150236066e-09,7.569265033247219e-10,3.346678143410819e-07,4.9367108322021336e-08,-1.7624123592998351e-09,5.185242360425122e-10,-3.6189792728960245e-07,-2.9969446075736184e-07,-5.9782627196186355e-09,-3.354238847568671e-09,-7.275323352832693e-07,-5.4027994861898525e-08,-5.565303103756026e-10,-1.112775645524007e-09,6.407889101857798e-08,-8.035343721198252e-08,8.55257177293409e-10,-8.98896627092682e-11,9.584114535403067e-08,1.4160549907828605e-07,1.2207403924641931e-09,4.955917599232672e-10,-1.8079087964365243e-07,-4.1591411616596327e-07,-3.5848711724591446e-09,-2.0518419042337403e-09,-4.7124611982503094e-07,9.167839749398172e-08,4.3295668556664937e-10,-1.157514337895856e-09,-3.8873457798273297e-07,-3.98103827670225e-07,1mV,1,19,1.558752179538594,2.7803485156754772e-06,2.5045459688908536e-06,-7.983201460792596e-11,-2.480149282395549e-09,0.0027818424625590315,0.0025058917205561023,-7.991782890829289e-05,-0.0024828152839554475
4.76372,0.0010008,2.487712756867025e-06,2.261507537647552e-06,0.001000840454759793,8.300922883092143e-20,-1.4580110935307844e-10,-2.5062087390884643e-09,6.032777825480728e-07,5.844353654924801e-08,2.7117712954025414e-09,1.153588911522858e-09,4.983637965620822e-07,6.585904332773082e-08,-2.9444159546891834e-10,1.689392910752538e-10,-1.4918240714969953e-07,-1.1054057815270712e-07,-2.3907597185985394e-09,-1.3248222349090822e-09,-3.1428160953590434e-07,-2.8754624230851796e-07,-8.675652645167438e-10,-2.005435759353631e-09,-2.9272494832210275e-08,9.639332445218001e-08,3.886973532868361e-09,1.381519253086004e-09,1.5253222320976193e-07,-8.360134130757572e-08,-8.332865385314822e-10,2.654568045832231e-10,-6.896693556438016e-10,-1.5291070757729102e-07,-1.896043204088211e-09,-1.156004212537558e-10,9.454593874728607e-08,2.520828120338463e-07,-5.321008091193712e-10,-1.9886767761041153e-09,-1.0498436356833253e-07,-1.1339202515401063e-07,1mV,1,18,1.5564381648131862,2.487712756867025e-06,2.261507537647552e-06,-1.4580110935307844e-10,-2.5062087390884643e-09,0.0024856237025951246,0.002259608438979743,-0.00014555633950058845,-0.002502001333904109
3.76506,0.0010001,2.2132593602300957e-06,2.030277374460074e-06,0.0010001000291724974,1.0503208545953324e-19,5.41762690252223e-10,-2.319702156910294e-09,6.637144333437292e-07,-2.3810699390306317e-07,2.6209169197606503e-09,5.065411038694863e-10,-5.597130673565973e-08,-1.5181656641682327e-07,-7.565963915117171e-10,-2.908086902848859e-10,-2.546246889334139e-07,-1.2050161988680802e-08,-4.73755295999918e-09,-1.9241883405520345e-09,-4.504365291807046e-07,1.052888456144057e-07,-9.059985268176342e-10,-1.2835596367558534e-09,-2.508816522275198e-07,1.614506401867999e-07,4.906745929059572e-10,2.5396124670698437e-10,-3.3718461327217483e-07,2.542396830143211e-07,1.7637197690526218e-10,1.008242032188199e-09,-6.726232358733926e-09,-3.48533186765285e-08,-1.804137979819585e-09,-1.6106231250893418e-09,-8.752749741214175e-08,6.247409154006201e-08,-7.106018420132156e-10,-7.302542776868812e-10,7.83078187967907e-08,-1.0866366872308745e-07,1mV,1,17,1.5544984241790945,2.2132593602300957e-06,2.030277374460074e-06,5.41762690252223e-10,-2.319702156910294e-09,0.0022130379918710637,0.0020300743078069555,0.0005416543223652269,-0.00231923815075829
3.008665,0.0009998,1.9811851137824622e-06,1.8329792065076118e-06,0.0009997851644875486,3.3881317890172014e-20,4.5845161414012085e-12,-2.560708049717925e-09,1.3302697920594526e-07,-1.587486362545499e-07,1.3532148214137072e-09,4.3009760129422287e-10,-9.570455575581979e-08,-1.9690662816895928e-07,-2.992195552286464e-10,1.6514258211015667e-10,1.138272018206797e-08,-2.1063745129349933e-07,-3.3995103983828926e-09,-1.4587188834722412e-09,-5.305849433007314e-07,6.95619260933029e-08,-4.5217860279286465e-10,-1.255855232672168e-09,1.1618799734371641e-07,2.2344885488936173e-07,4.290209715845711e-10,5.454681571907302e-10,-2.2039861472924988e-07,1.3508069896118528e-07,7.282888389745299e-10,1.2280831108447768e-09,1.2124792668738317e-07,7.619136967838601e-08,-2.5961364864073788e-09,-1.8190540524306368e-09,-3.77605803226816e-07,-9.174013916283129e-08,5.448602452070974e-10,-2.4479415984587326e-13,-2.7327056823809205e-08,-3.3707205536446745e-07,1mV,1,16,1.5533803053535702,1.9811851137824622e-06,1.8329792065076118e-06,4.5845161414012085e-12,-2.560708049717925e-09,0.0019816108341614985,0.0018333730801528012,4.58648661011744e-06,-0.0025618086664347577
2.38186,0.0010004,1.7662958925815348e-06,1.6449050841508226e-06,0.0010003986564557045,-3.7269449679189215e-20,-3.0592170814038174e-10,-1.5043439444731398e-09,3.8714694198107246e-07,2.2411430286292834e-07,1.4095952281052175e-09,3.9539624914978757e-10,1.6393481260818572e-07,9.78147631824662e-10,-1.0178141258848304e-09,4.3846110373087185e-10,-1.6733421220975705e-07,-1.3611919087853217e-08,-3.424411549122719e-09,-2.085176258477223e-09,-5.088962578241059e-07,-1.6993150793065752e-07,-2.7273133547109275e-10,-1.2128981215156037e-09,-2.815686615552549e-07,2.0737019609544664e-07,3.6555652055301877e-10,4.4749936702679895e-10,-1.0978377422760524e-07,1.0994442579324678e-07,5.147996156719288e-10,6.305178313376708e-10,2.713818021609408e-08,1.7435413030866097e-07,-2.5829325626009658e-09,-1.5569576608930849e-09,-3.248191435290062e-07,-1.0794673428823128e-07,3.1339513188834425e-10,-8.288864456005424e-10,-3.259191716024732e-09,-1.783629565923699e-08,1mV,1,15,1.5517340900513776,1.7662958925815348e-06,1.6449050841508226e-06,-3.0592170814038174e-10,-1.5043439444731398e-09,0.0017655920279214634,0.00164424959343561,-0.0003056779385927403,-0.0015031452284844302
1.890121,0.0009998,1.5741845598275399e-06,1.4760770044828543e-06,0.000999782861745924,-9.486769009248164e-20,-3.681878480776063e-10,-1.410280485090156e-09,3.384416132334322e-07,1.3200456364710779e-07,1.5950466814648807e-09,2.7949142497375095e-10,3.4839505731177095e-07,4.381632137404149e-08,-5.125407162441439e-10,1.4927538964306225e-10,-2.145938645035162e-07,5.20269877172702e-08,-2.546927985065889e-09,-1.6247868093214259e-09,-5.156857826799407e-07,1.2883008458298624e-07,-2.393934590629254e-10,-3.878398845991294e-10,-5.586208666724084e-08,1.1921095944541763e-07,4.371983437901388e-10,-3.186757629369907e-10,4.896373114713469e-08,6.431564496069612e-08,4.2676511196405206e-10,1.024754278714826e-09,1.770678418417402e-08,-9.502451278333495e-08,-1.4431750616094589e-09,-1.1400468022756159e-09,-1.8152406061810708e-07,5.265658847127318e-08,3.885188293394081e-10,-2.6932383019216926e-10,2.0014717927651818e-07,1.476179117185181e-07,1mV,1,14,1.5509530563624572,1.5741845598275399e-06,1.4760770044828543e-06,-3.681878480776063e-10,-1.410280485090156e-09,0.0015745264497518353,0.001476397586877191,-0.00036834779550478524,-0.0014108931363125388
1.502404,0.0010002,1.4069122425381723e-06,1.3253895699411214e-06,0.00100024827449788,8.809142651444724e-20,-6.264195234979207e-11,-1.1966799368678851e-09,5.012404977049266e-07,-2.0057432352914663e-07,1.1201591189508502e-09,1.578685188342935e-10,2.2140761698983956e-07,-9.474464243537113e-08,-3.2577032452138317e-10,9.27417666806904e-11,-1.9229859463957994e-07,1.2652916436291086e-08,-2.379298712003707e-09,-1.870211325134218e-09,-7.884838454847973e-07,5.8901276036896286e-08,-4.746283826109591e-10,-8.127822794667621e-10,-3.076372639968834e-07,-4.9988254925426573e-08,7.421380082879284e-11,-4.17362528858509e-10,-1.5717098044299612e-07,-1.5059485318323856e-07,5.622732655562154e-10,7.346887024650147e-10,1.5833167983641594e-07,-9.495356124986737e-08,-1.470162759689537e-09,-1.2364419693275044e-09,-3.1612304515281383e-07,9.335914318076202e-09,1.711957506133415e-10,-3.0378240345860225e-10,3.495205061685454e-08,-7.503577053524264e-08,1mV,1,13,1.549860795321119,1.4069122425381723e-06,1.3253895699411214e-06,-6.264195234979207e-11,-1.1966799368678851e-09,0.0014065630288084587,0.0013250605911881833,-6.261085913121948e-05,-0.001196085947864622
1.195791,0.0010001,1.2565115730073365e-06,1.1887460382525485e-06,0.0010000577143824986,2.710505431213761e-20,3.5365979161881484e-11,-1.1173559099804659e-09,4.503372549311886e-07,-2.9268471910891157e-07,1.1417509840547524e-09,4.00992033168613e-11,1.809153855123131e-07,-1.2392693548731375e-07,-4.096226030374223e-10,1.627801967707655e-10,-1.359201720161729e-07,-5.526350821612579e-09,-2.1424076273300047e-09,-1.5972584102995122e-09,-6.208826086125987e-07,4.9586294609555084e-08,-3.5656557375426954e-10,-8.423789722584157e-10,-1.609500733990236e-07,-9.845027866212314e-08,3.8432777673644936e-10,-1.7213410015892142e-10,6.583537055674222e-08,-7.250497918548124e-09,2.6761573916863773e-10,4.809974896229721e-10,4.412773260466436e-08,1.1343585982113079e-07,-1.976029120324169e-09,-1.2979383259090387e-09,-4.862098082919465e-07,-1.0923266670503742e-07,-1.6819563462890764e-10,-5.911180107623212e-10,-2.1580441751560727e-07,-2.1979381677890358e-07,1mV,1,12,1.5494136852544365,1.2565115730073365e-06,1.1887460382525485e-06,3.5365979161881484e-11,-1.1173559099804659e-09,0.0012564390584029336,0.001188677434468428,3.536189726396357e-05,-0.001117226946132425
0.9486946,0.0010003,1.119833412752709e-06,1.0648877044060194e-06,0.0010002868537024475,-4.0657581468206416e-20,-1.516031300072591e-11,-1.1608224901625967e-09,4.362133951084419e-07,3.356430265630251e-08,1.1725630169415935e-09,3.8214777704233657e-10,3.4910438093402776e-07,8.624433383916639e-08,-3.7884089047133397e-10,1.2003074020523164e-10,-8.114196917930726e-08,5.69154897657507e-08,-1.85155768077862e-09,-1.3746187998597724e-09,-7.735273921406429e-07,-2.1364275243312223e-09,-1.4364933967828335e-10,-7.301075933341906e-10,-1.7864181832853753e-07,3.110882579268867e-08,6.949085829621003e-10,1.8384948658946376e-10,-1.7256433272460447e-07,-1.2506665516140992e-08,2.403745537701488e-10,8.177708087109798e-10,1.567718061033305e-07,1.4470867535862217e-09,-1.6469939617122949e-09,-1.0931513996269388e-09,-2.7533594502579907e-07,-2.429191824053286e-07,1.2949875733015965e-10,-3.5929833181047497e-10,1.0478525083346148e-07,1.4795300420318366e-08,1mV,1,11,1.548684997857898,1.119833412752709e-06,1.0648877044060194e-06,-1.516031300072591e-11,-1.1608224901625967e-09,0.0011195122765112564,0.0010645823250245259,-1.5151619157867113e-05,-0.0011601568041496601
0.7515633,0.001,9.983715982146989e-07,9.52314224669639e-07,0.0009999712910850915,-1.6940658945086007e-20,-1.3843753420312648e-10,-1.2448016601571685e-09,4.892678265377196e-07,1.3429293323378222e-07,9.34380776033908e-10,4.248473578853052e-10,2.863074149479425e-07,-6.67461399283481e-08,-4.768872067097097e-10,2.4395205004288994e-10,-2.1732528201511595e-07,-1.0252332293601212e-07,-1.5463890398379772e-09,-9.692044915124494e-10,-5.293679498281048e-07,-7.042035059913494e-08,-2.702840611416746e-10,-5.104219583419504e-10,-7.643798647446256e-08,6.569930322095707e-08,5.274625212581316e-10,8.856604420401295e-11,1.6956421899102505e-07,2.3917442579106666e-08,7.925288986994702e-11,4.036145594117114e-10,1.3011185627645382e-07,-7.315388596002115e-08,-1.308530236701963e-09,-1.1388779424014286e-09,-4.054802834061261e-07,-7.119444331032841e-08,2.1134690286766106e-10,1.3776782755945214e-11,1.1607030287094267e-07,-1.6895657061334653e-07,1mV,1,10,1.5483155262546215,9.983715982146989e-07,9.52314224669639e-07,-1.3843753420312648e-10,-1.2448016601571685e-09,0.0009984002612028423,0.0009523415653626029,-0.0001384454833282201,-0.0012448731370450685
0.5978954,0.0010005,8.921469555030275e-07,8.531825760274299e-07,0.0010005182658741922,8.809142651444724e-20,-1.4446483605652157e-10,-1.0009298612351543e-09,3.706899112813314e-07,-8.143024630554219e-08,6.332886188765689e-10,4.991194070579301e-10,2.782811584757521e-07,6.28478842850759e-09,-6.252666000118429e-10,1.8788334859617184e-10,-2.2876940818311418e-07,-9.73400960839577e-08,-1.35656734341029e-09,-7.504251946719115e-10,-5.931076413012699e-07,6.177461058975333e-08,-3.569527519396654e-10,-5.969082288959835e-10,-1.1120543492120906e-07,1.2026889790183125e-08,5.189500204559021e-10,-2.0324212401277836e-10,1.2251627636082402e-07,4.036128387131436e-08,3.91052193966796e-10,4.219026039935041e-10,-3.318235498817502e-08,-6.481907695062445e-08,-1.1523024115812978e-09,-8.818834871071119e-10,-2.775630908484281e-07,-3.052718432576379e-08,7.053386286189513e-12,-1.2908341391311357e-10,-2.6413948068521115e-08,-1.2304505027329436e-07,1mV,1,9,1.5477843711108266,8.921469555030275e-07,8.531825760274299e-07,-1.4446483605652157e-10,-1.0009298612351543e-09,0.0008916848256873389,0.0008527406296595402,-0.00014431520999658992,-0.0009998931716469273
0.4763719,0.0009998,7.973117854354789e-07,7.640272440269511e-07,0.0009998283527710558,9.147955830346444e-20,2.727786856713358e-11,-8.314422176240599e-10,4.927634797276365e-07,-5.413618679830018e-08,8.841094764646349e-10,3.877266985519688e-10,2.0350053741832258e-07,2.8051163067454494e-08,-2.165533931266109e-10,2.4203088218857714e-10,-6.39977911249088e-08,-8.751622209431128e-09,-9.395457462851706e-10,-7.165894375318616e-10,-3.3221280633523425e-07,5.200048492713563e-08,-1.1548161087085908e-10,-5.194175285642596e-10,-1.0358681407318554e-07,5.913314106768362e-08,4.09041560382238e-10,-4.379903613899606e-11,1.2756627433022782e-07,-8.214178490040675e-08,5.496730721246933e-11,4.1996810832424396e-10,4.9154477530785707e-08,-1.579155735249484e-08,-1.143735542354991e-09,-6.932369123933341e-10,-2.7784109918637655e-07,1.817089352106323e-08,-1.637205941736217e-11,-1.7047127641632051e-10,3.185396337570768e-08,-3.5586977733760775e-08,1mV,1,8,1.547510945022714,7.973117854354789e-07,7.640272440269511e-07,2.727786856713358e-11,-8.314422176240599e-10,0.0007974486652891011,0.0007641584097004505,2.7287235319832252e-05,-0.000831727720636023
0.3780242,0.0010003,7.115772003808169e-07,6.830667166592046e-07,0.00100025098605488,-4.0657581468206416e-20,6.624390771392746e-11,-4.6539798684158165e-10,6.31786897950376e-07,-6.511898401410875e-08,5.592518311234458e-10,3.210674053644776e-10,1.7722615953504167e-07,5.56109342530475e-09,-3.831903283160039e-10,-1.2029130857542872e-10,-2.7519683584414783e-07,4.286987705422217e-09,-7.332983005577402e-10,-7.343899140642982e-10,-3.242119238224412e-07,-9.657122922086594e-08,-3.1726238515499723e-10,-4.68744851692942e-10,-1.6407074012830524e-07,-2.1536559523735418e-08,4.5248101277816924e-10,9.507054127686566e-12,8.823677109149306e-08,4.2242355487974085e-09,1.8902572361300219e-10,3.753830532315787e-10,9.312933646674962e-08,2.1124056047194422e-08,-1.0041712966891956e-09,-6.117999079327776e-10,-3.0295235913691555e-07,8.892094443615918e-08,7.080510628501663e-11,6.121807164035086e-11,-9.823977275870801e-08,-4.369502869591652e-08,1mV,1,7,1.5475384635266523,7.115772003808169e-07,6.830667166592046e-07,6.624390771392746e-11,-4.6539798684158165e-10,0.0007113986492403971,0.0006828953194570781,6.62106676345316e-05,-0.00046516445795466703
0.3004808,0.001,6.357840099089801e-07,6.106293354597284e-07,0.0010000277720020533,-3.7269449679189215e-20,3.938141139256181e-11,-5.713237277202108e-10,4.367130971944541e-07,-1.2750317309273128e-07,6.683262483825334e-10,2.558428087643405e-10,2.2679636388221997e-07,-1.475176914500955e-07,-2.9042045643696547e-10,-9.356416950277464e-11,-2.438121035646431e-07,9.921088848056699e-08,-8.392466082778503e-10,-6.161450452851104e-10,-5.627422920523333e-07,-3.146039472982081e-08,-2.4520737792913657e-10,-3.727875000415687e-10,-1.45233869092763e-07,1.2525586108667345e-08,2.7292525545383064e-10,1.330084175103232e-11,-2.8041702696858673e-08,3.020754877504717e-08,1.8078565136937663e-10,2.6724977031290835e-10,7.67555471432745e-08,5.441836626294829e-08,-7.73735414443743e-10,-4.1403886149605937e-10,-3.860222143633234e-07,-6.594338727784295e-09,-7.230882376314721e-12,-9.166442541622727e-12,-7.965657586029555e-08,7.160532262955414e-08,1mV,1,6,1.5470204912480914,6.357840099089801e-07,6.106293354597284e-07,3.938141139256181e-11,-5.713237277202108e-10,0.0006357663534045079,0.0006106123775315259,3.9379224082405135e-05,-0.0005712919954346419
0.238186,0.0010009,5.671598691094983e-07,5.452294257676128e-07,0.0010008600000516402,-6.776263578034403e-20,8.054224092055015e-11,-3.527037041637652e-10,4.929766784315614e-07,4.2242120296848103e-08,5.100490247497605e-10,2.622420641768166e-10,3.8300764973078115e-07,1.6585352292740053e-07,-4.290258523733611e-10,-2.3920346148798954e-11,-2.0235757616706027e-07,-2.439398629164963e-08,-7.498274020331796e-10,-5.066907185498535e-10,-3.159136194869371e-07,-4.2972557959546496e-08,-2.3564549945448247e-10,-1.6111886768025153e-10,-2.334415895592804e-07,2.499534816828313e-07,2.905576699611028e-10,1.1471717720691124e-10,1.4681952886965542e-07,-5.970986690158622e-08,8.559981570317582e-11,1.0093450165344713e-10,1.3401142763573543e-07,5.0872210145675434e-08,-2.678416870127718e-10,-4.3159324871950265e-10,-1.9231844384462373e-07,-9.345353120442006e-08,2.0219090511995546e-10,-1.494850299528293e-10,8.742409224877013e-08,-5.4699198807476385e-08,1mV,1,5,1.6152784952461963,5.671598691094983e-07,5.452294257676128e-07,8.054224092055015e-11,-3.527037041637652e-10,0.0005666725307038299,0.0005447609313385301,8.040388676029656e-05,-0.00035209783543885525
0.1890121,0.001,5.059514000766881e-07,4.86411249594587e-07,0.0009999540908999128,-2.0328790734103208e-20,6.220624223306876e-11,-5.464255823573793e-10,2.752424071476991e-07,-1.9086485182029847e-07,5.522690967442263e-10,3.5740264418836146e-10,4.747942157726877e-07,3.431015654795725e-07,-3.802952390819795e-10,-3.6503560205924814e-11,-2.3333048899198944e-07,3.051191533110145e-08,-5.2489778100077e-10,-3.8858139065388085e-10,-2.7067853478530395e-07,-8.015904896777203e-08,5.1264795259293225e-11,-1.6146255559511609e-10,-2.7305295171627497e-08,-7.748512883454205e-08,2.7678692271110365e-10,2.9594059548263825e-10,9.182973247176792e-08,1.126101059116545e-07,1.057278568408767e-10,2.0105122478683573e-10,9.683833024257074e-08,-3.2343056869088314e-08,-2.536576473651024e-10,-3.125619301530173e-10,-1.943091468273444e-07,-5.522583481145432e-08,8.328653598353494e-11,-1.1077848706144007e-10,-6.161892913164864e-08,-4.134967425738607e-08,1mV,1,4,1.601048822384004,5.059514000766881e-07,4.86411249594587e-07,6.220624223306876e-11,-5.464255823573793e-10,0.0005059746289165686,0.00048643358132255773,6.221195429162043e-05,-0.0005464757576261064
0.1502404,0.0009999,4.52369996326096e-07,4.3468538128124767e-07,0.0009999286433800196,9.486769009248164e-20,-1.935060807895994e-10,-3.516725776983893e-10,2.7338931624222103e-07,4.4091878134021414e-08,5.004613317084192e-10,4.6265485393248027e-10,4.484381814061804e-07,-7.147300105785731e-08,-8.007073492949528e-11,8.420214234068097e-11,9.36511295654447e-08,-1.8395363734853922e-08,-5.409836881851484e-10,-3.9383625358134464e-10,-3.4159500535806563e-07,5.135947473984735e-08,-7.067951052204142e-11,-1.9688119330883373e-10,3.564943707555107e-08,-1.4170292799288411e-07,2.9969626964539076e-10,3.998319424563448e-11,9.160415333118233e-08,-1.1482916053451048e-07,4.849020036900523e-11,2.3107083726220764e-10,4.221247684422712e-09,1.9033463316938647e-08,-2.188515079079904e-10,-1.4877584605981412e-10,-1.1897140345795213e-07,1.105994703915759e-08,-5.979939662036729e-11,3.879897486485799e-11,-2.5007490184496228e-08,1.4233637941399139e-07,1mV,1,3,1.589897363395274,4.52369996326096e-07,4.3468538128124767e-07,-1.935060807895994e-10,-3.516725776983893e-10,0.0004524022782235415,0.00043471640117428545,-0.00019353369962548612,-0.0003517227714037738
0.1193355,0.001,4.0352928173363964e-07,3.8813290464809733e-07,0.0009999611454640346,-2.0328790734103208e-20,-9.339796557768604e-11,-6.487906936639629e-10,4.785572892412167e-07,2.114959784321399e-07,4.4679746126759624e-10,2.26456437050136e-10,3.137436356009219e-07,4.377545659174085e-08,-1.865086906223507e-10,1.4215332941705195e-10,-1.6666480298934257e-07,2.6637178566050568e-08,-5.465651710773534e-10,-3.2721273973880253e-10,-4.611297215771985e-07,-3.6206695502389925e-08,-1.1186918443183522e-11,-2.2380978758904246e-10,-5.510872722447064e-08,-1.0383340082836888e-08,2.7917105634840627e-10,2.3114886304527247e-10,2.3297119732296294e-07,1.051521113693957e-07,7.558032561095914e-11,2.107923141910271e-10,4.213944461946698e-08,-1.1774040840298555e-08,-2.730900712792572e-10,-2.0241921169248813e-10,-1.532516063735918e-07,-5.505050653508355e-08,9.66067898627105e-11,-1.1941972380538832e-10,1.4036867677806445e-07,-2.4285625609397427e-08,1mV,1,2,1.5813615511010863,4.0352928173363964e-07,3.8813290464809733e-07,-9.339796557768604e-11,-6.487906936639629e-10,0.0004035449612858515,0.00038814798595797757,-9.34052238699349e-05,-0.0006488411135251863
0.0946587,0.0009973,3.591198543619494e-07,3.45234304567168e-07,0.0009972563022264246,-2.202285662861181e-20,8.663634740413137e-11,-8.126278519168665e-10,4.232797508794842e-07,-3.294867799433418e-08,7.626109840727359e-10,2.0175232850498906e-10,2.3469965571939651e-07,5.762949614709436e-08,-2.3737073029262535e-10,2.8216890886676124e-10,-1.052655645515279e-08,-1.4470663680153023e-07,-6.530927329777545e-10,-3.320308116845926e-10,-3.3413076415988563e-07,2.5472154574790696e-08,2.6562014858937533e-11,-4.0888131369900517e-10,-1.537203576042668e-07,8.695272311791246e-08,4.4482133353791233e-10,1.1323352447820233e-10,1.858028258178613e-07,-1.0374708048647506e-07,2.8533103441670376e-11,3.0173052022655034e-10,1.7675308290017442e-07,1.2374980416175077e-07,-3.8982259034698817e-10,-3.0831329900583366e-10,-3.3970659855170184e-07,-4.568547450231201e-08,2.7401087417400427e-11,-1.0877010279355073e-10,5.2130993432702744e-08,-1.5810595559395324e-08,1mV,1,1,1.5773473513003504,3.591198543619494e-07,3.45234304567168e-07,8.663634740413137e-11,-8.126278519168665e-10,0.0003601078815548183,0.00034618412919167833,8.711371905677604e-05,-0.0008171054818294604
1500059,0.106304,0.020422968394796563,0.004839243851803796,0.1063039937602925,3.469446951953614e-18,-5.692894846992097e-05,6.373196618537062e-05,7.484023176802446e-05,0.000661321524769133,2.5209715422862908e-05,1.7703282642375856e-05,0.00024170086956449508,-0.0001772356387006967,7.214662301004618e-07,3.6925306830699726e-07,1.1981021447422942e-05,-3.859362263165335e-06,-5.32137911576103e-07,1.5262956685335171e-06,-3.095423314358889e-05,-1.1711888879140854e-05,4.7301644352502797e-07,-9.937159945182873e-08,-1.292627570256834e-06,-3.226268365794691e-06,3.6445098668176664e-07,-1.0224005498473776e-06,-1.4409949868764767e-06,-4.379266836797568e-06,-6.840079874897915e-07,-2.073837127043676e-06,1.3329924609662047e-06,-9.21622992543374e-06,-1.497884334916518e-06,1.0734656404359275e-06,-1.0542904596644643e-05,1.1602962123908782e-05,-8.889412872785971e-07,1.9804959824076554e-07,-3.5027759053811084e-06,-3.117188199278046e-07,100mV,2,73,-1.7801010561560624,0.020422968394796563,0.004839243851803796,-5.692894846992097e-05,6.373196618537062e-05,0.19211854298577735,0.04552269092275051,-0.005037719706963335,0.005639727952909582
1191504,0.1498798,0.030580848367308504,0.005376615710019536,0.14987984294595588,6.938893903907228e-18,-7.66496801555254e-05,0.0001760854364166497,0.00021554025324465925,0.0012941175416138686,0.00018578054501327607,-2.5801508618906628e-05,0.0006890557297452871,-0.0011022719813185032,7.778545363908816e-07,5.712414603428758e-06,2.149945363564887e-05,1.3844513362821764e-05,2.7143712157136897e-07,-6.760379741001883e-06,-6.161416694346682e-05,1.4638697102598436e-06,3.4032623587028465e-06,1.1856863796219102e-06,1.4623796148661619e-05,2.8641528595346123e-06,-4.994122327113844e-07,4.808237039523439e-07,3.0603982958602024e-06,1.480586678565636e-05,6.308132500877007e-08,3.2065723397087185e-07,-6.4547652446684845e-06,1.1418394049831852e-05,-1.1739441744315667e-06,4.6631319609431563e-07,-4.244088284747148e-06,5.010746730312211e-06,-1.6119185728529177e-06,6.687354310191154e-07,-6.967301777880965e-06,1.2716477562654176e-06,100mV,2,72,1.3567498432339493,0.030580848367308504,0.005376615710019536,-7.66496801555254e-05,0.0001760854364166497,0.2040357646914231,0.03587284056574739,-0.003412116793908877,0.007838572496857484
946464.9,0.1428418,0.030276081181146726,0.004183439250500031,0.14284179301739036,-6.938893903907228e-18,-3.4138743788222166e-05,0.00017694701275854717,0.00019682573345057802,0.0010723874968843622,0.0003399313492217508,-0.00023380179183468257,0.000869290177507785,-0.0025076310246402262,2.1016503501407017e-06,4.122997932127979e-06,5.282489742989239e-05,-3.8066800926777514e-06,-1.8760170079736468e-05,-8.829308785413994e-06,-0.00012582793749611949,8.104811614304149e-05,-1.1918177136674462e-07,3.4022316011519244e-07,-6.147469427786506e-06,1.4014463112572335e-06,-6.006344432569593e-06,-4.022910875088183e-06,-1.6840441526447434e-05,-7.5211901429867495e-06,-1.2611878982270506e-06,3.130094910365078e-07,-5.687981551145506e-06,-4.410369359889109e-07,6.318320630543593e-07,2.1959389502321036e-06,4.388623017053526e-06,1.0343869911811016e-05,-1.103376906420614e-06,6.478787178588639e-07,-4.776779180027812e-06,7.975596892176794e-09,100mV,2,71,-2.986127604566159,0.030276081181146726,0.004183439250500031,-3.4138743788222166e-05,0.00017694701275854717,0.21195534263183566,0.02928722163261222,-0.0016731579842029745,0.008672267175805373
751816.4,0.1365729,0.029653662751103933,0.0033902204068178097,0.13657286685609796,1.3877787807814457e-17,-1.040325180162583e-05,0.0001670483668575489,0.00018947798656358805,0.0008936466638211592,0.00047725382200921365,-0.0004178506868156669,0.0015348584019345157,-0.0033989002205282123,4.799031253781174e-06,4.238206834235765e-06,6.250479295483628e-05,2.6509046805110907e-07,-2.563294033374598e-05,-5.62705023164972e-06,-0.00014085942931851296,0.00013117732199620504,1.0642704302278057e-06,-5.622520081914702e-07,-3.909713937860146e-06,-2.130709375732308e-06,-1.6076334565772492e-06,-1.8951361594846945e-07,7.653785416266361e-06,2.0350071975240075e-05,-4.411819005395153e-07,-9.300342823940673e-07,3.1776258664192156e-06,-1.921517635905476e-06,-5.753487250627956e-07,1.17465689674767e-06,6.594950658241979e-06,-7.640591992018322e-07,-7.076414258587252e-07,-4.909143057535042e-07,-5.038873327871161e-06,1.8819716664303786e-06,100mV,2,70,1.102038857233641,0.029653662751103933,0.0033902204068178097,-1.040325180162583e-05,0.0001670483668575489,0.21712704312159573,0.024823528163833326,-0.0005577508726187677,0.008955985509240228
597246.1,0.134077,0.02955267850372349,0.0029726518100745614,0.1340769337174236,2.0816681711721685e-17,1.5263939250818973e-06,0.00016581217889210902,0.00017690777708776953,0.0008182120979759907,0.0006926536682453135,-0.0005916801507812051,0.0026314434356466574,-0.004135858823089177,6.964418338982236e-06,9.409590600342514e-06,7.707720733703045e-05,2.9510322160342986e-05,-4.195245444545881e-05,-1.7622828117912495e-06,-0.00022943689411062732,0.00017193127564436002,4.865319297653512e-07,-9.289245370006823e-07,-5.47757862424647e-06,-5.808521894996289e-06,-6.494690844474413e-06,2.121253962580328e-06,3.799215218432162e-07,3.928334021348804e-05,8.948486048264767e-07,6.248445897347961e-07,3.273622739414127e-06,4.323737269358983e-06,9.202106287953798e-07,2.037346614736621e-06,8.004652105112652e-06,-9.137451227584483e-06,-6.155685083274803e-07,1.483308980155221e-07,-3.4730019399411434e-06,5.226294656524633e-07,100mV,2,69,-3.0602564445923193,0.02955267850372349,0.0029726518100745614,1.5263939250818973e-06,0.00016581217889210902,0.22041582906428783,0.022171239508949583,8.490993147074062e-05,0.00922376623451727
474433.6,0.1303172,0.028969354478874963,0.002734651025133686,0.13031728354164065,0.0,3.6775936296627184e-06,0.00015519822812960115,0.00014460974155915073,0.0007363667876825438,0.0009543643660128287,-0.0006910198398023099,0.003942039727328097,-0.004430035475764144,8.066679403866159e-06,1.3780376665806037e-05,7.27273850941697e-05,5.815306813561127e-05,-5.6922609212768104e-05,-8.811563024232394e-06,-0.0003327362432622372,0.00011063549649093551,-1.7909885792867908e-07,-1.3251866947488102e-06,-7.481122454289415e-06,-7.789391789535294e-06,-1.2426234896672936e-05,7.69957510519381e-06,-1.2526096481672147e-05,9.004164988255416e-05,-2.871030849518349e-07,-5.756592766879417e-07,-2.2979952161469876e-06,2.5179400123120274e-08,4.235741645172732e-06,2.0737566376753386e-06,2.1715401273966384e-05,-2.256229388974578e-05,-2.270357725034242e-07,-2.4362808768702277e-07,-2.1031813781411366e-07,-8.436288196637811e-07,100mV,2,68,-2.6300475871485682,0.028969354478874963,0.002734651025133686,3.6775936296627184e-06,0.00015519822812960115,0.22229863676998993,0.020984561301570375,0.00021655075457134956,0.009138664244609287
376816.4,0.1248914,0.02788157165186871,0.00260978835679131,0.12489138808174675,-2.0816681711721685e-17,-9.494584910324718e-06,0.00013341906818765555,6.004753832752137e-05,0.000629051064862405,0.001228108248856519,-0.0006735871938072539,0.0052828959015808405,-0.004165106241812567,6.733953609351997e-06,1.7614715746446518e-05,5.9214075907477596e-05,8.057912710751966e-05,-5.212018509727654e-05,-3.560004686339099e-05,-0.0003319953032707077,-9.201875731073056e-05,-3.666003962929897e-07,-8.046166109022589e-07,-4.59514394783915e-06,-4.489968509939575e-06,-2.3108580488122783e-05,1.6499068932706984e-05,-6.520963767123989e-05,0.00016070797805552102,-1.5324101246567106e-07,-8.202248261091029e-07,-4.642555454067587e-06,-3.524610101227216e-06,7.394807641452943e-06,2.0120119324252716e-06,4.138703580981794e-05,-3.095902025797779e-05,-3.39793198800801e-07,2.812194592220291e-07,4.1456049232772087e-07,2.2898186303932737e-06,100mV,2,67,-2.495839289299244,0.02788157165186871,0.00260978835679131,-9.494584910324718e-06,0.00013341906818765555,0.22324655110422045,0.020896463694382965,-0.0006087107866360169,0.0085536784088831
299355.5,0.1195465,0.02671270135384934,0.002616249704293685,0.11954657132913007,1.3877787807814457e-17,-1.7889085287499913e-05,0.0001019518546802488,6.670149304763311e-06,0.0004915312293691685,0.0014843896012143656,-0.0005088620618924768,0.006533213721046833,-0.0032690775327327377,2.764837888465363e-06,1.890569934155001e-05,3.259646641137995e-05,8.861508814378092e-05,-1.0953296176839315e-05,-7.322144858970852e-05,-0.00013908351955801024,-0.00034452653747124747,-1.0629056180084994e-06,3.3104756155083446e-07,-2.7943716435818134e-06,2.0559719523730903e-06,-4.057128782503557e-05,1.901870837571839e-05,-0.00017055144677366175,0.00018625732874631164,7.285636190439887e-07,-5.146852273820483e-07,-3.936028011970126e-07,-5.21341291737036e-06,8.213465221440299e-06,3.2656931876163442e-06,5.4860684748258515e-05,-1.7596068526656005e-05,-4.6430657166659207e-07,1.8991032890615935e-07,-5.255871049180276e-07,1.954696776928789e-06,100mV,2,66,-1.398427664645655,0.02671270135384934,0.002616249704293685,-1.7889085287499913e-05,0.0001019518546802488,0.22345016721813935,0.021884774069268323,-0.0012517392922927338,0.007133799206299249
237832,0.114764,0.025592209555293514,0.0027477331890689103,0.11476405863316719,1.3877787807814457e-17,-2.8846692915015528e-05,7.003498308675812e-05,-4.4217064498139455e-05,0.0003608787602465127,0.0016641392915680555,-0.00019891429483459935,0.007440872865640266,-0.0017591567032091836,6.432240126521081e-07,1.6490924222650593e-05,1.77071249429145e-05,7.696163919704829e-05,6.813011219632652e-05,-9.256808517346768e-05,0.00024407709635454694,-0.0004909786543273587,-2.4877611416415e-06,1.1409982566462717e-06,-8.368441398965222e-06,7.81129938132839e-06,-6.0310004852497605e-05,9.943970254784769e-06,-0.0002874501145269174,0.00013459923072181172,1.2313368531336482e-06,-4.5832407781292617e-07,5.789772562412233e-06,-4.760029346407802e-06,5.547129443211199e-06,6.853634554046172e-06,4.537481603726751e-05,1.741868444731538e-05,-2.3697028061650228e-07,-4.635214802546767e-08,1.1163341770784054e-06,-4.4588351119593836e-07,100mV,2,65,-2.798999726020072,0.025592209555293514,0.0027477331890689103,-2.8846692915015528e-05,7.003498308675812e-05,0.22299847060216535,0.023942453951125806,-0.0021902023164913245,0.005317447745013578
188847.7,0.1101048,0.024430943109630808,0.0029768560117440987,0.1101048147647837,0.0,-4.4900785670557517e-05,5.193350264188753e-05,-0.00013445275624994967,0.0003038258106432242,0.0016719238844703904,0.0002243593209318536,0.007596216049472393,0.00024367654516805736,-5.402686053643111e-06,1.8337151929252085e-05,-1.1978755422945653e-05,8.858619774391653e-05,0.00016018582632647556,-5.068453434616338e-05,0.0007064442470760675,-0.00033520379431740944,-6.630120192908396e-08,1.938581587313496e-07,1.0687284823134649e-06,4.393827021982521e-06,-6.398091322746811e-05,-1.2376920360827228e-05,-0.0003195120875200755,6.883331127537372e-06,5.618267759710327e-07,-4.842417307759581e-07,1.8778848049678975e-06,-2.7893272943442493e-06,-2.0254439357988613e-06,7.3326550968380915e-06,2.0228173423087926e-06,3.4860227652190476e-05,1.9928515685399935e-07,-5.9299413778571095e-08,1.3124515789496442e-06,-5.218042618871298e-07,100mV,2,64,-2.3691639590892004,0.024430943109630808,0.0029768560117440987,-4.4900785670557517e-05,5.193350264188753e-05,0.22188805423107513,0.027036565277399897,-0.0037037470543720467,0.00428385727689485
150058.6,0.1072624,0.023600667301797648,0.0033484858804297994,0.10726243199062788,-6.938893903907228e-18,-4.939730137983288e-05,3.0404914501813966e-05,-0.00015074111776190884,0.00023031687654237595,0.0015135168130714141,0.0006662894702878096,0.007029137667489062,0.0023183241352573124,-1.4684728883818951e-05,1.004469764320953e-05,-5.7915747636552064e-05,5.646640740260556e-05,0.00019353663712807774,5.468613262839213e-05,0.0009113020428735637,0.00014734937333657936,-7.833726699827626e-07,1.9860942334278207e-06,-1.8119110864181187e-06,1.1429928323286352e-05,-5.367916914493353e-05,-2.4715790220782757e-05,-0.0002694644656173358,-7.432827827418238e-05,1.3363557420815312e-06,-1.454886043767575e-06,4.100758717249249e-06,-5.6565906309214705e-06,-5.310950546785034e-06,2.739804298337361e-07,-2.519002272421343e-05,2.110693460009459e-06,-4.568664521963814e-07,-3.792113517263447e-07,-2.001125253856177e-06,-2.716155065321213e-06,100mV,2,63,-2.8626205589035023,0.023600667301797648,0.0033484858804297994,-4.939730137983288e-05,3.0404914501813966e-05,0.22002733728673773,0.031217694940222657,-0.004293465173162737,0.002642703910133532
119238.3,0.1040719,0.0226059663475768,0.003795013357376492,0.10407193536707415,-3.469446951953614e-18,-4.8720929805049545e-05,1.6896398264780003e-05,-0.00013388140639515917,0.00020108995515265326,0.0011556896950931878,0.0010444687318066639,0.005570860366658484,0.004143183302120668,-1.1599571985038683e-05,-7.923787515395785e-08,-5.259840051020648e-05,1.349333583338242e-05,0.0001598527760914545,0.0001729409922899549,0.0007967875175872986,0.000706189950885469,-1.8419164193076136e-06,-3.6892902699468055e-07,-8.01762555433886e-06,2.1776989813160563e-06,-4.035865535172969e-05,-3.116294977515097e-05,-0.00020158807117595488,-0.00011735116483309036,1.5289518745738727e-06,-2.990133790686323e-07,6.933041090695902e-06,-2.88386486962976e-06,-2.7040308543863895e-06,-7.729213277590387e-06,-1.9673269455384e-05,-3.564330100070563e-05,6.447054993651981e-07,8.750619196228268e-08,3.0422348246168102e-06,-6.122256157149955e-07,100mV,2,62,0.29203640068560766,0.0226059663475768,0.003795013357376492,-4.8720929805049545e-05,1.6896398264780003e-05,0.2172148165386072,0.03646529051267306,-0.004498298860718077,0.0015600081806489135
94746.09,0.1024793,0.021845633857176312,0.004379181877074052,0.10247928743164961,1.3877787807814457e-17,-5.706848488718347e-05,-3.343805010596647e-06,-0.00015561122647281354,0.00016027612083216157,0.0006334059206617479,0.0012115319270404189,0.0033493632906455794,0.0050844656105078,-1.0897176071309209e-05,-9.471499753319747e-06,-5.565580817974818e-05,-2.896778419185749e-05,1.704015660271437e-05,0.00022848787850560066,0.0001730337555908295,0.0010139715809292865,-2.0518302602870227e-06,-3.4785861252277113e-06,-1.0650074316934425e-05,-1.4550493988031022e-05,-4.337113239650813e-05,-4.120470425770431e-05,-0.00021365876224818214,-0.00016290686194666914,3.0511687677059994e-07,-1.5051899208285268e-07,1.4107614270248185e-06,-3.335374014830146e-06,2.737824430014026e-06,-1.124671945475364e-05,5.3890553589898095e-06,-5.480829674558585e-05,-3.3487655636789464e-08,2.1094192638933447e-07,-1.2747551420214072e-06,1.067253612419812e-06,100mV,2,61,-2.1165712969882855,0.021845633857176312,0.004379181877074052,-5.706848488718347e-05,-3.343805010596647e-06,0.21317121151673354,0.04273236072211004,-0.0054340564878556374,-0.0003183968410564472
75292.97,0.1013104,0.021036492382099908,0.005052166350359537,0.1013104376479694,1.3877787807814457e-17,-5.873812081308149e-05,-2.6686639431349536e-05,-0.00014958825794442876,0.0001301004817703592,0.000147440072102209,0.0011074005677202043,0.00120469525287903,0.0048385940082421655,-2.7708066548944926e-06,-1.4770699850877347e-05,-2.4253877617010185e-05,-5.6280355853200866e-05,-0.00010767547490402115,0.00016999030151259778,-0.0004077890865083406,0.0008035853923060521,1.2110614360917023e-06,-3.589827019515391e-06,3.008581392484285e-06,-1.6741880188993408e-05,-2.8359874751581348e-05,-6.652885263428481e-05,-0.0001562952527443639,-0.0002838604984072303,-1.5590422666450163e-07,5.969646962028309e-07,-5.715119205844366e-07,3.0569946296396264e-06,9.480095368893076e-06,-8.421224177648265e-06,3.8137589694565935e-05,-4.385354002805319e-05,-4.810168396826002e-07,6.215372851694631e-07,-1.1485646816158664e-06,2.4095593319314154e-06,100mV,2,60,0.9247943140647596,0.021036492382099908,0.005052166350359537,-5.873812081308149e-05,-2.6686639431349536e-05,0.20764388024062147,0.04986817220072286,-0.00572284080733963,-0.002600072781260531
59824.22,0.1008584,0.020203911060163317,0.0058172936021488,0.10085837010064178,-6.938893903907228e-18,-6.473360010539026e-05,-5.596206093178942e-05,-0.00016819709385277115,0.00011024845804951015,-0.00017627826994996032,0.0008562214687974314,-0.000290886245569492,0.003907836876472391,6.971236523506413e-06,-1.4903831605946453e-05,1.4716693753511838e-05,-6.484933458944558e-05,-0.0001465349071954863,6.937835112308356e-05,-0.0006189364202770477,0.000373457324244459,3.932243318415064e-06,-1.8059489867082589e-06,1.5065901771470263e-05,-9.088359807368458e-06,1.512657089428113e-05,-7.601247950809504e-05,3.647296876760475e-05,-0.0003434704565578197,-1.5342447870107501e-06,1.233945978237134e-06,-5.502118350679404e-06,6.634292609653841e-06,1.3111036688497547e-05,6.119220884429937e-07,5.795922823808874e-05,-4.226301486189536e-06,-4.447412960686788e-07,4.333834843631565e-08,-1.0290031249364272e-06,1.0329383160224044e-06,100mV,2,59,-0.7392062979434265,0.020203911060163317,0.0058172936021488,-6.473360010539026e-05,-5.596206093178942e-05,0.20031962681929913,0.05767784663131083,-0.006363643904570058,-0.005501356750682345
47519.53,0.1001934,0.01912458197886692,0.0065946131521877,0.10019346002286535,-6.938893903907228e-18,-6.796005381181847e-05,-9.690138767734511e-05,-0.00020040394461175203,8.025532853626541e-05,-0.00032426233167529234,0.0005532322865397754,-0.001065427989317119,0.0026959968132024377,1.3677765020591204e-05,-8.942185119172729e-06,4.3721171900668284e-05,-4.603172413564142e-05,-0.00012135323048059398,3.0028942776901243e-06,-0.0005375422008900521,7.447470501672208e-05,3.5444211434936873e-06,1.2233212140362616e-06,1.5045411291591465e-05,3.130028133680796e-06,5.0582197665443324e-05,-4.6303306867261514e-05,0.00020567408896851906,-0.00022541870460329229,-4.03093040932872e-06,8.064799127083865e-07,-1.6148586894270767e-05,5.661036300185203e-06,7.865627520195051e-06,1.0169907735198808e-05,3.915941943377828e-05,4.203139880294356e-05,6.414416555018086e-07,8.740972998302285e-08,2.5482219923537813e-06,-1.6692576121272396e-06,100mV,2,58,2.777146762370987,0.01912458197886692,0.0065946131521877,-6.796005381181847e-05,-9.690138767734511e-05,0.19087654997144984,0.06581879845932789,-0.0067697863834801485,-0.009652754199619858
37792.97,0.099832,0.017883272211306037,0.007357402106837074,0.09983201750801118,-1.0408340855860843e-17,-5.650875460061889e-05,-0.00014763732590924143,-0.00022125276146343952,5.084815076680679e-05,-0.0003401444250890236,0.000292195778568046,-0.0012707427497257796,0.0016111282517390834,1.7556842203357838e-05,-5.029496498650399e-07,6.813968893479815e-05,-1.9476959328934746e-05,-8.765675748234618e-05,-2.290911095506463e-05,-0.00040330994066136523,-5.7284661887830015e-05,1.6049762751935554e-06,2.888936198145434e-06,6.174273376497084e-06,1.0938812862314284e-05,5.077709675106577e-05,-4.0835494605758895e-06,0.0002234902471403831,-4.076981846514985e-05,-3.2266298095839096e-06,-1.0433330771115875e-06,-1.6063685051601876e-05,-4.862117027259908e-06,-2.4473706898980048e-06,1.0808743849345282e-05,-4.034065422724405e-06,4.491408878448901e-05,1.3785814031517781e-06,-9.476052435991343e-07,3.312527268957204e-06,-3.284122441620525e-06,100mV,2,57,1.2694429082685725,0.017883272211306037,0.007357402106837074,-5.650875460061889e-05,-0.00014763732590924143,0.17913363525755616,0.07369782050379446,-0.005669908367385802,-0.014813458824698736
29941.41,0.0995914,0.016408872274642466,0.00803701864849511,0.09959140074657141,6.938893903907228e-18,-2.4695644928063868e-05,-0.00020771165458325153,-0.000235802718229972,5.617438421465755e-06,-0.00027308142862452546,9.968185574640165e-05,-0.0011139182370098258,0.0007707322058523475,1.4739440316423956e-05,8.129508604147253e-06,6.14572920393524e-05,1.5325083726522026e-05,-6.171710813974285e-05,-3.0630661799279125e-05,-0.00029600810068489136,-0.0001013276910544746,5.882777670372611e-07,2.2375600586342283e-06,3.3514503403225e-06,9.687978685307748e-06,2.948420781591007e-05,1.5072972936679367e-05,0.0001377484385391619,5.196718245524956e-05,-1.9158342599166457e-06,-1.9927579420197434e-06,-9.54972528059458e-06,-8.98014495500095e-06,-6.16319446483757e-06,6.482579367668922e-06,-2.4201019336116337e-05,2.9677079898400522e-05,1.3031613783391591e-06,9.448368995964632e-08,6.404884159659254e-06,-3.595204076072957e-06,100mV,2,56,-2.114172122711082,0.016408872274642466,0.00803701864849511,-2.4695644928063868e-05,-0.00020771165458325153,0.16476193879828893,0.08069992577920233,-0.0024898701049109215,-0.020941953153882153
23847.66,0.0994814,0.014785040706600902,0.008529337694133436,0.0994814168370891,-6.938893903907228e-18,3.760999558447864e-05,-0.0002655708056588998,-0.00023278376552500284,-3.849680786777427e-05,-0.0001752040673666609,-1.0859670987640435e-05,-0.000793199421972222,0.00026166220943929915,8.47204915967951e-06,1.5595508245028097e-05,4.9793054221158314e-05,4.138951239964481e-05,-4.252075345175206e-05,-3.230953868527795e-05,-0.00021485353514068153,-0.00011811032105927806,-1.6100569528986966e-06,2.3539637982561864e-06,-1.2466400224442054e-06,1.0147106279708812e-05,9.094061643925088e-06,1.5945325923073917e-05,5.346968004857979e-05,6.006828195801236e-05,-1.3018473599608671e-06,-5.74499430341356e-07,-3.1555225674751032e-06,-3.289968330684618e-06,-6.931638209132201e-06,2.7383086240435058e-06,-3.0179499963385908e-05,1.438977908673612e-05,1.5549436586505794e-06,9.722227696924629e-07,8.00923500164803e-06,3.95474971564271e-06,100mV,2,55,1.2827823301884445,0.014785040706600902,0.008529337694133436,3.760999558447864e-05,-0.0002655708056588998,0.1486211312290908,0.08573799977237048,0.0038003129231181034,-0.02683467916079504
18925.78,0.0993624,0.012997509675583177,0.008770683658910549,0.09936245315938855,3.469446951953614e-18,0.0001304749107395014,-0.0003065184950323776,-0.00021772318715833312,-0.00010011199215540813,-7.7418154018272e-05,-6.300659211802319e-05,-0.0004611760453281536,-2.7256061461050413e-06,-1.1386092280137435e-06,1.7243480345801374e-05,2.6134736087981757e-05,4.6157533499019496e-05,-2.4348535765271735e-05,-2.4004846285669305e-05,-0.00013395532580816474,-9.89421701984825e-05,-1.9928717630541823e-06,6.057441003693437e-07,-5.208123665052758e-06,3.5330699657307776e-06,1.4713522890793202e-06,5.60027826843092e-06,1.2877634657129671e-05,2.4458077443838894e-05,-5.770921693902658e-07,3.2211692604044037e-07,-4.410140252078308e-06,1.758619639127142e-06,-4.870332341552224e-06,-6.892402843506083e-08,-2.0380321946758933e-05,2.535595575911379e-06,4.341771951141076e-07,9.889913124026405e-07,2.719654182300577e-06,1.5741258325297492e-06,100mV,2,54,0.17989421677212156,0.012997509675583177,0.008770683658910549,0.0001304749107395014,-0.0003065184950323776,0.13080906582221466,0.08826959661353555,0.013215463449719573,-0.031046459007364233
15058.59,0.0994021,0.011216770164780164,0.008729358148509656,0.09940214158848183,1.0408340855860843e-17,0.00024468991876118906,-0.00030903810234631055,-0.0001858651436328212,-0.0001409279845510336,2.448094271177515e-06,-7.407745517333197e-05,-0.00020992493918821885,-9.207865189261673e-05,-8.889010855185892e-06,1.4345958909803767e-05,4.887117387658078e-06,4.211991595684298e-05,-1.6219560107553913e-05,-1.2040638211916271e-05,-7.992475439089668e-05,-6.0056968796579806e-05,-1.6353118249469032e-06,-1.4057539158933495e-06,-9.474186353503142e-06,-7.50831550495734e-07,1.476610565686254e-06,4.0442342931659896e-07,9.280254647378555e-06,5.355922248980745e-07,-1.8589987091292576e-06,1.6038819279606465e-06,-1.0158415090875338e-05,5.566361244087499e-06,-3.4634729991360288e-06,-3.2096469916113863e-09,-1.5007749017468495e-05,1.1190336341578705e-06,1.4011115232204132e-06,2.1457531302761732e-07,4.4873691104654425e-06,3.393055184431386e-07,100mV,2,53,-2.828498945890892,0.011216770164780164,0.008729358148509656,0.00024468991876118906,-0.00030903810234631055,0.11284233906364753,0.08781861244648641,0.024764216621368865,-0.03127667273546325
11863.43,0.0994095,0.009436199131464408,0.008386142470821771,0.09940947086299179,0.0,0.00036196515221531013,-0.00025788378467187276,-0.00013031668970623036,-0.00015964285882098033,6.691277475215678e-05,-6.052760131754928e-05,-5.3535537891688094e-05,-0.00010466797850767902,-1.8302471279110787e-05,7.063412361588713e-06,-9.759612484979766e-06,2.6917338802443437e-05,-1.9143113643824385e-05,-1.0032588842194871e-06,-6.477626772079416e-05,-1.3267873540586695e-05,1.5892224828608601e-06,-2.833703787936369e-06,-2.4248822006460715e-06,-6.249010568127405e-06,2.857146295994413e-06,-1.2924756855538597e-06,1.2255167177387877e-05,-3.5843048509699994e-06,-2.3505100653554114e-06,7.850387368674441e-07,-1.3529570418299403e-05,3.3652053953538097e-06,-2.92661017630308e-06,6.064735518147749e-08,-1.3170624254648346e-05,2.8702473888058583e-06,1.1419044046771922e-06,-2.3682540122620762e-07,4.7610677755544e-06,-2.0136699563776845e-06,100mV,2,52,-0.4863081092516599,0.009436199131464408,0.008386142470821771,0.00036196515221531013,-0.00025788378467187276,0.09492253655056242,0.0843595926828715,0.036627833982472734,-0.02609567355841603
9432.87,0.0994946,0.00790451647591435,0.007826869598834503,0.09949459266020132,1.3877787807814457e-17,0.00044335305808015143,-0.00016608068438397807,-7.850406967483645e-05,-0.00015950328206056435,0.00011586318980769584,-2.760133831864641e-05,2.8724703919327617e-05,-9.432682477586e-05,-2.349967360546064e-05,-3.0172649535793012e-06,-1.0094195721085542e-05,1.9066597973971632e-05,-2.5971027515907727e-05,1.890584589546188e-06,-7.098301738416607e-05,1.0356000952804639e-05,3.6984854010950885e-06,-2.008585010822048e-06,3.7598285681443643e-06,-7.621328533190375e-06,3.955357771190905e-06,-1.998172903106197e-06,1.3203514629174936e-05,-5.809437976364499e-06,-2.712499086436993e-06,5.367773803714896e-07,-1.0654770393797584e-05,3.660989674188795e-06,-3.324258924136381e-06,3.376443466549697e-07,-1.5418240114572333e-05,3.4165693659405083e-06,1.3796241913241886e-06,-2.1066701013193197e-07,5.082714713263617e-06,-2.6041858322039294e-06,100mV,2,51,1.0104569502275778,0.00790451647591435,0.007826869598834503,0.00044335305808015143,-0.00016608068438397807,0.07944669418277064,0.07866628114720968,0.04478687408521065,-0.01677722655551442
7558.594,0.0996179,0.006621831739284066,0.007160268231139137,0.09961787332068556,-1.3877787807814457e-17,0.000478633836696958,-5.69971328611741e-05,-3.6125570279404114e-05,-0.00013784670288655753,0.0001464385868651934,2.3676003142963342e-05,7.6396261341165e-05,-7.949909141190853e-05,-2.3421634588367062e-05,-1.6538672261752576e-05,-1.0186429182911184e-05,1.25647426035292e-05,-3.401394151459459e-05,-1.9242291666740733e-06,-7.716950413403171e-05,2.1763153010841236e-05,5.280816632127397e-06,2.524651209569001e-07,5.580581066311473e-06,-5.7263950113144616e-06,4.728712015304576e-06,-1.5525374268215e-06,1.1469719783771948e-05,-5.779851383492738e-06,-3.190552667336413e-06,7.583854107680145e-09,-1.3763777668715255e-05,3.969784279482745e-06,-3.357640566685145e-06,7.624811890056178e-07,-1.2703232633905224e-05,5.1214750439153625e-06,1.2203670607528979e-06,-2.2705231866033222e-07,6.227842107352231e-06,-3.2947296812058256e-06,100mV,2,50,-2.299619727599381,0.006621831739284066,0.007160268231139137,0.000478633836696958,-5.69971328611741e-05,0.0664723258844058,0.07187734482234037,0.04823128863587491,-0.005743524497590256
5960.648,0.0996766,0.005475236308072154,0.006370541538826442,0.09967660025664572,0.0,0.00046585725529551663,5.5792937713773015e-05,-7.405308550216851e-06,-0.00010537145910908722,0.00015217987069517008,9.266537362003547e-05,0.00010518877673106317,-6.140910255833259e-05,-1.5926494442116424e-05,-3.072167805586859e-05,-1.3801660301540942e-05,3.5695789482983165e-06,-3.958083641225766e-05,-1.2461228836321725e-05,-8.629504547705036e-05,2.4741544787408222e-05,5.825592560022468e-06,3.7781646614959074e-06,8.889102199181173e-06,-4.161871319914643e-06,7.360333113328635e-06,-2.0565937188531852e-07,1.5524460659135284e-05,-7.3860043961689225e-06,-2.9053106365062487e-06,-1.0378664607577833e-07,-1.187200615701039e-05,4.63080543405396e-06,-3.7387967890968512e-06,5.067154932141964e-07,-1.5047591928313167e-05,6.684587045256057e-06,1.4531696546300355e-06,-7.764930169098154e-08,4.88434191733352e-06,-1.898254796097415e-06,100mV,2,49,2.084744909416026,0.005475236308072154,0.006370541538826442,0.00046585725529551663,5.5792937713773015e-05,0.054930006581029076,0.06391210697820424,0.04688850977539964,0.00561555642990044
4746.094,0.0998,0.004589427799252075,0.005615206278592154,0.09979998475104879,0.0,0.00041829249343904143,0.00014078417711104696,3.53261303149136e-06,-7.726289060444544e-05,0.00012727784009192232,0.0001598035845091546,0.0001204530361442167,-4.0292193418647824e-05,-2.3251371430113288e-06,-3.8633114201432884e-05,-1.1799505396648668e-05,-1.0958501185607558e-06,-3.975929078107672e-05,-2.7164537069011127e-05,-9.180987017856418e-05,2.100973101601984e-05,3.712213288148229e-06,6.7842804355868395e-06,8.919366730573622e-06,-3.590919524820847e-06,8.489577917803676e-06,1.851345278989654e-06,1.7478905372354762e-05,-7.894148396016532e-06,-3.1590209494171657e-06,-6.538777900452666e-07,-1.1962050953496798e-05,4.542732468985435e-06,-3.6362592436659973e-06,-8.404363538669474e-08,-1.5096217489980936e-05,5.1467838527150575e-06,1.6296578604347834e-06,-5.6328299977122755e-08,7.263453370290228e-06,-2.58127998369957e-06,100mV,2,48,-0.20378162150483298,0.004589427799252075,0.005615206278592154,0.00041829249343904143,0.00014078417711104696,0.045986257519982685,0.05626460056681666,0.0419970824680583,0.01413490509408821
3761.574,0.0998211,0.0038618989244790145,0.004879536822307755,0.09982109546961518,0.0,0.00034912678135381916,0.00019620951176447737,6.681920383992892e-06,-5.123275394890472e-05,7.520941074320521e-05,0.00021379533740452285,0.00012393259685417399,-2.2324448890837436e-05,1.4202777911797955e-05,-3.8179022269223285e-05,-8.505643404805885e-06,-4.51933233375666e-06,-3.2691716672725196e-05,-4.1354167253996444e-05,-9.461971272341238e-05,1.7680787969182254e-05,5.06387895660386e-07,8.196531100433808e-06,9.021155586698658e-06,-1.5952836296694127e-06,7.791347541057435e-06,5.440749067755871e-06,1.8229328234105987e-05,-4.635262615649617e-06,-2.3248535410997393e-06,-1.3373714166682238e-06,-1.2086673942970504e-05,3.4165647663930656e-06,-3.926701986643273e-06,-8.983433511802659e-07,-1.4939971040737174e-05,4.609281743673269e-06,1.4470422490455563e-06,2.336909345512498e-07,6.659705669054809e-06,-1.6056919807984248e-06,100mV,2,47,-1.9119277932971013,0.0038618989244790145,0.004879536822307755,0.00034912678135381916,0.00019620951176447737,0.038688204194819206,0.04888282180586819,0.035037934895819675,0.019691345569325277
2993.223,0.100012,0.0032929285928001433,0.0042360336826658355,0.10001202167513226,-6.938893903907228e-18,0.00028084131314415215,0.0002236513295181539,1.722802043479429e-05,-4.7717072156916636e-05,1.0676101999510662e-05,0.0002470621204450236,0.00013961732408193005,-8.751118583085257e-06,2.6675400933962314e-05,-3.1652861818197326e-05,-7.980437885334973e-06,-1.0295300943142594e-05,-2.1349441864224516e-05,-5.361958260720484e-05,-0.0001029145546212843,1.6648108318342164e-05,-2.9476162471787647e-06,8.208422745398795e-06,9.603973923979095e-06,1.1790809775592594e-06,6.301461631730185e-06,8.459749772569502e-06,1.895778676664758e-05,-5.16024493557113e-06,-2.1559845945775625e-06,-1.088275920812956e-06,-1.3731916829679392e-05,4.192454185418175e-06,-3.760003427520115e-06,-1.1652002436703724e-06,-1.5247378220587402e-05,6.0007532385199006e-06,1.137791071463105e-06,4.3243551425101205e-08,5.268602899515886e-06,-2.228219997296817e-06,100mV,2,46,-0.7783189553005809,0.0032929285928001433,0.0042360336826658355,0.00028084131314415215,0.0002236513295181539,0.03292532775206284,0.042355245016700974,0.02807738016578066,0.022359756594074475
2372.685,0.0998604,0.0028238143878725106,0.0036356833928903355,0.09986039044173818,-3.469446951953614e-18,0.00021192728300682906,0.00022594059839639344,8.792022573655925e-06,-2.796477118524718e-05,-6.034313986334054e-05,0.00025331898788492874,0.0001300950948764284,5.187782492433387e-06,3.3459407286749986e-05,-2.03600880968231e-05,-2.534659313250886e-06,-1.0330272113605777e-05,-5.5498273697982534e-06,-5.9784426482220405e-05,-0.00010058001181510371,1.3234813862711927e-05,-5.263665864922974e-06,6.433279079838314e-06,7.343783800509962e-06,1.2958402834437553e-06,3.6412256607236637e-06,1.038304063444778e-05,1.888481644832171e-05,-4.835042495765053e-06,-1.8532782872646927e-06,-9.540113532751628e-07,-1.4100296157424889e-05,4.49250681815734e-06,-3.218775471364493e-06,-1.6329304957666722e-06,-1.587403959440888e-05,6.166095099132461e-06,9.708209127114998e-07,1.2609474828463224e-07,5.3673421978475944e-06,-2.7699916050336595e-06,100mV,2,45,-0.2010159890820059,0.0028238143878725106,0.0036356833928903355,0.00021192728300682906,0.00022594059839639344,0.028277622142084614,0.036407662505701016,0.021252026599636657,0.022657279133349008
1886.433,0.0999294,0.002452341047976756,0.0031301906548487123,0.0999294362740281,8.673617379884035e-18,0.00015582980781371378,0.00021428294247718933,1.909216425985506e-06,-1.614967894998459e-05,-0.00012350240257862153,0.00024015358639480002,0.00011599213393515589,1.238628029844905e-05,3.4492479234733245e-05,-9.590051481777191e-06,8.44981742942848e-07,-7.569836397863656e-06,1.0467032010553415e-05,-6.125490586954906e-05,-9.479887914149765e-05,9.06533899982441e-06,-6.5878347381854e-06,4.465342764158225e-06,5.023535932546778e-06,1.529329492719603e-06,8.568470825799968e-07,1.1282827217953805e-05,1.940050001862473e-05,-3.5170024598701164e-06,-1.2195198579123088e-06,-9.113341165123638e-07,-1.1561457512199517e-05,3.729468042906184e-06,-2.2981275314299383e-06,-1.8788629440608455e-06,-1.4755171331576686e-05,6.12626208945619e-06,8.649497141776519e-07,-1.6025940323122742e-08,4.9838777706725224e-06,-2.3961693700987447e-06,100mV,2,44,1.4192518306749087,0.002452341047976756,0.0031301906548487123,0.00015582980781371378,0.00021428294247718933,0.024540727331353172,0.031324009937022494,0.015604995944422577,0.02145856749251023
1506.696,0.0999312,0.0021507596977160467,0.0027016863251710806,0.09993123352403396,1.0408340855860843e-17,0.00011212964558468712,0.0001942787692841857,-4.896224332888078e-06,-9.39966813050734e-06,-0.0001739317764702002,0.0002136214173915925,0.00010441534105146155,1.4030693209356853e-05,3.19722578531889e-05,-1.7508612517035013e-06,1.703549999532094e-06,-6.03467194995929e-06,2.3567488206884316e-05,-5.8254877797623314e-05,-9.389488549306709e-05,1.322407222280555e-05,-6.2288179249161625e-06,2.544678378353292e-06,6.993990782640642e-06,-3.5908434266931425e-07,-2.0572037697456477e-06,1.1450064288904968e-05,1.6554696290305298e-05,-2.5706448252886484e-06,-1.207893906925204e-06,-9.779720016646536e-07,-1.199917115612683e-05,3.5901641707594987e-06,-1.8645754370829235e-06,-2.0502194866241214e-06,-1.3803239698969555e-05,7.186392498525872e-06,1.1624121102389249e-06,-2.931026199423217e-08,6.0860713703365924e-06,-3.355159443947469e-06,100mV,2,43,1.3935027640988011,0.0021507596977160467,0.0027016863251710806,0.00011212964558468712,0.0001942787692841857,0.021522397171238546,0.027035454581087616,0.011228402001477728,0.01945462424767608
1185.994,0.0999476,0.0018821878726714484,0.002313387515100998,0.09994756954358527,-8.673617379884035e-19,7.691508511845894e-05,0.00016919543095853863,-9.235743865708917e-06,-4.41751953595406e-06,-0.00021259908733066551,0.00017716357717074272,9.605448979749203e-05,6.587856852388619e-06,2.792939910516426e-05,3.8071807281906334e-06,4.557879193126105e-06,-4.368971287663793e-06,3.699611075148208e-05,-5.278593546454954e-05,-8.341979592411028e-05,1.8099434125286227e-05,-6.273093934828598e-06,1.2474437747428912e-06,4.932251125690802e-06,7.704699415149643e-07,-3.831516801079449e-06,1.0930766186009203e-05,1.816126116384207e-05,-5.323753170605708e-06,-1.2651870758630018e-06,-5.943478352546397e-07,-1.1604085534896197e-05,6.647698436498763e-06,-1.5767064975164955e-06,-1.83624711739768e-06,-1.4817560741027933e-05,8.205227253504374e-06,8.591617264227653e-07,1.359866080046607e-07,4.470408542562472e-06,-3.023739033378358e-06,100mV,2,42,-0.06434475260605833,0.0018821878726714484,0.002313387515100998,7.691508511845894e-05,0.00016919543095853863,0.018831752300396472,0.02314601071006707,0.007699580245397017,0.016937299046258927
948.6607,0.0999729,0.0016677947962710211,0.002004449820887605,0.09997285350671552,0.0,5.2231430867400523e-05,0.00014571654979256892,-1.5248394102808839e-05,-5.883079055007542e-07,-0.0002366336694842314,0.00014226242746482768,8.954611369423969e-05,6.239653783534708e-06,2.349843544456187e-05,6.922941344749122e-06,4.167312269541458e-06,-2.156906559221047e-06,4.512356139643218e-05,-4.764872224478449e-05,-8.156008615740216e-05,1.7783784551376975e-05,-5.847300956109069e-06,1.347532661885678e-07,5.080318701627135e-06,-2.3599955597538423e-06,-6.443459986445764e-06,1.1143904109139553e-05,1.5578598654359492e-05,-3.412523008390559e-06,-1.0940380650480597e-06,-5.345821309906744e-07,-1.1698921903987134e-05,8.719365693719714e-06,-9.973072548969863e-07,-2.054014026726361e-06,-1.3851099450704745e-05,8.08034834386793e-06,5.776194017306409e-07,2.1880294824321916e-07,3.7282505554841266e-06,-3.7740235297898573e-06,100mV,2,41,-0.0956919615100694,0.0016677947962710211,0.002004449820887605,5.2231430867400523e-05,0.00014571654979256892,0.016682476670119153,0.020049941064780745,0.005225980042263251,0.014579569588600162
752.3148,0.0999754,0.0014772097187110622,0.001732641944181441,0.09997542572956059,6.938893903907228e-18,3.399990446893658e-05,0.00012232367564399098,-1.615100389899954e-05,2.4542965569910063e-06,-0.0002517917437265022,0.00010471642484342051,7.770009751835445e-05,-5.290522387472531e-06,1.955979632713648e-05,7.882404053734439e-06,2.8498013279293168e-06,-2.5807812204327885e-06,5.214987775015674e-05,-3.8654065001267626e-05,-7.940151422080353e-05,3.370230635654148e-05,-5.2871610732832865e-06,-2.2981269915073387e-07,4.438071704407461e-06,-2.614793497547963e-06,-9.044283727150993e-06,1.0361631033920492e-05,1.1202074178353164e-05,-5.304221851905879e-06,-7.774201496443292e-07,-9.238172026808676e-07,-1.0245675948931733e-05,7.805571698779936e-06,-4.6172852266523477e-07,-1.8360774067387068e-06,-1.0616740169965174e-05,1.1441068658145576e-05,8.775718069939826e-07,-6.2532881344811535e-09,3.840815482057508e-06,-3.81783108409652e-06,100mV,2,40,0.8033610433901399,0.0014772097187110622,0.001732641944181441,3.399990446893658e-05,0.00012232367564399098,0.014775728214521453,0.017330678329576105,0.0034016621087611496,0.012238381811417117
599.564,0.0999788,0.0013141597657534156,0.0015062451502865317,0.09997886315673873,-2.0816681711721685e-17,2.1239680506323886e-05,0.00010169491581996571,-1.8557734354944488e-05,3.4368237979774977e-06,-0.0002565923010185617,7.186959562488851e-05,7.425086698971663e-05,-1.1997395044245028e-05,1.604580209832962e-05,7.995277531420905e-06,1.948241195997194e-06,-1.4851333207814429e-06,5.7232846231894464e-05,-3.164796085775729e-05,-7.444049235603364e-05,4.118185864946483e-05,-4.513700569975913e-06,-5.386522193138093e-07,4.56124057483132e-06,-3.7067547406828716e-06,-1.0795628276596173e-05,9.40324662424887e-06,9.664181478557421e-06,-7.210941573800032e-06,-2.644667837720652e-07,-6.512422979781086e-07,-6.306091403117144e-06,9.601983477584895e-06,4.629678242213599e-07,-1.8442399992489578e-06,-6.902288527906993e-06,1.2837012945337928e-05,7.921953141495913e-07,-1.4316033082082924e-07,2.480066972057954e-06,-5.359969923398105e-06,100mV,2,39,2.108590180943339,0.0013141597657534156,0.0015062451502865317,2.1239680506323886e-05,0.00010169491581996571,0.01314437596367927,0.01506563590271239,0.0021248662149833016,0.010173791964388473
474.0168,0.0999493,0.0011667220950177981,0.0013049963255752322,0.09994931651073766,0.0,1.2375607260146527e-05,8.315742840604105e-05,-2.059870535000234e-05,4.092364300719173e-06,-0.0002539206396853253,4.2911915342565134e-05,7.266129728773973e-05,-2.070260093671177e-05,1.3725151912105453e-05,7.511786062125548e-06,2.4820541181866887e-06,-1.6047273450957385e-06,6.136344021825962e-05,-2.5535565783105e-05,-6.1029695801929475e-05,5.0873104280287576e-05,-4.475528920756362e-06,-5.12990200568829e-07,2.844919855558172e-06,-3.895093644802266e-06,-1.1648804558153113e-05,8.35014331503216e-06,7.829050787987039e-06,-1.1983119612757389e-05,-1.278938189940469e-07,-2.69358335210131e-07,-3.570298193013656e-06,1.1405226499990626e-05,8.403239951827529e-07,-1.4536727572290651e-06,-2.582238943497753e-06,1.4966359283497978e-05,3.211156201049553e-07,-2.2690143700367178e-07,3.096204772245671e-08,-5.978358969712463e-06,100mV,2,38,-0.06987166411789558,0.0011667220950177981,0.0013049963255752322,1.2375607260146527e-05,8.315742840604105e-05,0.011673137303469763,0.013056580786473263,0.0012388161582947044,0.008324178670681165
377.1552,0.0999722,0.0010387027809442713,0.0011400246261602,0.09997222818260663,0.0,6.131439500898924e-06,6.779742208301061e-05,-2.0722357085666533e-05,6.228389460459043e-06,-0.00024756151336937965,1.7372576266167376e-05,6.780250968837867e-05,-3.1074833575804676e-05,1.1769278054966515e-05,6.989814687661785e-06,2.319827012937505e-06,-3.3773435566504195e-06,6.396369833754736e-05,-1.8261152001575592e-05,-4.868081926878569e-05,6.096900523410104e-05,-4.192951215578313e-06,-6.684030541842647e-07,1.5963194274789632e-06,-4.385256852723622e-06,-1.3442862951560051e-05,7.194249777080813e-06,3.5741435789155568e-06,-1.4167376486674849e-05,1.8632805045919381e-07,-9.554768888002691e-08,-4.2945409072138237e-07,1.2757662577363807e-05,1.7217099850446531e-06,-1.3802938389664585e-06,2.528953893751238e-06,1.41158926967836e-05,1.6636120687276226e-07,-2.058347704812609e-07,-1.194996384473222e-06,-6.14208031886672e-06,100mV,2,37,0.14133693026817543,0.0010387027809442713,0.0011400246261602,6.131439500898924e-06,6.779742208301061e-05,0.010389913277185383,0.011403413196691596,0.0006134846544493658,0.006783509492845148
298.2954,0.0999441,0.0009221754372096347,0.0009951452783513782,0.09994414146293329,1.3877787807814457e-17,1.8793770479165197e-06,5.4655215504143276e-05,-1.9795401532761843e-05,7.204580793268276e-06,-0.00023719077019138427,-4.388619663534861e-06,6.164428986007204e-05,-4.2526141323429656e-05,1.0213046952797521e-05,6.374979037688587e-06,1.6750234688164979e-06,-2.380097221788208e-06,6.505714099358864e-05,-1.139249823751979e-05,-3.0810490562027006e-05,7.143832630167282e-05,-3.969415976898796e-06,-7.414624767241473e-07,1.1890936809362474e-07,-4.685644689906269e-06,-1.4910495386849471e-05,5.967033017474538e-06,-2.521564294056315e-07,-1.3754656656302465e-05,5.621324132954174e-07,1.0568045255248712e-07,5.058839947465641e-06,1.1702186886933018e-05,2.6304880943380414e-06,-1.2740614509741355e-06,7.640570836485163e-06,1.2941636663081488e-05,-1.4144947190463397e-07,-1.64567871655135e-07,-4.700860285387834e-06,-3.6448350763118784e-06,100mV,2,36,-2.0985194418346613,0.0009221754372096347,0.0009951452783513782,1.8793770479165197e-06,5.4655215504143276e-05,0.00922690838813845,0.009957014626219505,0.0001881478393473773,0.005471632591006572
236.7424,0.099872,0.0008199159457164937,0.0008717459468798685,0.09987201553202395,-3.469446951953614e-18,-8.736916117203303e-07,4.3813878983501235e-05,-1.9859378661279437e-05,9.796545852147664e-06,-0.00022437484502967644,-2.1672719081401254e-05,5.122869928069791e-05,-5.352792345124143e-05,9.064078750442877e-06,5.70431868686169e-06,7.634840897128887e-07,-3.8048794874339854e-06,6.50199609973939e-05,-5.06852364176629e-06,-6.9179114968073635e-06,7.826616269769925e-05,-3.8135948130203922e-06,-8.234806603806585e-07,-6.412239760799917e-07,-5.1306362245132255e-06,-1.6131047935828296e-05,4.619218123449428e-06,-7.402366990472423e-06,-1.206044214347786e-05,8.933383670975991e-07,9.425692744156232e-08,9.595608418172992e-06,7.940877942223439e-06,3.487381548536775e-06,-1.347738362847504e-06,1.387388544230789e-05,5.758406834092254e-06,-3.910560443902347e-07,-7.702784337794756e-08,-5.357561960832508e-06,-5.65083305788762e-07,100mV,2,35,-0.25768951776129895,0.0008199159457164937,0.0008717459468798685,-8.736916117203303e-07,4.3813878983501235e-05,0.008209666555228253,0.008728630760439027,-8.759322915073661e-05,0.004392624457304435
189.0121,0.0998306,0.000731174779100311,0.0007683649418569908,0.09983059341926455,6.938893903907228e-18,-2.6336757093523223e-06,3.5172856561327924e-05,-1.851983304253681e-05,1.2094483349228475e-05,-0.00021071590216204967,-3.498169086339927e-05,3.737440383820103e-05,-6.654081406380764e-05,8.107355448078403e-06,5.078971231590701e-06,1.082500936978143e-06,-2.671770732362461e-06,6.430100073405386e-05,2.2558985093813328e-07,2.3936428478009918e-05,7.489669222318786e-05,-3.62866215493136e-06,-8.006648107647941e-07,-4.040911151894572e-06,-4.329090393461392e-06,-1.7177038686483973e-05,3.3965236953439467e-06,-1.3100100318577335e-05,-6.113339890904617e-06,1.1807352867913866e-06,6.255706467781524e-08,1.2944085812142946e-05,1.4773818027491586e-07,4.162912051173405e-06,-1.5707927351166448e-06,1.5177933655556489e-05,-5.47177586969978e-06,-4.888851427022235e-07,1.68678988403065e-07,-4.516962098744255e-06,3.939462888723907e-06,100mV,2,34,-0.3392684696524252,0.000731174779100311,0.0007683649418569908,-2.6336757093523223e-06,3.5172856561327924e-05,0.0073241553922208215,0.007696688114734953,-0.0002642621675445116,0.0035292330337490705
149.6011,0.0995321,0.0006484779826362809,0.0006736194510024856,0.09953213343879974,-1.0408340855860843e-17,-3.7511786610609086e-06,2.7649244503983875e-05,-1.5878615787145365e-05,1.4014192030307813e-05,-0.00019527915794308108,-4.5251557583842885e-05,1.5016727451552712e-05,-7.596507763398126e-05,7.305913878501714e-06,4.538229063707744e-06,-1.1091322435561272e-06,-2.7082617346437186e-06,6.2653126366145e-05,4.6134526143040325e-06,5.979088909199668e-05,5.241259385096494e-05,-3.309659305364615e-06,-7.268987858797218e-07,-5.12507109111826e-06,-1.581656420857623e-06,-1.765149432510797e-05,2.511556209720839e-06,-1.3393546010014364e-05,5.731299028918166e-06,1.3643754429534936e-06,-2.462490864154207e-07,8.070550929343215e-06,-9.83008720384304e-06,4.440405591191604e-06,-1.852193416287657e-06,3.77110091362012e-06,-1.5254435359705523e-05,-4.593690912541381e-07,3.499270890333906e-07,5.936313314802668e-07,5.5661633641307385e-06,100mV,2,33,-1.4708210432460285,0.0006484779826362809,0.0006736194510024856,-3.7511786610609086e-06,2.7649244503983875e-05,0.006515262561261349,0.006767859059473294,-0.00037865275669387053,0.0027909794754951375
119.1737,0.0989728,0.0005763819589660838,0.0005928732427463746,0.09897281339815456,1.3877787807814457e-17,-4.399585575836225e-06,2.1576262829974966e-05,-1.2567658435803578e-05,1.7692953906431678e-05,-0.00017970281714640594,-5.223555848688138e-05,-1.434136593596493e-05,-7.749375952032945e-05,6.46083818105455e-06,3.9896808028191915e-06,-2.5921905484759406e-06,-2.270901735785837e-06,5.9916605864249145e-05,8.216678827026593e-06,8.007041648419179e-05,6.073082801356518e-06,-3.086789134069531e-06,-6.016106639670582e-07,-3.9867488326156206e-06,2.6929149219550164e-06,-1.754558368223992e-05,1.6928256061152795e-06,-5.1635634443259475e-06,1.4978756164583942e-05,1.111643099414996e-06,-4.596789844519504e-07,-4.436966515700521e-06,-1.2143796411061823e-05,4.219037693088433e-06,-1.8227775659026732e-06,-1.2542062241021388e-05,-9.14726761500234e-06,-1.6496447510752072e-07,3.2227622829256754e-07,6.211128993456064e-06,4.2963257113573425e-07,100mV,2,32,2.4109971396822276,0.0005763819589660838,0.0005928732427463746,-4.399585575836225e-06,2.1576262829974966e-05,0.005823639231587521,0.005990263612708711,-0.00044913814210407565,0.0022026444159259904
94.69697,0.1006919,0.0002502748944740964,0.00017697058930080464,0.05034596999364673,-4.716279450311944e-18,-2.5710692599514567e-06,3.249321981968728e-07,-2.640416085397135e-07,5.315250125485777e-07,-7.981042902239031e-05,-2.896197655143562e-05,-8.544967272255722e-07,-3.3803949244770814e-07,2.673276241724037e-06,1.047551234747787e-06,-3.4890418937953647e-07,1.5780100268556513e-07,2.7545582269486012e-05,5.083466923308186e-06,-6.175530691848791e-07,-5.436263261358153e-07,-1.3102121828655003e-06,-2.1529518382783976e-07,6.94237020113276e-07,1.261942492313552e-07,-8.362600378868695e-06,-5.681739661281476e-08,-1.02909108219415e-06,3.156200513550002e-07,4.750619649985844e-07,5.972907202399009e-09,-3.617200338367014e-07,-4.0711097726835957e-07,2.216768746764049e-06,-4.243537741154189e-07,-1.6437620383888766e-06,-2.5875462456339883e-07,-1.510859100953107e-07,2.687051790269081e-08,-4.631867024535406e-07,7.443030855318887e-09,100mV,2,31,1.5709088619808693,0.0002502748944740964,0.00017697058930080464,-2.5710692599514567e-06,3.249321981968728e-07,0.004971100854858475,0.0035150894763401517,-0.0010143418652773736,0.00012819270843521173
75,0.0999987,0.00022082627642103068,0.00015661233929051686,0.049999377020737,7.843525091574821e-19,-2.448366937017797e-06,-6.162742133705345e-08,5.80340445579414e-07,3.799842965497317e-07,-7.13336781921287e-05,-2.755152476206419e-05,-2.025280686677119e-06,-3.507535284758859e-07,2.455292671400762e-06,9.74993237763678e-07,1.3488845773904863e-07,2.947797488424101e-07,2.499062185005218e-05,5.423863780319373e-06,2.057029179960884e-07,4.028596774565676e-08,-1.2397498613185747e-06,-2.1896460352646202e-07,-2.104982673128634e-07,-1.1061344514157171e-07,-7.785027248261818e-06,-4.0458537426383795e-07,-2.6606390626168667e-07,-2.858385515483315e-09,4.836634822912964e-07,2.220924900796984e-08,-1.5073713686876794e-07,-8.576309572665637e-08,2.15979450627898e-06,-2.7777602152146785e-07,6.353766811937877e-08,3.32653899259116e-07,-1.270608540376572e-07,-2.4228418530768857e-09,4.3058155343277794e-07,-2.1472527658535803e-07,100mV,2,30,1.5707178148667913,0.00022082627642103068,0.00015661233929051686,-2.448366937017797e-06,-6.162742133705345e-08,0.004416580557182624,0.0031322858127924803,-0.0009793711797725113,-2.4651582827990485e-05
54.50581,0.1,0.000381348522486998,0.00029426997659630106,0.10000002444842443,-9.843369880042224e-18,-4.7927878359217846e-06,-6.828097996809737e-07,-1.1081913727756008e-06,2.180061839653544e-07,-0.0001296926467577631,-6.161456639072334e-05,-2.34404556314697e-06,-2.9470087882939255e-06,4.474241380901532e-06,2.032749026919944e-06,9.277123477943267e-08,2.8064781476129656e-07,4.741105556695027e-05,1.4639377480474892e-05,1.445967183694027e-06,1.1151704682295056e-06,-2.3410368868099285e-06,-4.840104546928372e-07,4.2885825920870805e-07,5.606750037808803e-07,-1.5489301221701296e-05,-2.101493622784982e-06,8.322420347820249e-07,4.174984029217117e-07,8.473476821953698e-07,5.092027364683413e-08,-2.279027358539722e-07,4.9850006358893705e-08,4.491324961233327e-06,-1.9751674442707632e-07,2.1925919761904642e-07,-5.656860417523477e-07,-2.751896328922708e-07,-3.241091025098726e-08,3.3061648608069317e-07,2.669580728498514e-07,100mV,2,29,1.5708478350919184,0.000381348522486998,0.00029426997659630106,-4.7927878359217846e-06,-6.828097996809737e-07,0.003813484292533154,0.0029426990465194584,-0.00047927854924004204,-6.828094658086215e-05
45.95588,0.0999889,0.00035386727043856494,0.00035657916692909564,0.09998888141234957,8.673617379884035e-19,-4.341724885358539e-06,7.233285806258082e-06,2.6170731740624837e-07,1.913189837284756e-06,-0.0001232167414414834,-5.9619015159850764e-05,-2.33152738735733e-06,2.2901627716209013e-06,4.293680336457671e-06,2.971554405413497e-06,7.185142349520316e-07,2.7370932494018504e-07,4.59221195358521e-05,1.5113941853808413e-05,1.040701692357739e-06,-1.4696368009031245e-06,-2.339993577131202e-06,-9.207470135628551e-07,6.653414527299884e-07,-2.0204396884065484e-07,-1.5172696170330865e-05,-2.2094034883627896e-06,7.345825593158861e-07,4.665890291165668e-07,9.545174437884034e-07,1.0220181916591452e-07,-2.8126093728380125e-08,3.721750651727598e-07,4.435369566859484e-06,-2.888668741855138e-07,3.976378210144172e-07,-5.657118944588661e-07,-3.1661675977837937e-07,4.969614720179737e-08,5.21148908565117e-07,-2.961090502838017e-09,100mV,2,28,1.6211913226775427,0.00035386727043856494,0.00035657916692909564,-4.341724885358539e-06,7.233285806258082e-06,0.0035390661985629434,0.0035661881790494234,-0.00043426905233773564,0.0007234894553002735
37.5,0.1000013,0.00031874551733886397,0.0003194889356867206,0.10000127908202859,-1.734723475976807e-18,-4.152916675208317e-06,5.505374073074401e-06,-1.268898495596936e-07,6.844270721193513e-07,-0.00011262063955027042,-5.8909109735979914e-05,-1.7855590835787863e-06,1.9131860746709694e-06,3.969062305945234e-06,2.7004353901344e-06,1.0543061257846125e-07,-2.0287444256365803e-07,4.272100639173531e-05,1.60306974452888e-05,-6.798352928680538e-08,-1.0774016569573636e-06,-2.1949538052696104e-06,-8.835384201935177e-07,9.588958545103063e-07,-2.549345078592625e-07,-1.4532255984685513e-05,-2.9293408991169578e-06,1.0164881522796453e-06,7.551916716058302e-07,9.122221210316361e-07,1.2445950644212465e-07,-7.642318348472263e-07,4.6617622061617476e-07,4.429226328535174e-06,6.4256372411206216e-09,-1.3636241559570708e-06,-2.973513641848687e-07,-3.0513457978887897e-07,2.017785020669177e-08,1.0659314834003315e-06,-2.6695181522847905e-08,100mV,2,27,1.6073298739947999,0.00031874551733886397,0.0003194889356867206,-4.152916675208317e-06,5.505374073074401e-06,0.0031874144037438244,0.003194848492134302,-0.0004152810438824887,0.0005505233239275725
30.04808,0.1000017,0.00028428971508560376,0.0002825424865768141,0.10000171126619868,-2.6020852139652106e-18,-3.922746444523026e-06,3.791927367977031e-06,-2.912901185495039e-07,3.294269022699508e-07,-0.0001017462835110633,-5.72674909223361e-05,-2.948930680662474e-06,1.6927394006574624e-06,3.6384183808501457e-06,2.5028592177780997e-06,3.595147615136488e-07,1.098665592188396e-06,3.9218247994269756e-05,1.654907610012625e-05,1.6351229801565914e-06,-1.2692959736836609e-07,-2.054042957288355e-06,-9.002298102931762e-07,7.018156472600657e-07,1.0802258171620105e-07,-1.3674464317421898e-05,-3.533305160627627e-06,1.107345637771323e-06,5.680430326016265e-07,8.84069392744111e-07,1.9221047191761336e-07,-1.461486729092741e-07,6.590866109486009e-08,4.322467965553639e-06,3.224449090280359e-07,-2.113650490548178e-07,3.0781864025677295e-08,-3.108697068972694e-07,-2.3754153665499302e-08,1.3211535507290297e-07,-5.594166502696484e-07,100mV,2,26,1.5951713218139323,0.00028428971508560376,0.0002825424865768141,-3.922746444523026e-06,3.791927367977031e-06,0.0028428485021505406,0.0028253765160548366,-0.00039226121907012655,0.00037917975913656215
23.91582,0.0999953,0.00025252162332011353,0.0002541299715958239,0.0999953367821624,-4.7704895589362195e-18,-3.6878463392512437e-06,2.9686086435335032e-06,5.453110585592204e-07,5.804712933710979e-07,-9.144944489976002e-05,-5.4623296691446376e-05,-3.0386375065192984e-06,1.0396180255894149e-06,3.305711262226321e-06,2.319036129164053e-06,-8.804779600217806e-07,-1.1119618187942993e-07,3.570024841899123e-05,1.6577667977325848e-05,9.633192760595614e-07,-4.6278723150067947e-07,-1.902647307205571e-06,-8.997216993331974e-07,2.6530067574685096e-07,-1.1713464189682516e-07,-1.2707728865587799e-05,-3.945491688826283e-06,8.360371766715317e-07,1.4167468842929952e-07,8.471209157221881e-07,2.2749024102505773e-07,-8.784253239912117e-08,6.984001813757225e-08,4.13803226391575e-06,5.820512560901401e-07,-8.617929161320103e-07,-2.846054167461809e-08,-3.1692606302237547e-07,-4.351261281614567e-08,1.2299367609954489e-07,5.726242048687398e-07,100mV,2,25,1.585214643608329,0.00025252162332011353,0.0002541299715958239,-3.6878463392512437e-06,2.9686086435335032e-06,0.0025253339950264504,0.002541418227826367,-0.0003688190307927701,0.00029688855282765484
18.8253,0.1000013,0.000223224206697252,0.00022489297575218643,0.10000131430700838,-5.637851296924623e-18,-3.3963093442435046e-06,2.046605677968984e-06,-4.885649641405905e-07,5.5801227937416975e-08,-8.166271698860047e-05,-5.1678366926029195e-05,-2.1505168855399307e-06,1.3847651383136735e-06,2.99144383784533e-06,2.125850093146934e-06,-5.37814027153117e-07,5.0527971465552345e-08,3.227388484679242e-05,1.6362897915254655e-05,1.9297884144448437e-06,1.1436468377021116e-07,-1.7474087709817879e-06,-8.845499337060657e-07,-3.2412151933863845e-07,-4.62431417763784e-07,-1.1717871870979632e-05,-4.240917087268458e-06,-2.2797140015154284e-08,5.323725507694522e-07,7.984784714728304e-07,2.6014731906093235e-07,4.771082438732259e-08,-2.1599825558706657e-07,3.9238576618516386e-06,7.989197038101234e-07,-5.019207707289589e-07,5.259640787388125e-07,-3.0817203588561785e-07,-6.722009753554497e-08,9.797592525220363e-08,1.9967907724691192e-07,100mV,2,24,1.5769389544449528,0.000223224206697252,0.00022489297575218643,-3.3963093442435046e-06,2.046605677968984e-06,0.002232212728844183,0.002248900200068923,-0.0003396220070140037,0.00020465518816658397
15.02404,0.1000003,0.00019880286197212108,0.0001999159618548749,0.10000032296139294,4.911097028180433e-18,-3.1265196404662172e-06,1.3329661533227303e-06,-2.7167968654174055e-07,3.821624410306564e-07,-7.331132185960787e-05,-4.8740327584021884e-05,-2.2437816168427942e-06,7.234065605103953e-07,2.717478015501507e-06,1.9580171862555867e-06,-3.704418473523468e-07,1.5669538925413796e-07,2.926307866684374e-05,1.596421964799298e-05,1.4681433278601403e-06,-5.088018189630567e-07,-1.6068821716534004e-06,-8.629060152921903e-07,3.47331001739831e-08,4.4681687460394285e-11,-1.0795847289640097e-05,-4.404393990746482e-06,1.125745023282678e-06,-1.7757737307803366e-07,7.473690879399217e-07,2.828626391053436e-07,-8.908311771910197e-08,-2.349778275240354e-07,3.6953418721750934e-06,9.610546642591735e-07,-6.282774397333296e-07,8.373784368970438e-08,-2.966998804747992e-07,-8.259585098609276e-08,-2.3458474862806047e-07,2.089558467562687e-07,100mV,2,23,1.5707144794492183,0.00019880286197212108,0.0001999159618548749,-3.1265196404662172e-06,1.3329661533227303e-06,0.0019880221991770246,0.00199915316205585,-0.0003126499445661287,0.0001332957543432328
11.95791,0.1000002,0.00017681375399906515,0.00017789763699819426,0.10000023830532943,1.4094628242311558e-18,-2.8634290596930166e-06,8.119658676012876e-07,3.199823532798493e-07,2.6944478348114774e-07,-6.565072215903918e-05,-4.556625456673813e-05,-2.903610885116803e-06,8.174885085836836e-07,2.4633631129717234e-06,1.8043543755905495e-06,-2.466716279576079e-07,6.386844240301114e-08,2.642400901233088e-05,1.536648057478741e-05,9.306374599954949e-07,-1.6965431841395274e-07,-1.4679263330878611e-06,-8.353542551820228e-07,-2.9272363777231427e-07,1.2400564047958333e-07,-9.88750984202396e-06,-4.467978730738597e-06,6.282881831219003e-07,-1.3733053799855252e-07,6.928321420783937e-07,2.9461727272153774e-07,-1.9991872922090503e-07,1.2180449377137966e-07,3.4514478890411104e-06,1.0810999031003858e-06,-6.593941727903036e-07,-5.606647967886646e-07,-2.818015187603768e-07,-9.46679000461237e-08,-2.463392465591744e-07,2.568758407894914e-08,100mV,2,22,1.5657254334481998,0.00017681375399906515,0.00017789763699819426,-2.8634290596930166e-06,8.119658676012876e-07,0.0017681333264347031,0.0017789721305965461,-0.0002863415412333693,8.119619976992497e-05
9.52744,0.0999996,0.00015736955180788075,0.00015846357622558807,0.09999962845529489,4.87890977618477e-18,-2.609082128088182e-06,4.2391043416053236e-07,2.867464977353814e-08,2.4120141593171296e-07,-5.8764164529762226e-05,-4.235671271062342e-05,-1.798049382543622e-06,4.573963232911845e-07,2.2234804885228657e-06,1.661129088659088e-06,-1.3296690276606516e-07,9.462302930930165e-09,2.382044046454957e-05,1.4649014275666395e-05,4.1220537100208836e-07,-1.6518009004804615e-07,-1.332360508974447e-06,-8.008319176171056e-07,2.1168136720084653e-07,1.182924226192583e-07,-9.017690566298157e-06,-4.447827662241111e-06,4.054354288107546e-07,3.6115010885920634e-07,6.375823308411053e-07,3.0009975973075805e-07,5.042561617876496e-07,-4.723978590354604e-08,3.1995019912031017e-06,1.1644707742440938e-06,-2.7203980586025325e-07,6.059894358445014e-08,-2.649299392500079e-07,-1.0134469115367862e-07,4.285622766781165e-08,5.1767744647435233e-08,100mV,2,21,1.561788835424253,0.00015736955180788075,0.00015846357622558807,-2.609082128088182e-06,4.2391043416053236e-07,0.0015737013650829036,0.0015846416499080257,-0.00026091015160092316,4.239135842116334e-05
7.524077,0.1000006,0.00013947186920230408,0.0001403533707737136,0.10000061539133197,2.168404344971009e-18,-2.3579950453010984e-06,1.0933115283053098e-07,2.502314345363817e-07,1.7750701073485988e-07,-5.233943069309869e-05,-3.9087672802719706e-05,-2.0861243146407767e-06,6.640221358542248e-07,1.9940880975026556e-06,1.522533181347615e-06,-7.285005582914383e-08,-2.825230363323145e-08,2.1346484198252682e-05,1.3831664318266325e-05,1.3288247300970865e-06,-4.780590308251813e-07,-1.200659442761793e-06,-7.618765161581381e-07,2.942633083372575e-07,9.114545166194892e-08,-8.16507028749806e-06,-4.360933581490264e-06,4.873946779583942e-07,1.4684872971759643e-07,5.794289299163822e-07,2.987312141982635e-07,-1.2823373227389175e-07,-7.686074539285186e-08,2.9372487445742293e-06,1.2147601912569977e-06,-8.131479151608623e-07,-2.2718475133067862e-07,-2.4466786472510225e-07,-1.0534301908013723e-07,-6.324425375445199e-08,-9.29071372526417e-08,100mV,2,20,1.5585157260266784,0.00013947186920230408,0.0001403533707737136,-2.3579950453010984e-06,1.0933115283053098e-07,0.0013947101090979234,0.0014035250705655097,-0.00023579660237747584,1.0932980721407699e-05
5.98659,0.0999999,0.00012410872562942238,0.00012485094948141282,0.09999988897410315,1.0842021724855044e-17,-2.1343576360450417e-06,-1.1040038158835053e-07,-1.6821286237989645e-07,1.1553456895546121e-07,-4.6762553479092626e-05,-3.599601899342159e-05,-2.3515294513028774e-06,6.410326697705123e-07,1.793886939647866e-06,1.3978859489516445e-06,-2.730341036546955e-07,-8.304408659999016e-08,1.9165600639001505e-05,1.2986011806347108e-05,1.402202457311606e-06,-2.7427010028809345e-07,-1.0826008751225298e-06,-7.200619364627955e-07,-4.46922315968981e-08,-1.026788047485763e-07,-7.3924518447532395e-06,-4.223913559966271e-06,-8.61590711397141e-08,-2.3470318100981117e-08,5.27711423969292e-07,2.926289100803348e-07,3.028430994752526e-08,-8.921742796098494e-08,2.692660717499027e-06,1.2368608824232725e-06,-4.408881045124333e-07,-1.220288579684939e-07,-2.2698819582164452e-07,-1.0793447993451118e-07,-9.728802670028647e-08,6.706417359703497e-08,100mV,2,19,1.5560074726638282,0.00012410872562942238,0.00012485094948141282,-2.1343576360450417e-06,-1.1040038158835053e-07,0.0012410886342240105,0.001248510880984531,-0.00021343623754323493,-1.1040062673478589e-05
4.76372,0.0999996,0.0001104674539590038,0.00011108073645142426,0.09999962363913124,-8.673617379884035e-19,-1.9280171184280634e-06,-2.6543580189803766e-07,1.2677772580362556e-07,1.3199295905510176e-07,-4.176418780109918e-05,-3.3024225045022406e-05,-2.5481878103569787e-06,1.880810602207173e-07,1.6085883756610277e-06,1.2793944567526733e-06,-3.8283015697918944e-07,-1.9468122585164265e-07,1.7184471469761493e-05,1.2117361272620507e-05,1.2097346915650262e-06,-6.492003102357683e-08,-9.73362049576421e-07,-6.742912566767732e-07,2.9018864241860295e-08,1.1543838595641392e-07,-6.674259129534972e-06,-4.047561166918184e-06,5.725366587427024e-07,-1.9111549522297115e-07,4.780664604716562e-07,2.828834244241968e-07,-3.661422824710797e-08,-2.527448585154205e-07,2.4539684529160103e-06,1.2325750381502663e-06,-2.6312503348814046e-07,-4.618154665177527e-08,-2.082960266759448e-07,-1.0656309572153389e-07,-1.5682081893755597e-07,-2.2340798073738034e-07,100mV,2,18,1.5540193793086707,0.0001104674539590038,0.00011108073645142426,-1.9280171184280634e-06,-2.6543580189803766e-07,0.0011046786971683794,0.001110811545174224,-0.0001928031631113947,-2.654377999022973e-05
3.76506,0.1,9.800995603967699e-05,9.847611381919305e-05,0.09999999268623587,9.107298248878237e-18,-1.733061309670441e-06,-3.7600857802914695e-07,1.6772537864753723e-07,-1.292555878534523e-07,-3.7161767531941424e-05,-3.0122993469476116e-05,-2.4125923692262617e-06,9.406596706729641e-08,1.4374887556807375e-06,1.1646839168287554e-06,-1.936954962901237e-07,-2.3768151678174152e-07,1.533991373588588e-05,1.122091583130173e-05,1.0277320454989647e-06,-1.5066289825467806e-08,-8.701892781309489e-07,-6.267115517614861e-07,2.3110971585285009e-07,2.3979498497777916e-08,-5.990591928912583e-06,-3.836179917421177e-06,4.163951303103933e-07,9.504215120388942e-08,4.3053395682421524e-07,2.688345918081542e-07,-1.4769277682555614e-07,-1.1070786808578882e-07,2.2203974503698953e-06,1.2071230067422686e-06,-4.996654963568866e-07,-1.3471403269329886e-07,-1.9016203834050876e-07,-1.0443053542043628e-07,-8.723753157693517e-09,-2.8898766497718495e-07,100mV,2,17,1.552390125292054,9.800995603967699e-05,9.847611381919305e-05,-1.733061309670441e-06,-3.7600857802914695e-07,0.0009800996320789455,0.0009847612102150427,-0.00017330615631745016,-3.760086330299137e-05
3.008665,0.1000001,8.746444353777565e-05,8.780032258022582e-05,0.1000001266117236,2.6020852139652106e-18,-1.5632893226890318e-06,-4.45603383920051e-07,-2.034367675498196e-07,5.523849972966293e-07,-3.3238011738313523e-05,-2.751624339169073e-05,-2.6799816499393057e-06,5.172540969859525e-07,1.2895837419888556e-06,1.064392222654798e-06,-1.1338758181560523e-07,1.5007561893415237e-07,1.3755731143299837e-05,1.0383112409624928e-05,8.729527349204795e-07,-2.0491998105106017e-08,-7.817736373807194e-07,-5.823388142514104e-07,-2.9970373753744086e-08,-1.6848978624651842e-07,-5.397150144941924e-06,-3.618938736505273e-06,3.239804308286215e-07,1.0831919322301148e-07,3.89318531571311e-07,2.553419006686611e-07,1.6404773235581508e-07,3.201452391753689e-07,2.014989707008863e-06,1.1709760411090666e-06,1.7956447143159764e-07,3.1971308678456584e-08,-1.7425170183152287e-07,-1.017645057342496e-07,3.30317921107859e-08,6.44395793702844e-08,100mV,2,16,1.551158015917355,8.746444353777565e-05,8.780032258022582e-05,-1.5632893226890318e-06,-4.45603383920051e-07,0.0008746433279767636,0.0008780021141486482,-0.00015632853640814374,-4.456022555499443e-05
2.38186,0.1000002,7.770193932006175e-05,7.79157476045658e-05,0.10000018223300428,5.637851296924623e-18,-1.4013532360287602e-06,-4.889015820885708e-07,8.190675225847637e-08,-9.435667016091864e-08,-2.9585334101575553e-05,-2.4977342237291293e-05,-2.4990511042969613e-06,2.0442527563848367e-07,1.1497284859234115e-06,9.646337167466131e-07,-1.826558158953566e-07,-2.8879012246948625e-08,1.2270638319309849e-05,9.535845507521894e-06,1.1823834142313392e-06,-1.1286149630651078e-07,-6.979950831013545e-07,-5.35378251143478e-07,5.668139456338426e-08,-1.8600371185418014e-08,-4.832315310104891e-06,-3.3815923367560333e-06,9.605928662555255e-08,-3.517655069522578e-09,3.499842950402955e-07,2.3900848566185363e-07,1.783993687089214e-08,3.7613710206015494e-08,1.8136769174060997e-06,1.1192239368906181e-06,1.1706184118873641e-08,4.250848092577533e-08,-1.5825247885038356e-07,-9.708968225042605e-08,2.959027483094461e-08,7.139993912203952e-08,100mV,2,15,1.55013782005087,7.770193932006175e-05,7.79157476045658e-05,-1.4013532360287602e-06,-4.889015820885708e-07,0.0007770179772174138,0.0007791560561661688,-0.00014013481285865163,-4.8889980021335947e-05
1.890121,0.1000002,6.912992352258148e-05,6.923415578370512e-05,0.10000023046522835,3.903127820947816e-18,-1.2571045506545335e-06,-5.085682166800568e-07,2.0293176695335224e-08,-3.4742966748247245e-08,-2.636301190925272e-05,-2.2641923440086543e-05,-2.5530104956785496e-06,3.4456920221253363e-07,1.0263238809882992e-06,8.746542264562428e-07,-1.8694794843262047e-07,-4.6642200909169186e-08,1.0949773132868081e-05,8.732711090888297e-06,1.130451106577068e-06,-3.8357229285348844e-08,-6.239807399029971e-07,-4.910889449794693e-07,-7.046272936572778e-08,-4.644361802162543e-08,-4.3243512557923235e-06,-3.143555401488972e-06,3.281687731983063e-07,-7.422133292720652e-08,3.1430206749404995e-07,2.2283929035632299e-07,1.2583550091387156e-08,-1.561455687138607e-07,1.631465788251683e-06,1.0599701254849424e-06,7.878889092964385e-08,-1.823206744588835e-08,-1.427285509635988e-07,-9.237211167788879e-08,-1.2687702577082864e-07,-4.590800385175883e-08,100mV,2,14,1.5493332089582492,6.912992352258148e-05,6.923415578370512e-05,-1.2571045506545335e-06,-5.085682166800568e-07,0.0006912976420251256,0.0006923399622341763,-0.0001257098756296818,-5.085658725423566e-05
1.502404,0.1,6.156892874094658e-05,6.157405509633661e-05,0.10000003630172265,1.734723475976807e-18,-1.1297872497864874e-06,-5.144419550756584e-07,2.147484524395223e-07,3.988969432520369e-08,-2.3507625077466964e-05,-2.050000888991947e-05,-2.6147532111697896e-06,2.2673418582647102e-07,9.180313768574208e-07,7.925635834328643e-07,-2.1498917469692316e-07,1.630710915660845e-07,9.775732608601509e-06,7.97765300529784e-06,1.0222207017095537e-06,-1.5086845797181555e-07,-5.574245190723979e-07,-4.4954110114711513e-07,1.81958611150466e-07,4.0894034387744366e-08,-3.870723004720495e-06,-2.9088017616031645e-06,3.9461579378292416e-07,-3.068692078225874e-08,2.8261539001738925e-07,2.07720720862705e-07,1.1398127805134957e-07,2.6498511288573786e-08,1.4653388552511103e-06,9.963305763733065e-07,-1.3344255631839218e-07,-3.725959962668384e-08,-1.290253300955819e-07,-8.734666169458712e-08,1.1742432666319139e-07,1.8386921009601766e-08,100mV,2,13,1.548701913945481,6.156892874094658e-05,6.157405509633661e-05,-1.1297872497864874e-06,-5.144419550756584e-07,0.0006156890639037295,0.0006157403274390203,-0.00011297864295224663,-5.144415815732784e-05
1.195791,0.1000001,5.48817357850011e-05,5.4804623866933285e-05,0.10000013395397828,1.3010426069826053e-18,-1.014433743888943e-06,-5.069874570334171e-07,4.019350551787253e-08,1.1986196536257616e-07,-2.09746740845825e-05,-1.8540326618159753e-05,-2.689338025649454e-06,1.5461916374337589e-07,8.195414638965062e-07,7.165676904278745e-07,-9.10087275142786e-08,-2.3401482951929905e-08,8.730938576573262e-06,7.27232788258825e-06,1.0977835109326686e-06,-6.599022453447161e-08,-4.983113560868873e-07,-4.091203751333663e-07,1.0893093369048955e-07,7.524291030039037e-08,-3.4627675344796395e-06,-2.6800086881501048e-06,5.663668592284051e-07,-2.2073812043160666e-08,2.52385084775154e-07,1.9143865165049108e-07,-2.059068361117985e-08,5.18467262702618e-08,1.3158259426674554e-06,9.323712779421228e-07,-1.859174716986011e-07,2.6154474952597548e-08,-1.165282705659808e-07,-8.132143899891776e-08,3.119054340958523e-08,2.639747105418625e-08,100mV,2,12,1.5482032572369464,5.48817357850011e-05,5.4804623866933285e-05,-1.014433743888943e-06,-5.069874570334171e-07,0.0005488166226883114,0.0005480455045405767,-0.000101443102614569,-5.069860987764102e-05
0.9486946,0.1000004,4.881252618252448e-05,4.869403663883566e-05,0.1000004208759445,9.974659986866641e-18,-9.07919796776737e-07,-5.191275702713734e-07,-2.85733671273457e-07,-5.3241571459263865e-08,-1.866871984879788e-05,-1.671452046494651e-05,-2.718834982575544e-06,1.2894357635404505e-07,7.318600878501279e-07,6.584116208811043e-07,-2.483257682429928e-07,-9.612175869753173e-08,7.772734805963378e-06,6.603022592485096e-06,1.2952637326698528e-06,-1.579561383060057e-07,-4.4524514203864297e-07,-3.804352980304721e-07,1.3394770985966026e-07,-1.0465858385404811e-07,-3.0864788905082573e-06,-2.4572175479550383e-06,4.905766062551772e-07,1.62920266322518e-07,2.2730571637239829e-07,1.8205908218331713e-07,3.2284455593739877e-07,8.03503347960675e-08,1.1728418335690012e-06,8.657572753244947e-07,1.544943963015807e-07,-3.6956603143111187e-08,-1.0484574872718968e-07,-8.063396095439558e-08,1.3141341625403586e-07,4.43024098887391e-08,100mV,2,11,1.547801096486269,4.881252618252448e-05,4.869403663883566e-05,-9.07919796776737e-07,-5.191275702713734e-07,0.0004881232074320852,0.00048693831698211576,-9.079121543929446e-05,-5.1912320053283084e-05
0.7515633,0.0999995,4.348681914038567e-05,4.32682589908609e-05,0.09999949848176333,4.336808689942018e-19,-8.172665458705063e-07,-4.6206748294580777e-07,1.5641130273719275e-08,7.706932356170538e-08,-1.6639663686719465e-05,-1.5043297597200814e-05,-2.6650598256559643e-06,1.8593283578638365e-07,6.5307757831794e-07,5.775367484273463e-07,-9.0338543493238e-08,1.4881792114472582e-08,6.934189329555614e-06,5.979116327901658e-06,1.2572413305538035e-06,-2.355531789882326e-07,-3.966142674534175e-07,-3.336517951361378e-07,1.8712414847802925e-07,3.031195245400356e-08,-2.760376422297133e-06,-2.2450862654377745e-06,4.5838882030842833e-07,-6.329236617741419e-08,2.0215156049205503e-07,1.5921296003227357e-07,-2.254650961279788e-08,1.7455321694699912e-07,1.0550021409317176e-06,7.994443479444808e-07,9.512892204811737e-08,6.438143492298844e-08,-9.356659557555165e-08,-6.839813660079738e-08,-6.255727110092924e-08,-3.6310794351426344e-09,100mV,2,10,1.5474788307779206,4.348681914038567e-05,4.32682589908609e-05,-8.172665458705063e-07,-4.6206748294580777e-07,0.00043487037235808,0.00043268475990158726,-8.17274743413714e-05,-4.620721176860592e-05
0.5978954,0.0999999,3.87852339662786e-05,3.852007298681488e-05,0.09999992202523611,0.0,-7.323737184277263e-07,-4.3813712530700723e-07,3.268470050001789e-07,4.422541743255157e-08,-1.4845717443716814e-05,-1.3547015461976318e-05,-2.5468294224482195e-06,4.3214929121586284e-07,5.839849151214276e-07,5.196719025245381e-07,-2.0766440902448854e-07,2.7759662238857167e-08,6.189518710481482e-06,5.4152716432779515e-06,1.3732496848119061e-06,3.104225283990965e-08,-3.5362402593222054e-07,-3.023558054682164e-07,-9.207532572030077e-09,-3.4052397682245823e-09,-2.465742990640967e-06,-2.0480046215490314e-06,3.315054283709149e-07,5.5334484359573275e-08,1.808670426070658e-07,1.4425027733485884e-07,6.111383919854374e-08,1.5317848716593033e-08,9.441084942456472e-07,7.357721246654074e-07,-1.8227405832260794e-07,4.217072833179909e-09,-8.432626171097713e-08,-6.337597254610983e-08,-1.202855814051129e-08,2.663010658269831e-08,100mV,2,9,1.5472274948582716,3.87852339662786e-05,3.852007298681488e-05,-7.323737184277263e-07,-4.3813712530700723e-07,0.0003878526420899679,0.0003852010302277426,-7.323748605624177e-05,-4.381378085805844e-05
0.4763719,0.0999973,3.459771682286418e-05,3.433291207049883e-05,0.09999735119197402,-1.0842021724855044e-17,-6.588304808894485e-07,-4.3118040630898276e-07,-1.4546626497835104e-08,-4.626709318161196e-08,-1.324209126938381e-05,-1.2191286411611766e-05,-1.4552395354372952e-06,1.1524184658441223e-06,5.228843537427824e-07,4.803178342518219e-07,-1.0974989781101507e-07,-7.562100811169022e-08,5.518420485550397e-06,4.895419643829218e-06,9.450283866400204e-07,-5.170397687261843e-07,-3.1747158640572887e-07,-2.8145429920464337e-07,3.377103530291154e-08,9.787997548421148e-08,-2.1978363903380344e-06,-1.863054347069351e-06,4.82946233085718e-07,2.903768357774773e-07,1.624255592165739e-07,1.3759466688502083e-07,3.993901914676803e-08,1.1197985770291198e-07,8.406674120216039e-07,6.749553267084918e-07,-8.846490522878764e-08,3.086620906332636e-08,-7.553565885327052e-08,-6.217405252602235e-08,3.7799829251991596e-08,-6.300676818861696e-08,100mV,2,8,1.5470622040467021,3.459771682286418e-05,3.433291207049883e-05,-6.588304808894485e-07,-4.3118040630898276e-07,0.00034598633274239224,0.0003433382150751855,-6.588653845855509e-05,-4.312032494990048e-05
0.3780242,0.1000004,3.084032682330041e-05,3.05357439074734e-05,0.10000045610789003,0.0,-5.912257961809162e-07,-4.0111563638632456e-07,-3.8057020368739225e-08,2.6189576487452125e-07,-1.1802127983891617e-05,-1.0943775974103892e-05,-1.7879898090913733e-06,1.2006779746607307e-06,4.6667603575601704e-07,4.305896891192551e-07,-1.528915333747925e-07,1.4173892479621514e-08,4.919912831435855e-06,4.413454572806782e-06,7.634991906795879e-07,-4.3735864688905913e-07,-2.8317402239558164e-07,-2.530750032008136e-07,5.272305500616265e-08,9.354471186398812e-08,-1.961697097203804e-06,-1.690080887138888e-06,3.671590582918779e-07,1.9569111861816952e-07,1.4517346521850493e-07,1.245416800777093e-07,-1.686917400565292e-08,5.429099754239421e-08,7.51119298810494e-07,6.166792121585854e-07,-8.76877131668101e-08,-1.1313731554200979e-07,-6.783964280160933e-08,-5.649885179066762e-08,-2.7810849290110232e-08,1.4777085111421582e-07,100mV,2,7,1.5468954426402313,3.084032682330041e-05,3.05357439074734e-05,-5.912257961809162e-07,-4.0111563638632456e-07,0.00030840186158778037,0.00030535604632171405,-5.91220402962806e-05,-4.011119773712268e-05
0.3004808,0.0999999,2.7521286257076273e-05,2.7184439757226337e-05,0.0999999408189051,-1.0408340855860843e-17,-5.310255956110607e-07,-3.712971192279283e-07,-9.810548274948598e-08,1.022129097685099e-08,-1.0528428818363915e-05,-9.824012471514497e-06,-1.8361373590136954e-06,9.576473212032947e-07,4.172114691582679e-07,3.8600262263061664e-07,-1.6007118692757172e-07,-1.5990585639329263e-07,4.388646172203068e-06,3.9772724206445645e-06,9.099248142115655e-07,-5.187100311543847e-07,-2.53014479027674e-07,-2.2768720505962235e-07,1.1799015226820153e-07,8.201237030659367e-08,-1.7504246199301695e-06,-1.5305496572989546e-06,3.83650058287363e-07,1.566679067387723e-07,1.296234642076059e-07,1.1263311167897285e-07,5.821709540581627e-08,-8.342983148683881e-08,6.713108338673031e-07,5.622575855318986e-07,-7.505597373096414e-08,-1.0235888606306123e-07,-6.043402039579368e-08,-5.134207628931548e-08,-4.387250809484166e-08,-6.797978307163257e-08,100mV,2,6,1.5467646217720687,2.7521286257076273e-05,2.7184439757226337e-05,-5.310255956110607e-07,-3.712971192279283e-07,0.00027521302544484443,0.0002718445584528495,-5.3102622414514176e-05,-3.7129755870371946e-05
0.238186,0.0999733,2.452060835781082e-05,2.4159779140471745e-05,0.09997329143126145,3.469446951953614e-18,-4.7390129405667626e-07,-3.4446626891564847e-07,3.633574712206099e-07,-7.595562841263421e-08,-9.372839891292393e-06,-8.792862751145344e-06,-1.8882898721461901e-06,7.779109226022271e-07,3.701357021637178e-07,3.441287743510731e-07,-1.5153447353232763e-07,1.3057961776363011e-08,3.913960453088911e-06,3.5517459322647465e-06,8.81283133338864e-07,-1.5746352812838774e-07,-2.2404319345882586e-07,-2.0121701814353776e-07,9.352683425316131e-08,-5.518413125281431e-08,-1.5667549379774706e-06,-1.3508538257080083e-06,4.789629839944163e-07,2.1681349202693926e-07,1.1417499607066469e-07,9.760771121135412e-08,-2.0089094663018258e-09,3.3287577106016994e-08,6.025856248424502e-07,4.828450478080978e-07,-1.641480410566901e-08,-1.5334293941022059e-07,-5.228774981299041e-08,-4.258785127527826e-08,3.502436999609268e-08,1.898152057648262e-07,100mV,2,5,1.6149939515159433,2.452060835781082e-05,2.4159779140471745e-05,-4.7390129405667626e-07,-3.4446626891564847e-07,0.00024527159210988296,0.0002416623359558314,-4.7415454001546785e-05,-3.446503466795983e-05
0.1890121,0.1000077,2.1878103482852586e-05,2.149634613313679e-05,0.10000767322659103,-5.204170427930421e-18,-4.2582854442952443e-07,-3.1684837208498436e-07,1.2498093355591243e-07,-1.5125694553879342e-07,-8.356968171538958e-06,-7.88243767514473e-06,-2.026537401279358e-06,8.692404293471532e-07,3.3099598604631723e-07,3.0920055475622656e-07,-3.288342977322263e-07,-2.6088646059275365e-08,3.4854365459620507e-06,3.204604064627213e-06,7.763670279442925e-07,-2.474506574435591e-07,-2.001321375937361e-07,-1.8244840459964517e-07,6.811222182065732e-08,-2.035838600825447e-07,-1.3938431569426678e-06,-1.2348932939006734e-06,6.132580211124772e-07,-1.044132370473824e-07,1.021708699757058e-07,9.01358978563741e-08,-1.1876631876112983e-07,4.081808302180799e-08,5.370592763746715e-07,4.515283732255373e-07,-1.1501853180889298e-07,-1.9232073341042373e-07,-4.7188028357006455e-08,-4.0530412404693005e-08,-1.1975577262382997e-07,1.7241467157617534e-08,100mV,2,4,1.6008234159728636,2.1878103482852586e-05,2.149634613313679e-05,-4.2582854442952443e-07,-3.1684837208498436e-07,0.00021876424855203432,0.00021494696796346552,-4.2576320237218e-05,-3.167997526939899e-05
0.1502404,0.1000066,1.9538816382706976e-05,1.914212410755895e-05,0.1000065832594435,-5.854691731421724e-18,-3.828138265069086e-07,-2.9193115546183e-07,1.5301981304480853e-07,-1.1057304715561677e-08,-7.4582171502508045e-06,-7.063139446042109e-06,-1.98614492010407e-06,4.842848394423911e-07,2.963346063122589e-07,2.7823149648413994e-07,-1.1851991602740017e-07,-1.6272751034331534e-07,3.1077149818775426e-06,2.884056417537435e-06,9.500211055654805e-07,-2.5221562661678047e-07,-1.7889965793639457e-07,-1.6500570984799504e-07,1.4625068063718095e-08,1.7490871740355066e-07,-1.2412237516775274e-06,-1.119552388797849e-06,4.565349763115901e-07,-2.0786777007932713e-08,9.133315900212682e-08,8.246716188073318e-08,1.1451956838038499e-07,-8.067936590869707e-08,4.778857623876079e-07,4.1446308705528536e-07,1.429867088770522e-07,2.489436513336448e-08,-4.230686628142728e-08,-3.773465593126204e-08,2.178928321979787e-08,-4.3814612436813105e-08,100mV,2,3,1.5896497465041581,1.9538816382706976e-05,1.914212410755895e-05,-3.828138265069086e-07,-2.9193115546183e-07,0.0001953753017640661,0.00019140864014821125,-3.827634282289682e-05,-2.9189272208640402e-05
0.1193355,0.1000042,1.7432865632045914e-05,1.703650253882595e-05,0.10000422972494126,-8.023096076392733e-18,-3.4329094387183924e-07,-2.7672049555646195e-07,-9.86970124275077e-08,9.616242570467414e-08,-6.649024047782353e-06,-6.320952491013723e-06,-2.108276725609906e-06,7.905413499083112e-07,2.6434370970104947e-07,2.5393805362882094e-07,-2.0593641244073386e-07,-1.0300185553618217e-07,2.7672895087485677e-06,2.588002977111066e-06,1.0013392191451263e-06,-2.0077372848687768e-07,-1.5923628224805858e-07,-1.514014892337457e-07,1.605159556393648e-07,9.285858749411816e-08,-1.1035933132107923e-06,-1.0095506686509518e-06,3.108175678932398e-07,4.00748464017836e-08,8.101242811059842e-08,7.689341605832014e-08,-7.432589763576988e-09,1.0880752586341422e-08,4.235661813721139e-07,3.7625753736319166e-07,-2.306458442556161e-08,-3.599737663997168e-08,-3.7211073092497105e-08,-3.632032560388798e-08,-8.666400775577711e-08,3.982004291749768e-08,100mV,2,2,1.5807416705975528,1.7432865632045914e-05,1.703650253882595e-05,-3.4329094387183924e-07,-2.7672049555646195e-07,0.00017432128300967376,0.00017035781972106937,-3.432619051888887e-05,-2.7669708800994845e-05
0.0946587,0.1000039,1.554778199205967e-05,1.5152941102411983e-05,0.10000387186861205,9.215718466126788e-18,-3.0774900284549025e-07,-2.61955149047805e-07,-2.238215536601911e-07,1.100444578917759e-07,-5.925092153189877e-06,-5.649905520472909e-06,-2.379680863822928e-06,4.898225813461218e-07,2.3615371498863293e-07,2.3209333227777654e-07,-1.3982291397139691e-07,-8.210528206167217e-08,2.4633045192225047e-06,2.3188183290707015e-06,9.488193342937123e-07,-1.7633115472565288e-07,-1.4197478350164892e-07,-1.390412076213768e-07,-1.200079220508815e-07,7.949714818700782e-08,-9.80944764156251e-07,-9.076132670675086e-07,4.2171505645837676e-07,6.627684293599154e-08,7.203030315514948e-08,7.178479073727868e-08,4.307836541291781e-08,2.0929781618096958e-08,3.752183776959088e-07,3.3981936245844636e-07,9.432262152845326e-08,-1.1688494920357278e-08,-3.294054656114211e-08,-3.489409894316274e-08,3.504880498136692e-08,-2.5936709288685126e-08,100mV,2,1,1.5736261396832991,1.554778199205967e-05,1.5152941102411983e-05,-3.0774900284549025e-07,-2.61955149047805e-07,0.000155471800256762,0.00015152354423157087,-3.0772517295540214e-05,-2.619348651074765e-05
1500059,0.1056348,0.020077055441434708,0.00478696176905449,0.10563484357748523,-2.7755575615628914e-17,-5.4110431418730156e-05,6.19102757872702e-05,7.769808998546744e-05,0.0006512437516025247,2.8231499168812253e-05,1.5819805311120095e-05,0.00023439390743226938,-0.0002026251014460581,1.8119567497419038e-06,-2.3472108355398515e-07,1.0832703863641427e-05,1.0003656073412535e-06,-8.963385358955497e-07,3.2665208652070485e-07,-3.264486908179355e-05,-8.374913387246908e-06,1.173915590101676e-06,1.0568401280933012e-06,3.7565144349960163e-06,-6.272772725741558e-06,1.1958706133381475e-06,-6.935339221069468e-07,-7.660353941716074e-06,-8.485888143949724e-07,4.09044084074826e-07,-1.299186708753015e-07,1.8204521158582763e-06,-3.7978173010388816e-06,1.5438506842869182e-06,-4.4711827516114435e-07,5.576407995834187e-06,-8.398794537367007e-07,-1.1549798028523181e-07,-3.080835722896182e-07,-3.2229703521515015e-06,-3.273880411542358e-06,100mV,1,73,2.1396163953362604,0.020077055441434708,0.00478696176905449,-5.4110431418730156e-05,6.19102757872702e-05,0.19006091893067267,0.04531612493507566,-0.00484916106482879,0.005548152010418552
1191504,0.1501952,0.030371737398288492,0.005361117115119423,0.15019512783271524,2.7755575615628914e-17,-7.747004246289496e-05,0.0001722581618955831,0.0002139081204240144,0.0012861432043068466,0.00018401583963871757,-1.713647319952212e-05,0.0006535272550691113,-0.0010728141182112564,2.771556543559665e-07,2.612938001018158e-06,1.636156150858755e-05,-5.465567785821474e-06,-1.0704237209359996e-06,-5.637799296666448e-06,-6.649119076858826e-05,-2.5532679311676604e-06,4.283602492201538e-06,4.036540550555053e-06,1.3738390704338612e-05,1.912011457861782e-05,-3.9867771628034874e-07,-4.624888780491663e-06,-5.596554692794023e-06,-6.207446356419911e-06,1.5501504863049925e-07,-4.0740735615819104e-07,3.1244231730791923e-06,-7.274658537517681e-06,-3.982378322559427e-06,-2.792898500954477e-06,-1.0065239110867832e-05,-9.963397905468658e-06,-9.066063530812957e-07,-6.362272581733145e-07,-4.711855005715162e-06,-3.2023260501828165e-06,100mV,1,72,-2.25847298289203,0.030371737398288492,0.005361117115119423,-7.747004246289496e-05,0.0001722581618955831,0.20221519723406747,0.03569434769608864,-0.003434172485198137,0.00763603866895973
946464.9,0.1423304,0.029950525796091886,0.0041028068993414855,0.14233038144677096,-1.3877787807814457e-17,-3.409981511912573e-05,0.00017155609288028586,0.00019306718944477063,0.0010450360597908659,0.00033652466082153567,-0.00023117557020695952,0.0008586391733552039,-0.0024904080473795937,2.294215527653088e-06,3.78409570286703e-06,4.85315786070352e-05,3.8502419640862205e-07,-9.87820349139273e-06,-7.377992529214984e-06,-8.43297342322919e-05,7.773005278652385e-05,1.2124457050857317e-06,4.0098834372431467e-07,-3.6566341788598184e-06,-2.913627961495738e-06,5.64345264520335e-07,3.7664837284023577e-06,1.2148558269565504e-05,3.5733380356023375e-05,5.896652231691853e-07,-1.2614048428079152e-06,-2.604303603248294e-07,-5.345216310344625e-06,2.186988599594687e-06,-3.2079260553982753e-06,1.2756760222315869e-05,-1.4843659753918682e-05,3.906076056267998e-07,-1.4658506162411319e-06,-2.7843860835076806e-06,-5.6943336488342215e-06,100mV,1,71,-0.8313841644043514,0.029950525796091886,0.0041028068993414855,-3.409981511912573e-05,0.00017155609288028586,0.21042960393732138,0.02882593904152407,-0.0016832816839377788,0.00846858635169976
751816.4,0.1361148,0.02943344644550869,0.0032572291865589275,0.13611472496853083,1.3877787807814457e-17,-1.1011183567887e-05,0.0001661556615702116,0.00017770678926825196,0.0008934149671341896,0.0004746738306703956,-0.0004168314433361459,0.0015246129779094724,-0.003382112564346228,5.476559452153223e-06,6.698413749712965e-06,6.566113766645814e-05,1.1754216346015294e-05,-2.3498739526182785e-05,-6.15016305256967e-06,-0.00013304207033370684,0.00012161798323350008,7.000959998233809e-07,-4.571733336237204e-07,-5.463006066202815e-06,-3.886960281305142e-06,-3.293328150222318e-06,-1.6392612675035254e-07,6.453952485399108e-06,1.555420585648706e-05,-3.4390978731916438e-09,-7.491944264647579e-07,3.295801099334526e-06,-6.578550285779765e-07,-2.3134063988585916e-07,4.4230694195145127e-07,-7.974626058445996e-07,-8.500426340623021e-06,1.5757215938911444e-07,-7.204269290817471e-07,2.323749465320644e-06,-1.5052335277966901e-06,100mV,1,70,2.8517670810201006,0.02943344644550869,0.0032572291865589275,-1.1011183567887e-05,0.0001661556615702116,0.21623998764508087,0.02393002805032286,-0.0005943247042236205,0.008968192547964769
597246.1,0.1338534,0.029447965299792638,0.0028274316372759087,0.13385346027463454,6.749158523722265e-18,2.0978343429870673e-06,0.00016342610355673113,0.0001683847558108742,0.0008056501427232449,0.000681651814771818,-0.0005964137581093641,0.002576087082252265,-0.004149888332784951,7.374749075741621e-06,9.591565872385032e-06,7.847129261802673e-05,3.177913824247205e-05,-4.144989145769841e-05,-2.181321430711862e-06,-0.00022194463562289315,0.00016515769769339053,-5.051982505419682e-07,-9.29166167764988e-07,-8.034613037715719e-06,-6.93476011662871e-06,-5.9632706810577244e-06,2.146728229440789e-06,3.636822567337039e-06,4.101923961611211e-05,-8.837049599252236e-07,-1.6683640410785393e-07,-5.486901561759873e-06,-2.013298408103652e-06,1.0763066966736996e-06,1.783639824516598e-06,8.864183073330506e-06,-1.0037755928842473e-05,1.8384955514256676e-07,4.9133167861788696e-08,1.4322275824020392e-06,1.3997644827916356e-06,100mV,1,69,1.5714056524908635,0.029447965299792638,0.0028274316372759087,2.0978343429870673e-06,0.00016342610355673113,0.22000152434888587,0.02112333615787526,0.00011708789151344058,0.009121415114440548
474433.6,0.1299559,0.02887154260295221,0.00258050704111178,0.12995583846950795,-1.734723475976807e-18,3.3202632634280985e-06,0.0001523599484290698,0.00013129698185778156,0.0007195124248632379,0.0009383239403005654,-0.0006999603202156876,0.0038654860683382344,-0.004460150797614558,7.840421266448265e-06,1.3449154608995207e-05,7.28737774638771e-05,5.858073210214972e-05,-5.6331842760624606e-05,-7.179866274357569e-06,-0.00032482819356336313,0.0001176772745609815,5.63006850092038e-08,-8.66321461791845e-07,-5.052927694525387e-06,-4.553829312915011e-06,-1.1754988344854022e-05,9.596888291601958e-06,-6.582278932662164e-06,9.764716749289077e-05,1.4752049291752806e-07,-4.025579589389925e-07,-1.2208047093230428e-06,4.816307697010425e-07,3.854163962092503e-06,1.7308758441975788e-06,1.9840354224192397e-05,-2.3343665181840073e-05,5.280333407389676e-09,3.8848355780776665e-07,1.409059530987235e-06,1.9523924138677205e-06,100mV,1,68,1.631155486093417,0.02887154260295221,0.00258050704111178,3.3202632634280985e-06,0.0001523599484290698,0.22216425935897025,0.019856799598251637,0.00019659883002201103,0.00902150981017164
376816.4,0.124906,0.027889113270431507,0.0024559003394772974,0.1249060259812481,-6.938893903907228e-18,-5.5429338514300725e-06,0.00013135848922303915,6.561274458242506e-05,0.0006085896441096833,0.0012155588198750674,-0.0006920778170226254,0.005224418179763273,-0.004240791888367159,5.604421958854917e-06,1.77679441487396e-05,5.588459220597826e-05,7.98587244425837e-05,-5.237828055591569e-05,-3.350054307628721e-05,-0.00033266837336107507,-7.916558045929122e-05,-2.1260061343875048e-07,-5.183174595573951e-07,-2.969730203517451e-06,-3.8137068247151226e-06,-2.2056290954634382e-05,1.718275548942251e-05,-5.750473737057948e-05,0.00016472458118104878,4.622275125218016e-08,-1.1569079324526932e-06,-2.64357358183729e-06,-4.620532197667017e-06,6.980984042832518e-06,2.0158193890680677e-06,3.8775627245436886e-05,-3.305893089467224e-05,3.511305939074679e-08,-8.671614405784868e-08,5.416271188874019e-07,7.927503921558688e-07,100mV,1,67,0.49755707566382174,0.027889113270431507,0.0024559003394772974,-5.5429338514300725e-06,0.00013135848922303915,0.22328076689125026,0.019661984441375138,-0.00035528176176839824,0.008419598127146285
299355.5,0.1195117,0.026729454185913326,0.0024482189407732686,0.11951169850844053,-8.673617379884035e-18,-1.6632378298858652e-05,0.00010087463279215335,-6.032380126280048e-06,0.00047506184694441487,0.0014731367108888405,-0.0005365397981113703,0.006479868226031755,-0.0033789060728182663,2.9777089228886484e-06,1.872512360346603e-05,3.31422124966434e-05,8.677756773391187e-05,-1.3324183444401605e-05,-7.28867988866721e-05,-0.00014953038014649755,-0.00033990259026277735,-9.879732146886458e-07,4.493758488874328e-07,-3.161604841392212e-06,3.309147690896642e-06,-3.98750527601558e-05,2.070857903140126e-05,-0.00016270964417448256,0.0001931798180682264,3.615068324215185e-08,-1.0789849565759943e-06,-2.1250036632363707e-06,-5.938316580984685e-06,8.241248165412727e-06,3.0611823727632966e-06,5.383286615920759e-05,-1.9884922508150617e-05,-3.1661853486192756e-07,1.48183435881981e-07,-5.952825004984845e-07,2.0987254375767026e-06,100mV,1,66,-3.0985165668370227,0.026729454185913326,0.0024482189407732686,-1.6632378298858652e-05,0.00010087463279215335,0.22365554602192816,0.02048518238237878,-0.0011644839766858073,0.0070625433975721914
237832,0.1140433,0.02547887447711676,0.0025486821849611836,0.11404327167969486,6.938893903907228e-18,-2.2681276139976823e-05,6.682176990048095e-05,-3.789314165718842e-05,0.0003253781066427016,0.0016383996573428872,-0.00023035555636080856,0.00732142071767637,-0.0018707032658367932,8.130476943162261e-07,1.5704384381386286e-05,1.5328034198112725e-05,7.323136842888566e-05,6.650609837914183e-05,-9.427615554119742e-05,0.00023839455581897096,-0.0004991087351834198,-2.268530809624452e-06,1.414480997106449e-06,-8.03347557306897e-06,1.0432427184763421e-05,-5.6775991393812284e-05,1.1938508863200066e-05,-0.0002669783056703926,0.00014371504374433708,1.2413644397046073e-06,-3.738896568905015e-07,4.192276982784243e-06,-5.320036059118451e-06,6.3987831346451076e-06,6.2125737308636134e-06,4.848247736022802e-05,1.3941135162198282e-05,-1.8163837307608712e-07,2.702736541726103e-07,-5.015529145429549e-07,1.482275921249698e-06,100mV,1,65,-1.9967541514538591,0.02547887447711676,0.0025486821849611836,-2.2681276139976823e-05,6.682176990048095e-05,0.22341409626231565,0.022348378360447976,-0.0017439263924476608,0.0051378170875544275
188847.7,0.1106038,0.024616770021138292,0.002791144598926398,0.11060380927611496,-1.0408340855860843e-17,-4.1289998826424365e-05,5.117329279610132e-05,-0.00014020676832586252,0.00027516664147158665,0.0016997018488786961,0.0001844801303627681,0.007709111013743882,7.710042431150702e-05,-4.975985107542885e-06,1.8165780448128002e-05,-1.1336141257678255e-05,8.542290860032503e-05,0.00015671341273014585,-5.842619841595128e-05,0.0006879009266073587,-0.0003657274085973046,2.714245017294271e-07,4.902070221442825e-07,2.158728888008301e-06,4.68991377313129e-06,-6.52877495599691e-05,-7.993657402233724e-06,-0.0003243141198186406,2.904157868824886e-05,8.329218276990605e-07,-8.102691110440252e-08,3.5250929022049293e-06,-3.3501578313038495e-06,-7.920081814520561e-07,7.773935341689113e-06,8.292625845998272e-06,3.4501468200560645e-05,2.672279031610409e-07,-2.0706857944210876e-07,4.958185671404594e-07,-1.743112341968294e-06,100mV,1,64,-1.8684382104665973,0.024616770021138292,0.002791144598926398,-4.1289998826424365e-05,5.117329279610132e-05,0.22256710851327177,0.02523551961902592,-0.003375240326467019,0.004183147648165306
150058.6,0.1071759,0.02368989681900313,0.0031307277245207774,0.10717594177968955,0.0,-4.202871905799139e-05,3.157215002816679e-05,-0.00014128865430015618,0.00019967056954962992,0.0015377772327806387,0.0006236789137851406,0.007110829568357682,0.002146994246207165,-1.2578318956286232e-05,1.0354282951371161e-05,-4.8547943839679706e-05,5.557429981182013e-05,0.00019566356927525804,4.5047553688083356e-05,0.0009146851672281496,0.00010581763042480372,-5.129835205470835e-07,2.384619802328032e-06,-2.1633938347895755e-06,1.149497265351456e-05,-5.597154875810744e-05,-2.1819503254991468e-05,-0.0002778457402079544,-6.042827509138783e-05,1.4031196273773721e-06,-1.2987515620534842e-06,4.614627925191644e-06,-6.370538928610963e-06,-5.328216123009961e-06,9.878824837896668e-07,-2.578003115632354e-05,6.773313312721943e-06,-3.739831392616809e-08,-6.8132781126537e-07,-7.512531349757734e-07,-1.7075628111535402e-06,100mV,1,63,1.8928591494923361,0.02368989681900313,0.0031307277245207774,-4.202871905799139e-05,3.157215002816679e-05,0.2210374495024265,0.029211105333287288,-0.0036589083985996275,0.0027485873347820222
119238.3,0.104135,0.022767717700251898,0.00357013877390072,0.10413505807620596,6.938893903907228e-18,-4.021626664913734e-05,2.098571543975507e-05,-0.0001245751791043592,0.00016982514699507277,0.0012034359346263332,0.0010160876455809515,0.005752228151341451,0.004024177712956183,-1.0165349130879004e-05,9.572704657530792e-07,-4.440893681210239e-05,1.2916872309189265e-05,0.00016848896088589278,0.00016360379995701002,0.0008311382752354251,0.0006634609254649882,-1.551026859381312e-06,-5.771501240896015e-07,-7.20185464488647e-06,5.302701221479581e-07,-4.3800580450391434e-05,-2.9277032332179615e-05,-0.00021606631573842854,-0.000108040705665333,1.6642951450985645e-06,-7.077533751135089e-07,7.267573311633321e-06,-5.091694512983935e-06,-3.727450827415436e-06,-7.5938202946271146e-06,-2.2002811415422432e-05,-3.569624033762078e-05,4.332964734102461e-07,2.8438876066121983e-07,2.527750466344716e-06,-3.9743988799253685e-07,100mV,1,62,1.384337673318869,0.022767717700251898,0.00357013877390072,-4.021626664913734e-05,2.098571543975507e-05,0.21863643350148707,0.03428373537073455,-0.0037085814751425398,0.001935217811277315
94746.09,0.1025144,0.022049545856662606,0.004144494235613623,0.10251444397289355,6.938893903907228e-18,-4.3936130390639056e-05,4.014739963010192e-06,-0.0001302502854765568,0.00012700151183556673,0.0006897487479795946,0.001205065536953069,0.0035655137555869326,0.005046756913016686,-1.0024923583324568e-05,-6.649979453245029e-06,-4.8683593550519953e-05,-2.0664366680510686e-05,2.9975466208604433e-05,0.00022553929220625203,0.0002286450126285478,0.0009977106782863188,-2.0733925754300494e-06,-2.859134128452122e-06,-1.1343061933132301e-05,-1.053307017535797e-05,-4.7001796501889895e-05,-3.965586311448406e-05,-0.0002306237556778485,-0.0001563165792811413,2.1903676564785527e-07,-4.218641573270725e-07,1.073477725987903e-06,-2.3225108756591902e-06,2.8152851424362263e-06,-1.0878885615392483e-05,5.978025951159028e-06,-5.272234874595184e-05,-1.4145715419717558e-07,1.6154672231059195e-07,-1.4173060144000962e-06,-1.2249836752133925e-08,100mV,1,61,-0.7016436206889116,0.022049545856662606,0.004144494235613623,-4.3936130390639056e-05,4.014739963010192e-06,0.21508721114941476,0.040428393063415446,-0.004180725789789372,0.00038202105541435753
75292.97,0.10139,0.021306913516769558,0.004819826850168672,0.1013899874278099,-3.469446951953614e-18,-4.4028674140118416e-05,-1.2550316170630885e-05,-0.00011589590391590533,0.00010160790357686145,0.00019919317320375105,0.0011276606950403625,0.0014118496297103411,0.004901187144020196,-3.559569928698482e-06,-1.1296962969006145e-05,-2.444811732217908e-05,-4.3628998799051166e-05,-0.00010029296640483373,0.00017514177806257996,-0.0003751466555983479,0.0008209752908700455,5.464056489405203e-07,-3.830520672273175e-06,-9.832698302229302e-07,-1.6666169925683424e-05,-3.5161664610648516e-05,-6.715165195012357e-05,-0.00018474422177504476,-0.0002840578115781797,-7.754246451709144e-08,7.952487020068124e-08,1.3243983944011625e-06,5.712575475761784e-07,8.819628631662677e-06,-8.790763955795258e-06,3.5310733358456047e-05,-4.653599383527602e-05,-2.752550658340197e-08,5.470294935150185e-07,6.839109432317805e-07,2.7316399627661296e-06,100mV,1,60,-1.3996301072999295,0.021306913516769558,0.004819826850168672,-4.4028674140118416e-05,-1.2550316170630885e-05,0.21014810295681485,0.04753750318393529,-0.0042829743067159054,-0.0012208562431134946
59824.22,0.1009159,0.0205342747341237,0.0055967552424644115,0.10091592680416109,0.0,-5.207266356013995e-05,-3.324747078736035e-05,-0.00013923491195586883,8.485116075004367e-05,-0.0001403015310730015,0.0008926248232526495,-0.00013887492034901964,0.004034884839221747,3.5222645191448247e-06,-1.1549026157916344e-05,4.2558338131417405e-06,-5.175331313122694e-05,-0.0001447726544380741,7.411678300031188e-05,-0.0006102512064993604,0.00039119425482279035,3.2429721029779588e-06,-2.173657004068941e-06,1.3981841156873008e-05,-9.062947871083231e-06,9.823056731352926e-06,-8.197231813387789e-05,1.209649833905753e-05,-0.0003664207101393119,-1.3821458231624713e-06,1.3191978269983706e-06,-4.481552397320298e-06,5.092944206271819e-06,1.3930772564043714e-05,-2.622610283896128e-07,6.226003801744395e-05,-7.923778820913856e-06,-1.8576531852038487e-07,3.7650777753808155e-07,-1.3435382939154707e-06,1.3271426727721715e-06,100mV,1,59,-0.22037221045879687,0.0205342747341237,0.0055967552424644115,-5.207266356013995e-05,-3.324747078736035e-05,0.20347902837946294,0.05545958323630675,-0.0051131715827091055,-0.0032646692372581445
47519.53,0.1002623,0.019523655394576542,0.00640572037760964,0.10026228238238762,6.938893903907228e-18,-5.162019456445219e-05,-6.0309281582629265e-05,-0.00013905486230508473,7.397824729294807e-05,-0.0003106680109022454,0.0005973687919769654,-0.00098965910985087,0.0028573839405259425,9.17565435184313e-06,-9.210814395841602e-06,2.8556120703519488e-05,-4.363598057158968e-05,-0.00012194040518690536,4.603495836622096e-06,-0.0005384486311623543,7.949559077648639e-05,3.3269656761227784e-06,1.5750457352773323e-07,1.4013067594088817e-05,9.48098210513625e-07,5.06662504045454e-05,-5.2885149625399885e-05,0.00020357831365509492,-0.00025410403264195647,-3.0528037923456674e-06,7.292730632296884e-07,-1.3119805712833011e-05,4.708937548206054e-06,8.360628034520005e-06,1.0377541701616468e-05,4.151124246164431e-05,4.2057944096735096e-05,3.29710471796517e-07,5.273508196172327e-08,2.248442440482714e-06,2.89556700624226e-08,100mV,1,58,1.4356513640831874,0.019523655394576542,0.00640572037760964,-5.162019456445219e-05,-6.0309281582629265e-05,0.1947258224195994,0.063889632525809,-0.00513504748165862,-0.005999416064285566
37792.97,0.0999132,0.01834680901464938,0.0072195260186327815,0.09991318355084464,-6.938893903907228e-18,-4.8214382051950876e-05,-9.805379132263602e-05,-0.0001599513981566955,4.995970641498801e-05,-0.00034574175522856897,0.0003327281445362956,-0.001263111951953734,0.0017635379243866813,1.2238795911446339e-05,-2.662171869318826e-06,4.502937210382563e-05,-2.2937697115460404e-05,-8.838147244666342e-05,-2.2558021511367723e-05,-0.00040465227760994786,-5.620086316500739e-05,2.2262169576879987e-06,2.0277600549634856e-06,9.209575320365654e-06,6.520929477201613e-06,5.501796589437349e-05,-9.636220941887328e-06,0.00023961979012476902,-6.823525461274082e-05,-4.075250739277885e-06,-7.970610174451369e-07,-1.3804383590289063e-05,1.2413492811699705e-06,-2.3094692214312716e-06,1.1048261520626323e-05,-6.457365716145797e-06,4.8386834250539636e-05,9.303160299075591e-07,-6.194824945420457e-07,5.850488062619642e-06,-5.884942955484047e-06,100mV,1,57,2.6172744001859995,0.01834680901464938,0.0072195260186327815,-4.8214382051950876e-05,-9.805379132263602e-05,0.18362750902950567,0.07225799200922119,-0.004829820722616809,-0.009822426693158238
29941.41,0.099636,0.016917296490086903,0.007969589792035386,0.09963598759325298,-2.7755575615628914e-17,-3.072491890901703e-05,-0.00014696593228639664,-0.00017649281398085076,1.4098393578692782e-05,-0.0002961964143889238,0.0001295759609453187,-0.0011631476392940905,0.0008935948641646671,1.1706498350510875e-05,4.647093254410687e-06,4.896636007949598e-05,6.038028553848961e-06,-6.322993672371871e-05,-3.100894775196446e-05,-0.0003003110002255837,-0.00010123303428438516,7.718966135642063e-07,1.4354925438268107e-06,6.157617715955481e-06,5.800217632272892e-06,3.4898707788061196e-05,1.4936889228062424e-05,0.00015885521665966204,5.272386982976766e-05,-2.290116754644607e-06,-1.973388698451012e-06,-8.759015702089074e-06,-7.95400092701549e-06,-7.0325953582134e-06,5.9047907620550766e-06,-2.68220710040917e-05,3.0335290795493727e-05,4.574509619160405e-07,-4.509404193456935e-07,2.018303804447202e-06,7.674165232272319e-07,100mV,1,56,-2.1590566273155605,0.016917296490086903,0.007969589792035386,-3.072491890901703e-05,-0.00014696593228639664,0.1697910252984985,0.07998706074525892,-0.0030949831259481546,-0.014804175134279954
23847.66,0.0995495,0.015327598794202155,0.008550750701531162,0.09954950289653089,3.469446951953614e-18,1.1097431666797094e-05,-0.00019630418743630935,-0.00018471875142866257,-2.275641437692181e-05,-0.00020818919483285198,4.504137319547466e-06,-0.000868046252921638,0.00034155712247293987,8.165658084617775e-06,9.305183746118215e-06,4.200865962918715e-05,2.4112839826105396e-05,-4.251891799495656e-05,-3.225936905891334e-05,-0.00021662902341173788,-0.00011657044322425389,-9.814686058938838e-07,1.957616128632826e-06,-2.7926995190283002e-06,5.464770685459231e-06,1.2222609207622012e-05,1.7586199484042004e-05,6.15989170042299e-05,7.137975360483704e-05,-1.5369134077977357e-06,-8.555468128287113e-07,-5.153858381761056e-06,-1.9620109441116283e-06,-6.2393355670476215e-06,1.9336436627742565e-06,-2.7612768680117644e-05,1.7484136984750407e-05,1.6249413038725823e-06,5.274378918673894e-07,4.8209118957693375e-06,3.8332053211699116e-06,100mV,1,55,1.9089119612541436,0.015327598794202155,0.008550750701531162,1.1097431666797094e-05,-0.00019630418743630935,0.1539696166050498,0.08589445906544191,0.0011198098623916716,-0.01980849008312997
18925.78,0.0994076,0.013534389475001676,0.008885654826458826,0.09940757429433006,-1.734723475976807e-18,8.112060794572695e-05,-0.00023266606006582642,-0.0001726353448647879,-6.124652823824399e-05,-0.00011383642017248208,-6.162765802639285e-05,-0.0005315415680300201,4.1650459935959e-05,5.504001997568068e-07,1.2490030997454462e-05,2.010826131189998e-05,3.72265094419958e-05,-2.5947618421738915e-05,-2.8284034494269707e-05,-0.00013793972801298001,-0.0001139163020798725,-1.1951788159817778e-06,9.184215732248638e-07,-4.375060508453155e-06,7.001307797790702e-06,2.499872746559825e-06,7.936228768837246e-06,1.904430248038704e-05,3.661578266745062e-05,-1.1705066299501347e-06,3.182811278513742e-07,-4.67724567419615e-06,-3.1940817906563233e-07,-5.662011793509788e-06,-2.78254690548664e-07,-2.6254613751168265e-05,3.600746445149919e-07,8.263538398285473e-07,2.8391696500370754e-08,7.539454050918783e-06,-2.9092320129374314e-06,100mV,1,54,-0.08116725364807377,0.013534389475001676,0.008885654826458826,8.112060794572695e-05,-0.00023266606006582642,0.1361504852228714,0.08938609446549628,0.008209037581081465,-0.02354474996292399
15058.59,0.0994388,0.011717921713718113,0.00893010804671848,0.09943877184633147,6.938893903907228e-18,0.00016987136844753728,-0.00024551638530303604,-0.0001540798181266245,-0.00010521611798790736,-3.302861820826666e-05,-8.731939245346367e-05,-0.00026746414527211365,-6.942869269506659e-05,-6.116166874546095e-06,9.60496470586885e-06,2.173862469503375e-06,2.8115635974850813e-05,-1.6618253094086856e-05,-1.580514271277502e-05,-9.117369001063559e-05,-7.141650086493874e-05,-9.730553314617286e-07,-1.5281975774256417e-07,-5.804080924285388e-06,-1.3117550323789378e-06,1.106108676994736e-06,2.253860655073746e-06,6.844302074387953e-06,4.645967000931917e-06,-2.1456157515312704e-06,4.665898918991755e-08,-1.0201012606735335e-05,3.907463217892126e-06,-3.627103547973759e-06,-1.2175466307002042e-07,-1.5717281447549943e-05,-8.504248031237378e-07,1.3494160339383528e-06,1.95853120320456e-07,4.2463275034562185e-06,5.325939791929034e-07,100mV,1,53,-2.385704759733518,0.011717921713718113,0.00893010804671848,0.00016987136844753728,-0.00024551638530303604,0.1178405716014524,0.08980509192650425,0.01717942729750221,-0.024829557389252885
11863.43,0.0993994,0.009865197802893907,0.008649251678985516,0.09939935579140878,-6.938893903907228e-18,0.00026626236742521804,-0.00021441695037282087,-0.00011445105790408229,-0.00012011036891889759,3.753840170673707e-05,-8.745178266953185e-05,-9.254767982848667e-05,-9.666826678940223e-05,-1.2180198512943355e-05,5.3628760909182415e-06,-6.711375440572393e-06,2.1570045090663576e-05,-1.4827109496266514e-05,-3.892149583489134e-06,-6.491927337401592e-05,-2.3127671251121314e-05,2.2259849713705903e-07,-1.801226824351462e-06,-2.3603827313199e-06,-6.26839526136494e-06,2.9675247589587246e-06,-3.1799252819778787e-07,1.233429421209828e-05,-1.2162838672155548e-06,-1.974061054061299e-06,6.510635422816978e-07,-1.1324870641133771e-05,6.172135499301893e-06,-3.3062967966703718e-06,-9.672030924835519e-08,-1.548822946229005e-05,9.565937537840653e-07,1.1418973925158199e-06,-1.1164073283484348e-07,4.217587083706068e-06,-2.037609327000822e-06,100mV,1,52,-0.7242262607589647,0.009865197802893907,0.008649251678985516,0.00026626236742521804,-0.00021441695037282087,0.09924810602994441,0.08701516835920059,0.02694899970613709,-0.021701611040511944
9432.87,0.0995159,0.008261632072002709,0.00812991868826226,0.09951586113349528,-6.938893903907228e-18,0.00034109489317355645,-0.00014713507157272578,-7.085089431075334e-05,-0.00012239593545076738,9.375824033695787e-05,-6.966369031330195e-05,1.4222157965035042e-06,-8.632715674644592e-05,-1.6239142647784337e-05,-1.50805073262723e-06,-7.3778538824055495e-06,1.2860462168124598e-05,-2.0915381865083115e-05,1.0364715922689775e-06,-6.910795358849169e-05,2.9573886351638206e-06,2.0924736835149827e-06,-1.469252219168585e-06,2.132975111548132e-06,-5.048757664913285e-06,3.6512188299124953e-06,-1.1583374237856731e-06,1.4979920421835513e-05,-4.442506174289499e-06,-2.372489618170748e-06,5.026572276470546e-07,-1.1150677871551316e-05,3.809581153213371e-06,-2.996724701995927e-06,5.348167909672876e-07,-1.3486020874110477e-05,3.851473093111619e-06,1.2060493844995243e-06,-1.1866096842030081e-07,5.833056650594778e-06,-2.95688185531051e-06,100mV,1,51,1.1394808050201966,0.008261632072002709,0.00812991868826226,0.00034109489317355645,-0.00014713507157272578,0.08301824430700716,0.08169470269022143,0.03444217796562842,-0.014857016101717958
7558.594,0.099597,0.006898307996376283,0.007467834296921959,0.09959702688101489,0.0,0.00037892023820667426,-6.0866786003800427e-05,-3.806311603691372e-05,-0.00011058493697468572,0.00013737476299618482,-3.1547419541546186e-05,4.734142218106718e-05,-7.750935223325053e-05,-1.7592364207355403e-05,-1.1134355799347523e-05,-6.598515841651504e-06,9.060363975962957e-06,-2.6891959608696328e-05,4.794659056032176e-07,-7.481505857346351e-05,1.5035807688531157e-05,3.828496325013421e-06,-4.637492847696414e-07,5.803223255543408e-06,-4.50420956455162e-06,4.222066567645081e-06,-1.1719358700585717e-06,1.4043073354797601e-05,-5.532869283616432e-06,-2.477206127180446e-06,6.061918972067569e-09,-1.1776957279893879e-05,3.408102582652512e-06,-2.9727723009067924e-06,8.256118075263708e-07,-1.3792984169478677e-05,6.238046287867152e-06,1.139374101321403e-06,-5.051791174781541e-07,4.438043905987436e-06,-3.2010308214351477e-06,100mV,1,50,-2.0142471181831842,0.006898307996376283,0.007467834296921959,0.00037892023820667426,-6.0866786003800427e-05,0.06926218796287416,0.07498049420534933,0.0381992690850413,-0.006136032078689443
5960.648,0.0996836,0.005679128650961206,0.006665534318390122,0.09968362500811284,6.938893903907228e-18,0.00037746534846229223,3.284198591147448e-05,-1.2765333005171605e-05,-8.631510261692901e-05,0.00016272553368354724,2.999098145534301e-05,8.295616817407319e-05,-6.474943556522724e-05,-1.304424379279437e-05,-2.2909122619311406e-05,-1.0079204390070188e-05,2.2291320580733903e-06,-3.297722022436833e-05,-6.105661394039856e-06,-8.154484441360855e-05,1.867481321546863e-05,4.127804357849452e-06,1.8849053414454802e-06,8.837351851853072e-06,-2.454012515946977e-06,5.79697346734903e-06,-4.810277344928996e-07,1.5487809016131226e-05,-5.191965759913088e-06,-2.875295766307802e-06,1.1679659907575305e-08,-1.2392272666001274e-05,2.3400840700027858e-06,-3.438882703143128e-06,4.29401969659592e-07,-1.4149200894414178e-05,5.731537759605836e-06,1.2109237910014814e-06,-3.608020413669991e-08,6.204621687228191e-06,-2.484329557685555e-06,100mV,1,49,2.0522223716654224,0.005679128650961206,0.006665534318390122,0.00037746534846229223,3.284198591147448e-05,0.056971530183608454,0.06686689331219288,0.03798651429030538,0.003305078392574249
4746.094,0.0997592,0.004731699908379225,0.005878372233017216,0.09975919556319862,0.0,0.00034405685435312343,0.00010685779594021215,-1.8594359942987496e-06,-6.273764575634578e-05,0.00015793426478856936,9.74367476572579e-05,0.00010297902800354892,-5.061359937640194e-05,-2.791759632711855e-06,-3.03519357727825e-05,-8.430011249418039e-06,-2.6329478094610806e-06,-3.4955510053606406e-05,-1.6488540794647462e-05,-8.574456809423458e-05,1.8411681853141396e-05,2.9054717014989207e-06,4.26916675399148e-06,7.658660528071987e-06,-1.8138783066830122e-06,6.340800961431056e-06,1.519065442272199e-06,1.3969830623250043e-05,-5.7508870608464895e-06,-2.5178682672659326e-06,-6.455940391856333e-07,-1.1821357275483345e-05,2.7284591285482473e-06,-3.5375441774290735e-06,-1.5755593760809662e-07,-1.3527874123519057e-05,4.240367861237299e-06,1.2516314135622263e-06,-3.1253232231447423e-07,5.94426330822752e-06,-2.901291356441133e-06,100mV,1,48,-0.3353437102726727,0.004731699908379225,0.005878372233017216,0.00034405685435312343,0.00010685779594021215,0.04743121555527819,0.05892561783232503,0.034571986719325695,0.010737429745578595
3761.574,0.0998393,0.003960869496378552,0.005110221170211782,0.09983933346602462,6.938893903907228e-18,0.00029140237983600115,0.00015748816828322672,1.1129163164155521e-06,-4.2038331681963e-05,0.00012494969815101255,0.00015975541551605438,0.0001124042422998375,-3.2389769883813254e-05,9.547565658630432e-06,-3.15610455575159e-05,-7.004520571061596e-06,-5.494797203346367e-06,-3.1863236002064316e-05,-2.776270618666038e-05,-8.841992884979167e-05,1.7260746534216952e-05,1.2137746101391003e-06,5.618678585516722e-06,8.426763655543617e-06,-1.992787837647252e-06,6.264065642575717e-06,3.5125013462678897e-06,1.5215759177014882e-05,-5.1618184951481005e-06,-2.5484738311459127e-06,-2.79491794952419e-07,-1.2264261950278275e-05,3.7597424431448283e-06,-3.703485322913792e-06,-6.749850815265685e-07,-1.5792779848170338e-05,2.988693771238606e-06,1.1678096193409794e-06,-9.591681698914747e-08,5.9350391022218385e-06,-2.3595840466579766e-06,100mV,1,47,-1.9187421802374443,0.003960869496378552,0.005110221170211782,0.00029140237983600115,0.00015748816828322672,0.0396724352905104,0.051184447980622716,0.02923410135423457,0.01579954520713148
2993.223,0.0998754,0.0033585266639318285,0.00441634468299949,0.09987539736365984,-6.938893903907228e-18,0.00023403324879475045,0.00018264370764741272,-1.441165657978595e-06,-2.6248185870969566e-05,7.136571377858132e-05,0.00020351298737949754,0.00011323268487754982,-1.8009093995389803e-05,2.051867535852153e-05,-2.643078781533789e-05,-3.5877046654413743e-06,-3.5780907120594993e-06,-2.441128197328197e-05,-3.8457674595228475e-05,-9.06335621752326e-05,1.4062089975151758e-05,-1.1037515099169757e-06,5.407740531237064e-06,7.925837847959424e-06,-7.11255542626146e-07,5.510159496389731e-06,5.501842641451972e-06,1.7593949887379012e-05,-5.469760854526328e-06,-2.1565967360899937e-06,-8.213704040811841e-07,-1.2261406576420307e-05,2.5480008206002025e-06,-3.3290194936919083e-06,-8.433469714304327e-07,-1.4717291331577604e-05,5.308118981450616e-06,1.0451057019054498e-06,-1.6057808536542067e-07,5.210662578254063e-06,-2.5715659536306657e-06,100mV,1,46,-0.6922962403717596,0.0033585266639318285,0.00441634468299949,0.00023403324879475045,0.00018264370764741272,0.03362716697589675,0.04421854430194636,0.023461756387161685,0.018309971752046614
2372.685,0.0999963,0.002869414905931479,0.003798482894903516,0.0999963076275723,0.0,0.00017947653963826954,0.0001897440044631887,3.1046475162466787e-06,-2.3596455851277108e-05,9.132364519241445e-06,0.00022738734729646685,0.000125191558215152,-8.74293264820864e-06,2.7838994151957334e-05,-1.897932569985952e-05,-7.066520763173118e-07,-7.953172935223255e-06,-1.337547052880689e-05,-4.610616798877978e-05,-9.411799275427015e-05,1.57641004811381e-05,-3.0883652051034535e-06,4.960244553394977e-06,7.370584349847724e-06,1.3577528086644034e-06,3.977950231143199e-06,7.430011746707002e-06,1.932593578881319e-05,-3.522017151072779e-06,-2.1299969237109375e-06,-5.151278467893688e-07,-1.2725980100309918e-05,4.454148793298685e-06,-3.3695940718721704e-06,-1.2778760262483125e-06,-1.696660952536961e-05,6.189428446543937e-06,1.1262577221585723e-06,-3.2493608595902085e-08,4.858954351896677e-06,-2.293876222407594e-06,100mV,1,45,-0.1922824647222012,0.002869414905931479,0.003798482894903516,0.00017947653963826954,0.0001897440044631887,0.028695208593284956,0.03798623154217494,0.01794897942569074,0.01897580173499039
1886.433,0.0999073,0.0024795251370018016,0.003255476442326619,0.09990735189686466,1.734723475976807e-18,0.0001320744742484583,0.00018163604258343726,-2.5340737278572495e-06,-1.3245498429374598e-05,-5.3097167675128065e-05,0.00022826835841468783,0.00011363056988287239,6.382122689979752e-07,2.9300357874904154e-05,-1.015163441198379e-05,-9.264087999672519e-08,-7.103386416038239e-06,-1.2703273475781175e-06,-4.940702068275724e-05,-9.046236624975194e-05,1.3093404334848174e-05,-4.17197246690503e-06,3.3144390673369585e-06,6.004221335220223e-06,1.255504889055753e-07,2.0248580978110135e-06,8.20712274467911e-06,1.814440910719235e-05,-3.3166342768273174e-06,-1.7022126576026526e-06,-4.1728750377355675e-07,-1.1619950313932303e-05,5.0140162981459025e-06,-2.5412731652138793e-06,-1.439280332234209e-06,-1.443075305910976e-05,5.872441113653029e-06,1.2430066571988409e-06,-1.0163377260344464e-08,5.7537556185157664e-06,-1.6257688665361531e-06,100mV,1,44,1.4172786195792773,0.0024795251370018016,0.003255476442326619,0.0001320744742484583,0.00018163604258343726,0.024818245003245004,0.03258495376483684,0.013231954376446527,0.018197307558923674
1506.696,0.0999351,0.0021685886993099805,0.002801689522266594,0.09993513546010822,-6.938893903907228e-18,9.502836944693475e-05,0.0001664105521818077,-7.636656105847508e-06,-7.413862722909494e-06,-0.00010667296881286642,0.00021371979823933882,0.00010330539286195986,4.255005235266951e-06,2.8200369080568748e-05,-2.773656308089625e-06,2.9335729068424826e-06,-5.121675832217212e-06,9.587179331817264e-06,-4.915744899084677e-05,-9.151919818797576e-05,1.5057073613860702e-05,-4.449643189204532e-06,2.1232751962659555e-06,4.951201189010923e-06,-1.3016633547357159e-06,-2.8463001179510127e-07,8.884274295097276e-06,1.6189163731407095e-05,-1.7947041620433185e-06,-1.6584144388754682e-06,-7.814006145250715e-07,-1.179818674296326e-05,4.079512189602956e-06,-2.0246494396655802e-06,-1.6417001590079875e-06,-1.426446199320947e-05,5.9669276522162165e-06,1.0977250300189988e-06,-1.7248080403910973e-07,5.58380555665244e-06,-4.10655467353685e-06,100mV,1,43,1.3943027784495357,0.0021685886993099805,0.002801689522266594,9.502836944693475e-05,0.0001664105521818077,0.021699962573980106,0.028035080048347594,0.009515176892692491,0.016662664528877807
1185.994,0.0999473,0.0018939041441432313,0.002390804604988426,0.09994734537915607,-1.734723475976807e-18,6.474321377787972e-05,0.00014636997789802396,-1.0916920772412023e-05,-2.27439300780604e-06,-0.00015160462019938524,0.00018731136485014048,9.437055323441903e-05,2.133002647933957e-06,2.4840256111417575e-05,2.089261233264653e-06,2.4415030970532453e-06,-4.6315655077803505e-06,2.0613493382320253e-05,-4.588924985385254e-05,-8.644750770628064e-05,2.194719750371514e-05,-4.311855791088437e-06,1.2673735907370568e-06,5.492446460545613e-06,-1.8851084013076217e-06,-2.365252847111978e-06,8.401345811233567e-06,1.3447127064495024e-05,-6.04754867697549e-06,-1.475750131147848e-06,-6.047155997763424e-07,-1.1266946932271179e-05,6.731882865385862e-06,-1.7226202351605302e-06,-1.4053866415666937e-06,-1.411638718459359e-05,7.971496267779343e-06,7.33352062827633e-07,3.04261539468496e-07,5.003353204879767e-06,-1.953961487921876e-06,100mV,1,42,-0.09695610563339674,0.0018939041441432313,0.002390804604988426,6.474321377787972e-05,0.00014636997789802396,0.01894901897552752,0.023920641372902597,0.006481144825352943,0.01465242408409634
948.6607,0.0999737,0.0016759538185439603,0.0020639049822013195,0.09997367582440839,1.734723475976807e-18,4.3549196032501835e-05,0.0001265180390530573,-1.5511185383114337e-05,1.3278706710876455e-07,-0.00018164846313929438,0.00015944569711239564,8.853482671810618e-05,3.3760725996398173e-06,2.1540267054917243e-05,5.089885606381543e-06,4.341617077107075e-06,-2.7406732805531294e-06,2.8719550382627535e-05,-4.31637532685687e-05,-8.432081320458073e-05,2.3114636277156433e-05,-4.109183590783454e-06,7.045902180978116e-07,5.378765289470757e-06,-2.7384271763907014e-06,-3.779947781828825e-06,8.708954168331608e-06,1.4053642679317612e-05,-3.897031842106322e-06,-1.2883121690756242e-06,-5.920597786509664e-07,-1.0284797451142225e-05,6.96752753307331e-06,-9.433525525585511e-07,-1.4790139916585954e-06,-9.86583304854672e-06,9.314036294544595e-06,7.03537987192027e-07,-1.0080702571596632e-07,3.024078485948913e-06,-3.8917597810642e-06,100mV,1,41,-0.09889912089577918,0.0016759538185439603,0.0020639049822013195,4.3549196032501835e-05,0.0001265180390530573,0.016763951157378363,0.020644484312313555,0.004357213302272947,0.012658467502546912
752.3148,0.099948,0.001482870130591227,0.0017771681964040779,0.09994799406882052,6.938893903907228e-18,2.7807511415031153e-05,0.00010700481077101718,-1.6442142187590504e-05,2.3064777643818463e-06,-0.0002022930605571327,0.00012570709034799246,8.416403546393646e-05,-1.1397027688750008e-05,1.8394368139274196e-05,6.52773560164467e-06,4.558434183670642e-06,-2.3817869842736713e-06,3.824341224345717e-05,-3.760074973596689e-05,-6.868960001347172e-05,3.627265435549448e-05,-4.0757155367057125e-06,6.642803405308825e-07,3.599354478407169e-06,-1.342298953063458e-06,-4.551339946240156e-06,7.3793826031664e-06,1.5064459746060924e-05,-1.1228768945089248e-05,-1.200609335422518e-06,-4.69851252196778e-07,-8.200747956415963e-06,8.742744818376304e-06,-9.629832679300912e-07,-7.958443855208221e-07,-1.1196622750067703e-05,1.292279850760109e-05,6.239089437276489e-07,6.169858778103052e-08,1.9905681028731522e-06,-4.120849232069644e-06,100mV,1,40,0.7869915708627504,0.001482870130591227,0.0017771681964040779,2.7807511415031153e-05,0.00010700481077101718,0.01483641712279065,0.01778092910179253,0.0027836457103784396,0.010711619534986167
599.564,0.0999758,0.0013178096226022357,0.0015400332811512597,0.09997581078770351,6.938893903907228e-18,1.641809276359425e-05,8.938831369109313e-05,-2.2633590224145794e-05,3.9029011033439e-06,-0.00021503355947085734,9.700414585602085e-05,7.807732630848886e-05,-8.410906851617267e-06,1.5142236274585761e-05,6.707338141939933e-06,3.073048100644653e-06,-2.7962146242421923e-06,4.2148681903635524e-05,-3.2606675690373024e-05,-7.259120686580194e-05,4.0343183483565286e-05,-3.5351567618364525e-06,-2.3851452659718755e-07,4.945978661040795e-06,-4.489127780433562e-06,-6.747459494510458e-06,8.621572321308381e-06,1.0379220691795476e-05,-4.664307782384987e-06,-6.368484468715777e-07,-6.525708033742693e-07,-6.860207503020709e-06,1.0183986970393993e-05,-1.8432811605206553e-07,-1.265001754833691e-06,-8.691489545631116e-06,1.3317611408895414e-05,4.0902092827484654e-07,-7.116032682435682e-08,1.510117666165197e-06,-5.509160181358592e-06,100mV,1,39,2.114868433622806,0.0013178096226022357,0.0015400332811512597,1.641809276359425e-05,8.938831369109313e-05,0.013181284674955785,0.015404058932029941,0.001642603846110772,0.008943157404490245
474.0168,0.0999807,0.0011706526102127947,0.0013302436728701269,0.09998067145186067,0.0,8.910796789333922e-06,7.337542008133515e-05,-1.99796211653744e-05,4.4846483598192155e-06,-0.00021953430833772118,6.753493108772743e-05,7.347145834660876e-05,-2.2457841438277353e-05,1.2953506489808779e-05,6.560686947416214e-06,2.306999367672284e-06,-2.3543453242549054e-06,4.7265240695909075e-05,-2.7555969331270236e-05,-6.132879167590474e-05,5.147139367168058e-05,-3.498789478482425e-06,-1.2022834188780226e-08,3.505043317483004e-06,-3.850947713965063e-06,-7.935459568079577e-06,7.347133615564895e-06,7.167826617932101e-06,-1.1762471236642501e-05,-5.608393721404232e-07,-3.035292202608633e-07,-4.128470101846659e-06,1.2075002769918889e-05,2.4899760516209777e-07,-9.068397304208681e-07,-2.7837941997015688e-06,1.4818322764764547e-05,4.168078270027844e-07,-2.081576868719189e-07,-4.5864913340475e-07,-5.409494926256305e-06,100mV,1,38,-0.09531110946305431,0.0011706526102127947,0.0013302436728701269,8.910796789333922e-06,7.337542008133515e-05,0.011708789241092945,0.013305008393653579,0.0008914242443588199,0.0073403793113998765
377.1552,0.0999408,0.0010420081274449804,0.001158112455859628,0.09994076569909664,0.0,3.5358372510482112e-06,5.9957160129002786e-05,-2.053545039689869e-05,6.208633015434346e-06,-0.00021902344606013823,4.181333078822839e-05,6.763492240400562e-05,-3.201259818488214e-05,1.116186234538226e-05,6.145145293009006e-06,1.9650702173182628e-06,-2.5062201551148464e-06,5.0976784285413876e-05,-2.164226492663626e-05,-4.9116558429514844e-05,6.289506279220777e-05,-3.3413312798036845e-06,-1.5148969028196057e-07,2.337635707700169e-06,-4.467359548894712e-06,-9.515361807435496e-06,6.685367833157708e-06,4.8384957309699915e-06,-1.27533706225144e-05,-2.457828522636357e-07,-2.1732336730631038e-07,-5.933666540984367e-07,1.2657485365948273e-05,9.667740094505293e-07,-9.284892205597689e-07,1.974845164586269e-06,1.4169136053674934e-05,2.3180613754523405e-07,-2.3465444980256342e-07,-2.202781186846829e-06,-5.410545386628257e-06,100mV,1,37,0.14943681087014254,0.0010420081274449804,0.001158112455859628,3.5358372510482112e-06,5.9957160129002786e-05,0.010426257195009654,0.011587988622645665,0.0003540029832803556,0.006002825369972203
298.2954,0.0999449,0.0009255002286943769,0.0010085312001952259,0.09994494446141225,-2.0816681711721685e-17,-4.742837950450838e-08,4.848381860794984e-05,-1.9084869964679887e-05,6.56845631134684e-06,-0.00021419162175462692,1.892578233567542e-05,6.173193129841173e-05,-4.250835471608113e-05,9.721364436142153e-06,5.661496316410195e-06,2.3493123115896454e-06,-2.2868868356577324e-06,5.369783888460639e-05,-1.577868143551789e-05,-3.079379053901549e-05,7.219795863009233e-05,-3.2668529919403525e-06,-2.7225138719544906e-07,6.025994695997343e-07,-5.592026558450423e-06,-1.1050367842572482e-05,5.885082981581982e-06,-2.446044723142834e-07,-1.4602477113201617e-05,1.7099983989792306e-07,-6.00018109594463e-08,5.0000186024057406e-06,1.1644549863118758e-05,1.7543723575572194e-06,-9.325349745159017e-07,9.012760680232988e-06,1.1545213995847315e-05,-1.85112647259626e-08,-2.1143887909081093e-07,-5.087900299384816e-06,-4.22263655309518e-06,100mV,1,36,-2.0850090629108204,0.0009255002286943769,0.0010085312001952259,-4.742837950450838e-08,4.848381860794984e-05,0.009260100485139627,0.010090867583448505,-4.748064656399276e-06,0.004853724878323109
236.7424,0.0999033,0.0008229870229415166,0.0008813278177703051,0.09990328408016647,0.0,-2.3222778012002556e-06,3.895998697874994e-05,-1.9620340407280443e-05,9.316669505855876e-06,-0.00020596640939218267,2.954657208517858e-07,5.208510501179331e-05,-5.374115088831917e-05,8.677423623063845e-06,5.119743723973607e-06,5.800319861563645e-07,-1.988680542744067e-06,5.50321901978742e-05,-1.0093807809122355e-05,-7.287746338792249e-06,7.820308510008133e-05,-3.2293016573440446e-06,-3.3806319255135755e-07,-1.6057315145494653e-06,-5.028365616762462e-06,-1.2402040134198613e-05,5.093364500554432e-06,-6.7766815940135e-06,-1.1530456004639242e-05,5.362768428385433e-07,-2.3958309710657934e-08,9.049061119498686e-06,8.182041771638839e-06,2.523654321144965e-06,-1.165512651787403e-06,1.3033115874754106e-05,5.806642291100338e-06,-2.758323276301234e-07,-8.540802838916854e-08,-5.920243328862428e-06,2.0338308438278147e-07,100mV,1,35,-0.2599776699628457,0.0008229870229415166,0.0008813278177703051,-2.3222778012002556e-06,3.895998697874994e-05,0.008237837529756462,0.008821810272654218,-0.00023267763510415932,0.003903545746860744
189.0121,0.0997989,0.0007340390354399883,0.0007750660658511468,0.0997988996616442,-6.938893903907228e-18,-3.7066051110940205e-06,3.128246900231007e-05,-1.8897920041407614e-05,1.1311307988957973e-05,-0.00019594479952696615,-1.5034089884311818e-05,3.788355315007735e-05,-6.685773861336355e-05,7.796147646582729e-06,4.595761287761675e-06,1.0797872720718e-07,-2.705406389767603e-06,5.564264909332588e-05,-5.177340632737057e-06,2.317236558752385e-05,7.525310177714968e-05,-3.1255508508958377e-06,-3.3311751508279127e-07,-2.6363403802749355e-06,-3.6503296641423727e-06,-1.3735298536070057e-05,4.201878666752514e-06,-1.3709939507750459e-05,-6.401245480653652e-06,9.423572779155255e-07,-8.609384374426272e-08,1.271631289455552e-05,6.734733100885492e-07,3.134675302411998e-06,-1.4434196917914686e-06,1.3719399307018772e-05,-5.0035034491744834e-06,-4.2855724724371926e-07,1.7598649559382263e-07,-4.21559782371242e-06,4.306204318566684e-06,100mV,1,34,-0.3365943756538986,0.0007340390354399883,0.0007750660658511468,-3.7066051110940205e-06,3.128246900231007e-05,0.00735518164958388,0.0077662786711969,-0.00037215581928475884,0.003140866785609269
149.6011,0.0995643,0.000651185348031976,0.0006783934154334379,0.09956429340930777,3.469446951953614e-18,-4.543436915999104e-06,2.4700139279760662e-05,-1.6724169984842518e-05,1.4153101958806557e-05,-0.00018408115593556234,-2.721553077948013e-05,1.4577629991211396e-05,-7.559984166353939e-05,6.995566076782935e-06,4.156658229924383e-06,-2.2304902375293784e-07,-3.3539980751456887e-06,5.586500999819385e-05,-9.164858055528284e-07,6.196778484657003e-05,5.3592524447068155e-05,-3.014472454202021e-06,-3.371117016950724e-07,-5.2181555369272266e-06,-1.1051899535606372e-06,-1.4393347426577141e-05,3.6513464787452335e-06,-1.2704020875478698e-05,5.170538165754756e-06,1.1477071191348922e-06,-3.337752751663782e-07,8.782973778405394e-06,-8.531585474541398e-06,3.3859605545004014e-06,-1.7735573048872975e-06,3.332410157109729e-06,-1.4779892406467142e-05,-3.449550458237932e-07,3.703740187000027e-07,1.2892901266089954e-06,5.346360177828388e-06,100mV,1,33,-1.459353839187588,0.000651185348031976,0.0006783934154334379,-4.543436915999104e-06,2.4700139279760662e-05,0.0065403502172707625,0.006813621552503462,-0.00045832892937752197,0.0024916794490320196
119.1737,0.0989734,0.0005787087777343641,0.0005956135221285592,0.09897338766403602,1.3877787807814457e-17,-5.024102715562807e-06,1.9195762568725442e-05,-1.2309617565138053e-05,1.7932081504652434e-05,-0.00017065743064222468,-3.6472335699532895e-05,-1.405033967485389e-05,-7.918723622558511e-05,6.277961227907461e-06,3.6120942392948315e-06,-2.6060107679901374e-06,-2.421687112907565e-06,5.398218766440122e-05,3.0315833296975087e-06,7.954236803187824e-05,6.3190004347615526e-06,-2.7960645072296902e-06,-2.8709558984738347e-07,-3.2164180046521513e-06,1.7847968920613828e-06,-1.4933508459916184e-05,2.9307833999423127e-06,-5.626754272855382e-06,1.4519346733437919e-05,9.552433362937737e-07,-5.992391433341146e-07,-3.249902426216655e-06,-1.3043037635201176e-05,3.284088435018076e-06,-1.8857039802853047e-06,-1.2526774154144103e-05,-1.0033377589990967e-05,-4.775021687431993e-08,3.230640707808899e-07,5.67435604117823e-06,4.3176174061992685e-08,100mV,1,32,2.4079715905666816,0.0005787087777343641,0.0005956135221285592,-5.024102715562807e-06,1.9195762568725442e-05,0.0058471149810369666,0.006017915888161392,-0.0005128869378623845,0.00195960481725623
94.69697,0.1006785,0.00025141716475579964,0.0001749553822266162,0.050339263577483924,4.7255968127317416e-18,-2.7666285265701377e-06,3.023307111156504e-07,4.2011441427265186e-08,3.8950591695927684e-07,-7.682187813091602e-05,-2.367287580205386e-05,-1.8383162543760832e-06,-4.4489678896647017e-07,2.599280170623663e-06,9.140666136809675e-07,-3.8366935076766873e-07,-5.292586944162966e-08,2.5405377650416576e-05,3.0702931081237816e-06,1.5124225217553734e-06,2.0389082949406563e-07,-1.2251947975987824e-06,-1.2258182891940767e-07,2.099546534798182e-07,-5.276350858077907e-07,-7.2538213448279555e-06,5.312434259266399e-07,9.76528488428461e-07,-4.729547003535866e-07,4.239062880294056e-07,-4.656146853974899e-08,2.4869766236830177e-07,-4.705102577209908e-08,1.811408997392609e-06,-5.065656115391281e-07,4.964693521565003e-07,-2.68815685785724e-08,-1.0299079370151138e-07,1.1730797065983393e-08,-7.502612816755226e-07,2.0708956146539786e-07,100mV,1,31,1.5709173270159826,0.00025141716475579964,0.0001749553822266162,-2.7666285265701377e-06,3.023307111156504e-07,0.004994454564652296,0.0034755252618528846,-0.0010917850291502543,0.00011930772096014895
75,0.1000005,0.00022179948450686863,0.00015505400906829666,0.05000028302926662,-2.104029840979682e-18,-2.618513461922249e-06,-5.053231993060257e-08,5.007174221880367e-07,3.4483493430195846e-07,-6.913119913914636e-05,-2.3376488028499517e-05,-1.4331075560254247e-06,-4.352191802811817e-07,2.3779501722349534e-06,8.890538186934438e-07,2.62303400269163e-07,2.111250735853666e-08,2.3333902560935307e-05,3.7178225034826273e-06,-6.966452990009962e-07,-1.996122376444148e-07,-1.12040231546276e-06,-1.5597138443860184e-07,1.1351894902294696e-07,-7.992225800806816e-07,-6.891998033284237e-06,1.4162814857474868e-07,3.3066712452186174e-07,1.1293835943509779e-07,4.48369086028763e-07,-1.4764829047521665e-08,-5.658297889610322e-07,-2.0479150103126477e-07,1.808335526295762e-06,-4.0566681077068847e-07,-6.203202245998193e-07,2.9215000251622067e-07,-1.1506249611173455e-07,3.2826067354004666e-08,-4.1814384566315563e-07,2.4861792046113695e-07,100mV,1,30,1.5707109883282042,0.00022179948450686863,0.00015505400906829666,-2.618513461922249e-06,-5.053231993060257e-08,0.004435964579981336,0.0031010626275363084,-0.0010473935270144661,-2.0212699140176893e-05
54.50581,0.0999978,0.0003830439694988336,0.0002910082581788388,0.09999782586823346,2.0693014901422557e-18,-5.107646832631896e-06,-7.272707324441631e-07,1.1552185307916346e-07,1.1932577697424063e-06,-0.0001264898285354579,-5.353063244836932e-05,-4.8985842988223966e-06,-1.7377893734262492e-06,4.352653918607478e-06,1.8108868245678589e-06,-2.7768914181735625e-07,-1.0673617665111576e-06,4.476730231914837e-05,1.1065350113941192e-05,4.48175658447138e-07,1.424303454685633e-06,-2.156524930578177e-06,-3.8572123802982904e-07,5.729239258088431e-07,3.8676996262140036e-08,-1.3930725319459996e-05,-8.425002114757844e-07,-6.67315255656176e-07,-6.231180291335575e-07,8.297338759127593e-07,2.666111646054904e-10,-1.118367985731558e-06,4.892580096656945e-07,3.838592266614859e-06,-5.582124767059814e-07,-1.2719573089348246e-07,-4.57200355920009e-08,-2.1473973067331713e-07,-2.1050111672331885e-08,3.369763987569597e-07,-1.8477213704024865e-07,100mV,1,29,1.57086153671617,0.0003830439694988336,0.0002910082581788388,-5.107646832631896e-06,-7.272707324441631e-07,0.0038305229756051733,0.0029101458521938136,-0.0005107868933819651,-7.273023571235482e-05
45.95588,0.0999902,0.0003553257707114757,0.0003566483006082366,0.09999022110634434,-1.1275702593849246e-17,-4.60378461828229e-06,6.319360535615324e-06,-1.1674211886153894e-06,1.1265199744170481e-07,-0.00012032939342204781,-5.080841303396218e-05,-7.116261133199037e-07,2.9415087305784674e-06,4.217751808476879e-06,2.7906080896849384e-06,9.956914665074528e-07,7.505750711884332e-07,4.343749478279544e-05,1.1257658398107231e-05,1.223785530252742e-06,-1.294644670490164e-06,-2.2102175917598466e-06,-7.208685372061351e-07,-1.1883391832319487e-07,2.354244139728105e-07,-1.3707544414428778e-05,-8.499359773094309e-07,1.1588188149201305e-06,-2.7548332202474444e-07,8.607269974511158e-07,-4.62465685465672e-09,-8.52692208018453e-07,-4.1552713337031946e-07,3.7674406490166646e-06,-6.274137679514414e-07,-7.549418250061884e-07,1.9766284229097993e-07,-2.5828157551737434e-07,8.845706357278148e-08,-4.4365915519800935e-07,-6.305641215460231e-07,100mV,1,28,1.621209090046406,0.0003553257707114757,0.0003566483006082366,-4.60378461828229e-06,6.319360535615324e-06,0.003553605210389222,0.0035668318027712357,-0.0004604685148776932,0.000632059664402195
37.5,0.1000013,0.0003200282395252156,0.0003193748940085817,0.10000133752565864,1.1275702593849246e-17,-4.3631244381493265e-06,4.791000767075158e-06,1.3013763623131e-07,9.09469724353393e-07,-0.00011042469595539062,-5.134516451343293e-05,-2.7343343239482427e-06,2.778067707894128e-06,3.905702008970461e-06,2.5469593296497163e-06,-3.3633469714562756e-07,4.7451158604052435e-07,4.0744269799253605e-05,1.2566804776290454e-05,1.34037443413323e-06,-1.4849342388091956e-06,-2.0830854387530825e-06,-7.099507979294469e-07,9.964779343774776e-07,-9.768633808335921e-08,-1.3316649054638671e-05,-1.6163909712681635e-06,4.6198985489847085e-07,5.46472606987173e-07,8.280236997621201e-07,3.5183342517588483e-08,-9.72031597473869e-08,-1.1287841334545274e-06,3.8468852920632e-06,-3.5703745878192985e-07,-1.0761651245762218e-06,4.411945942581373e-09,-2.5425785960737214e-07,5.96862786426859e-08,5.4613088515869385e-08,-5.454083016950658e-09,100mV,1,27,1.6073246895885827,0.0003200282395252156,0.0003193748940085817,-4.3631244381493265e-06,4.791000767075158e-06,0.0032002395912264863,0.0031937062234456168,-0.0004363007724673183,0.00047908726079172773
30.04808,0.1000013,0.0002853814951937748,0.0002822470112186038,0.10000126698455006,-1.734723475976807e-18,-4.094670822205019e-06,3.258152179289341e-06,1.2294126755802736e-06,-1.4549884995151505e-07,-0.0001001270125201019,-5.0905746204253425e-05,-2.988497235687594e-06,9.93072929144738e-07,3.590145074708088e-06,2.37261011392633e-06,-9.859333490535087e-07,8.201331758705932e-07,3.7683206536464314e-05,1.3507087949165879e-05,1.2883620002929534e-06,-1.1857548100186607e-06,-1.9609614070047237e-06,-7.437594063114602e-07,1.4786413163654501e-06,-9.481519772642853e-07,-1.2694092857157924e-05,-2.3194520680793066e-06,1.1910776560490739e-06,5.506479400513767e-07,8.11470142723487e-07,1.0167447944864363e-07,-3.8198247487080547e-07,6.683734482096857e-08,3.823980274461953e-06,-5.6669219049822124e-08,-7.506889671714327e-07,-7.992960788816536e-07,-2.6652651430682254e-07,1.8417166117617002e-08,-5.494111321729842e-07,-1.0177830001215696e-07,100mV,1,26,1.5951658821814105,0.0002853814951937748,0.0002822470112186038,-4.094670822205019e-06,3.258152179289341e-06,0.0028537787950013225,0.002822434352378858,-0.000409456706648349,0.0003258069620288901
23.91582,0.0999961,0.0002534168855415615,0.0002539485495887611,0.09999613801779528,-4.336808689942018e-18,-3.82297851248888e-06,2.519297366098247e-06,7.215218970495933e-07,-9.611554648304648e-08,-9.02808373229973e-05,-4.9313179241229633e-05,-2.9656334559993942e-06,5.795313127436394e-07,3.2687767702101795e-06,2.2117168544170454e-06,1.3526593930084139e-07,2.9090191921196763e-07,3.453478580562426e-05,1.395945514564123e-05,1.1694139459324844e-06,-3.327098863318092e-07,-1.829864010744188e-06,-7.67268660852234e-07,-3.3260258383048706e-07,4.530035218352645e-07,-1.1934674383710292e-05,-2.850770008254898e-06,1.2590326636172963e-07,-1.502691669078208e-07,7.89330498900856e-07,1.5456734749179572e-07,-5.693850931547652e-07,4.09010952834814e-07,3.7347464106621477e-06,2.1435732052307978e-07,2.200674921246823e-07,-3.996293031532159e-07,-2.804928473099966e-07,-8.565042689551904e-09,1.4190933099122118e-07,-5.323194780077478e-07,100mV,1,25,1.5852109036323236,0.0002534168855415615,0.0002539485495887611,-3.82297851248888e-06,2.519297366098247e-06,0.0025342667283456835,0.002539583574153319,-0.00038232738150952565,0.0002519491967003278
18.8253,0.1,0.00022394377845461608,0.0002247147804406757,0.10000004285273693,1.3010426069826053e-18,-3.5025740868279586e-06,1.7027790390225083e-06,5.688720752640074e-09,3.2102775558591664e-07,-8.08358091154767e-05,-4.732991912555287e-05,-2.2227660591443936e-06,1.5878754358674765e-06,2.9615140925680176e-06,2.039998456702642e-06,-7.447144810665597e-08,-3.209985967074547e-07,3.140465179750076e-05,1.4148434480921754e-05,1.4199835080937325e-06,-5.260054496675986e-07,-1.6885677133832819e-06,-7.713878852660186e-07,5.357942454381517e-07,-2.0020747428843064e-07,-1.1113775879933101e-05,-3.2715045153771227e-06,1.0270101676280212e-06,2.7917562776598164e-07,7.537294792259363e-07,1.9138608545074782e-07,-1.9453408565593517e-07,1.3750888439320735e-07,3.5944192038558346e-06,4.534191399516214e-07,-8.575518133568591e-07,-8.06866393097054e-08,-2.830591548672467e-07,-3.3814422602569627e-08,9.606290003675316e-08,-1.6466897173750098e-07,100mV,1,24,1.5769375741119833,0.00022394377845461608,0.0002247147804406757,-3.5025740868279586e-06,1.7027790390225083e-06,0.0022394368248861898,0.0022471468414428327,-0.00035025710849321694,0.0001702777579648602
15.02404,0.1000003,0.00019937881848104802,0.00019971890570079728,0.10000030083383439,-8.289064421830583e-18,-3.213853989293992e-06,1.0722103185195152e-06,9.185062145678839e-08,1.9192693022753923e-07,-7.271882759341915e-05,-4.5153842325098255e-05,-2.2735511370255163e-06,1.021621100984352e-06,2.6964348928127477e-06,1.8906690598362018e-06,-3.161305720940904e-07,-1.5934241864599577e-07,2.8609073977737686e-05,1.4090094450521383e-05,9.283845522793233e-07,-8.010444953391748e-07,-1.5615178629956536e-06,-7.656791294374214e-07,1.8971768212390413e-07,3.1909434621780136e-07,-1.0329019002455087e-05,-3.558618429750842e-06,8.304601960708656e-07,1.8254971181101244e-07,7.121161103426898e-07,2.196339576722731e-07,-3.4192474715364627e-07,1.4701438480239384e-08,3.4332331159435362e-06,6.404730668850612e-07,-5.636556069209287e-07,-5.208577479880075e-07,-2.772679468280779e-07,-5.354924185504847e-08,-3.0002449020596585e-07,-1.0645268603397569e-07,100mV,1,23,1.570718291167145,0.00019937881848104802,0.00019971890570079728,-3.213853989293992e-06,1.0722103185195152e-06,0.001993782186839078,0.0019971830488056275,-0.0003213834652660874,0.00010722038674057975
11.95791,0.1000004,0.00017727234288489771,0.00017770755550152557,0.1000004038296661,7.806255641895632e-18,-2.9283814039768003e-06,6.175363610573366e-07,-1.5338910709741182e-07,-2.2495552847542242e-07,-6.522699159327678e-05,-4.263021221758097e-05,-2.668350998833703e-06,6.656186392866942e-07,2.441251913444651e-06,1.7495527562940063e-06,-3.8281413527150264e-07,-2.0180692957787791e-07,2.5939890002722074e-05,1.379725485944379e-05,1.1297891810923706e-06,-3.313167761496714e-08,-1.4289258181409889e-06,-7.525048970087108e-07,2.921556096984745e-10,1.2461403361920959e-07,-9.527655091432655e-06,-3.7367486417770213e-06,3.797649731106004e-07,3.8865569364220337e-07,6.635470315573618e-07,2.411709315347141e-07,-5.214502874270108e-07,5.472023353087494e-07,3.243680193825783e-06,7.941002584433058e-07,-1.5246062489199241e-07,-7.585874980061775e-08,-2.6556529538680527e-07,-6.698361996938493e-08,-3.010292407740744e-08,-4.0650203876910203e-07,100mV,1,22,1.5657258395928721,0.00017727234288489771,0.00017770755550152557,-2.9283814039768003e-06,6.175363610573366e-07,0.0017727162700947828,0.0017770683786859553,-0.00029283577527743743,6.17531373497499e-05
9.52744,0.1000002,0.000157726470107306,0.00015828972032431684,0.10000016161057479,1.0191500421363742e-17,-2.6591625971721036e-06,2.8151794004267287e-07,3.425094441378155e-07,9.166881007479227e-08,-5.846104751360913e-05,-3.996043413084986e-05,-1.6845005242860713e-06,6.508155011291928e-07,2.207515054864467e-06,1.6163493713796007e-06,-2.823249909639937e-07,-3.128657310370643e-07,2.345868255329278e-05,1.3341109240763796e-05,6.061984408606476e-07,1.3785489988105534e-07,-1.3031784703558236e-06,-7.315459333073819e-07,1.7046576133963397e-07,2.1628685837453896e-07,-8.74252929913217e-06,-3.8229236422558474e-06,6.086946137973377e-07,3.75272233542463e-08,6.149151696333674e-07,2.536938765994687e-07,-2.6145719147543577e-07,-5.643277698091268e-07,3.0381096313709806e-06,9.103529023589615e-07,-3.298905821910433e-07,-6.919370697349398e-08,-2.518499519742238e-07,-7.694839996729304e-08,2.2485357831599746e-07,6.798396172933035e-08,100mV,1,21,1.5617857234428323,0.000157726470107306,0.00015828972032431684,-2.6591625971721036e-06,2.8151794004267287e-07,0.0015772621520506302,0.0015828946451180337,-0.0002659154002217023,2.815170301193571e-05
7.524077,0.1,0.0001397514832812492,0.00014018205633391595,0.10000002793543614,-4.336808689942018e-19,-2.3957514000434107e-06,1.2057150136614392e-08,7.310657367494306e-08,5.536215307714782e-07,-5.2122981597872544e-05,-3.715085637882218e-05,-1.9941992733098096e-06,6.979741576460844e-07,1.9813071723698287e-06,1.4866000639190087e-06,-3.8549529393480735e-08,-1.3306508607020019e-07,2.108161382233291e-05,1.2755744466630514e-05,1.4041085922588466e-06,-3.5166990234688724e-07,-1.1776094478856636e-06,-7.042753377346411e-07,-2.002416267595632e-07,-1.8165390528343945e-07,-7.958076599978582e-06,-3.834986132375709e-06,3.434699943149226e-07,5.869583903295925e-09,5.631569896398237e-07,2.6050293042768856e-07,1.266507735026466e-07,-1.2748598945612456e-07,2.8127719285594104e-06,9.938365311078205e-07,-8.698671680436918e-07,-9.264739966053624e-08,-2.3684779101430288e-07,-8.532686758056026e-08,-2.572242964971606e-07,4.033653114779595e-07,100mV,1,20,1.5585082287005845,0.0001397514832812492,0.00014018205633391595,-2.3957514000434107e-06,1.2057150136614392e-08,0.0013975144424107373,0.0014018201717345806,-0.00023957500615167667,1.205714340018224e-06
5.98659,0.0999999,0.00012432823455400664,0.00012468653083958533,0.09999988711154396,8.890457814381136e-18,-2.1604156553928363e-06,-1.692510228803391e-07,-8.235923895490133e-08,-2.418391575437703e-07,-4.660424446173995e-05,-3.442614334572125e-05,-2.4236742928157072e-06,5.605138916945445e-07,1.7787507134304406e-06,1.3666940184604963e-06,-4.333959353436128e-07,-1.6509487124347374e-07,1.8969066601108296e-05,1.2098868953687327e-05,7.262967190032968e-07,-3.295254771989018e-07,-1.0633109910256357e-06,-6.707218188484436e-07,1.6476801225598837e-09,-3.736328603337049e-07,-7.236584420057313e-06,-3.782517412041799e-06,5.59723114415011e-10,2.103049601990114e-07,5.135723195933773e-07,2.599546776754632e-07,9.301468575165387e-08,-1.285197835260727e-07,2.597921949003336e-06,1.045580839068569e-06,8.336433254081342e-08,-2.959634571146308e-07,-2.1948063308810172e-07,-8.955634171921811e-08,-7.179261486764779e-08,-3.47757400293318e-08,100mV,1,19,1.55600873206147,0.00012432823455400664,0.00012468653083958533,-2.1604156553928363e-06,-1.692510228803391e-07,0.0012432837490638949,0.0012468667159644378,-0.00021604205331208503,-1.6925140501071885e-05
4.76372,0.0999997,0.00011063964575052932,0.00011092627593578781,0.09999975909463248,-2.168404344971009e-18,-1.9456593198712087e-06,-2.969797564294309e-07,2.780845103118496e-07,1.9602151383799321e-07,-4.164613571056492e-05,-3.175334882539494e-05,-2.5781448738262726e-06,2.3024272930817216e-07,1.595721006761004e-06,1.252565299658973e-06,-3.184008510320742e-07,9.234751494051446e-09,1.703914930823221e-05,1.1389905219122673e-05,1.202599707126495e-06,-2.552543274285989e-07,-9.583623552540893e-07,-6.336934574378495e-07,1.1151116945097608e-07,-6.545036990328231e-08,-6.557481929239668e-06,-3.6796723507702866e-06,3.209688902102864e-07,1.3856755262939822e-07,4.676104791145756e-07,2.5479374850885797e-07,1.1281865701516945e-07,6.981846300860986e-08,2.3823492325171906e-06,1.0702146513432502e-06,-2.057814753561627e-07,3.253595593442309e-08,-2.0340679017258275e-07,-9.20495678821069e-08,2.6678104987905164e-07,1.1887179734392718e-07,100mV,1,18,1.554017678216608,0.00011063964575052932,0.00011092627593578781,-1.9456593198712087e-06,-2.969797564294309e-07,0.0011063991228801666,0.001109265431637843,-0.00019456686943005545,-2.96981187314949e-05
3.76506,0.0999999,9.814645494901687e-05,9.832886542597823e-05,0.0999999480115108,8.673617379884035e-19,-1.7434413561565226e-06,-3.876800255528228e-07,1.3424026630204605e-07,2.973872402421534e-07,-3.707316602024427e-05,-2.9101048295038654e-05,-2.8868999073234616e-06,3.0146650613691593e-07,1.4247622737935163e-06,1.1423590082805534e-06,-1.3157345840207646e-07,-1.2585671564782733e-07,1.5234563200737417e-05,1.0632609779511443e-05,9.233444093621979e-07,-1.09985208586768e-07,-8.592792084683954e-07,-5.93724612870946e-07,-2.9130160915095355e-08,-2.177470149519604e-07,-5.904675655477278e-06,-3.5342621601821266e-06,4.38080042156064e-07,3.645847826308159e-08,4.231821856515633e-07,2.477501795182567e-07,2.745978099071656e-07,-8.095314243409524e-08,2.1663800913293383e-06,1.0716542388776287e-06,-6.645751303582842e-07,-7.359866855946011e-08,-1.862212703412184e-07,-9.269024422145746e-08,-1.6779720355591606e-07,-3.543370623392799e-08,100mV,1,17,1.552390382278305,9.814645494901687e-05,9.832886542597823e-05,-1.7434413561565226e-06,-3.876800255528228e-07,0.0009814650597390253,0.000983289165456964,-0.00017434431689355786,-3.8768042865111355e-05
3.008665,0.1,8.757657314796912e-05,8.766678494911666e-05,0.10000000121777317,6.071532165918825e-18,-1.568628961515239e-06,-4.4084642255387095e-07,1.8473237497782095e-07,9.321790956093257e-08,-3.317141724838859e-05,-2.6690275582006725e-05,-2.4226563040769483e-06,2.0765496080097614e-07,1.278015244319772e-06,1.0442550163597607e-06,-1.9718017600181143e-07,-8.506685950895879e-08,1.3677081444152506e-05,9.90138499703311e-06,1.011755388840973e-06,-6.793979790278957e-08,-7.725984904107494e-07,-5.533989996877698e-07,1.32682095940089e-07,2.0638780671044088e-07,-5.332579999339094e-06,-3.3702859473722597e-06,1.5665075293057686e-07,1.8227709912037008e-08,3.826775535373987e-07,2.3628810635718182e-07,-1.3621275005918605e-07,8.267864870169947e-08,1.9744132541940757e-06,1.057042124806711e-06,9.461524704246862e-08,-1.1135719819863852e-07,-1.707043246247668e-07,-9.134051853685971e-08,-9.920769783139281e-08,7.025631694280757e-08,100mV,1,16,1.5511599693595748,8.757657314796912e-05,8.766678494911666e-05,-1.568628961515239e-06,-4.4084642255387095e-07,0.0008757657208148513,0.0008766678388153409,-0.00015686289233105544,-4.4084641181685206e-05
2.38186,0.1000004,7.779882387363331e-05,7.77922060774031e-05,0.10000044690783265,8.673617379884035e-19,-1.405112226400946e-06,-4.728417809225113e-07,-8.630290003944735e-08,-7.949484299183833e-08,-2.9534126851138984e-05,-2.431303345470774e-05,-2.486880286863353e-06,3.292023123076784e-07,1.1393986663307105e-06,9.470102859467756e-07,-3.632314477609928e-07,2.479180769797101e-07,1.2211502066721111e-05,9.147665543810573e-06,1.349360933252965e-06,-1.0937558713522134e-07,-6.900545919748396e-07,-5.127151100884552e-07,-8.677122519075347e-08,-1.090779458027986e-07,-4.785042833799031e-06,-3.179697418688083e-06,4.6635759118791336e-07,4.176823680948439e-08,3.447336689991237e-07,2.241798402824543e-07,-3.405026885802668e-08,1.5739408947646177e-07,1.7846389653117755e-06,1.024633267956597e-06,-1.2630125111128515e-07,-7.761101834376857e-09,-1.555853936273124e-07,-8.887563420195701e-08,-1.3608947566113727e-08,6.086574278163919e-08,100mV,1,15,1.5501380847024617,7.779882387363331e-05,7.77922060774031e-05,-1.405112226400946e-06,-4.728417809225113e-07,0.0007779847618614956,0.0007779185841949465,-0.00014050996673719426,-4.728375546169329e-05
1.890121,0.1000005,6.92101737468578e-05,6.912439795862708e-05,0.10000047622483789,-5.637851296924623e-18,-1.257216642215622e-06,-4.85530019638006e-07,7.138255101783061e-08,-2.3800185680062838e-07,-2.632290173653688e-05,-2.2110049717590576e-05,-2.7391385603054963e-06,3.941503286079115e-07,1.0167039185302818e-06,8.575781613074515e-07,-2.013517218717561e-09,-2.770089046072594e-07,1.0906974672472635e-05,8.419701100918378e-06,8.808259048778019e-07,-6.452936625308084e-08,-6.165369776532538e-07,-4.7122664266082304e-07,2.02923998254681e-08,-4.814133941323933e-08,-4.29039376258374e-06,-2.9789500963318718e-06,5.328349146882766e-07,-3.2709932574737045e-08,3.097799576456146e-07,2.1014924019194464e-07,-4.564435884181811e-09,-1.284819255995785e-07,1.609654224830703e-06,9.832295394595906e-07,6.926209146718941e-08,-1.5931690320124274e-07,-1.4038139708240628e-07,-8.537979743041483e-08,5.999752827779643e-09,1.1993408128460755e-08,100mV,1,14,1.549337129576264,6.92101737468578e-05,6.912439795862708e-05,-1.257216642215622e-06,-4.85530019638006e-07,0.0006920984415238968,0.0006912406877264262,-0.0001257204667945326,-4.855253952419419e-05
1.502404,0.0999999,6.163847566224674e-05,6.147762651709353e-05,0.09999986507345489,-6.938893903907228e-18,-1.1296930281728903e-06,-4.873599764130166e-07,1.0808139246323219e-08,6.234101233003935e-08,-2.347584845080863e-05,-2.0073762742631956e-05,-2.5701617722847054e-06,-3.566371272441546e-08,9.089080931213616e-07,7.776175718504123e-07,9.939003153551817e-10,-2.2127897684000885e-08,9.744448894905763e-06,7.726669483094003e-06,1.3316861361118545e-06,-5.052438932505992e-08,-5.52247758692981e-07,-4.332906201347602e-07,5.964665513888029e-09,8.825103935347212e-10,-3.845544244732392e-06,-2.7763657356576246e-06,3.769761410536445e-07,5.441095575119351e-08,2.78500388664008e-07,1.966090776963262e-07,2.9775056271483415e-08,-4.034830372510263e-08,1.4496282768029459e-06,9.352818695449903e-07,-2.3888722625232687e-07,-4.5036734696853744e-08,-1.2747518179454892e-07,-8.107680193734892e-08,-4.0760830160631655e-08,-3.337669700649552e-08,100mV,1,13,1.5487043847423598,6.163847566224674e-05,6.147762651709353e-05,-1.1296930281728903e-06,-4.873599764130166e-07,0.0006163855882902463,0.0006147770946684293,-0.00011296960766906068,-4.8736129157163536e-05
1.195791,0.1,5.494394357857467e-05,5.472370751226492e-05,0.10000002095088907,3.0357660829594124e-18,-1.0137971256338083e-06,-4.78282551245576e-07,-5.11738128670942e-09,1.2456520324982024e-08,-2.09525193169715e-05,-1.8198602628803038e-05,-2.732415270376131e-06,1.8888459074316787e-07,8.122894931457175e-07,7.036734001496446e-07,-3.8549251889781513e-07,-9.40472509920124e-08,8.707983354808243e-06,7.070378401888984e-06,9.877245847540922e-07,-5.064574112825581e-08,-4.941913731535468e-07,-3.958890745462757e-07,2.9297514036608277e-08,6.406063158916816e-09,-3.445695018486556e-06,-2.5731108057142018e-06,5.220058218115929e-07,-4.2806289855730846e-10,2.499849544113299e-07,1.8264484045904515e-07,-8.390730528507963e-08,-1.926896836313618e-07,1.303166677492978e-06,8.81972094079179e-07,-4.264622644991537e-08,-1.1371333017225479e-08,-1.1490732076478485e-07,-7.659289786727422e-08,-2.0826449103739814e-07,-3.073065096756039e-09,100mV,1,12,1.5482043589406085,5.494394357857467e-05,5.472370751226492e-05,-1.0137971256338083e-06,-4.78282551245576e-07,0.000549439320673324,0.0005472369604716406,-0.00010137967008349194,-4.7828235083674536e-05
0.9486946,0.0999997,4.886626258753402e-05,4.862193961653349e-05,0.09999976413435505,-6.5052130349130266e-18,-9.097484639817922e-07,-4.950448765610866e-07,2.0147343373817217e-07,-1.2911641897029883e-07,-1.8650044751716143e-05,-1.644211617385701e-05,-2.7958077231117894e-06,3.132228949426549e-07,7.263305465990449e-07,6.496265408208127e-07,2.207904111114623e-08,7.498223513351227e-08,7.75638621651175e-06,6.441320825233582e-06,1.2172790717586196e-06,2.0683331210840156e-07,-4.4096401655119447e-07,-3.704352936357809e-07,1.942152077177077e-07,-5.3340671283357176e-08,-3.072535550781802e-06,-2.3710030400940218e-06,3.674796861131607e-07,1.5949814932176609e-07,2.2405999776100007e-07,1.747437283464889e-07,-1.9263264588244508e-07,1.3496615379343044e-07,1.1640952078979744e-06,8.247740991772857e-07,-1.4929226941191856e-07,1.2623233400910593e-07,-1.0295422728487248e-07,-7.670711852016503e-08,-1.3180933410166702e-07,-8.03806383261332e-08,100mV,1,11,1.5477983372880142,4.886626258753402e-05,4.862193961653349e-05,-9.097484639817922e-07,-4.950448765610866e-07,0.000488663778465313,0.0004862205429925546,-9.097527555651397e-05,-4.9504721185093075e-05
0.7515633,0.1000002,4.353639043691915e-05,4.321179613434017e-05,0.10000024162422304,3.903127820947816e-18,-8.171461993743143e-07,-4.420122579101212e-07,8.238771535486367e-08,-2.8403254707467962e-08,-1.6625758386892464e-05,-1.4828243186572311e-05,-2.4393771036122222e-06,-5.4877508906873375e-08,6.478141446157324e-07,5.704363835082973e-07,-4.224084192542975e-08,1.8913220279639331e-07,6.9226067352107325e-06,5.851397809211594e-06,1.1210544359295424e-06,-1.3511540651113803e-07,-3.939514573795927e-07,-3.2729893596352086e-07,4.643096085838676e-08,-6.62772436468603e-08,-2.751263467089257e-06,-2.1760243117582874e-06,3.539168805657467e-07,1.2757114828247626e-07,2.009080488481179e-07,1.535889393049405e-07,6.704693742403282e-08,8.278067601316741e-08,1.0483275661481812e-06,7.667358670393767e-07,-4.10082793901336e-08,-7.348428956839569e-09,-9.295771448496024e-08,-6.596785309037533e-08,1.711950930390104e-07,-9.756975254060053e-09,100mV,1,10,1.5474776779085901,4.353639043691915e-05,4.321179613434017e-05,-8.171461993743143e-07,-4.420122579101212e-07,0.00043536285242708195,0.00043211691724425784,-8.171422505423158e-05,-4.4201012190049506e-05
0.5978954,0.0999999,3.883158684422577e-05,3.847374273455932e-05,0.09999990637127613,-1.3010426069826053e-18,-7.347239399571628e-07,-4.188190447957458e-07,1.5312222482660062e-08,-2.252259748681773e-07,-1.483684680504239e-05,-1.3376043679304303e-05,-2.63527924493688e-06,1.0598276164140914e-07,5.796283873761495e-07,5.133249700382571e-07,-1.0092298930148307e-07,-6.064928485419306e-08,6.180547878532245e-06,5.311806277433606e-06,1.319709484154465e-06,6.749431651378032e-08,-3.5275400357749033e-07,-2.9630047083945606e-07,5.6927083537060275e-08,3.894769514959964e-08,-2.4599125533746605e-06,-1.9930012811593685e-06,3.3217285412637516e-07,1.126994938901094e-08,1.8055026398829757e-07,1.4110848721632135e-07,-1.4501933909202553e-08,2.1733976718261268e-08,9.392667983027848e-07,7.097435305592498e-07,-2.8005544140862303e-08,6.204814909262897e-08,-8.327983144084759e-08,-6.01012343913882e-08,1.639191554210568e-08,1.1062347919934714e-07,100mV,1,9,1.5472294473053891,3.883158684422577e-05,3.847374273455932e-05,-7.347239399571628e-07,-4.188190447957458e-07,0.0003883162320177903,0.0003847377875706739,-7.34725315784393e-05,-4.188198290667011e-05
0.4763719,0.0999973,3.463688099714218e-05,3.4297511742163944e-05,0.0999972996571213,-4.7704895589362195e-18,-6.596638522827971e-07,-4.14935120266654e-07,2.6777999965477217e-07,2.094446381347999e-08,-1.3235875868690595e-05,-1.2054148689689594e-05,-1.513687520042244e-06,1.2178668049335223e-06,5.195281892003701e-07,4.745749178645948e-07,-2.421926892191509e-07,2.1438598282345469e-07,5.513278946838609e-06,4.8135406626907605e-06,6.810177699927891e-07,-6.216309884659569e-07,-3.156667029622971e-07,-2.7619243307994516e-07,1.9073526836454671e-07,-3.0646607681033005e-08,-2.1927862794626726e-06,-1.8190077412365175e-06,4.340086988590692e-07,2.428772182033082e-07,1.6136040064972878e-07,1.3408663367724003e-07,-6.077475476430939e-09,-7.356982905245814e-08,8.373794713983348e-07,6.536326009313166e-07,-5.973945011056755e-08,-1.9834039078009207e-07,-7.514738736285076e-08,-6.009719377442962e-08,-8.179530778077411e-08,-3.033099160297674e-08,100mV,1,8,1.5470559806138424,3.463688099714218e-05,3.4297511742163944e-05,-6.596638522827971e-07,-4.14935120266654e-07,0.0003463781633694897,0.00034298437917589756,-6.596994800976172e-05,-4.1495753051632304e-05
0.3780242,0.1000002,3.0873917825865203e-05,3.0508432621509356e-05,0.10000024487250153,6.5052130349130266e-18,-5.925422878337599e-07,-3.8808834160029875e-07,-5.008389206272529e-08,4.9843092590109294e-08,-1.1796557968920916e-05,-1.0835638711091043e-05,-1.6146464488623154e-06,1.2236711939403659e-06,4.6429858769669853e-07,4.260884062271308e-07,-1.061232879668683e-07,-2.022702748371245e-08,4.915420822754621e-06,4.348350806546407e-06,5.547534672365729e-07,-5.235794408588237e-07,-2.821137287959146e-07,-2.491229683745607e-07,1.604299806133241e-09,1.640270426794632e-08,-1.956892841467155e-06,-1.655042409643249e-06,5.451516472979007e-07,1.043843592557598e-07,1.4420350776566974e-07,1.2187815874689752e-07,-8.645462810041949e-08,-7.642122537713994e-09,7.485847838153518e-07,5.999473143611173e-07,-1.142034046694506e-07,-5.521384862620299e-08,-6.711852381111288e-08,-5.4874609102664666e-08,-6.525099810367072e-08,2.0196337550303197e-08,100mV,1,7,1.546895966830601,3.0873917825865203e-05,3.0508432621509356e-05,-5.925422878337599e-07,-3.8808834160029875e-07,0.0003087384222431543,0.00030508357914930153,-5.925393858981733e-05,-3.880864409640195e-05
0.3004808,0.1,2.755177483625258e-05,2.7163774714527065e-05,0.10000001062214406,9.974659986866641e-18,-5.32299270119406e-07,-3.6008997045618096e-07,1.2992306214257855e-07,9.280778056198666e-08,-1.0525569543099547e-05,-9.737773060216666e-06,-1.7427922490786491e-06,9.770275990469476e-07,4.1504010981956554e-07,3.8224151078007757e-07,-8.029229569737895e-08,-7.167519096614911e-08,4.385873195224681e-06,3.926386393904423e-06,8.824229808838059e-07,-4.844764063837638e-07,-2.5183928070237464e-07,-2.2436884070380636e-07,7.348885447364812e-08,6.346562660349045e-08,-1.7479937895244244e-06,-1.5029304502692544e-06,3.225838291425237e-07,2.1610304372736168e-07,1.28917564695088e-07,1.1034879834042295e-07,4.1479057782476317e-08,-3.1376943012686484e-08,6.695435795798415e-07,5.488475648424175e-07,8.482120599831612e-08,-1.632841496381802e-08,-6.007220973957743e-08,-5.0053444894669095e-08,-4.087862660553401e-08,1.8515024099202525e-07,100mV,1,6,1.5467631686696324,2.755177483625258e-05,2.7163774714527065e-05,-5.32299270119406e-07,-3.6008997045618096e-07,0.0002755177190966368,0.00027163771829152085,-5.322991570362335e-05,-3.600898939576422e-05
0.238186,0.0999741,2.4546837923872088e-05,2.4144232945186325e-05,0.09997413382701958,-4.336808689942018e-18,-4.755215829094801e-07,-3.35287869291323e-07,1.2101697469655446e-07,1.387177872352704e-07,-9.370772136475877e-06,-8.72556404739279e-06,-1.9932187968258303e-06,8.376712277455221e-07,3.6853103575127346e-07,3.4145529982221693e-07,1.1166547270269085e-07,-1.1175196799151616e-08,3.911979301190862e-06,3.5104271613661745e-06,7.457630365859494e-07,-3.362361541876553e-07,-2.2335545745817134e-07,-1.989133080455115e-07,1.3977041315285552e-09,1.2254135737184755e-07,-1.5645252675423216e-06,-1.3288821818423787e-06,6.621451444748176e-07,9.229415544937035e-08,1.1364232393681751e-07,9.594871738573154e-08,8.797456538968875e-08,1.1311563600792094e-07,6.00955905644642e-07,4.72248155854989e-07,-1.044474769654883e-07,1.0492801478032259e-07,-5.19724465221292e-08,-4.161383335443821e-08,-3.503326738734959e-08,1.3768055952649338e-07,100mV,1,5,1.614989375220616,2.4546837923872088e-05,2.4144232945186325e-05,-4.755215829094801e-07,-3.35287869291323e-07,0.00024553188894183665,0.00024150479750054075,-4.757676768583822e-05,-3.354613888932474e-05
0.1890121,0.1000078,2.1900493915135354e-05,2.1485994929011917e-05,0.10000779878585211,-2.6020852139652106e-18,-4.272289544434169e-07,-3.0931187482016425e-07,-1.4799691944600718e-07,3.737395016345843e-08,-8.35720705349337e-06,-7.830355637864174e-06,-1.993258104894924e-06,8.569273065361552e-07,3.2972915465704317e-07,3.0701771957815736e-07,-2.7070349634691085e-07,-3.2284029257355475e-07,3.484580595955514e-06,3.173212898867696e-06,1.237795114029341e-06,-3.1555212657177315e-07,-1.9970224502232722e-07,-1.8050603343122937e-07,1.1900924470316393e-07,1.0889510388688951e-07,-1.3929714284278018e-06,-1.2177579761575956e-06,4.237805049756833e-07,6.977085790499963e-08,1.0174467342872936e-07,8.873890598919696e-08,-2.1483470386475947e-08,-5.138342468110777e-08,5.3601092248081e-07,4.431257314611096e-07,-3.6031125660974256e-09,4.811747313589538e-08,-4.6898444311084004e-08,-3.972590385380078e-08,-9.693078877322164e-08,6.455097824966115e-08,100mV,1,4,1.6008247377403988,2.1900493915135354e-05,2.1485994929011917e-05,-4.272289544434169e-07,-3.0931187482016425e-07,0.00021898786075705097,0.00021484319412949117,-4.271623248954513e-05,-3.0926363532191554e-05
0.1502404,0.100006,1.9558870647396766e-05,1.9135824631320875e-05,0.1000059931044547,5.637851296924623e-18,-3.839523344635231e-07,-2.8559290730828475e-07,-1.460794742982208e-07,1.936862016936462e-07,-7.458371935712718e-06,-7.022147151505802e-06,-2.165392989105746e-06,6.793893136098827e-07,2.9519072634074497e-07,2.762320892943283e-07,-2.1494613474562053e-07,-1.219795415517911e-07,3.1068410143025546e-06,2.858408707240574e-06,9.768552792156876e-07,-3.1537286384276147e-07,-1.7843856015108748e-07,-1.6327523881918115e-07,3.5030414270045085e-08,9.730937776991522e-08,-1.2408126992873797e-06,-1.105974589132282e-06,4.9771885973228e-07,9.305990370641007e-08,9.098342209058238e-08,8.129212289484391e-08,1.0581837403279292e-07,5.704323365517403e-08,4.773313546185963e-07,4.078137409133897e-07,7.595215883866117e-08,-7.592428668713911e-08,-4.2092539815263614e-08,-3.7104073054228935e-08,-3.996337979811628e-08,-2.3007064967489333e-08,100mV,1,3,1.5896473715599708,1.9558870647396766e-05,1.9135824631320875e-05,-3.839523344635231e-07,-2.8559290730828475e-07,0.00019557698534094681,0.0001913467787008905,-3.839063172714307e-05,-2.8555867862285634e-05
0.1193355,0.1000044,1.7449510988208515e-05,1.703221803048609e-05,0.10000437164591588,7.589415207398531e-18,-3.4471704833704803e-07,-2.724999769869047e-07,3.576497480906423e-08,1.1378727836325838e-07,-6.648908088971083e-06,-6.2888585746286695e-06,-2.2525544136761055e-06,6.620457229169345e-07,2.637712385231989e-07,2.528725537794719e-07,-1.8961193236192858e-07,3.174466800022931e-08,2.7671418088726343e-06,2.569164863210361e-06,9.028470047767207e-07,-2.9309987408578783e-07,-1.5901094686786433e-07,-1.5027702734526872e-07,2.6620992153388768e-08,5.1161794416128744e-08,-1.103244097389217e-06,-9.988353727955097e-07,4.884396059271723e-07,9.937159424693223e-09,8.07559226213294e-08,7.61571608352952e-08,1.3853420689399552e-07,7.325924478385621e-08,4.230611569072087e-07,3.7097767883969944e-07,-4.0697948888806556e-08,-2.703183106549683e-07,-3.703356662946457e-08,-3.5850369963153146e-08,-9.255395114371385e-08,-8.262776581091528e-08,100mV,1,2,1.5807399439491245,1.7449510988208515e-05,1.703221803048609e-05,-3.4471704833704803e-07,-2.724999769869047e-07,0.0001744874819072086,0.00017031473474771514,-3.44686910695799e-05,-2.7247615308093182e-05
0.0946587,0.1000034,1.5562153198496174e-05,1.5149668452899734e-05,0.10000336365640748,8.673617379884035e-18,-3.0916883760590816e-07,-2.587331415733809e-07,6.22984043859974e-08,-1.3291200203902927e-08,-5.9253065200528944e-06,-5.6244962202235756e-06,-2.1792335949792496e-06,4.354580256408943e-07,2.3574568551747026e-07,2.313237402483813e-07,-2.485465684046678e-07,-9.844113029944883e-08,2.463522440034162e-06,2.3033529101842774e-06,1.0379110453577206e-06,-2.576331805177027e-07,-1.4183019091993754e-07,-1.3825326796870542e-07,2.088433048674721e-08,1.0555428781391494e-07,-9.805805463979807e-07,-8.992372484113907e-07,3.590070756169617e-07,7.381361616702648e-08,7.185394669282102e-08,7.118484435304134e-08,1.3147119607612092e-08,-1.4937625189404863e-08,3.7497365651118666e-07,3.357198093618913e-07,4.5207481772625285e-08,-1.714275573903869e-07,-3.2830162883619585e-08,-3.4545916995401875e-08,2.923572166765724e-08,-1.1695497629580803e-07,100mV,1,1,1.5736262203536047,1.5562153198496174e-05,1.5149668452899734e-05,-3.0916883760590816e-07,-2.587331415733809e-07,0.00015561629758739686,0.00015149158887246142,-3.0914803990042696e-05,-2.587157366637582e-05
1500059,0.0155072,0.002951017064473634,0.0010888935065058536,0.01550720191571318,0.0,-7.5561399555285136e-06,9.09893241400779e-07,-1.7683974143669972e-05,4.317195171556788e-05,3.1154471694625407e-06,-3.613796785508769e-07,3.350967708518891e-06,-9.622273598559031e-06,-1.1324769041446738e-07,-5.432466981743533e-07,-8.493262591737069e-07,-2.0876859206150354e-06,7.427834996513621e-07,1.1145640318060264e-07,-5.162734329136257e-06,-2.9644604995510785e-06,2.1148081767254314e-07,9.784855448342074e-08,1.9187544455198097e-06,1.304766341585049e-06,7.176463928809414e-08,-5.290578811238189e-07,-1.2202547866952632e-06,-1.093513902288306e-06,2.428520584623021e-07,5.125123459304325e-07,3.4498141512827686e-06,2.982261906904688e-06,6.586927845000934e-07,-3.495284952207306e-07,2.1038033825363932e-06,2.347622456152222e-06,6.103299715807167e-07,3.7114059315870603e-07,2.2539105141883047e-06,-4.480634512853201e-07,20mV,1,73,2.5039049437448866,0.002951017064473634,0.0010888935065058536,-7.5561399555285136e-06,9.09893241400779e-07,0.1902997768722815,0.07021856763227521,-0.031421948307292155,0.0037837597721481074
1191504,0.0203667,0.004174460829493374,0.0011577707877114696,0.020366645723893826,1.734723475976807e-18,-1.219523055068106e-05,2.1155697253933755e-06,-3.904968398201591e-05,5.6960820892045674e-05,3.937802716880984e-06,-3.4732754892540377e-06,1.174392398959106e-05,-2.3948702101252176e-05,-1.8577702711275324e-07,6.293775005501538e-07,-4.5945490347400027e-07,3.855535770095539e-06,5.175479917484845e-07,-6.566235684853935e-07,-2.7905081838414755e-06,-2.1003733936632045e-06,-3.9693473374923607e-07,-8.824139510830188e-08,-3.441164191472128e-06,-2.0246097216273804e-06,3.6365426354386547e-07,1.3714429177957572e-07,5.433548011927767e-07,4.5949797656082105e-06,2.3807811689438799e-07,-2.9675068827095643e-07,9.303130848974838e-07,-2.9072085520347033e-06,1.7626918401583606e-07,3.0102967070757936e-07,-2.9583641873584645e-06,4.743505046272998e-06,2.3770068379058152e-07,2.316840612090993e-07,4.3568870776839073e-07,5.00096775871943e-06,20mV,1,72,-2.130494697231562,0.004174460829493374,0.0011577707877114696,-1.219523055068106e-05,2.1155697253933755e-06,0.20496555427367025,0.05684641464319237,-0.02940024822604746,0.005100213137225423
946464.9,0.0202491,0.004333421299381532,0.0009482951311692931,0.020249064088342785,0.0,-1.1408712207673259e-05,1.4687239428495908e-06,-4.454482215517639e-05,3.655673488300461e-05,8.610436001774808e-07,-2.8154728927836714e-06,3.902627332487639e-06,-1.4565295815357707e-05,1.4337979323504788e-07,2.452546188417188e-07,1.3914403887158207e-06,-5.643851899655314e-07,-8.366926271908244e-07,-8.580524025725097e-07,-3.323675355280642e-06,-8.574465600859482e-07,3.927729295850163e-07,-1.5389583580267402e-07,2.8833935441873e-06,-1.0195658731683926e-06,6.372320060135723e-07,9.382815069898259e-07,3.1011974202264716e-06,5.047847366684455e-06,-7.90545542048087e-08,-9.703995811296751e-08,3.7857897854015194e-06,-1.801270519912478e-06,1.985016666382178e-07,-4.7446839026732897e-07,8.450471181011755e-07,5.5398251606739e-07,-1.1679143423519336e-08,-8.150761324531071e-09,9.604548680217903e-07,1.2019860728964814e-06,20mV,1,71,-0.14038490080606125,0.004333421299381532,0.0009482951311692931,-1.1408712207673259e-05,1.4687239428495908e-06,0.2140060044491758,0.046831553647717405,-0.027824458108962193,0.0035820386278095713
751816.4,0.0202904,0.004459240495153144,0.0008033877814989389,0.020290395935856773,-8.673617379884035e-19,-8.329494138855013e-06,1.8958752766487917e-06,-3.2199309131349473e-05,2.3409981746469695e-05,-2.746095390037446e-07,-1.1344501430774715e-06,2.1907099860308744e-07,-3.828502352206708e-06,3.372286796353645e-08,8.999073591759137e-08,2.881064162986402e-06,2.02504257085017e-06,-4.082319326438355e-07,-5.122155358595252e-07,-4.957670084754647e-06,-4.939084843221602e-06,1.7027522193335957e-09,1.3548492799600553e-07,2.6841538399097464e-06,1.2132105531765307e-07,2.684120993847315e-07,1.2793374768900142e-07,8.179878527180263e-07,1.3375059227598506e-06,5.4619249588634374e-08,1.512745436709433e-07,-5.202168953155225e-07,2.5369036517001837e-06,-7.301657011401089e-08,-3.557622792325433e-08,-1.6837641236839978e-06,-2.3768101369223695e-07,1.3014167372842187e-07,1.517128484922355e-07,-5.023482823726609e-07,-7.56302907673315e-07,20mV,1,70,1.9581686673387508,0.004459240495153144,0.0008033877814989389,-8.329494138855013e-06,1.8958752766487917e-06,0.21977099457546143,0.039594485195787066,-0.02023194256835003,0.004604990300069498
597246.1,0.0202003,0.004510769538477023,0.0006905726656443492,0.02020033105448225,-4.336808689942018e-19,-6.1680611088095876e-06,2.1367945014066367e-06,-2.21519372152117e-05,1.5126574294232778e-05,-2.536437394263516e-06,5.556323213757465e-07,-5.432079284297953e-06,6.962286538096101e-06,4.6854776057160384e-08,-1.4128625596635857e-07,-7.69765557600054e-08,2.0869939870343288e-07,-2.447094673809787e-07,1.7264673420887325e-07,-6.471930489933502e-07,-4.049428465063042e-06,-1.4499126416543666e-07,-6.324743894469828e-07,-1.8052107173697594e-06,-2.3251826327536047e-06,2.199821595533366e-09,2.4090495426537846e-07,-5.200346044109727e-08,2.1989319915870086e-06,4.7258083415651996e-07,-1.2387187941696507e-07,2.7171845498649013e-06,3.7579432096355065e-07,4.3263164565800925e-07,1.494049731358636e-07,3.1608596829959407e-06,2.4387504304596355e-06,3.172828558433921e-08,3.142346359245756e-07,1.9715968931372955e-06,1.580125365117271e-06,20mV,1,69,-0.18965257945869077,0.004510769538477023,0.0006905726656443492,-6.1680611088095876e-06,2.1367945014066367e-06,0.22330176304096402,0.034186205353853256,-0.015115819378244076,0.005236556376777124
474433.6,0.0201854,0.0045399139029472495,0.0006281789719849709,0.020185450672496927,3.469446951953614e-18,-4.52646771295761e-06,2.3500399877327473e-06,-1.5786120731838864e-05,1.57518769390536e-05,-3.817497161776311e-07,-2.2957788412721585e-07,4.822256246951201e-06,-4.877639631049094e-06,-3.025688900664113e-07,-1.3108414587602168e-08,7.154685681155792e-07,-1.9073859927515976e-07,-3.444837002996526e-07,6.892623993749971e-07,2.50846033476172e-06,2.7595370919445434e-06,1.015288888217896e-07,1.1251095510205421e-07,6.541110592015334e-08,5.724718942729919e-07,-5.205011195087127e-08,-4.506991152505742e-07,1.3106016139785393e-06,1.1429458476902892e-06,-8.247036581349581e-08,1.5534202954420443e-08,1.1375362951670188e-06,-1.7458908133707958e-06,1.407120836938943e-07,-2.589770923558744e-08,2.0674038957382694e-06,-3.128212298372289e-07,3.7823283485369076e-07,-1.9294552662072135e-07,2.2439530327174466e-06,-2.067354687087021e-06,20mV,1,68,-2.2799022381998713,0.0045399139029472495,0.0006281789719849709,-4.52646771295761e-06,2.3500399877327473e-06,0.22491020768404105,0.031120383794099597,-0.011109193377015927,0.005767642745513987
376816.4,0.0201211,0.004541572071294825,0.0005886728103173383,0.020121057209047857,-2.6020852139652106e-18,-3.5097939333119264e-06,2.054329326902332e-06,-1.1768905411678472e-05,1.2249521823263249e-05,1.2561225527276926e-06,1.3781723600027527e-06,1.0034989989194166e-05,8.408284348912297e-06,-6.894390336978872e-07,-9.154381442311808e-08,-3.2119560626992536e-06,2.489527061425676e-06,-1.1758435683398242e-06,1.7354798165952535e-06,-2.4511522215874306e-06,9.559788716605523e-06,-1.5923210093700023e-07,-6.119960525496082e-09,2.843872604903944e-07,-1.0022565392005708e-06,1.9522899544849073e-07,4.74802614810416e-09,-1.248166883322074e-06,2.094589219565572e-06,5.377176333738945e-09,6.419906724069132e-08,-1.5020863220917747e-06,-7.304846614435183e-07,1.1849037087810282e-08,-3.5986131103385616e-07,6.033963839070393e-08,-1.3993152503964406e-06,4.858918341809417e-07,2.4161039805584654e-07,1.953890422870257e-06,-1.0709808505587734e-06,20mV,1,67,-1.9487240327797097,0.004541572071294825,0.0005886728103173383,-3.5097939333119264e-06,2.054329326902332e-06,0.22571239791777,0.029256554673112792,-0.0086692200595244,0.005074210437433156
299355.5,0.0201114,0.0045380020854633996,0.0005796919576917597,0.020111412856515964,-1.734723475976807e-18,-2.4419715107235557e-06,1.6601436379503483e-06,-8.958827458062147e-06,8.959822916216202e-06,-9.482558339548576e-08,2.408751434106901e-06,1.6423852806472769e-06,1.0951345579606905e-05,-1.2097561628870826e-07,-5.377645606665882e-07,-3.0251612399361886e-06,-8.224888153002403e-07,-1.3016288943463422e-06,3.168533522254434e-07,-3.5197336564677177e-06,1.073710567173316e-06,3.3393190224818144e-07,-8.59770640326997e-08,3.621142690994384e-07,-1.2800367886174233e-06,6.17832955964309e-08,3.1013201340391045e-07,-3.688269751898454e-07,2.6771891801874845e-06,2.241403819495289e-07,-4.301703891982177e-08,-1.4093677766094944e-06,-1.3242043518724926e-06,2.3759189444676267e-07,3.0064869360982863e-09,1.4805819860487835e-06,-1.1986472193335138e-06,-2.1467272991780086e-07,-1.7179540784268717e-07,-4.857001884498899e-07,-2.4599538173977165e-06,20mV,1,66,2.6403683666745126,0.0045380020854633996,0.0005796919576917597,-2.4419715107235557e-06,1.6601436379503483e-06,0.22564312700652045,0.028824029511379842,-0.006037476174798832,0.004104502291224211
237832,0.0199459,0.004486359708425448,0.000597806919338816,0.019945867148545505,0.0,-2.1022450228065312e-06,1.8199578524291219e-06,-8.822715618487394e-06,1.0083407428794309e-05,-5.139150535039051e-07,2.946603075903286e-06,8.517015187121307e-07,1.209702056396436e-05,-1.7220934940107486e-08,-5.850911919876669e-07,-1.1071268140252674e-06,-2.1999789600579167e-06,-1.117884485866015e-06,-2.188769438562552e-07,-3.3584234566545797e-06,1.3647798232207387e-06,-2.0814957627743044e-07,-5.821800496796936e-08,-3.2717383443161953e-07,-1.5923670463590417e-06,1.8293876645089755e-07,-2.8118150710409672e-08,2.0316377815822503e-06,-3.378413952523255e-06,-3.955267790739542e-08,-8.854976717452756e-08,-7.128211811963244e-07,1.8013041537786216e-06,-9.057777868190366e-08,-3.423868532935139e-07,-2.2193796460787884e-06,-1.2699358089829656e-06,-6.659027922333511e-08,-1.833225293451668e-07,-8.092339557078278e-08,-1.599184617955414e-06,20mV,1,65,1.2959406755558096,0.004486359708425448,0.000597806919338816,-2.1022450228065312e-06,1.8199578524291219e-06,0.22492678182470513,0.02997146801824604,-0.005284178611159868,0.004574624866600748
188847.7,0.011194,0.00250126023642596,0.0003594825530621584,0.011194008629045868,-2.168404344971009e-19,-1.736637605450713e-06,3.5682794093002306e-07,-7.490279616826263e-06,3.367198627562239e-06,-4.101594078325899e-06,2.87396067445258e-06,-1.6120409969793795e-05,1.1527442189028662e-05,-1.533520026510897e-07,5.5711940699231e-07,-1.3675502204258485e-06,5.195877835602357e-06,1.0381529216677104e-06,2.7543253638991374e-07,3.6965704150910034e-06,9.88538925530782e-07,-2.318610081721157e-08,-2.8116894657188623e-08,1.0536882496004638e-07,1.3362458171466554e-06,-2.0586262072146258e-07,-2.3320109809777938e-07,-2.058394603236343e-06,7.814180676372914e-07,-5.8374413072680965e-08,-1.0681749975280344e-07,1.918430846547797e-06,-1.5184152926905086e-06,2.0258992394412018e-08,4.099529295902693e-07,5.718888636665935e-07,1.0239735991780236e-06,1.6611737117782068e-08,1.757030177387579e-08,1.7485211631774323e-06,-9.677347470625485e-07,20mV,1,64,1.414575523158226,0.00250126023642596,0.0003594825530621584,-1.736637605450713e-06,3.5682794093002306e-07,0.22344633806479006,0.032113835621797204,-0.013859192479041965,0.0028476563560109764
150058.6,0.0126338,0.00279709874555102,0.0004491258567678755,0.01263375092126011,-8.673617379884035e-19,-1.3871882326574144e-06,-4.808850273128767e-07,-4.3365704921094e-06,-6.077516402032712e-07,-6.187336733264965e-06,9.489606141078063e-08,-2.59232578989397e-05,9.71799109166235e-07,-1.3655269965343122e-07,5.021525510830741e-07,-1.429397228243542e-08,-6.422608969465408e-08,-7.525092194712148e-08,1.9439656407437134e-06,-3.969641331806973e-06,5.118196769891266e-06,3.5995869592105964e-07,-2.5061657590190736e-07,-4.892177424332139e-07,-1.0961955099608513e-07,5.965573792795289e-07,1.0519100920530694e-07,1.7078813288330667e-07,1.878338932666604e-06,-1.8042169120551694e-07,1.4460838306458473e-07,-1.5637647027822915e-06,2.6525039247310587e-06,-3.1492054873673194e-07,-1.1788993315312516e-08,-1.1564076893609062e-06,2.5253319045017115e-09,2.7044947910123966e-08,2.541747643806119e-07,1.1282374674247647e-06,2.1741545309952467e-06,20mV,1,63,0.8945369096415947,0.00279709874555102,0.0004491258567678755,-1.3871882326574144e-06,-4.808850273128767e-07,0.22139891493697683,0.03554968429938614,-0.008691020520158717,-0.0030128439254468904
119238.3,0.0142641,0.003115666391377707,0.0005733710946640941,0.014264125783104679,0.0,-1.8568518684057684e-06,-1.0932057179213796e-06,-9.020520644606575e-06,-1.4553036508722955e-06,-5.357837379691274e-06,-5.634947534794402e-06,-2.1070332259125164e-05,-2.295820840904949e-05,-7.981024440259872e-07,7.4635750585876e-07,-3.6529130821943767e-06,2.8123362258336593e-06,-1.897906980592419e-06,1.2051826203822033e-06,-5.715585688140645e-06,5.289596438828059e-06,-2.4952478739454273e-07,3.654397029446283e-08,-3.4113180813098545e-06,-1.0048314715127944e-06,-9.203689535467904e-08,9.76088051852185e-07,-1.6070858892469912e-06,1.3538389186612464e-06,4.4838669879961434e-07,2.4877419100492362e-09,9.305339696823904e-07,-1.5312612942506767e-06,3.3658091048743875e-07,8.27073307058579e-09,2.4233814568305256e-06,-3.925641782762933e-07,4.6798974263750983e-07,1.303319324509994e-07,3.64175767380292e-06,7.377877619110198e-07,20mV,1,62,0.2901635845103855,0.003115666391377707,0.0005733710946640941,-1.8568518684057684e-06,-1.0932057179213796e-06,0.21842673282284825,0.04019672171870712,-0.009126136059430903,-0.005372934854121699
94746.09,0.0160527,0.003439363200949194,0.0007393078145777798,0.016052700646106283,1.3010426069826053e-18,-1.0066018845887907e-06,-1.7779879084247999e-06,-4.109909126595366e-06,-4.291641784615329e-06,7.436022165278126e-06,-6.09285335086515e-06,3.142442129059434e-05,-2.957256065130427e-05,-6.386085023485835e-07,-7.017175861725443e-07,-2.2255076075886645e-06,-3.1651241150949523e-06,1.1741449168261519e-06,-1.692145854010355e-06,4.731196534093967e-06,-9.368917522180343e-06,-1.22205076320254e-07,-2.772440472192556e-07,1.0532758760985384e-06,1.413790982651989e-07,2.8923161948812523e-07,-9.982956284110114e-07,2.149852388532844e-06,-3.627377983563972e-06,-7.221317621852017e-08,-3.964112872527597e-07,2.2139847606268155e-06,-8.937718816542923e-07,6.567020066670981e-08,-5.710585102411742e-07,-3.0685542303180323e-07,-4.511936613046811e-07,-5.86532187248518e-07,-1.2534119943742893e-07,-1.2644457794411837e-06,-2.4855885015933424e-06,20mV,1,61,1.5041908500068415,0.003439363200949194,0.0007393078145777798,-1.0066018845887907e-06,-1.7779879084247999e-06,0.21425449067870336,0.04605504275426109,-0.003906263406733591,-0.006899737831438519
75292.97,0.0176315,0.0036882435967622263,0.0009244351954588704,0.017631535505642816,0.0,-8.433952110933388e-07,-1.0407770538543896e-06,7.621858074133662e-07,1.093239986567173e-06,5.019695674495643e-06,5.084682287792786e-06,2.209996641890489e-05,2.0779446818058605e-05,5.973600009935991e-07,3.8136395906136646e-07,5.288002295521086e-06,2.245850499633572e-06,-5.348766783939813e-07,2.9281534659508917e-06,-1.1104712668552284e-06,1.2469158947360945e-05,4.560250695515771e-07,3.181414242708321e-07,2.5102733545225736e-06,1.3632572437097526e-06,-6.622077332357069e-07,5.158846681511079e-07,-1.5797391086449515e-06,1.321799424651214e-06,-1.8097715262684966e-07,-7.114773848475067e-08,-1.9129820929366346e-06,1.2201241261703917e-06,-2.1182378108941603e-07,3.474541657283847e-08,5.940656961052674e-07,-1.079324844408692e-06,-2.879879103746686e-07,-6.274747421588286e-09,-2.1199043996637725e-07,-1.3082427711362466e-06,20mV,1,60,0.7554566524867427,0.0036882435967622263,0.0009244351954588704,-8.433952110933388e-07,-1.0407770538543896e-06,0.209184480590578,0.052430782058829374,-0.002713006652093987,-0.0033479382302791473
59824.22,0.019361,0.003895408326341543,0.0011761839337172983,0.01936100545240804,-8.673617379884035e-19,-1.981937171847631e-06,-3.154105366736456e-07,-3.496203047289725e-06,8.9227643927413e-06,-9.513943396768013e-07,2.74620680010566e-06,-4.061250470755253e-06,1.2445808536666808e-05,-2.700294331973181e-07,2.579292015738387e-07,-2.28411174731407e-07,8.472042891997744e-07,5.070188595604523e-07,-6.701297018555227e-08,3.6200374181089493e-06,-5.965615912176174e-07,-4.154560126172466e-08,-2.0209481409541122e-07,7.649999973213293e-07,-2.038603407320705e-06,3.409069467615221e-07,1.197040938931506e-07,1.667758919589261e-06,-6.481408286682087e-07,-4.7444764976400656e-08,1.5907804813275524e-07,-1.6229824295116693e-07,9.615628585505525e-08,-3.203310597428036e-07,-7.029171960407015e-08,-7.051001541056989e-07,-2.1842412731723677e-06,-2.680316103681691e-07,-1.2747389967323335e-07,-2.5245752088375485e-06,-1.335935305290959e-06,20mV,1,59,1.412008688957688,0.003895408326341543,0.0011761839337172983,-1.981937171847631e-06,-3.154105366736456e-07,0.20119865860876812,0.060750147331372704,-0.005287301408372427,-0.0008414346319643472
47519.53,0.0157202,0.0030083846671994925,0.0010847427471936278,0.01572023181674082,0.0,-2.0095608191597776e-06,-5.807591456685145e-07,-4.229845369233848e-06,7.995287915734865e-06,2.8691840147472777e-07,7.581519281937238e-07,3.649176381244907e-06,1.2928353010022001e-06,-1.198963438654535e-07,1.215854120719172e-07,-7.250962491531756e-07,5.298805129466267e-07,3.408637528234226e-07,-6.231084337947102e-08,2.468375206292565e-06,-2.5297331705647448e-06,2.0199115254714688e-07,1.1370358386249849e-07,2.1346552629057973e-06,1.7175357456119606e-06,-6.708271258085354e-08,-1.5072623116665128e-07,-9.359345252348316e-07,-6.358456979236248e-07,2.3936369188487784e-07,-1.5225621856071358e-07,6.890825073809098e-09,-7.045378200692841e-09,4.936963724008038e-08,1.3617868806637893e-07,8.294620668890031e-07,6.267945328661206e-07,-9.357530901225634e-08,3.711868713940129e-08,1.7795467986250777e-07,2.039783179432512e-06,20mV,1,58,0.7995563474729513,0.0030083846671994925,0.0010847427471936278,-2.0095608191597776e-06,-5.807591456685145e-07,0.19137024836973446,0.0690029739916724,-0.008131735848254674,-0.0023500557529823793
37792.97,0.0150245,0.00269100280369528,0.0011574247181912185,0.015024543705202209,-1.6263032587282567e-18,-2.2187217168770743e-06,-1.1970956950947151e-06,-8.45368576054053e-06,8.140303379054734e-06,8.209610393840133e-07,6.574666463594593e-07,2.4844427409932e-06,2.2336595399823856e-06,-5.403983524258656e-08,1.4251700836056865e-07,-1.440845755812985e-06,2.2688766821007943e-06,2.1363028230961045e-07,-1.8851586253104526e-07,-1.2983388257776546e-06,-1.8270979997560958e-06,1.4446788308801926e-07,-6.510076334606495e-08,1.2823770821923896e-06,-2.6890553416125193e-07,7.348755444687101e-08,-4.8266365654895326e-08,-3.2067310825868775e-08,-5.301675505795712e-07,-5.295251477699842e-08,-4.768747655368614e-08,1.1278097576450672e-06,1.1463032544461988e-06,-2.2854424725183841e-07,-3.503870897215385e-08,1.6076760174364795e-06,-2.403420239648116e-06,5.36227418346304e-08,1.859700908537092e-08,-6.33672539472843e-07,-5.103739616265864e-08,20mV,1,57,3.08349368396162,0.00269100280369528,0.0011574247181912185,-2.2187217168770743e-06,-1.1970956950947151e-06,0.17910712341723412,0.07703559861125522,-0.009828794422628805,-0.005303056891632605
29941.41,0.0215386,0.003531259692740052,0.0018144024202667714,0.02153856709117258,-3.469446951953614e-18,-5.036391725272132e-06,-4.483055537695637e-06,-2.052392008948162e-05,1.9860063067359057e-05,1.653037274288651e-06,1.484077929578615e-06,1.1095062636890184e-05,3.5451994081079666e-06,2.2340815979472066e-08,2.3184663594323652e-08,-1.442023272753422e-06,-6.867646758207191e-07,-4.609944940011405e-07,-1.2355485479677452e-06,-2.9389526010176438e-06,-7.784627796075081e-06,1.6664366011123984e-07,-3.58569590279984e-08,1.9983223339575055e-06,-4.6701591443049143e-07,-1.6737109769081226e-07,6.4016317695757066e-09,-2.0341161886316295e-06,-5.976949319237074e-08,1.0095886359269463e-07,9.501978577182458e-08,1.8650479762242608e-06,-1.9937149417702722e-06,-1.547847425918711e-07,4.385363702350709e-09,8.935207254644794e-07,7.675780824031344e-07,-1.3969429858433994e-08,1.7824143654543893e-08,7.944897488206919e-07,-9.771458813951667e-07,20mV,1,56,-2.1952410474205823,0.003531259692740052,0.0018144024202667714,-5.036391725272132e-06,-4.483055537695637e-06,0.1639505394111065,0.08423969953926931,-0.01085640126574138,-0.00966363469497561
23847.66,0.0206224,0.0030264051594265044,0.0018393793355774848,0.020622363889291402,-8.673617379884035e-19,-4.316738945687585e-06,-7.594586870795889e-06,-3.0528759528056954e-05,1.5666256092612613e-05,2.006578276662189e-06,8.721082921959091e-07,9.886002866283272e-06,3.821481520232637e-06,-1.3602522801297664e-09,-4.8688915078497544e-08,6.960569966346277e-07,-2.4612273617683134e-06,-1.0300604969443769e-06,-1.1177847035095579e-06,-6.05799668215702e-06,-4.002492195757481e-06,-2.7172407696906536e-08,1.6355085914707446e-07,-1.9237973808330725e-06,7.385530088886739e-07,1.3073156818751696e-08,5.428027750483185e-08,-1.8886150990989892e-08,2.7170302126737557e-06,7.293619797584933e-08,1.2562803720565364e-07,1.6330732194739383e-07,-1.2215491541656505e-06,-6.352224766469124e-08,-4.283425470484524e-09,1.1092231602171283e-06,-1.9914757652015248e-06,-9.786572658254957e-08,5.361755533668197e-08,-1.6061674740691983e-06,-1.515886707420758e-08,20mV,1,55,1.2459621913924133,0.0030264051594265044,0.0018393793355774848,-4.316738945687585e-06,-7.594586870795889e-06,0.14675355238969617,0.08919342833110522,-0.010150300360793675,-0.0178577715318478
18925.78,0.0200114,0.0025553947459922167,0.001825834325852442,0.02001144226758852,1.734723475976807e-18,-9.82954198447627e-07,-1.0871018365432317e-05,-3.410544861384421e-05,4.6408067193792e-06,2.2214945889563274e-06,2.635216599947521e-07,1.2613052418029021e-05,-9.119390945409456e-07,9.33153791476314e-08,-1.4806842089540018e-07,5.041903248211049e-07,1.5953434519369298e-06,-1.6992485261499645e-06,-7.010164586394699e-07,-6.697265117595865e-06,-2.2668039612061525e-06,-7.799149199591841e-09,-9.637705548393952e-08,1.268392944237859e-06,-1.6637448767130332e-06,2.8405913538770726e-07,-2.1640355565223693e-07,2.1118343841537937e-06,-1.5088749490743417e-06,-1.4471776551016168e-07,-1.589626144605979e-07,2.3600795110092788e-07,-2.8053600260792542e-06,-1.5632703700966544e-07,-7.855751387747938e-08,-1.6836168606322214e-06,-1.7616509310652406e-06,-1.9315817142137562e-07,-1.0368900298355106e-07,5.411412654645855e-08,1.8366037079048266e-07,20mV,1,54,-1.0437907751322792,0.0025553947459922167,0.001825834325852442,-9.82954198447627e-07,-1.0871018365432317e-05,0.1276966803202913,0.09123951694424591,-0.0024545761010461844,-0.02714647530471483
15058.59,0.0197183,0.0021425857749261235,0.001769646436131477,0.019718303263390496,0.0,3.947955133059291e-06,-1.2370464925160106e-05,-3.5210949919298206e-05,-7.625152289040827e-06,2.423015417453807e-06,-1.4850639080281998e-07,1.2544613767045697e-05,1.7815109200630358e-06,2.8627365440390126e-07,1.6650057134412426e-07,-2.927099672078055e-07,-6.534249036664638e-08,-1.9270015894747506e-06,-2.61926704254533e-07,-8.598789565963446e-06,2.0290827097130176e-06,2.5534950760356242e-08,-5.666572745384513e-08,-3.2008626751694237e-07,2.9355571921161787e-07,2.1502099979027295e-07,-2.441592188851374e-09,1.4335620692789763e-06,1.6867022531526437e-06,-6.732386322673273e-08,4.833808779492252e-08,-1.371269817363473e-06,5.62407386002169e-07,-1.5711942596439685e-07,1.2267737218399716e-07,-8.44999961180838e-07,1.0354424358825102e-06,1.1937770735276833e-07,-1.333201259577773e-07,1.5786980616486143e-06,9.66761837224937e-07,20mV,1,53,-2.4434493748297954,0.0021425857749261235,0.001769646436131477,3.947955133059291e-06,-1.2370464925160106e-05,0.10865974350359561,0.08974638499535849,0.010153905683640985,-0.03181609969704238
11863.43,0.019581,0.0017638372845146738,0.0016597482521867601,0.01958098172244881,1.734723475976807e-18,9.631172375134645e-06,-1.0796526874759143e-05,-2.3110869594632648e-05,-2.03531430897212e-05,2.8130648598400122e-06,-2.806282452020475e-07,1.1937396385473733e-05,-1.6430233680723648e-06,1.6200373753866277e-08,6.453876888370357e-08,1.951118738808579e-06,1.6003836127896471e-06,-2.2734873202609913e-06,1.57578057056252e-07,-1.0509111506133945e-05,5.116340093010458e-06,-1.138552378217847e-08,-9.861262938530304e-09,5.674590686981494e-07,-1.4037921784610712e-06,3.181932699550194e-07,-2.9566241024741493e-07,3.798712226027322e-06,-3.97685852299567e-07,-7.894576741479463e-08,-1.4141149329105596e-07,-1.3716596381868134e-06,-1.1852285706084106e-06,-1.852557854580073e-07,1.8104089615943752e-07,1.309947635886718e-06,1.3637518949404782e-06,6.72386138635284e-08,9.20578078410599e-08,-1.4956027891246504e-06,1.2156356267696195e-06,20mV,1,52,-1.1637734660274452,0.0017638372845146738,0.0016597482521867601,9.631172375134645e-06,-1.0796526874759143e-05,0.09007910377100783,0.08476328080547285,0.025119456106967156,-0.02815886502440594
9432.87,0.0195995,0.0014627181555285549,0.001519021122895778,0.019599495383898588,1.734723475976807e-18,1.354175058252046e-05,-6.501919127645886e-06,-1.4331687567625341e-05,-2.051651341062673e-05,3.6630160795077576e-06,-1.9741671033025355e-07,1.2038081177599828e-05,-5.311840790809475e-06,-1.3081504705609403e-08,-1.0642373280307716e-07,3.821325286134871e-07,-1.0953874531929882e-06,-2.846430372661687e-06,2.755644155839433e-07,-1.2974966827390745e-05,5.857858618365464e-06,2.2793364493757226e-07,-2.674137894425702e-07,1.312181348802642e-06,-1.4696935067020025e-06,4.5987447588689123e-07,-9.176540715206936e-09,8.770122008423698e-07,-8.89138877947773e-07,-3.276475710025047e-07,1.806709580077224e-07,-2.1440887747438072e-06,1.923950867173809e-06,-1.802772086510755e-07,1.595206968895737e-08,5.095239131560605e-07,3.4491773222422447e-07,1.85457043001431e-07,-6.701932771111229e-08,1.0609407715984657e-06,2.996105251954875e-07,20mV,1,51,1.1814645259982022,0.0014627181555285549,0.001519021122895778,1.354175058252046e-05,-6.501919127645886e-06,0.0746303987361945,0.07750307307114072,0.035252103013516486,-0.016925900493927507
7558.594,0.0196907,0.0012260491246681743,0.0013645001498428485,0.019690696020840816,3.469446951953614e-18,1.4448161305967935e-05,-1.5494336836445326e-06,-6.886697648532365e-06,-1.8494314727396098e-05,4.267813100741342e-06,4.71420620670854e-07,1.5465880702125243e-05,-6.936654099344886e-06,-1.245906895422324e-07,-4.038424121353545e-08,7.750401042858825e-07,1.8238555306292774e-07,-2.96163007109321e-06,2.3824617103334704e-07,-1.4306271548825945e-05,7.587484869615485e-06,2.991949686618086e-07,-8.406709293819557e-09,2.132656784153464e-07,-8.837312753028968e-07,6.008856315298817e-07,-7.236454452780991e-09,2.825597220523491e-06,-5.266720079998065e-07,-3.88026197607717e-07,1.6797684662354849e-07,-1.418309978070229e-06,1.2273353772999668e-06,-5.505366066202819e-07,6.383858514641202e-08,-1.7740470792170654e-06,9.345497780007521e-07,1.625688021975494e-07,2.835251050441397e-09,1.4915606127951235e-06,-1.1444596777445838e-06,20mV,1,50,-2.333780378791419,0.0012260491246681743,0.0013645001498428485,1.4448161305967935e-05,-1.5494336836445326e-06,0.062265403080242206,0.06929669466222264,0.03726408366099308,-0.003996233513162777
5960.648,0.0197652,0.0010246515388897604,0.0011899598896405645,0.01976522619880844,1.734723475976807e-18,1.3429978684838123e-05,2.6830729644581436e-06,-2.122069363055449e-06,-1.2754642913726072e-05,4.208543730764452e-06,1.95775245524271e-06,1.675119001039627e-05,-4.873711912486495e-06,4.80636836020006e-08,-3.385159979762928e-08,-5.215008669314368e-08,1.601957163021159e-07,-2.943202266668988e-06,-3.4665933767487973e-07,-1.5230530087517194e-05,5.815152799485022e-06,2.1914401259660928e-07,7.302195171607522e-08,1.649242379775091e-06,-4.0151233877937445e-08,3.9822662349235534e-07,-1.404225190981598e-08,1.2285907266169536e-06,-8.685341406548073e-07,-3.6774853416325313e-07,1.1570683329384016e-07,-1.430731032400777e-06,1.7400648285212414e-06,-5.314286938768756e-07,8.271898103046825e-08,-1.7846140837819168e-06,7.194273192410435e-07,2.0907905591666096e-07,-2.572700277800031e-07,7.068628574863503e-07,-2.200364944056862e-06,20mV,1,49,1.9745343563354332,0.0010246515388897604,0.0011899598896405645,1.3429978684838123e-05,2.6830729644581436e-06,0.051841123829462286,0.06020471901871288,0.03437729853399353,0.006867978159324702
4746.094,0.0198156,0.00087585188248942,0.0010286314538127794,0.019815650812780115,1.734723475976807e-18,1.0897172819194708e-05,5.679342195295189e-06,5.857759157311274e-07,-9.086457362298129e-06,3.8094599628914665e-06,2.969100044513502e-06,1.8446717517185935e-05,-4.863249138883247e-06,9.532278261835111e-08,-1.1343623744756536e-07,9.582907119611578e-07,-2.2939380673312132e-07,-3.0057409590761918e-06,-6.502721017276994e-07,-1.4875932177246632e-05,5.900990239211621e-06,1.5331562312839876e-07,6.28256484179826e-08,6.138278228147363e-07,-5.769985503993735e-07,5.485737830444092e-07,-4.298299057342905e-08,2.8670103369174786e-06,-1.3790521857904166e-06,-5.903789646836924e-07,5.532200605275924e-08,-1.5266492534978256e-06,3.6514975058354096e-07,-5.711318981276189e-07,1.2560594693529035e-07,-2.045917304469021e-06,3.197994679177335e-07,2.810094314142715e-07,-6.9482941098465924e-09,1.1624041600063114e-06,-3.5386412821859375e-07,20mV,1,48,-0.6541545107722536,0.00087585188248942,0.0010286314538127794,1.0897172819194708e-05,5.679342195295189e-06,0.04420000588244818,0.051910051480588415,0.027752183425069722,0.014463764955616968
3761.574,0.0198834,0.0007615523436159614,0.0008805317413495676,0.019883415968458516,-2.6020852139652106e-18,8.156563774234378e-06,7.061185916490095e-06,-5.921688214422354e-07,-5.419674684385398e-06,2.8360176280293086e-06,3.6222239206596703e-06,2.009998024879106e-05,-3.4128710097891664e-06,1.3258232509028175e-07,-5.977460094503659e-08,6.100796061696326e-07,2.628963876347651e-07,-2.5262968627109775e-06,-1.0959094577055717e-06,-1.693307775052822e-05,3.554373298481289e-06,3.0978705754053814e-07,1.8392551859519348e-08,1.5592547494259946e-06,1.6904394493225907e-07,5.475341273246135e-07,-4.646871606385589e-08,1.7802861076202626e-06,-7.863196286034019e-07,-5.006653359101418e-07,-6.888428996075558e-08,-1.9014100279461968e-06,2.092081090867863e-06,-5.197085632522436e-07,1.2670750804643754e-07,-1.9282591699082517e-06,1.6462539592665746e-06,2.286417961764272e-07,-1.24459112922613e-07,1.5291171143760089e-06,4.1564828883711385e-07,20mV,1,47,-1.8293341774116836,0.0007615523436159614,0.0008805317413495676,8.156563774234378e-06,7.061185916490095e-06,0.038300880735182924,0.04428473169531704,0.020631235657499306,0.0178605837821941
2993.223,0.0199267,0.0006749558444047094,0.0007529010116732371,0.019926679277012294,0.0,5.629291709958867e-06,7.338769380885941e-06,-8.987835299119689e-07,-2.4878655805675477e-06,1.6855191104626251e-06,4.116803312974572e-06,1.8800329776141337e-05,-2.7615197666528876e-06,-1.6117071669011977e-08,-1.0742374622200116e-07,-6.184808695681743e-07,-6.168090075064945e-07,-2.0846035886881328e-06,-1.105666329396472e-06,-1.7399844634635972e-05,4.753253557916126e-06,1.503024277964482e-07,6.488749055471408e-08,1.0650677349243516e-06,-9.384294940778144e-07,5.087422544449434e-07,1.5304669538297026e-07,2.756977549649171e-06,-8.484562530777329e-07,-5.073550365420394e-07,7.112417331335308e-08,-3.1988758040163887e-06,7.894946599115209e-07,-6.571404859673667e-07,5.364342120119533e-08,-3.208894930674278e-06,7.213075513666466e-07,1.921664901231347e-07,7.104315682854908e-08,2.009517652970108e-06,-4.7559283770061854e-07,20mV,1,46,-0.850190618623759,0.0006749558444047094,0.0007529010116732371,5.629291709958867e-06,7.338769380885941e-06,0.03387196807966635,0.037783566504319396,0.014176985420834275,0.018482187792049097
2372.685,0.0199304,0.0006050035536836589,0.0006413404277990436,0.019930365371105267,0.0,3.365853142164947e-06,7.107949713474669e-06,-2.8526844051730877e-06,-1.2348774827378191e-06,4.838020652113235e-07,4.4481894481782165e-06,1.889129275932381e-05,-2.0178395103979936e-06,2.0465202231864445e-07,6.148616848222382e-08,-3.384614210549875e-07,6.583743392709266e-07,-1.8054273303292084e-06,-1.1333711021951166e-06,-1.6323543048950896e-05,3.0343832783332107e-06,1.9436538244054204e-07,1.914991998836252e-08,2.9035199244061096e-06,2.2921992002557797e-08,4.906392940503407e-07,2.1264227304432128e-07,2.7365750244704546e-06,-1.1177493211632639e-06,-3.1622889936200764e-07,-1.0042531891433168e-07,-1.4208675539344819e-06,1.5361267729385956e-06,-4.725056659873602e-07,-2.4770159920678674e-07,-2.4943439711677214e-06,1.3182432206304051e-06,3.1289282891933354e-07,8.852117361983487e-08,3.2920796826658314e-07,-2.8481342934281733e-08,20mV,1,45,-0.08682906036090686,0.0006050035536836589,0.0006413404277990436,3.365853142164947e-06,7.107949713474669e-06,0.030355868666651926,0.03217906023583737,0.008473535283863742,0.017894263400427702
1886.433,0.0199556,0.0005507934276264117,0.000550383450460517,0.019955604898704515,0.0,2.0163348867076268e-06,6.49123810910514e-06,-2.0608515102498147e-06,-9.313131469602794e-07,-4.996992158610681e-07,4.264146854734949e-06,1.7330319575698693e-05,-1.0102720548731927e-06,4.8666430997577495e-08,-9.723193355216449e-08,3.482145130577425e-08,-8.904972828571855e-07,-1.584618815104387e-06,-9.388531678038337e-07,-1.741386448023483e-05,2.014281501561139e-06,-2.540178463683946e-08,1.0258875495485583e-07,-4.3993423629574094e-08,8.603595266767781e-07,2.871258513254802e-07,1.5778350360330486e-07,3.077509427096839e-06,-4.179908910460497e-07,-4.472359516868674e-07,-2.561278630203058e-07,-2.6168012419265497e-06,2.374438471811134e-07,-5.474365828176403e-07,2.723677073696007e-10,-3.482183928289746e-06,1.49376530513539e-06,1.992822122564203e-07,2.0581171508380628e-07,1.094029471345684e-06,3.986976866195792e-07,20mV,1,44,1.3084237272964279,0.0005507934276264117,0.000550383450460517,2.0163348867076268e-06,6.49123810910514e-06,0.027600938704803093,0.02758039424283485,0.005063290799144432,0.016300380660751596
1506.696,0.0199917,0.0005068343541491564,0.00047688434919197797,0.019991738991994284,-2.168404344971009e-18,8.279042198963882e-07,5.718798578943539e-06,-2.6602640173478108e-06,-1.0247080598904695e-06,-1.4007862274346913e-06,4.126983583886652e-06,1.7345197885132357e-05,-5.892667694687053e-07,1.5220741959511862e-07,2.794572802628576e-08,1.0537252505910154e-06,4.782457043218113e-07,-1.3026886127460264e-06,-9.922646367442564e-07,-1.704378340593336e-05,3.248942916235823e-06,2.3611161302275238e-07,4.793341029270358e-08,1.7313535148260568e-06,-9.157330012432536e-07,5.051065336173468e-07,7.679289856120453e-08,2.7573015720499547e-06,-1.990226167794499e-06,-3.771540756296669e-07,-1.357186739022851e-07,-2.5948013260181583e-06,1.8849904349419214e-06,-3.5762959966052554e-07,-1.5888325476574142e-07,-2.90644131452625e-06,1.0990957569161915e-06,3.074729151680898e-07,7.571171792798084e-08,1.9986918799122904e-06,1.0150371171788748e-06,20mV,1,43,1.410241835315255,0.0005068343541491564,0.00047688434919197797,8.279042198963882e-07,5.718798578943539e-06,0.025352189439453904,0.023854070392923143,0.0020714714405413053,0.014308814529260793
1185.994,0.0199726,0.0004654481943767021,0.0004114728245061077,0.019972640073443144,-4.336808689942018e-19,-2.3285722667327068e-07,4.888719544166682e-06,-3.3203237690488064e-06,1.2013934521549355e-06,-2.3104984319718675e-06,3.565226522946059e-06,1.6549551966905522e-05,-2.6132188860956088e-06,7.132037961955369e-09,-5.068079869984488e-08,4.027613695781522e-07,-3.8586201156084564e-07,-1.234595829508186e-06,-6.434478890979753e-07,-1.6699498429133762e-05,4.9795887598588085e-06,6.409985658241893e-08,-9.577958912077613e-08,1.1920697700416586e-06,-1.2059615236682008e-07,2.529941833973049e-07,2.2699972269870983e-07,2.1032379880816707e-06,-4.3934274270584135e-07,-3.9615810214628414e-07,-2.003964228928788e-07,-2.3157128123300193e-06,1.1139555746855866e-06,-3.8453496989848685e-07,-1.4863746087793992e-07,-4.058874918806615e-06,1.2221426013415313e-06,3.026966180600821e-07,1.2218324240635747e-07,2.1114060588993097e-06,-3.3920614948200837e-07,20mV,1,42,-0.14592991840130867,0.0004654481943767021,0.0004114728245061077,-2.3285722667327068e-07,4.888719544166682e-06,0.02330428990184381,0.020601824445493685,-0.0005837390801017128,0.012255306353842687
948.6607,0.0200881,0.00043408104704789727,0.00036361110023910474,0.020088082293628625,0.0,-8.163801247478988e-07,4.147850924363692e-06,-1.2890026277596037e-06,-6.952371796580982e-07,-2.7934137944260725e-06,3.2976418714245845e-06,1.9349911357923834e-05,-2.6225246924968772e-06,-1.5416985045364223e-08,8.540321215307016e-08,-5.24094518990063e-07,2.7381079203151355e-07,-9.645294497675002e-07,-5.443096713373659e-07,-1.6793391168159123e-05,6.400906458029993e-06,6.609732783943054e-08,2.8203494808045933e-08,1.3569357151651955e-06,5.02640476356584e-07,1.7907467201885557e-07,2.266819030956393e-08,3.341243499752564e-06,-7.49959277030077e-07,-3.1193452192897534e-07,2.6299970570789365e-09,-1.6919948309364412e-06,3.310717700922825e-08,-4.181906556085438e-07,1.103953745445861e-07,-3.7928546522132697e-06,3.4289141395295566e-06,1.7955379028455614e-07,-7.692105387516496e-08,1.0732784407420264e-06,-4.881247541831623e-07,20mV,1,41,-0.07408024648706558,0.00043408104704789727,0.00036361110023910474,-8.163801247478988e-07,4.147850924363692e-06,0.02160888434759029,0.018100836850635165,-0.0020230912200468014,0.010278889126232114
752.3148,0.0199544,0.00039966064009338984,0.00031870678600891185,0.019954445386510436,0.0,-1.109234751857607e-06,3.4368500626535947e-06,-1.6691597092552935e-06,2.5354394065209705e-06,-3.2083466772007706e-06,2.8738048383177876e-06,1.7682948200296886e-05,-1.8820163452378192e-06,2.0826814899126596e-07,-8.981301185339874e-08,3.643356306243126e-07,-7.848838709219905e-07,-9.068416296179733e-07,-4.6106268585840296e-07,-1.3688517209468996e-05,7.923172787225293e-06,8.404786158710074e-08,8.122813148803896e-08,6.771171052668426e-07,1.9810133461138612e-06,2.44423461008403e-07,-1.7488363304109747e-08,2.8584268980281676e-06,-1.942313074075488e-06,-2.0021299246190223e-07,-7.124913720895665e-08,-2.1270451304076813e-06,3.1405920100142294e-06,-3.6396921422449746e-07,5.172274106803909e-08,-3.500890471285032e-06,3.0928559427302357e-06,6.924278895899283e-08,8.967974598151968e-08,1.2274882851229018e-06,-1.6125290846829828e-06,20mV,1,40,0.7721539384365047,0.00039966064009338984,0.00031870678600891185,-1.109234751857607e-06,3.4368500626535947e-06,0.020028651879423702,0.01597171857376519,-0.0027857628619925956,0.008631400387288227
599.564,0.0199563,0.00037076855444688727,0.0002843548078106225,0.01995630822330354,0.0,-1.5686433393031051e-06,2.7371156208162365e-06,-2.930229291913484e-06,1.6284113707780795e-06,-3.7672650453975647e-06,2.3987594888896605e-06,1.7400314665057787e-05,-2.986510483737666e-06,4.499540175449195e-08,-5.4934183060070494e-09,7.563637806077266e-07,-1.843701912720114e-06,-8.54200218593019e-07,-1.7296014294931251e-07,-1.4447408241843174e-05,9.359385111939788e-06,8.27401977524214e-08,-1.9850085350092243e-08,1.6370629624593018e-06,-1.8203997976681453e-06,1.8458248457229317e-07,3.5557336249620987e-08,7.116153203137249e-07,-2.3657531718118387e-06,-3.138167044105757e-07,8.179640734531794e-09,-2.5318560978180625e-06,1.5628171556452487e-06,-3.178628202732228e-07,5.9153425758418875e-08,-1.0403393776835787e-06,3.108355100634603e-06,1.1352727202827034e-07,-7.443601969437368e-08,-4.732759650325508e-07,-1.6835124625867812e-06,20mV,1,39,2.1077559661368324,0.00037076855444688727,0.0002843548078106225,-1.5686433393031051e-06,2.7371156208162365e-06,0.018579015231581283,0.014248868309148153,-0.0039387988626582516,0.006872784669474155
474.0168,0.0199948,0.0003437431700055963,0.00025489234451916065,0.01999476628197433,-2.168404344971009e-19,-1.8286699996493216e-06,2.3000330048497514e-06,-3.336419491424165e-06,1.736129967024695e-06,-4.14514841164848e-06,2.0082783941469866e-06,1.4305178414445154e-05,-4.085370295037437e-06,1.4131493165873004e-07,2.6989528765113645e-08,7.995452160779238e-07,5.045279069642291e-08,-6.750400622515028e-07,-8.102367749439504e-08,-1.2646641204650865e-05,1.1246249447758909e-05,6.771991266698097e-08,1.5983138583832543e-08,1.2955020812789622e-06,-5.117204973441874e-07,1.6513995253837188e-07,-1.0265076721761092e-07,5.894653690177499e-07,-3.889520904158379e-06,-1.3580010669203412e-07,7.9969873283519e-08,-1.4312092225517782e-07,2.006004425500715e-06,-1.0222126645669061e-07,1.356589524503355e-07,-8.68133558839457e-07,3.178309188829493e-06,5.514696272785201e-08,-1.0218125386107302e-07,-6.760504480712135e-07,-2.463965246706051e-06,20mV,1,38,-0.08543484648486967,0.0003437431700055963,0.00025489234451916065,-1.8286699996493216e-06,2.3000330048497514e-06,0.017191657314618747,0.01274795318557692,-0.004574068624434357,0.005753093124874476
377.1552,0.0199765,0.000317538688084009,0.00023048822123005478,0.01997646766370296,0.0,-2.021525758149822e-06,1.7891429473605262e-06,-3.5987426209461904e-06,1.849308368218635e-06,-4.377768818834348e-06,1.5146307250596902e-06,1.4070050919693477e-05,-5.478325333976532e-06,6.368631353680165e-08,-1.0658694935546118e-08,7.270201498928196e-07,-5.299531029162573e-07,-5.671277434772449e-07,5.793341657925523e-08,-9.503331964429319e-06,1.355802248892456e-05,6.761237378795453e-08,-2.2705742800586103e-09,-2.3943079448063115e-07,2.4157522256071236e-07,1.8644342236106666e-07,-9.516634420674541e-08,8.359960713576164e-07,-3.1210949776785487e-06,-1.2501386736338675e-07,3.871970673986426e-08,-7.517422489907333e-07,3.1770020212514e-06,-1.1826628955257976e-07,1.458014292660885e-07,-7.146519135182574e-07,2.5689593580904153e-06,1.5252650112794556e-09,-8.714932637208373e-08,-5.034254365031623e-07,-1.6543100223576655e-06,20mV,1,37,0.15487292030052655,0.000317538688084009,0.00023048822123005478,-2.021525758149822e-06,1.7891429473605262e-06,0.015895637478540496,0.011537986850840981,-0.005065728224259241,0.004483401653003756
298.2954,0.0199879,0.0002924577765974688,0.0002094481543323351,0.019987923738173926,-1.734723475976807e-18,-2.137350065350956e-06,1.3265220403502132e-06,-4.52924282436281e-06,1.3912774854333072e-06,-4.536703392273883e-06,1.0758539538327368e-06,1.2737274183092844e-05,-8.442771035724569e-06,7.745159215835851e-08,-4.600326926479218e-08,2.764230143580971e-08,-9.237716081754005e-07,-4.739711594769347e-07,2.1991882423418692e-07,-5.885609970380286e-06,1.5382954999124058e-05,1.1532902386465163e-09,-2.8865993783705716e-08,-4.5896737840946743e-07,-6.364497504269687e-07,5.327816621037474e-08,-1.3365272966085612e-07,-7.942159169867445e-07,-2.6679885130034176e-06,-3.44725919465433e-08,1.1584925053743923e-07,9.262790266651881e-07,2.243153175480097e-06,-7.068996277144769e-08,1.5215192289469102e-07,2.097669464203371e-06,2.353039944222153e-06,1.5543894534099602e-08,-6.246048225891907e-08,-9.461557532608666e-07,-8.170864928879616e-07,20mV,1,36,-2.100388957694119,0.0002924577765974688,0.0002094481543323351,-2.137350065350956e-06,1.3265220403502132e-06,0.014631723656165371,0.010478734913938092,-0.005349833812264436,0.0033203135879448426
236.7424,0.0199618,0.0002685021471439666,0.0001912023428362782,0.019961830674909333,8.673617379884035e-19,-2.13234714703223e-06,9.724628180521595e-07,-3.632439540306771e-06,2.1849302230505074e-06,-4.670289319183931e-06,6.37721483675662e-07,1.062973323901263e-05,-9.349509396970917e-06,8.617340263568387e-08,-5.8686838273695995e-08,7.792924930940464e-07,4.677949030398713e-07,-3.042082110297553e-07,2.7413990006812405e-07,-1.8120206251326101e-06,1.6019468607509574e-05,-1.0778013671153592e-09,-4.891421954315469e-08,-4.3590902865221575e-07,-1.2601870512294082e-06,6.913980559701665e-09,-1.0522533263693024e-07,-2.335293913029871e-06,-2.93488867407586e-06,2.5918088552705286e-08,9.96163670433889e-08,1.8520058335739833e-06,1.4207571766167282e-06,6.143091289468479e-08,1.0876154009206898e-07,2.8594064145893493e-06,4.945575725164973e-07,-4.0571054466408406e-08,-1.2459638723913745e-08,-1.455490260273924e-06,6.256829291844673e-07,20mV,1,35,-0.25220424553883997,0.0002685021471439666,0.0001912023428362782,-2.13234714703223e-06,9.724628180521595e-07,0.01345077771255998,0.009578397189622822,-0.005351273827977479,0.002440463239846514
189.0121,0.0199471,0.00024651311606764016,0.00017559139967013282,0.019947065127102644,8.673617379884035e-19,-2.1646708728606753e-06,7.069325212253256e-07,-2.4536179925323604e-06,2.9213868401770767e-06,-4.787356713297879e-06,2.2591205430954875e-07,7.28833203092456e-06,-1.3267241356488054e-05,1.300966086827302e-07,3.6995183160305985e-09,1.27344216406927e-06,1.932609676340714e-07,-1.150559225724465e-07,3.786351023269411e-07,5.669683928573468e-06,1.4863575668722562e-05,1.755760450353795e-09,-9.272539298852803e-08,-8.803785505165704e-07,-1.3969432195931267e-06,-8.570862903968718e-08,-1.1904776251998341e-07,-3.267505139134544e-06,-9.99073428010911e-07,-1.6835179102093433e-08,6.444661613335818e-08,3.145929912458415e-06,4.90706080156571e-07,1.191275575911239e-07,5.14213539597629e-08,2.8261369068957557e-06,-8.055172632308123e-07,-5.619659424541212e-08,-7.351864054245404e-09,-6.91096193503172e-07,4.321889037674765e-07,20mV,1,34,-0.3412060708365587,0.00024651311606764016,0.00017559139967013282,-2.1646708728606753e-06,7.069325212253256e-07,0.012358365228010199,0.008802868920879585,-0.005440437959703502,0.0017767239221639886
149.6011,0.0199158,0.0002247287289023412,0.00016098301537488356,0.019915792430148568,2.168404344971009e-18,-2.085623925392768e-06,4.3672396342335065e-07,-3.2808428138872824e-06,3.863075922993771e-06,-4.761279571503054e-06,-1.7060123516791818e-07,3.2448840803981715e-06,-1.4558313415770721e-05,5.061134845736476e-08,9.63168477222162e-09,-8.001654538439132e-07,-5.507256304611754e-07,1.6055543626362573e-07,3.8879876975162747e-07,1.1399447392111982e-05,9.95516010317574e-06,3.755317630436099e-09,3.4615279323800975e-09,-2.3151590764901583e-07,-7.291310972856748e-07,-8.441746747713814e-08,-3.3873777980372405e-08,-3.5914921131245887e-06,5.756951275453912e-07,8.476306192213424e-08,2.633275307262538e-09,1.5509561254432132e-06,-1.6809166223345867e-06,9.305771706124211e-08,-7.557626095935814e-08,1.0512992036368783e-06,-2.689619343140394e-06,-2.374255777318594e-08,3.6630009075116335e-08,9.646360015942335e-07,1.0322724453672211e-06,20mV,1,33,-1.4589659924642682,0.0002247287289023412,0.00016098301537488356,-2.085623925392768e-06,4.3672396342335065e-07,0.011283946129210827,0.008083184032947999,-0.005258245002396908,0.0011010621666441346
119.1737,0.0198026,0.00020408658085622542,0.0001474785416056924,0.019802571563276243,-1.734723475976807e-18,-1.9597973769784443e-06,2.572699273169947e-07,-2.5247486853404527e-06,2.641577497164887e-06,-4.701743862693391e-06,-5.479397324581351e-07,-2.1285904729532386e-06,-1.4857548637787931e-05,7.57040683555164e-08,-2.0526714043507133e-08,-7.007065538121151e-07,-7.257390821359316e-08,2.7731563537341415e-07,3.082330540601397e-07,1.660206789205527e-05,1.398053860984122e-06,1.0385651477248648e-08,5.5853001761006753e-08,9.483914233116139e-07,1.955682574752092e-06,-1.0455362807107529e-07,1.5742865309406535e-08,-1.0874418595386188e-06,2.73243002022091e-06,1.1178545504487085e-08,-6.60863782063939e-08,-1.808241602778729e-06,-2.740157920810444e-06,-2.451906783427988e-08,-8.255112950881813e-08,-2.360985438577219e-06,-1.1340163667930297e-06,1.18643975972538e-07,6.251358094408272e-08,1.5733029025379275e-06,1.9304218983368417e-07,20mV,1,32,2.4008085310874376,0.00020408658085622542,0.0001474785416056924,-1.9597973769784443e-06,2.572699273169947e-07,0.010306064553489752,0.00744744394102787,-0.004997674755609516,0.0006560634462691087
94.69697,0.0201243,9.241290372754174e-05,5.310931042476917e-05,0.010062133157043818,-4.442687808348805e-19,-9.579297857173278e-07,-2.6818876504888353e-07,-1.039225236714146e-06,2.241088804066521e-07,-2.3558105012918196e-06,-3.3077561320969595e-07,6.134074779450216e-07,-1.8125065404611232e-07,3.7323639056773486e-08,4.994420335419578e-09,4.76552756915589e-08,-3.400044817368112e-07,1.3921256414283007e-08,6.867121745863815e-09,-7.630648149840905e-07,2.901664364150917e-07,5.8290053675671976e-08,-6.025860635448082e-08,-5.92973182208652e-08,-4.0366436950611767e-07,3.280018336422053e-08,4.2068689485965706e-08,-4.6865153151230977e-07,2.182340273483912e-08,3.864099891091698e-08,4.8637966873793356e-08,3.480522447413251e-07,4.298403429055718e-07,-4.93849715323153e-08,-1.54337678854733e-08,-3.265280713582819e-07,3.466131446348457e-07,2.9424482994647004e-08,-1.6817875539232793e-08,4.125470952642627e-07,2.1262399738102464e-07,20mV,1,31,1.5705340069646256,9.241290372754174e-05,5.310931042476917e-05,-9.579297857173278e-07,-2.6818876504888353e-07,0.009184225877874586,0.005278136315219696,-0.009461359768151784,-0.0026488688729975254
75,0.0200005,8.29605646524785e-05,4.871811505502434e-05,0.010000230559482376,-7.707999820014133e-19,-8.936790540274276e-07,-3.129516616546599e-07,-4.8290515776801296e-08,1.1376279225389864e-07,-2.239916561312724e-06,-3.854557650621881e-07,-6.31579626422513e-08,-5.040750937512114e-07,4.4475044181420746e-08,7.04630743439445e-08,3.588465767877843e-07,1.0189877244816885e-07,3.763621398327463e-08,-1.5663499577284906e-08,-1.7263320676302823e-07,-7.064675043996207e-07,2.947225695090949e-09,-3.6364273376401277e-08,4.233305179943163e-07,1.233272900667798e-07,8.378925897965336e-09,1.9750991640372168e-08,-6.345965786394076e-07,-1.0733762558558198e-07,4.7028708562090485e-08,-4.2018310363782784e-09,7.862060286819437e-07,-6.723376743015916e-07,-5.0547041401501246e-08,-1.973818609167734e-08,-8.406044981353119e-07,-2.2773880884203888e-07,7.708977739336512e-09,8.380120783828477e-09,4.0260796377907274e-07,3.078647137873749e-07,20mV,1,30,1.57047139661771,8.29605646524785e-05,4.871811505502434e-05,-8.936790540274276e-07,-3.129516616546599e-07,0.0082958651962093,0.004871699183858223,-0.008936378462165396,-0.0031293723135909428
54.50581,0.0199998,0.00014606991211916237,9.436141217665644e-05,0.019999852419702934,5.670885581867541e-19,-1.7114909775759744e-06,-6.959862795659501e-07,-1.3694701908752024e-07,-3.5653257788897787e-07,-4.257157585879841e-06,-9.964730246305204e-07,1.1732370831697801e-06,-7.664078972051129e-07,6.731096885003556e-08,1.28325705212306e-07,3.334398267312839e-07,7.823871715318743e-07,2.4104242370169395e-08,-1.6116665554472658e-08,-7.569068736317228e-07,-2.0226794352784325e-07,1.896354761938819e-08,-5.8602169221662066e-08,1.0426072303500901e-07,-1.717595805185409e-07,1.6251281828574122e-08,2.2926563062593376e-08,-1.2262874770832375e-06,2.803499220875629e-07,-2.3047424286666915e-09,-9.370852484306482e-09,-8.245699132910882e-07,5.877616308066222e-07,-8.430652300554058e-08,-6.754315790184878e-08,-1.3112744767309365e-06,4.056800565627679e-07,4.422136977844491e-08,1.7808935107339238e-08,9.423072465751418e-07,2.587607627841323e-07,20mV,1,29,1.5707448982077297,0.00014606991211916237,9.436141217665644e-05,-1.7114909775759744e-06,-6.959862795659501e-07,0.007303549498958353,0.004718105423802824,-0.004278790590225595,-0.0017399913776645736
45.95588,0.0199991,0.00013652123639497701,0.00010519523280958404,0.019999102466222402,-1.5178830414797062e-18,-1.6048585396179833e-06,-4.694448716491516e-07,-6.32007039073786e-08,2.4007950932764667e-07,-4.130543981407131e-06,-1.0707388029522727e-06,4.960699735629056e-08,2.4034349051770146e-07,5.211841894866013e-08,7.603621486335343e-08,1.1652829762356413e-06,-2.3315061814843925e-08,4.462351806906321e-08,-3.189452285464677e-08,-1.5296795883405322e-06,1.103410367472406e-06,2.042176241068759e-08,-3.692050072670194e-08,2.2094223900569713e-07,-1.4994830537222324e-06,2.3940816259588212e-08,1.504119584631943e-08,-6.581882208496586e-07,3.406608194769641e-07,-1.9005576680502765e-08,2.6516083915818707e-08,3.6685226272659215e-07,-9.839397802652512e-07,-3.411082144607397e-08,-2.5523122286054457e-08,-8.020679281167836e-07,-5.247733847790266e-07,2.4449751061979797e-08,-2.0580611649287305e-08,-2.7834944822948395e-07,-1.9442916493566053e-07,20mV,1,28,1.6213126925682568,0.00013652123639497701,0.00010519523280958404,-1.6048585396179833e-06,-4.694448716491516e-07,0.0068263681645491505,0.005259997691759125,-0.004012506476973694,-0.0011737175218712336
37.5,0.0199994,0.00012450514417829776,9.724176014154846e-05,0.019999392807808825,-2.168404344971009e-18,-1.5113944209316146e-06,-5.239315974842662e-07,-5.39517262049301e-07,1.2778567879738602e-07,-3.920339770974219e-06,-1.1899067058954893e-06,-3.6880562804087553e-07,6.450280526674126e-07,6.042984304136297e-08,6.879869486377013e-08,4.980554379352298e-07,2.103450606007549e-07,4.739247347002889e-08,-1.5700754047242684e-08,-1.5551549695284123e-07,-7.278356107316238e-07,1.57383254395312e-08,-3.2929893124443275e-08,9.36038274355048e-08,-3.1369946364424825e-07,1.9050591173031836e-08,9.49889344977203e-09,4.553737910971881e-07,5.057581411087618e-07,-1.3447550949373906e-08,2.4616356889677136e-08,3.4346815973699446e-07,1.8995272828682163e-08,-2.5090608573483674e-08,-1.7411807954851032e-08,-8.300825626339097e-07,1.3157750393469976e-06,2.0218721249772835e-08,-1.3388374568008655e-08,6.668077431036723e-07,9.010904637966781e-07,20mV,1,27,1.6074286800806337,0.00012450514417829776,9.724176014154846e-05,-1.5113944209316146e-06,-5.239315974842662e-07,0.006225446211031184,0.00486223562265251,-0.0037787154894999616,-0.00130990852912632
30.04808,0.0199988,0.00011239211325650047,8.895598358008789e-05,0.01999881440420538,-8.673617379884035e-19,-1.4056283313951973e-06,-5.9473094089929e-07,-8.013031487761461e-07,-3.6114515947705064e-07,-3.662210171053162e-06,-1.28628163087945e-06,-7.356611992849314e-07,3.3662984020308596e-07,5.310282465596103e-08,7.920428615782982e-08,2.1342076948726565e-07,1.0142949445449071e-06,4.628101698710436e-08,-1.458432645542888e-08,-1.399395043960201e-06,-2.797388498357699e-07,1.3959925285190349e-08,-4.487050999375053e-08,5.138649797688966e-07,-1.078940145915472e-06,2.31846352168282e-08,9.548772725306782e-09,-7.656989888497607e-07,7.556833284490527e-08,-1.0141864164070603e-08,3.554173662871811e-08,7.625237674020581e-08,6.677579725178003e-08,-3.7454496792073246e-08,-1.6893903024485477e-08,-3.0845872879951386e-07,8.44267611397154e-07,1.7698536098027553e-08,-2.2283277560545967e-08,8.884317666955048e-08,-2.2746393187038881e-07,20mV,1,26,1.5952246668530794,0.00011239211325650047,8.895598358008789e-05,-1.4056283313951973e-06,-5.9473094089929e-07,0.005619938811616077,0.0044480628592354,-0.003514487492296866,-0.00148700364554963
23.91582,0.0199989,0.00010098814827733151,8.190613367710455e-05,0.019998930154765174,4.336808689942018e-19,-1.302228562507059e-06,-6.036880134187679e-07,-7.610782221222636e-07,-6.125516041873344e-07,-3.4040992000791372e-06,-1.3426414370928314e-06,-1.8617844564301878e-08,8.870046625705611e-07,6.061491570309104e-08,7.354409435025682e-08,1.0659738112945887e-07,1.9163266601854847e-07,5.173103560815716e-08,5.562004263179567e-10,4.2007844997259973e-07,-2.1813403769044301e-07,1.0710216199754879e-08,-3.523184198031346e-08,3.6326115594562085e-07,-2.061277005623461e-07,2.642381712963623e-08,9.291400481832959e-09,-8.942433464492619e-07,1.9332862386539702e-07,-9.700490662000018e-09,2.8822364816455672e-08,1.7540700835561448e-07,-1.9788838998594628e-07,-2.7534988385098554e-08,-1.2608201929308888e-08,5.232107812628832e-07,-1.1847395664804599e-08,1.6354820341248718e-08,-1.9408664370006816e-08,3.684845381107491e-07,-6.425290270852356e-07,20mV,1,25,1.5853056753707422,0.00010098814827733151,8.190613367710455e-05,-1.302228562507059e-06,-6.036880134187679e-07,0.005049677532538856,0.004095525762791299,-0.0032559197299718953,-0.0015093815096895093
18.8253,0.02,9.01891586197681e-05,7.448183100843095e-05,0.019999995024951804,-1.3552527156068805e-19,-1.1935327257235945e-06,-6.06732995674296e-07,-9.859029601860894e-07,-4.820577457392702e-07,-3.139135367745625e-06,-1.3801285897402985e-06,-4.195844355672398e-07,1.5117566763486712e-07,5.934668476125206e-08,6.961539778053263e-08,2.5566899319280155e-07,4.826449532765712e-07,5.4069387200422005e-08,1.1370074580948451e-08,7.890024993837221e-07,-4.419880959973899e-07,9.086844948296132e-09,-3.406110588507618e-08,6.904139236107628e-07,-7.035190403407641e-07,3.078052675899003e-08,6.199773638491739e-09,-2.0995485196261522e-07,1.3986437900155853e-07,-7.432661268408292e-09,2.8001201318566535e-08,4.2186869719090406e-07,-6.258215827438345e-08,-1.8514629574484908e-08,-4.73188006183797e-09,4.364527511055475e-07,-1.1576982111194635e-07,9.623557976545362e-09,-1.7721379212465707e-08,4.2495898501026025e-07,7.919134854496272e-08,20mV,1,24,1.5770068097821968,9.01891586197681e-05,7.448183100843095e-05,-1.1935327257235945e-06,-6.06732995674296e-07,0.004509459052727211,0.0037240924767985256,-0.0029838332987802488,-0.0015168332438174957
15.02404,0.0199992,8.107085117042739e-05,6.790176499458146e-05,0.01999922263642894,-1.4376266697273613e-18,-1.1026802425081208e-06,-5.58702968008913e-07,-1.8632153407883706e-08,4.0741244051978943e-08,-2.9169482112082575e-06,-1.3885230949041057e-06,-1.6465409740129056e-07,2.9270657189923493e-07,6.102377868506502e-08,4.576354314584331e-08,1.2877210296627127e-07,-2.851909218962684e-07,6.824457377972075e-08,1.9115780884266596e-08,-2.1257410277226528e-07,6.088059660378298e-10,2.025721148234038e-09,-1.7635752246390248e-08,3.382824318814363e-07,9.536030773149885e-08,1.557007119867752e-08,4.603928019169832e-09,2.3834895451177286e-07,-4.921865659212396e-07,-8.601386292937454e-10,1.3328066604861213e-08,2.876444354128295e-07,3.7109499586588153e-07,-7.229046819920305e-09,5.278153304886227e-10,4.945719507270228e-08,3.0534337489677233e-07,4.057656648742729e-09,-7.967173783140963e-09,-1.2956951739890692e-07,-1.0761274569328739e-07,20mV,1,23,1.5707644642861165,8.107085117042739e-05,6.790176499458146e-05,-1.1026802425081208e-06,-5.58702968008913e-07,0.004053700118461374,0.0033952202157546455,-0.002756914914627647,-0.0013968660051865962
11.95791,0.0200009,7.263973056902968e-05,6.17725155994458e-05,0.020000922863673918,5.421010862427522e-20,-1.0055525468077308e-06,-5.508715467051744e-07,-1.69004721266801e-07,-1.3733230105559568e-07,-2.671610995540127e-06,-1.3762781030826278e-06,3.020096023598016e-07,-4.31473793768097e-08,5.572055192223983e-08,4.4999193113759526e-08,-1.3546034834186177e-07,8.228304425433124e-09,6.858680610098884e-08,2.067950831208386e-08,4.679826098348841e-07,9.081892558854717e-08,1.0488542115703388e-09,-1.4889958051102066e-08,2.4335979800270705e-07,-3.627819525399538e-07,1.2791733311290869e-08,3.486127380970403e-09,3.729525651419787e-07,-9.258096213139539e-08,-1.1029115921513943e-09,1.1198193087249038e-08,3.140742753358567e-07,4.395732041342962e-08,-1.0382738328369733e-08,-2.6908515533181454e-09,3.926578421812603e-07,-4.3137107742523793e-07,2.8472005969437745e-09,-8.004316726746746e-09,-1.429131475632242e-07,-1.3663233411554583e-07,20mV,1,22,1.5657677378395731,7.263973056902968e-05,6.17725155994458e-05,-1.0055525468077308e-06,-5.508715467051744e-07,0.003631818944762765,0.0030884832675215352,-0.002513649386096542,-0.0013770517807243732
9.52744,0.0199995,6.506325779600405e-05,5.6123532915211097e-05,0.019999487665111688,-4.87890977618477e-19,-9.149049277985868e-07,-5.356951086663635e-07,-2.0077497805511662e-07,-1.1364198101549294e-07,-2.4378939461227895e-06,-1.3424010351226939e-06,2.8564030045439113e-07,2.515353734833438e-07,5.2808575620685084e-08,4.245034787581018e-08,3.727872966200541e-08,2.8847937786596036e-08,6.206694223689441e-08,2.286736642220158e-08,4.3907750284045066e-08,-2.9586154167510197e-07,5.774468157683911e-10,-1.3495700868788634e-08,4.4621726819180566e-07,4.298670630360585e-08,9.669665569007669e-09,2.869322901263947e-09,-1.3660599872014811e-08,3.617848259377832e-08,-5.854514559831667e-10,1.0866744262234767e-08,2.998794284581416e-07,-9.284681364526114e-08,-6.493923368538216e-09,1.392200069337147e-09,3.837124549549334e-07,2.2651987441890736e-07,3.1626262464405425e-09,-6.309509663336587e-09,-1.1979344589943567e-07,7.420984129784657e-08,20mV,1,21,1.5618161066317464,6.506325779600405e-05,5.6123532915211097e-05,-9.149049277985868e-07,-5.356951086663635e-07,0.0032532462273773305,0.0028062485327119842,-0.002287379508427946,-0.00133930638812591
7.524077,0.0200009,5.799986704355987e-05,5.0692727644743526e-05,0.02000093591275452,-1.1384122811097797e-18,-8.275542170828663e-07,-5.13186342064225e-07,-9.530281438616492e-08,-4.7526321243553714e-08,-2.210299634884501e-06,-1.2973480261605091e-06,-3.296638440688835e-08,2.1278892069010468e-07,5.0641351191163596e-08,4.011269226055874e-08,3.026319299146759e-08,-1.0023631332112784e-07,5.703715098787789e-08,2.318935870547107e-08,-3.85037320007649e-07,-8.232035540933304e-08,1.129218540756491e-09,-1.2454348160146733e-08,1.5375496381445986e-07,-1.9978761054838922e-07,7.634665242016409e-09,1.4449100372530894e-09,2.2892179791797163e-07,-3.4820636735214666e-07,9.478713739881581e-11,1.0118473206354309e-08,4.210965134201935e-08,-2.2666548503334326e-08,-1.0859631267366121e-08,-4.52829545869995e-09,-1.3566466512513818e-07,-2.977736376834308e-09,3.2145374012192604e-09,-5.66836289955499e-09,2.6481639527036647e-07,-2.6547547949669893e-07,20mV,1,20,1.558535361755672,5.799986704355987e-05,5.0692727644743526e-05,-8.275542170828663e-07,-5.13186342064225e-07,0.0028998576514898777,0.0025345177778614337,-0.0020686919266611446,-0.0012828457891777291
5.98659,0.0199997,5.186115502196873e-05,4.586832387593554e-05,0.01999971827981101,-4.87890977618477e-19,-7.490398783518133e-07,-4.899026393179548e-07,-1.2781438671351991e-07,-2.23672700544649e-08,-2.0013799625535123e-06,-1.2407276104374409e-06,9.146237875710514e-08,-1.9036920663600476e-08,4.618672724631999e-08,3.8535702801985954e-08,2.7014975578938233e-07,-2.1454435747578141e-07,5.469543736870734e-08,2.525123496301248e-08,-2.351345570923776e-07,5.4612038409074236e-08,-1.141685690143428e-09,-1.0573230825062511e-08,6.194523454670412e-08,8.352348851851832e-08,8.980361693042142e-09,4.32675099297049e-10,2.2448385011569587e-09,-8.405937987139622e-08,3.8568997469782165e-10,8.884833949425982e-09,2.091848137303246e-07,-9.94378585303982e-08,-5.93513026583581e-09,8.900596596206617e-10,2.897716003203621e-07,-1.0005775886868645e-07,2.466107621297773e-09,-6.223161846225277e-09,2.84455881562379e-07,1.153117762083039e-07,20mV,1,19,1.5560480990965042,5.186115502196873e-05,4.586832387593554e-05,-7.490398783518133e-07,-4.899026393179548e-07,0.002593094277448932,0.0022934484993340104,-0.001872652451908236,-0.0012247911028899672
4.76372,0.0199999,4.635356996213631e-05,4.144445725740703e-05,0.01999986522237913,1.951563910473908e-18,-6.767395173000199e-07,-4.625980266804511e-07,-6.569289297119375e-08,-7.888761853861516e-08,-1.8105127882821014e-06,-1.1788806164833217e-06,1.856763226581017e-08,-1.493605124617042e-07,4.297543028696667e-08,3.678880084957251e-08,1.0052898315863307e-08,1.0321167214131981e-07,5.075328006656007e-08,2.6317323310895592e-08,-1.3522104496303505e-07,-6.463625751933249e-08,-7.027543004452651e-10,-9.438097415706718e-09,4.0606661239365885e-07,-1.4805913072275795e-07,5.800280897188795e-09,9.139467039218272e-11,-3.6189647227375736e-08,-1.1604217818955605e-07,-4.787161231355498e-10,7.86138889696163e-09,1.60070407070901e-07,-1.6993330027983293e-08,-6.949333235256639e-09,-5.0582280120649326e-11,2.0858277842284575e-07,1.7243194718434845e-07,2.1406775929993332e-09,-4.9962752941276635e-09,2.3685655950812334e-07,1.6485000260261135e-08,20mV,1,18,1.554038656137121,4.635356996213631e-05,4.144445725740703e-05,-6.767395173000199e-07,-4.625980266804511e-07,0.0023176941167717636,0.002072236827427825,-0.0016918715958160679,-0.0011565106538240506
3.76506,0.0200001,4.128383388224188e-05,3.728847103583746e-05,0.02000009560781884,4.336808689942018e-19,-6.075667128110591e-07,-4.3292208728960436e-07,-2.9755149439826963e-07,2.0908895607669897e-07,-1.6269023267066574e-06,-1.1074373928679175e-06,1.6405054388194423e-07,-1.0303114551513797e-08,3.9320631152547196e-08,3.390514930761417e-08,2.3754856158500886e-07,-1.0973556269658275e-07,4.464440358055009e-08,2.585494600983463e-08,-4.766057486002415e-07,1.4951932118282444e-07,-6.606299395377426e-10,-8.875757093254056e-09,4.060492759139661e-08,-3.067432138224266e-07,4.6781485214375535e-09,-3.747149185161403e-10,-9.714443326913517e-08,1.7696098751383528e-07,8.903437531233426e-10,7.347917253716424e-09,3.162182498189167e-08,-5.500336232200488e-08,-5.078154497215984e-09,-9.669173313534523e-10,9.995057804829783e-08,1.0831464232099337e-07,1.5904208287849953e-09,-3.6570472719213366e-09,4.943967562110986e-08,5.129240908296871e-08,20mV,1,17,1.552408613487082,4.128383388224188e-05,3.728847103583746e-05,-6.075667128110591e-07,-4.3292208728960436e-07,0.002064181826515988,0.0018644146391610197,-0.0015189022600997258,-0.001082294870614086
3.008665,0.0199971,3.696206925449849e-05,3.3684980184630345e-05,0.019997115626304417,1.6263032587282567e-19,-5.486671029732117e-07,-4.040939050516693e-07,-1.7686906209347012e-07,-1.36971768593459e-07,-1.4683772068324332e-06,-1.0375670486325722e-06,1.8588949744717848e-07,9.148826014946823e-09,3.589623951467973e-08,3.1875756999157234e-08,4.5792783562104726e-07,8.848183858865954e-08,4.328014881216946e-08,2.648812537424332e-08,-2.9674768613987934e-08,6.95917930251885e-09,-5.369399597534864e-10,-7.74721379237645e-09,1.3603222260463485e-07,-5.149746377401312e-08,5.163552225184215e-09,6.660198924302291e-10,-4.861579462223504e-08,7.009209708476411e-08,-9.468392313578299e-12,6.040524847886095e-09,-3.959135970593071e-08,4.089213079333032e-08,-5.759188838799214e-09,-1.4825015165774128e-09,-1.0948531703368546e-07,-2.8387902666524295e-09,1.4960011154693496e-09,-3.786743233624017e-09,3.4272233418226464e-07,-1.0103078309524767e-07,20mV,1,16,1.551347577700578,3.696206925449849e-05,3.3684980184630345e-05,-5.486671029732117e-07,-4.040939050516693e-07,0.001848370032219956,0.001684491944444266,-0.0013720634832774243,-0.0010105262151345721
2.38186,0.0200005,3.2937667651460444e-05,3.0261509014848633e-05,0.020000487082193437,1.734723475976807e-18,-4.918008180261081e-07,-3.7392070486260466e-07,-2.3568030711588647e-07,2.232836463565062e-08,-1.3180241656801404e-06,-9.649339161256735e-07,2.335538267402417e-07,1.4259827736779673e-07,3.2182751180440306e-08,2.9368249476009612e-08,1.577280205600106e-07,2.563419679674296e-07,3.924604114767598e-08,2.6015264067218725e-08,-7.096384093889489e-08,9.053042554094802e-08,-1.0440208871754703e-09,-6.7273867462851845e-09,4.183829542176072e-08,1.890276587070803e-08,5.4162406584033544e-09,1.333264732467052e-09,3.040851673010531e-07,-3.329041139786962e-08,3.4333577818036043e-10,5.4823626612631366e-09,2.06623902924897e-07,-3.5235619991251536e-08,-4.539265234365993e-09,-2.766380663510817e-10,-2.7938224171220785e-08,1.1545699363994189e-07,1.21985620132666e-09,-2.9661124599482053e-09,2.0380068893145176e-07,-8.531558316654236e-08,20mV,1,15,1.550294099243314,3.2937667651460444e-05,3.0261509014848633e-05,-4.918008180261081e-07,-3.7392070486260466e-07,0.0016468432751712864,0.0015130386020343798,-0.0012294421603976414,-0.0009347562312905397
1.890121,0.0200003,2.9378408567654232e-05,2.718383524012126e-05,0.020000327443826137,-1.0299920638612292e-18,-4.413741768632836e-07,-3.4514102256046257e-07,-1.55772781355498e-07,7.854957634878506e-08,-1.1820306049494377e-06,-8.935370512120677e-07,-1.0822617930837195e-07,1.5402562628979154e-07,2.928239529185954e-08,2.722060626807216e-08,2.5226896004260693e-07,9.014156008821525e-08,3.576069926806695e-08,2.505026488286888e-08,-5.640005677094295e-08,3.3936744272350625e-08,-8.412065003370419e-10,-6.173579156531139e-09,1.4640182567880986e-08,2.5388710663696186e-08,4.419555906515845e-09,9.19654087204035e-10,2.3968649242182403e-07,2.66124486002519e-08,1.0171408608611984e-10,4.273797948656666e-09,1.477166129488419e-07,-6.283069720911405e-09,-4.0104976091971026e-09,-1.8708072971588392e-10,4.7928145568966934e-08,-1.0910626922660508e-07,9.364171772129008e-10,-2.6251905629606367e-09,1.216359492943752e-07,1.241265131828616e-08,20mV,1,14,1.5494866762636486,2.9378408567654232e-05,2.718383524012126e-05,-4.413741768632836e-07,-3.4514102256046257e-07,0.0014688963793301794,0.0013591695094228365,-0.0011033993117332051,-0.0008628243035207547
1.502404,0.0200003,2.6224835132050464e-05,2.4417412341822793e-05,0.020000332784917516,1.951563910473908e-18,-3.955841050211076e-07,-3.1696165523895755e-07,-1.1124230567106346e-07,-1.8642660558767867e-08,-1.0597534458525266e-06,-8.239279531868139e-07,1.687592561259115e-07,-3.005950252996579e-08,2.6783056708657456e-08,2.5096343099445915e-08,2.513952357209802e-07,2.159877736924352e-08,3.225555075867038e-08,2.338502823419018e-08,-1.5468457981528498e-07,-4.9570286697176916e-08,-6.302820149588795e-10,-5.127782850482865e-09,1.1707794119429321e-07,-1.9845441915476642e-07,3.5877244581456022e-09,2.488756320302913e-10,2.5637673258768654e-08,4.488453637086439e-08,1.7286498928553635e-10,3.902717650445421e-09,1.4742233947489119e-07,-7.125762895636488e-08,-3.644174267486427e-09,-5.233634337815829e-10,-1.637461089500984e-07,2.7830258585217917e-09,1.000848875043085e-09,-2.1469275115942604e-09,2.8748155421658257e-07,1.2835809090240733e-07,20mV,1,13,1.548835946997534,2.6224835132050464e-05,2.4417412341822793e-05,-3.955841050211076e-07,-3.1696165523895755e-07,0.001311219938891563,0.0012208503030627692,-0.0009889273522682349,-0.0007923777687409712
1.195791,0.02,2.3424543758193655e-05,2.19274206214752e-05,0.020000011395557547,-1.734723475976807e-18,-3.548059908587219e-07,-2.900100683172817e-07,-2.2492058713994172e-07,6.19771960395579e-08,-9.499543116397505e-07,-7.569750513166916e-07,2.3086683828227483e-07,1.3359979025609553e-07,2.3982262377181935e-08,2.269653434423244e-08,1.3402967146862443e-07,-5.468012368372451e-08,2.9362046633189544e-08,2.2292117878918877e-08,-3.1140374815724117e-07,1.5106427516070374e-08,-5.324202740693644e-10,-4.4723919466086715e-09,1.83220625964445e-07,-1.1955746948143956e-08,3.205854319963149e-09,3.790191807954978e-12,3.281816107439179e-07,7.187710306406058e-08,2.827762488128573e-10,3.4507446588403003e-09,1.663606859521344e-07,-2.744090682385421e-08,-3.0205172879739228e-09,-3.991855520139061e-10,-1.255158916256484e-07,-6.90699526177754e-08,7.037425825198831e-10,-1.7822131975197965e-09,1.2305658738378666e-07,-4.8074443196427566e-08,20mV,1,12,1.5483158530337142,2.3424543758193655e-05,2.19274206214752e-05,-3.548059908587219e-07,-2.900100683172817e-07,0.0011712265205707218,0.0010963704063861573,-0.0008870139663446467,-0.0007250243445873048
0.9486946,0.0200003,2.0873806739148136e-05,1.9645809412457414e-05,0.020000337989871157,-3.2526065174565133e-19,-3.169053669152183e-07,-2.7352380586832065e-07,-2.864188132838777e-07,-9.974461043013991e-08,-8.44011853461038e-07,-6.921536480855126e-07,1.820434987133602e-07,4.520677212378315e-08,2.138617496885017e-08,2.5287103791504035e-08,3.78856150304333e-07,3.508719656153635e-08,2.328284010099575e-08,2.074212788273081e-08,-3.1701242436594016e-07,1.5676115581450497e-07,-2.7558928876720405e-10,-6.784836019508268e-09,1.9920699035537972e-07,-2.0727498631055147e-08,4.756701257254829e-09,7.873260428044977e-11,1.1982852984324207e-07,9.455967947330505e-08,1.3442862577804587e-10,5.14684423952038e-09,8.667670958553076e-08,-6.75465550861605e-08,-3.925819560851279e-09,-3.6474817739484364e-10,-1.0353802394055623e-08,3.393597427919318e-08,6.596649813160101e-10,-3.25593109233042e-09,2.927013892038806e-07,-5.0229961500338284e-08,20mV,1,11,1.5479126856416117,2.0873806739148136e-05,1.9645809412457414e-05,-3.169053669152183e-07,-2.7352380586832065e-07,0.0010436726994173466,0.000982273870691921,-0.0007922366402657915,-0.0006837864031876858
0.7515633,0.0200006,1.8604813057264e-05,1.758173920346654e-05,0.0200006408817993,-3.2526065174565133e-19,-2.835214415287451e-07,-2.4784778872642796e-07,-1.28107758184305e-07,4.9998071018743094e-08,-7.545018148830327e-07,-6.313298316149529e-07,6.42919635951096e-08,5.6041824654518095e-09,1.9170354770060654e-08,2.271623447993012e-08,2.524322831747454e-07,3.1939687020904975e-08,2.128980230717427e-08,1.944392301356577e-08,-1.910728063153659e-07,-7.488479089385889e-08,-3.501792015478654e-10,-5.8042907940837125e-09,2.0236309695090235e-07,6.825476850459949e-08,4.2593811411458134e-09,-5.517278952387623e-11,2.2372962030604685e-07,2.2397714103134237e-08,1.4356362990404127e-10,4.415570095096772e-09,-5.088456580273729e-08,2.7205399126225774e-09,-3.686524177096019e-09,-4.457929392362371e-11,-2.6314498664494912e-08,7.97002299329534e-08,5.287331282022448e-10,-2.8698310339136235e-09,1.881613234822627e-07,4.579124580694269e-08,20mV,1,10,1.547567463524299,1.8604813057264e-05,1.758173920346654e-05,-2.835214415287451e-07,-2.4784778872642796e-07,0.0009302108451031929,0.0008790587915343265,-0.0007087581800723217,-0.0006195797634405103
0.5978954,0.0199996,1.661728989729703e-05,1.5755791003654203e-05,0.01999955225084071,-8.673617379884035e-19,-2.54076149177939e-07,-2.24477192286107e-07,-2.346641630313332e-07,-1.2286756701679577e-08,-6.757535546704626e-07,-5.748393787385207e-07,7.60669752810537e-08,2.3574062386100613e-07,1.728770572898743e-08,1.9909218995284644e-08,1.224488370958407e-07,6.409919881830326e-08,1.960867984700586e-08,1.7970101604537517e-08,-3.031586700906115e-07,7.154224865594924e-08,-4.090032270908869e-10,-4.785478318827653e-09,2.1857450651777678e-07,1.2526561144266648e-07,3.501522682981539e-09,-2.3641487965629057e-11,1.753926692112171e-07,-7.048501086343257e-08,1.201121628003203e-10,3.5128985374531475e-09,1.719847395228474e-07,2.2996709282724444e-08,-3.246958267522384e-09,-3.4861036861038754e-10,-1.342664882633308e-07,1.0151400226523495e-07,6.543263171114194e-10,-2.2122758169745506e-09,3.354051794559791e-07,8.033646272829674e-09,20mV,1,9,1.5472956506371922,1.661728989729703e-05,1.5755791003654203e-05,-2.54076149177939e-07,-2.24477192286107e-07,0.0008308830962252417,0.0007878071871829974,-0.0006352188144954924,-0.0005612181089276311
0.4763719,0.0200005,1.4856737392343768e-05,1.4124317661970884e-05,0.020000477320682174,-5.421010862427522e-19,-2.2802526095945587e-07,-2.0284449336067163e-07,-1.3694809526637798e-07,6.274383190174379e-08,-6.053514670456261e-07,-5.227182272528957e-07,1.2601774400433158e-07,2.8242216768307573e-08,1.5571851238650164e-08,1.7747009167167388e-08,2.2895955402841941e-07,9.252905327570431e-09,1.8131692709992388e-08,1.6757177045464162e-08,-3.1916725101490497e-07,-3.7339566040502736e-08,-5.383877256030566e-10,-4.024570716133291e-09,1.9777231727784374e-07,-2.3434656951514412e-08,2.617297085333198e-09,-3.2386293397105763e-10,4.459881495150533e-08,-2.3400930298806658e-08,2.392261367578984e-10,2.9853591408650374e-09,5.889520756954276e-08,6.145520378150207e-08,-2.729266060343794e-09,-1.0931492814381079e-10,6.578013416126292e-08,1.477232282661952e-07,5.900421261920401e-10,-1.9472865978039806e-09,2.5858551672189535e-07,-7.679556215899471e-08,20mV,1,8,1.5470919008836495,1.4856737392343768e-05,1.4124317661970884e-05,-2.2802526095945587e-07,-2.0284449336067163e-07,0.0007428191414702214,0.0007061990289284323,-0.0005700359430794328,-0.0005070870288001977
0.3780242,0.0200004,1.325742074231809e-05,1.2630568730368414e-05,0.020000367252018442,-6.505213034913027e-19,-2.0398378735713943e-07,-1.8297709211645827e-07,-1.1090665533592916e-07,-9.496440931290116e-08,-5.412187216174817e-07,-4.7338672426318596e-07,8.8881177269625e-08,1.2048758898951308e-07,1.4045108898113614e-08,1.5690778957163394e-08,1.727616359569815e-07,-1.1755948037483935e-08,1.6464483972455597e-08,1.531646709073213e-08,-3.4551373297097617e-07,3.2050809701273455e-08,-4.84552344703894e-10,-3.2219780485837037e-09,1.1187264603995442e-07,5.2585291913243045e-09,1.952124363079229e-09,-8.931702337792042e-11,1.6266720268085856e-07,4.8977946121758716e-08,1.0770679520619956e-10,2.461501089500592e-09,2.5044364884120214e-07,-8.897629185172158e-09,-2.1744966292639523e-09,-4.3239953792560255e-10,-1.359756797683769e-07,-1.8774859921575843e-07,5.986038605462908e-10,-1.3960538072969774e-09,3.572622993505403e-07,-3.086520292102107e-08,20mV,1,7,1.5469283744688485,1.325742074231809e-05,1.2630568730368414e-05,-2.0398378735713943e-07,-1.8297709211645827e-07,0.0006628588653030933,0.000631516840226708,-0.0005099407405442791,-0.0004574259310772609
0.3004808,0.02,1.1841294240566884e-05,1.1299055945480527e-05,0.01999997787784958,-1.5178830414797062e-18,-1.8271033289080236e-07,-1.6487309735907924e-07,-2.2184781939876288e-07,-1.5560082216020697e-07,-4.839911248649042e-07,-4.285492668948702e-07,5.873952535395967e-08,1.0374529358213549e-07,1.2567984886435777e-08,1.3964526005660879e-08,2.1157309659190865e-07,1.0762354853472683e-07,1.4897057568789795e-08,1.407107049710059e-08,-4.3277037591976154e-07,-6.646813875941162e-08,-4.0920736166226664e-10,-2.888297735743565e-09,1.2515732204967855e-07,-1.2363051674020594e-09,1.637116355960447e-09,-2.7413905181366236e-10,3.1001067772525414e-08,3.089413187202198e-08,1.2875564088373743e-10,2.1136951680820565e-09,2.5529039180121126e-07,-3.7480623457232394e-08,-1.896468082646686e-09,-2.82456618154422e-10,-9.995801473520509e-08,-3.8084002883997484e-08,3.7765880059137287e-10,-1.012964618546773e-09,1.9379751049612477e-07,4.9793997563697916e-08,20mV,1,6,1.5467952337894921,1.1841294240566884e-05,1.1299055945480527e-05,-1.8271033289080236e-07,-1.6487309735907924e-07,0.0005920653669162993,0.0005649534221732558,-0.0004567768427150492,-0.000412183655236076
0.238186,0.0200092,1.0559855769311886e-05,1.0088890705254987e-05,0.020009180582256262,3.2526065174565133e-19,-1.627526457604191e-07,-1.478655687190069e-07,3.811848087123064e-08,-4.622532920846088e-08,-4.3196505317016587e-07,-3.8556551329834746e-07,1.7562937447415178e-07,5.3631835944609214e-08,1.0390024893383312e-08,1.2101775937863462e-08,1.5183970523891925e-07,-8.9307464100019e-08,1.3735283551461248e-08,1.2099789993499196e-08,-3.968649006287073e-07,-2.392337160684167e-08,4.2191748544562855e-10,-2.1121116970067557e-09,1.9337151150613243e-07,-1.6572212085110333e-08,1.0556766729268316e-09,5.173178298908228e-10,6.286210419028236e-08,1.655263751742248e-08,-5.716852080673252e-10,1.4624755252817008e-09,2.4841061733484017e-07,1.0883426519060799e-07,-1.2085486719644175e-09,-8.693658389696598e-10,-6.418853797207065e-08,-6.37196531393242e-08,1.1089937089591248e-09,-6.28690361950195e-10,1.5579156277233435e-07,8.23743517385606e-09,20mV,1,5,1.6150154991667083,1.0559855769311886e-05,1.0088890705254987e-05,-1.627526457604191e-07,-1.478655687190069e-07,0.0005277505356054487,0.0005042130867768574,-0.0004065083304300648,-0.00036932478232359233
0.1890121,0.0200017,9.425383139089705e-06,9.007881509694253e-06,0.020001745741879576,4.336808689942018e-19,-1.4567459808228323e-07,-1.3332346176714002e-07,-2.9507055802318114e-07,-2.470496653549149e-07,-3.852396865017242e-07,-3.4752511772590047e-07,-1.203814188408981e-07,2.4254961291655877e-07,9.469537542219278e-09,1.1082143881918026e-08,3.4305940235800446e-07,-1.2157552702686363e-07,1.2365562257596317e-08,1.1111216035954398e-08,-3.1257798333608684e-07,3.550902308587134e-08,2.1601117755912205e-10,-1.94853551893929e-09,1.5766109432632796e-07,-1.3192817230019245e-07,1.0032751047090352e-09,3.4555084358532837e-10,1.9043140560826095e-08,4.2185676514687484e-09,-5.368347613927353e-10,1.3617573120639642e-09,1.3941522183185106e-07,5.996169772236381e-08,-1.1127406090195168e-09,-8.168472669514455e-10,-5.406519489507492e-08,3.04288436140635e-08,8.222715121088308e-10,-6.376763100876292e-10,1.6450249996615776e-07,2.3492354353082144e-08,20mV,1,4,1.6008472819874047,9.425383139089705e-06,9.007881509694253e-06,-1.4567459808228323e-07,-1.3332346176714002e-07,0.00047122802482959646,0.00045035476532598784,-0.0003641229259673246,-0.0003332504749477519
0.1502404,0.0200016,8.424271582570204e-06,8.050266904201461e-06,0.02000157317161305,-1.2468324983583301e-18,-1.3079006978190864e-07,-1.1980049098080243e-07,-4.7370100573062956e-07,1.4487035577744518e-07,-3.4399566865436987e-07,-3.132482884009423e-07,8.398611104810414e-08,9.39496299157047e-08,8.575864445006378e-09,9.914678805444276e-09,2.3620860388802731e-07,-1.4339951518374494e-07,1.1011980838040003e-08,1.0348789476025968e-08,-1.8452004562988845e-07,5.655402890990402e-08,1.8255433424517053e-10,-1.6328099912782675e-09,2.2144968654681473e-07,1.3923865971017522e-08,1.0125526957977467e-09,1.5245685122230637e-10,1.0673050849849413e-07,-2.306697226477794e-08,-3.1523625807033386e-10,1.2034280549675104e-09,7.629012870276872e-08,-2.415293534412825e-08,-1.035185420658059e-09,-4.972078618571849e-10,-3.609954054644499e-08,-1.607249343324365e-08,6.712067417019186e-10,-5.761546960897985e-10,2.4747476040305474e-07,-5.340988630085266e-08,20mV,1,3,1.5896794160597567,8.424271582570204e-06,8.050266904201461e-06,-1.3079006978190864e-07,-1.1980049098080243e-07,0.0004211804496721404,0.0004024816865718687,-0.000326923741717028,-0.0002994541163277102
0.1193355,0.0200004,7.520328609310669e-06,7.18711560728744e-06,0.02000035593483093,2.439454888092385e-19,-1.1646468312191812e-07,-1.1203238315287851e-07,-1.9383335469419797e-07,-1.216582180164881e-07,-3.0444330210836374e-07,-2.81409723091965e-07,1.2187147417925503e-07,1.3366484805966985e-07,7.449623935664846e-09,1.1042170894605006e-08,2.49696308690462e-07,-5.283695279182852e-08,8.161918964653058e-09,9.055246553928616e-09,-4.031971671299484e-07,7.839801445734014e-08,2.6639465429710416e-10,-2.9979504327918777e-09,8.524573000313836e-08,-3.9525018057763575e-08,2.0611715978896045e-09,5.113715737372567e-10,2.3292656519277897e-07,1.0696498705700874e-07,-5.001512601402518e-10,2.0601986709818275e-09,1.285786932372715e-07,-5.386390597442784e-09,-1.86712794588616e-09,-6.636553698855339e-10,-6.919141871883824e-08,6.135794386036987e-08,7.203242472155112e-10,-1.2927918197806698e-09,2.5407248113754565e-07,1.068468488656789e-07,20mV,1,2,1.5807445328549652,7.520328609310669e-06,7.18711560728744e-06,-1.1646468312191812e-07,-1.1203238315287851e-07,0.0003760097387173946,0.00035934938511624024,-0.0002911513446221184,-0.00028007098909147603
0.0946587,0.0200012,6.7114817088610185e-06,6.411777633543963e-06,0.02000114842695614,1.3349239248727773e-18,-1.0387104987643711e-07,-1.0464536425560579e-07,-2.5654980987340733e-07,5.142643561315186e-08,-2.6902187149255577e-07,-2.5234767016229937e-07,9.017986386595518e-08,8.561322316613055e-08,6.422251703174296e-09,1.204608214312958e-08,1.8801237257459235e-07,-1.335008538269402e-08,5.744570856134957e-09,8.047113540212764e-09,-3.2419385588630134e-07,1.5853285271738835e-08,4.775620602129126e-10,-4.043779100006158e-09,1.5050804069190802e-07,3.427857667925896e-08,2.9980760770781606e-09,6.164040178216216e-10,1.3066850444030863e-07,2.4613995293407223e-08,-4.983230512153317e-10,2.8662984151761928e-09,1.1396641975760815e-07,-2.6766886715636704e-08,-2.518903178155734e-09,-7.178730382911186e-10,-3.382970574640397e-08,-1.8437991982711138e-08,8.297894285110683e-10,-2.0114706312857447e-09,1.8666559413086018e-07,-7.239975476963413e-08,20mV,1,1,1.5736369137555672,6.7114817088610185e-06,6.411777633543963e-06,-1.0387104987643711e-07,-1.0464536425560579e-07,0.0003355548174331708,0.0003205704740885088,-0.00025964780518112187,-0.00026158336883731374
1500059,0.0154691,0.0029578045798656248,0.0010886083867086061,0.015469093278330553,1.734723475976807e-18,-6.775240479658053e-06,3.6226519527712966e-07,-1.2474868084173507e-05,3.8577680757912633e-05,2.9039345949405244e-06,-9.807806655979412e-07,2.706128629109042e-06,-1.1880195776190181e-05,4.779297785629021e-07,2.616178057048559e-07,1.0423092192694882e-06,3.6379642821747107e-06,3.712963038263139e-07,-2.775132864156815e-07,-8.844050473598688e-07,-1.5982561407113772e-06,4.872547885727819e-08,6.015126280763557e-07,-2.0668122114346216e-07,-8.190057568289995e-07,4.26634334184463e-07,1.282766682389068e-07,-2.1327393178145866e-06,-1.4343280313777141e-06,-7.70129187889944e-08,5.267700267186643e-07,-1.7311179287638078e-06,3.3848573141308348e-06,-1.8943980643405049e-07,-1.6285588679186773e-07,-2.5989272705488408e-06,1.236956711319683e-06,-1.1163487907303152e-07,4.59998506518024e-07,1.7207675014958557e-06,4.995035306469002e-07,20mV,2,73,2.115470898277734,0.0029578045798656248,0.0010886083867086061,-6.775240479658053e-06,3.6226519527712966e-07,0.19120736598110652,0.07037312188385032,-0.02831359386100067,0.0015138989737483776
1191504,0.0203917,0.0041895422680259566,0.0011664406232690988,0.020391659285508373,0.0,-1.2783745775096578e-05,2.0711676801415454e-06,-4.065190108859571e-05,5.88628615977909e-05,3.2044061484381062e-06,-3.378267404999224e-06,9.512379510885323e-06,-2.2511625735771542e-05,-3.814367621170158e-07,4.621232658961968e-07,-4.121108164251402e-06,-7.02325217709768e-07,3.3737569717255827e-07,-1.3566296330288604e-06,-9.2267579044373e-07,-6.4506691718483975e-06,-6.783995483812263e-07,5.104476366064379e-07,-4.4633747211957455e-06,2.2190862370249837e-06,-2.525613094385419e-07,2.7819733562703865e-07,-2.327094613402756e-06,3.5480863015634757e-06,2.247844259308297e-07,6.547857770424596e-08,1.8603036131293905e-06,1.2123166227170466e-06,2.3845364577871827e-07,-3.0309847326264557e-07,-3.932851770898554e-07,-2.510202357809301e-06,-1.8459552110985695e-07,1.2145332714842438e-07,-2.8265909840100856e-07,-2.1456051701013126e-07,20mV,2,72,-0.5705711115423239,0.0041895422680259566,0.0011664406232690988,-1.2783745775096578e-05,2.0711676801415454e-06,0.20545372053187036,0.057201849390355726,-0.030743477694161237,0.004980926443276226
946464.9,0.0202678,0.004339714992377359,0.0009622151310702683,0.02026775920437505,8.673617379884035e-19,-1.0997886819941388e-05,1.3444338367739295e-06,-4.048024382441975e-05,3.4681531004638245e-05,9.1422838410469e-07,-3.1623938644829665e-06,2.9060510283545017e-06,-1.2364164457540175e-05,1.812567922868655e-07,-5.148953872751549e-08,1.5199925521114923e-07,2.5466468257231042e-06,-2.576766891072586e-07,-1.7818752463995188e-06,-3.6111548524629666e-06,-6.92311237435443e-06,-4.4390204909469047e-07,1.6421169945847168e-07,-2.6313449557076785e-06,-1.2321898354060573e-06,-6.215522515094761e-07,3.649379996582139e-07,-3.3495605565227537e-06,2.8569986259183755e-06,-2.2403273918862273e-07,3.602098621942444e-07,-1.067808334862555e-06,1.1320917141472003e-06,1.2550804945888336e-07,-1.8958014258755893e-07,1.5308884924017746e-06,2.2884094178980687e-08,2.5606061275365977e-07,-1.0578465035833776e-07,1.8207582772560891e-06,2.9612386929944593e-08,20mV,2,71,1.191765195242251,0.004339714992377359,0.0009622151310702683,-1.0997886819941388e-05,1.3444338367739295e-06,0.21411913120817896,0.04747516098684268,-0.026773045383636635,0.0032728640252943603
751816.4,0.0202506,0.004449093405253907,0.0008161476811135311,0.020250564206753762,0.0,-8.363011030172968e-06,1.7282447617368664e-06,-3.066251252746613e-05,2.2145191082956114e-05,9.081045019450854e-07,-1.6577825376275063e-06,6.128058674222406e-06,-5.44654374625035e-06,-1.6015310938060535e-07,-2.3528529853896122e-07,-2.287803197608216e-06,-6.17716520152992e-07,-2.2244196760548275e-07,-5.732279749817867e-07,-1.3994211134123135e-06,-6.1829497702786624e-06,5.567584123705703e-08,-4.883433446709836e-07,-2.5939242816496365e-07,-2.1798825499306e-06,7.870734305759987e-09,4.968446972881329e-07,-2.334924728316644e-06,1.2362567468944477e-06,-2.7904413822114994e-07,-1.0090419276563936e-07,-1.1677107832161328e-06,3.3457733221917314e-07,-3.2691268067491875e-07,-7.57797112154127e-08,-1.8057277415173115e-06,-1.6268910833072157e-06,1.4887466884820172e-07,9.142091458794366e-08,1.133762966409399e-06,-1.9086214064458645e-07,20mV,2,70,-2.7330117068762143,0.004449093405253907,0.0008161476811135311,-8.363011030172968e-06,1.7282447617368664e-06,0.21970219495267648,0.040302466280980845,-0.020393342547017832,0.004214353813958821
597246.1,0.0202061,0.004509736743641837,0.0007072784958069604,0.020206104708477397,-1.1926223897340549e-18,-5.715020659535839e-06,1.8236858613380111e-06,-2.066476672790717e-05,1.6381681315773768e-05,-4.3092374404452077e-07,-2.6993544427502154e-06,-3.2744042937632747e-06,-1.392896709815108e-05,-1.479003836541481e-07,-1.7367329954143955e-07,2.2804640620199475e-06,-1.1054446996441015e-06,-2.0412652352182e-07,4.027630715824178e-07,-2.191314749646652e-07,-7.111783112568185e-07,-1.777706116965224e-07,-1.0226913973635142e-08,-1.991256350537666e-06,1.5620962609502232e-06,2.3824310110353958e-07,3.524292224315228e-07,1.9495303079130736e-06,2.0562017439277408e-06,-2.652838426239002e-07,2.353253622438677e-07,-4.315800473987152e-07,4.890868518106911e-07,2.471392161046825e-07,1.780878146070845e-07,1.6892698903432685e-06,3.081983573002591e-06,1.5886691348825012e-08,1.057956546087196e-07,-2.9316966213002635e-07,-9.587591418507576e-08,20mV,2,69,-1.5934156102199832,0.004509736743641837,0.0007072784958069604,-5.715020659535839e-06,1.8236858613380111e-06,0.22318684420900745,0.035003208486305844,-0.013997568656038663,0.004466679925037938
474433.6,0.0201986,0.004539089020929142,0.0006479110219670872,0.020198582990792757,-1.734723475976807e-18,-4.675856404974524e-06,2.4730916994496683e-06,-1.8510600967893468e-05,1.5321556527793604e-05,-1.727925930678216e-07,1.9589375531979894e-07,3.4988249085491463e-06,-1.968422068804525e-06,-1.1813360603902893e-07,2.741869616116186e-07,-1.2350642424375579e-06,3.841853363198258e-06,-4.1859662788201646e-07,6.98573439552059e-07,7.020665145504726e-07,2.9776001835853608e-06,2.406589260917079e-07,-1.8204859421247144e-07,2.0180083076088385e-06,-2.480413683387151e-06,-3.494517623152794e-08,1.5196375948039923e-07,-4.773421795208866e-07,2.7743175822471865e-06,-3.895998924292417e-09,2.0535719813486057e-07,3.631106513383742e-07,-1.5450638494462264e-06,2.3555780245496185e-07,8.402837295997472e-08,3.167341303896324e-06,6.498308556826074e-07,-5.778225764600819e-08,2.4083887688239687e-09,-1.7194480542871914e-07,1.0502768877242981e-06,20mV,2,68,-1.3852065185150662,0.004539089020929142,0.0006479110219670872,-4.675856404974524e-06,2.4730916994496683e-06,0.22472314137076954,0.03207705323994405,-0.011460916790109854,0.006061755478964165
376816.4,0.0201436,0.004541178974043807,0.0006111190900409246,0.02014361014997634,-1.3010426069826053e-18,-3.5516791662807375e-06,2.299343293067353e-06,-1.2730083371969444e-05,1.163992109024964e-05,3.083858081261433e-07,1.3879364369382488e-07,4.397214988157107e-06,5.093650365942067e-07,-5.285655281590246e-07,3.442335583884758e-07,-2.7783240766769164e-06,5.005967975705146e-06,-4.801350865155196e-07,-4.7068077314047986e-07,-2.898202246982397e-06,-5.118006270874547e-06,2.774351228604935e-07,-8.24232614937019e-09,1.9451614146244204e-06,-5.805097779592721e-07,9.302340440951807e-07,-1.4725934568642596e-07,2.324900843332033e-06,2.3388121702056637e-06,2.933561592934891e-07,1.5345033949524624e-07,1.7479947892645806e-06,-4.2417826417799167e-07,-2.5542249282337794e-07,-4.604705753504008e-07,-8.726036601029501e-07,-2.296511791243995e-06,-2.7707347132306416e-07,1.2801772851046707e-07,-7.091600464043773e-07,1.8273966196578308e-06,20mV,2,67,1.3717565432916559,0.004541178974043807,0.0006111190900409246,-3.5516791662807375e-06,2.299343293067353e-06,0.22544017384337342,0.030338111465170646,-0.00875304401510798,0.005666686687564113
299355.5,0.0200491,0.004517162596709175,0.0006022706628113496,0.02004913915558678,8.673617379884035e-19,-2.8162125409213707e-06,1.7598513593964967e-06,-1.1866134037057869e-05,8.840895960462233e-06,3.750283337742567e-10,2.4799985737415254e-06,3.519921828830247e-06,1.0313001890087095e-05,-2.5737782426154746e-07,-6.889076596363941e-07,-2.4693235590284513e-07,-1.9090302966118437e-06,-1.3704584173687106e-06,4.6318279014088467e-07,-1.4456573341669356e-06,8.844689645352744e-07,-3.0407509253043405e-07,3.36051306560107e-07,-4.1471828495419714e-07,-3.3605636682451347e-07,3.017783214848039e-07,-1.1057398151297004e-06,-1.8381242264971232e-06,-3.454420961822688e-06,-5.106508919675447e-08,4.828486219923e-08,-7.028758936592491e-07,1.2877519517921152e-06,-6.684791976986997e-08,2.5615643649507157e-07,-1.1449424680224285e-06,9.139175643335321e-07,2.0301914382023557e-08,3.008376718087593e-07,1.5761476028712976e-06,1.2084210520514728e-06,20mV,2,66,0.29350906109177416,0.004517162596709175,0.0006022706628113496,-2.8162125409213707e-06,1.7598513593964967e-06,0.22530456602923263,0.0300397268001167,-0.007006061862826623,0.004378088412772121
237832,0.0199438,0.004474435889491209,0.0006265469996557306,0.019943779487899556,8.673617379884035e-19,-2.037281997525258e-06,1.6896269307732614e-06,-8.106487383300817e-06,8.815812985394326e-06,-3.339999520917605e-07,3.093764076478514e-06,8.934378232709077e-07,1.25181583952234e-05,2.6384370731573917e-07,-4.940009914926313e-07,-1.0594835659618902e-06,-2.2529639642564032e-06,-1.1866852110220805e-06,-6.824505975163183e-07,-4.575832820180069e-06,-1.4233090062189799e-06,-2.0717099024100556e-07,1.1285253202935535e-07,1.0641695989218439e-07,-1.3302203371556389e-06,7.997877649899952e-07,-1.4550286799937362e-07,3.2387225258793764e-06,-1.6599355488505964e-07,1.6212050259061606e-07,-1.1147994337528913e-07,-7.478231573338519e-07,-1.1833779820311295e-06,-3.2126710149677284e-07,-1.2213032114245352e-07,-2.460116095038913e-06,1.3405493123986868e-06,-2.881848268794965e-07,-1.466054291634032e-07,-1.8505885107048965e-06,-9.314460426812591e-07,20mV,2,65,-0.2662201756529626,0.004474435889491209,0.0006265469996557306,-2.037281997525258e-06,1.6896269307732614e-06,0.22435245497003078,0.031415660208029966,-0.005121960444689286,0.004247915760417509
188847.7,0.0112225,0.0024990845045209428,0.00037995864016105753,0.011222522722319328,-1.0842021724855044e-18,-1.9873211916428573e-06,2.1859394747935296e-07,-7.731460291619941e-06,-3.290615065270462e-07,-4.3727564271425475e-06,2.9773352029162206e-06,-1.9006832662095158e-05,1.209526237704523e-05,-1.1053808448145925e-07,4.066512293511067e-07,3.39110791190387e-07,3.5070513809860777e-06,7.879221198519442e-07,3.101529369793476e-07,3.5419310929027424e-06,2.686653211857653e-06,-6.388568943396979e-08,-6.507212492311416e-08,1.2796822967922671e-06,2.3976484627478432e-06,-3.5576529865297283e-07,-5.531583077085356e-07,-9.433327035032453e-07,-6.411653495737619e-07,-4.8492234111256034e-08,1.539748144848244e-07,-4.855429800359358e-07,-3.3284896013891563e-07,-2.465894381037902e-07,2.3048340497576708e-07,-5.60680943551698e-07,3.7360057683319617e-07,1.1339162259547546e-07,2.0521342438076823e-07,9.275390689649943e-07,-3.383362672815357e-08,20mV,2,64,-1.5047618230212347,0.0024990845045209428,0.00037995864016105753,-1.9873211916428573e-06,2.1859394747935296e-07,0.2226847355408574,0.033856794017034765,-0.015779276153739315,0.0017356299914264488
150058.6,0.012681,0.002794862944352532,0.00047706663492777946,0.0126809725537839,0.0,-1.6281242434618016e-06,-3.6501639113412106e-07,-6.5171296356998185e-06,-3.1696512166623164e-07,-6.646232693968563e-06,-1.8227877726378885e-07,-2.6601690624244748e-05,1.7830962264197982e-06,-1.5303539838694647e-08,5.531195067531209e-07,-1.514982789397907e-06,2.8240110356492523e-06,-3.832429670146071e-08,1.9694046833827715e-06,1.2076952139440726e-06,6.343521283943617e-06,4.2083017986549006e-07,-2.6001145540463716e-07,1.4897931058420316e-06,-3.3216517736951004e-06,5.485123080443271e-07,-2.856723952066664e-07,1.6393090737267449e-06,-2.1919755530685754e-06,-1.0748432349592742e-08,-1.69480010716733e-07,7.39334337303328e-07,-6.868018064042725e-07,-2.3132343188800395e-07,-3.4652434002335754e-07,-1.4488216231334708e-06,-1.2524902984630344e-06,-1.274616509023338e-07,-7.467879994005296e-08,-2.8864599335641147e-06,4.351153935362927e-07,20mV,2,63,1.530243740356563,0.002794862944352532,0.00047706663492777946,-1.6281242434618016e-06,-3.6501639113412106e-07,0.22039815420297298,0.03762066615193695,-0.010124705928653334,-0.002269902701966606
119238.3,0.0143331,0.003111757081701981,0.0006103719331150912,0.01433312288056927,0.0,-1.406216660851103e-06,-9.76967313362215e-07,-5.151533171504574e-06,-7.488469163342494e-07,-5.1426488667388555e-06,-6.0408589894728725e-06,-2.1601072811817392e-05,-2.5228883952871756e-05,-5.986383446697501e-07,7.863048756285603e-07,-4.265759965963088e-06,2.8228338225513257e-06,-2.2685217707262024e-06,1.3648892794921156e-06,-7.732635885310866e-06,2.9883590846999777e-06,-3.5744616125239794e-07,1.4685630637447115e-07,-3.2807652870356025e-06,1.345314144357072e-06,-1.9702689102624538e-08,8.755625127193686e-07,7.910294753749917e-08,3.6960756993407623e-06,3.4748377603305644e-07,1.475322819791045e-07,2.076960773074929e-06,-1.750718096808374e-08,4.969646295863009e-07,4.512568467031812e-07,2.0753027015185517e-06,5.517843905284512e-06,2.2514276031941702e-07,-4.2574396830578394e-08,1.7562189189935172e-06,1.8342264077314023e-06,20mV,2,62,0.9309476815520531,0.003111757081701981,0.0006103719331150912,-1.406216660851103e-06,-9.76967313362215e-07,0.21710251894375657,0.04258471361761248,-0.006844954896791962,-0.0047555240822967785
94746.09,0.0161417,0.0034320064964978914,0.0007874550631590373,0.016141668143215843,4.336808689942018e-19,-6.430133018350654e-07,-1.926952631096907e-06,-2.198950202454891e-06,-5.668260305586646e-06,7.586909212609911e-06,-5.684208354312838e-06,3.1242412220035575e-05,-2.4691818678064263e-05,-6.327180018798252e-07,-7.400127075067946e-07,-1.92395263669363e-06,-3.5519612971648078e-06,1.3733743548200962e-06,-2.0185253746641655e-06,7.878189893471183e-06,-8.43675079014348e-06,1.5363245631098385e-07,-4.0737068183927927e-07,1.0039412460954592e-07,1.4998314732350376e-06,3.380572065515507e-07,-8.842485160612561e-07,1.6220566645742996e-06,-3.0291731849999265e-06,-3.4523472668705835e-07,-3.215659519493725e-07,-1.089849267416576e-06,-1.560418006676914e-06,-8.6860458965468e-08,-5.031514210596216e-07,4.6703297833788655e-07,-3.12653959284531e-08,-1.656566284810079e-07,9.351051725892142e-08,-1.568650222047324e-06,1.6470882132617893e-06,20mV,2,61,0.21646786713226793,0.0034320064964978914,0.0007874550631590373,-6.430133018350654e-07,-1.926952631096907e-06,0.21261783268294512,0.048783995320210785,-0.0024678748285049037,-0.0073956135595234455
75292.97,0.0177687,0.0036791651607917804,0.0009857634247417686,0.01776870528613258,1.734723475976807e-18,-7.903690430625184e-07,-1.0256028708961973e-06,-3.8034912999170385e-07,3.531809284838411e-06,4.77055003706046e-06,5.351175332724457e-06,2.3241736579932722e-05,2.1941247617416452e-05,3.4095245300589805e-07,5.740253978562697e-07,-4.5081080614606036e-07,2.7691491208293687e-06,-4.0225953195209785e-07,2.6065956405639147e-06,-6.06618371048148e-07,9.283254596838299e-06,4.468441617134095e-07,5.870681409365205e-07,2.2672877480940206e-06,8.498097681505132e-07,-7.519338085161188e-07,2.7642780152753144e-07,-1.8545236539954906e-06,2.66056130687125e-07,-2.0145653501262549e-07,3.2204895683935573e-07,-6.382512869187398e-07,1.0741864815945682e-06,-5.553502655290086e-07,-3.068930762082326e-07,-2.525617795902971e-06,-3.02147200534712e-06,-1.5210902784905065e-07,-1.0691535760238818e-07,2.1214708391026275e-07,8.787910844688799e-08,20mV,2,60,1.0975112167648209,0.0036791651607917804,0.0009857634247417686,-7.903690430625184e-07,-1.0256028708961973e-06,0.20705870807948798,0.055477504346425184,-0.002503331436885551,-0.0032483862203487625
59824.22,0.0195379,0.0038772221572602335,0.0012532215432732704,0.019537926316198287,-4.336808689942018e-19,-1.993403955478783e-06,-4.869074889065156e-07,-4.6057465934949135e-06,8.11486717474634e-06,-9.925517252538227e-07,2.6066887522026406e-06,-4.180849514062701e-06,1.0998250256869518e-05,-1.2297399577587269e-07,1.093139835921213e-07,-5.150765578780698e-07,1.9771854095221478e-06,3.4857309367727177e-07,1.6891351890570546e-07,3.384314616435976e-06,9.351923561457502e-07,3.0783241290097686e-09,-1.575097710129467e-07,-1.3383765786653028e-06,-7.890838185892355e-07,2.7049230866090586e-07,3.2889499835449377e-07,9.215495380417453e-07,1.2675281467464168e-06,-1.0700679676465828e-08,3.0398562057762316e-07,-1.723503863868756e-06,2.5137814825382176e-07,-1.6565925828197202e-07,-1.9319990444942941e-07,-2.920477226501451e-06,7.065146713405153e-07,8.610697093705279e-08,8.169147272538048e-09,1.5342117236050927e-06,-2.120317808680798e-06,20mV,2,59,1.6990419356777366,0.0038772221572602335,0.0012532215432732704,-1.993403955478783e-06,-4.869074889065156e-07,0.19844594019405987,0.06414301717548516,-0.005222018197183563,-0.0012755265988243102
47519.53,0.0157355,0.0029574009367287404,0.0011430684485497812,0.01573548706734749,-8.673617379884035e-19,-2.000495331500692e-06,-7.648241982365576e-07,-4.013050235394553e-06,9.124690936846319e-06,4.943272256331297e-07,5.621288715557791e-07,4.835220204390833e-06,2.5019879437666757e-06,-3.689730753151689e-08,2.669281041408812e-07,-7.343621653278083e-07,2.6376085627061653e-06,6.268309294595794e-07,-1.4908391165703928e-07,2.8627574021605545e-06,-2.876951348264549e-06,-2.2128644826633236e-08,1.7464365021554743e-07,-8.234865210691265e-07,1.375798631435752e-06,-1.2822682923886055e-07,-1.6807860514401924e-07,-2.304904441693613e-06,-2.5170783572790767e-07,1.576568216562858e-07,2.4949531543061252e-08,-3.673068964524762e-07,2.271970452758689e-07,5.52781139463291e-08,6.438008412538005e-09,9.158884921100541e-07,-7.333951942479456e-07,-2.8586428881306143e-08,-2.560725529649419e-07,-1.829430770457731e-07,-7.056731689863917e-07,20mV,2,58,2.4429990222930593,0.0029574009367287404,0.0011430684485497812,-2.000495331500692e-06,-7.648241982365576e-07,0.18794467079863103,0.07264271157654524,-0.008079363751215365,-0.0030888814415024604
37792.97,0.0150313,0.002627423594698733,0.001215378104330586,0.015031325050038447,6.505213034913027e-19,-2.203136031997196e-06,-1.525261399697205e-06,-7.2104105164895775e-06,7.074865571830872e-06,9.777424443417735e-07,8.125883320377079e-07,7.3386053497115925e-06,3.0765162257967497e-06,4.027630941778711e-08,-4.312862838789651e-08,-4.509842843630776e-07,-7.187049357928514e-08,4.7150497278778743e-07,-4.215884481224048e-07,1.194459863073025e-06,-3.8980952742346734e-06,-1.3812948292443033e-07,1.8417662081045348e-07,1.8054284329259206e-06,-1.242308652892524e-07,1.9760998260914549e-07,2.2486783284468484e-07,-1.3323837822526286e-06,-1.3393479558841313e-06,-2.732413362209949e-07,-1.5647892843278072e-07,2.0061885674757755e-06,-2.225772165921599e-06,-2.142958864523819e-07,2.2997790271598918e-07,-1.5659777154368658e-06,1.0929612618669373e-06,-7.654852383782039e-08,-1.7782367263578512e-07,-1.98753540817627e-06,1.799478366133905e-07,20mV,2,57,-3.0739612212028953,0.002627423594698733,0.001215378104330586,-2.203136031997196e-06,-1.525261399697205e-06,0.17479653895795516,0.0808563516712372,-0.009750946653511425,-0.006750714583713249
29941.41,0.0215244,0.003415742102969342,0.001894553708080585,0.021524350521059714,0.0,-5.03389908370795e-06,-5.120634373981158e-06,-2.4331969555547428e-05,2.48332884071828e-05,1.709730339901872e-06,1.2728654377551189e-06,9.966190445514528e-06,4.4641709664614656e-06,6.114002306831044e-08,7.101013467445375e-08,-1.6207908394726208e-06,1.074423184665628e-07,-5.318966662618706e-07,-1.200182125370063e-06,-4.120335007595456e-06,-4.171931810206989e-06,-3.899000544910775e-09,9.905052881770593e-08,6.213990509380723e-07,2.050921786831021e-06,-6.894841351353533e-08,1.5387603053623432e-07,2.2403119746538354e-07,1.3780045295975837e-08,3.607090942837608e-08,6.984588054612144e-08,2.4543683586347503e-06,6.827402875307955e-07,1.507436008612192e-07,-1.482664752789321e-07,7.610920411332462e-07,8.228338414929834e-07,3.7960180477832663e-07,1.3746201174597747e-08,2.1433663461290868e-06,-9.511329044799008e-07,20mV,2,56,-1.6929336378923114,0.003415742102969342,0.001894553708080585,-5.03389908370795e-06,-5.120634373981158e-06,0.1586919939641075,0.08801908825202082,-0.01086536682602891,-0.011052579706126286
23847.66,0.0205137,0.002881754547309894,0.0019012176043243533,0.02051366802899579,5.204170427930421e-18,-3.963337531003956e-06,-8.335523364250173e-06,-3.5204900898421805e-05,1.4513168743941236e-05,2.1427739286917933e-06,9.148136961255811e-07,1.419152026030521e-05,1.9027138660055624e-06,-5.948985418435829e-09,-3.5712171201285846e-08,1.9360328523573314e-06,-1.324451839911997e-06,-1.1365686938772725e-06,-8.71202126717551e-07,-7.0939868757192454e-06,-7.330131069330258e-07,-2.072292829481769e-07,3.339724483071891e-08,-1.1549245311107554e-06,-1.768224900328498e-06,3.249685816407982e-07,3.673514608100313e-09,2.4865678840250164e-07,-1.3088319795426725e-06,-2.8199366525384387e-07,-3.312054580738398e-08,-1.625481875106548e-07,-1.1056533196921805e-06,4.5136175608473e-08,-1.8948694230523558e-07,1.2275457123778645e-06,-7.573224724685811e-07,-3.783684182150382e-07,-1.2496978970682847e-07,-2.369473246602781e-06,-7.42582691129364e-07,20mV,2,55,2.6410473647212926,0.002881754547309894,0.0019012176043243533,-3.963337531003956e-06,-8.335523364250173e-06,0.1404797300627354,0.09268052898374915,-0.009418341070799884,-0.01980825539939383
18925.78,0.0199547,0.002405495305525581,0.001877256694191455,0.019954666974590227,8.673617379884035e-19,-3.6947933870226467e-07,-1.1445677091407574e-05,-3.779218469792115e-05,1.514604803683124e-06,1.977878978671537e-06,3.5415932538970067e-07,1.0574212005739577e-05,1.207246058417113e-06,-9.658287928941264e-10,-9.829420458940781e-09,5.949517696058744e-07,1.2667494393158223e-06,-1.5487324058231528e-06,-7.559549218363431e-07,-5.832392836790022e-06,-1.95324606627045e-06,9.238833616797907e-08,1.7501458422572235e-07,1.5489371482784045e-06,1.927882081459967e-06,9.423401556697439e-09,2.1007942229654333e-07,3.4224435865118747e-06,-5.215357380371842e-07,2.656447288954946e-08,2.023541885224302e-07,1.5515078913819187e-06,-3.8902834093481457e-07,-1.6584675060565805e-07,-1.9232109520543452e-07,-1.5149659226893617e-06,-2.1483520622021186e-06,3.246414415768902e-07,1.9493489886487434e-07,1.7855296437487195e-06,2.6175809601043525e-06,20mV,2,54,-1.2127927627010893,0.002405495305525581,0.001877256694191455,-3.6947933870226467e-07,-1.1445677091407574e-05,0.12054800556625067,0.09407607235850675,-0.0009279000310447763,-0.02874435189190309
15058.59,0.0196301,0.0019802922805067977,0.0018008890752783298,0.019630099928458707,-2.4936649967166602e-18,5.1845498864947875e-06,-1.2458131270764612e-05,-3.174239352586165e-05,-1.150860328568272e-05,1.9900370425778746e-06,3.4067962949958176e-08,9.250519181229232e-06,-3.7492547247408103e-06,1.707225521010346e-07,-1.8810572013658617e-07,1.6815672128069437e-06,-7.001219877840943e-07,-1.9757709086797568e-06,-1.44762213455392e-07,-9.368828283954596e-06,4.3328375047837316e-07,8.076895314838477e-08,-2.8220453832642502e-09,3.0929056330665633e-06,1.2118906123884762e-06,2.841160206636033e-07,1.1456610619057546e-07,1.529712515124674e-06,-2.1909204022423016e-06,2.125505887326838e-08,-9.346062855440974e-08,-1.94528654042772e-06,-1.7249949536401191e-06,-3.834743711618249e-07,-1.2272592541715335e-07,-9.646641714376477e-08,-3.4069266332237363e-07,8.480026354703423e-08,2.6394255158280325e-08,-1.5415550501222076e-06,4.471455733278984e-07,20mV,2,53,-3.1152842008008585,0.0019802922805067977,0.0018008890752783298,5.1845498864947875e-06,-1.2458131270764612e-05,0.10088039733490463,0.09174120772902912,0.013454452719084872,-0.03233016208162656
11863.43,0.0195475,0.0016029433983066146,0.0016758150742067351,0.0195474613660365,2.168404344971009e-18,1.1019409300147083e-05,-9.85145644639843e-06,-2.4565314059784475e-05,-1.929981707525478e-05,2.555181901170701e-06,-4.904886780914876e-07,1.1215738053166612e-05,-2.284111155440274e-06,2.579862019151786e-07,-1.9233104733675935e-07,1.6311954288124783e-06,3.2813046546757453e-07,-2.425097087851985e-06,1.2015132564530026e-07,-9.97092781040242e-06,2.2613554525010257e-06,1.9283551761076996e-07,-3.2145793277631235e-07,2.0026637271587727e-06,-2.1190204410886622e-08,3.307332562477215e-07,7.445874481257471e-08,2.205411468829723e-06,7.957471180033086e-07,-1.9333343682930364e-07,1.0908470473955254e-07,5.929114491874398e-08,-2.615454929187784e-08,-2.89016204428203e-07,-1.2323035950223432e-07,-1.7949503273416864e-06,1.8895025728393701e-06,2.868336180174247e-07,1.9106790369521266e-09,1.1787494782173935e-06,9.435374867909458e-07,20mV,2,52,-1.367409616619497,0.0016029433983066146,0.0016758150742067351,1.1019409300147083e-05,-9.85145644639843e-06,0.0820026380045294,0.08573057354232429,0.02883882672977865,-0.02578218466663664
9432.87,0.0195766,0.001304098321803845,0.0015170772775971889,0.01957655254795633,1.734723475976807e-18,1.4139962290290332e-05,-5.0351162235092e-06,-1.2616278155766169e-05,-2.0670161620184314e-05,3.490207197119294e-06,-1.6665900264265074e-07,1.3690169945917486e-05,-5.536522471769918e-06,1.0716812680819682e-07,-8.046499935548884e-08,5.032804269063453e-07,2.0341448297769027e-07,-2.6314426370792165e-06,2.503184091606211e-07,-1.240210199295396e-05,5.629192551629457e-06,1.4075053494619996e-07,4.028160316438901e-08,1.5883248792811504e-06,2.5875394574404504e-07,5.013677335639641e-07,-1.7561690072970773e-08,3.284793342967552e-06,-1.1799507457038705e-06,-2.461145146480174e-07,1.6152243848157405e-07,-1.394295084806006e-06,2.248969378537772e-06,-1.4235000425471084e-07,1.3973652684513433e-07,6.359764081712718e-08,4.6683557236654e-07,8.954441295145833e-08,-6.829539324910876e-08,-2.6250231365258425e-07,3.5085766676102174e-08,20mV,2,51,1.0664499611259532,0.001304098321803845,0.0015170772775971889,1.4139962290290332e-05,-5.0351162235092e-06,0.066615320476331,0.0774946086079677,0.036895705771273615,-0.013138236361091985
7558.594,0.0196857,0.0010739462221277152,0.0013487289868504987,0.019685684634721746,3.469446951953614e-18,1.44239622187076e-05,1.7707323038986687e-07,-6.221407416834042e-06,-1.750408602989724e-05,3.822689504815409e-06,4.1580004369484056e-07,1.4336851706577638e-05,-6.451545084011374e-06,1.7607126749386405e-07,-1.572091153731841e-07,8.252505335330437e-07,-5.588198346368914e-07,-2.96649928704496e-06,2.7331429314035644e-07,-1.5203264395681201e-05,7.810866063896966e-06,1.1328628066653493e-07,5.5583270003612287e-08,6.878626800653174e-07,-8.085958432978361e-07,4.2441055499558603e-07,-5.978958494450138e-08,2.4304987406581556e-06,-1.4809211767732174e-06,-4.818595393744629e-07,1.3004033580599348e-07,-1.658708662122562e-06,6.836488188000107e-07,-2.8728766152642157e-07,2.722177291977197e-07,-1.556986256351305e-06,1.7141124274520906e-06,1.89191668088458e-07,1.9339841988222881e-07,-4.262552593440227e-07,-4.6327642529419376e-07,20mV,2,50,-2.223796245233909,0.0010739462221277152,0.0013487289868504987,1.44239622187076e-05,1.7707323038986687e-07,0.054554679812023485,0.06851318670784765,0.037220613678059,0.000456932304808652
5960.648,0.0197519,0.0008815982103584689,0.0011610155536642959,0.01975190817636782,5.204170427930421e-18,1.2566302952586499e-05,4.243169525643198e-06,-5.823415821364983e-08,-1.2766599560933342e-05,3.8283142292499485e-06,1.504283263670057e-06,1.7418204409390098e-05,-5.166070702222296e-06,8.767603087860658e-09,-2.5274537164428647e-08,-1.1890301681894544e-07,-8.054773140191825e-07,-2.977996203176592e-06,-3.6315699248737717e-07,-1.5568808513000796e-05,5.688788536314618e-06,1.9111905705151062e-07,8.79667131598576e-08,1.515556990441907e-06,-1.051617374692539e-07,5.052082402122726e-07,-9.405843333948786e-09,2.557272163961668e-06,-1.6231533068542257e-06,-4.2342282132402084e-07,6.624657953599719e-08,-9.971458989327184e-07,7.907265017655042e-08,-5.840288489104173e-07,3.284152578439883e-07,-2.3169012841946547e-06,2.9324810734151013e-06,1.6982348694854652e-07,-9.140978576867295e-08,1.0591745510225034e-06,-9.142681630265313e-07,20mV,2,49,2.272157517893728,0.0008815982103584689,0.0011610155536642959,1.2566302952586499e-05,4.243169525643198e-06,0.04463357172818663,0.058779918542421795,0.032209902462824805,0.010876076843751947
4746.094,0.019803,0.000743768116705544,0.0009909392495010393,0.019802964351660735,0.0,9.667649045223207e-06,6.59249045349539e-06,2.2028097244508473e-08,-7.714920568746799e-06,3.4506752373458462e-06,2.361770529766691e-06,1.839400259163598e-05,-5.005009668710832e-06,1.5900961102068032e-07,-7.360916088601389e-08,8.634842920640965e-07,-3.830158748750286e-07,-2.7378956438416925e-06,-7.081197264222413e-07,-1.6187887002469354e-05,6.389211712672093e-06,1.4126976101856823e-07,8.117602846880383e-08,2.795433064032702e-07,3.2282111833663266e-07,5.181000836759554e-07,1.423588628875037e-09,2.3189945274041354e-06,-8.85227810039948e-07,-3.4643089843913093e-07,3.351480358181078e-07,-1.7063143113832043e-06,2.4613308745257843e-06,-5.575930362055308e-07,1.0904664320531916e-07,-2.372696410786409e-06,9.97414491584387e-07,8.922106566926524e-08,-6.705981587356214e-08,1.002461627884916e-06,-7.817345266991905e-07,20mV,2,48,-0.44917211790874034,0.000743768116705544,0.0009909392495010393,9.667649045223207e-06,6.59249045349539e-06,0.037558423249051065,0.05003994512659597,0.024652471472911885,0.016810827749331767
3761.574,0.0199021,0.0006415314853230388,0.0008382570092148988,0.019902083764109794,0.0,6.921468917702175e-06,7.5803667788832265e-06,1.2759895894342157e-07,-3.459059203886088e-06,2.6308007989336645e-06,3.0432071991109345e-06,1.7885548942282525e-05,-3.8505125495892956e-06,-1.1598801225142847e-07,4.0537557532652225e-08,5.106875118256256e-07,5.134625480052421e-07,-2.437216839872958e-06,-1.258486214466481e-06,-1.6370509717154312e-05,3.3546864780753018e-06,2.1390918582869997e-07,-1.5385731351986718e-08,1.3646513972252362e-06,-4.4295911665776467e-07,3.586790298068423e-07,9.939034143026801e-08,2.062658349404476e-06,-1.8570083695054404e-06,-3.648594349659602e-07,-1.5522504324347415e-07,-2.416279005778512e-06,5.248726521149858e-07,-4.895270112084832e-07,1.6333161359829304e-07,-3.184582422258509e-06,2.60626046889488e-06,2.872705073872624e-07,-1.8910811999410104e-08,2.1987525756405065e-06,-7.041589978956213e-07,20mV,2,47,-1.982787739018487,0.0006415314853230388,0.0008382570092148988,6.921468917702175e-06,7.5803667788832265e-06,0.0322343877619457,0.042119057438928104,0.017474355766013097,0.019137848844815397
2993.223,0.0199161,0.0005652518897849701,0.0007061283071772858,0.019916085136668316,0.0,4.422086358617876e-06,7.436650482642586e-06,-1.072890265178138e-06,-1.7308981971054596e-06,1.7323003384496081e-06,3.44205767320779e-06,1.82753460960155e-05,-1.5873962572375247e-06,-4.345127394128593e-08,3.77728565445052e-08,5.489122766987939e-07,9.930672922387216e-07,-2.031364321916285e-06,-1.2178605157349582e-06,-1.720547674812003e-05,4.72695814943009e-06,1.1314672749322264e-07,1.550037414062468e-08,-1.7533355499876635e-07,-1.0391830337755547e-06,5.310127193582836e-07,1.2000381871180808e-07,4.632121885292336e-06,-4.93335423291236e-07,-5.187710931461207e-07,-2.189350882015109e-07,-2.8102650878936554e-06,8.327057735462849e-07,-4.863286317536972e-07,-1.4422393110971866e-07,-1.9757830001101723e-06,9.198101260622841e-07,3.1075127841085077e-07,-4.225249295006981e-08,7.925357730107873e-07,-2.4891801876841086e-07,20mV,2,46,-0.9447392572667958,0.0005652518897849701,0.0007061283071772858,4.422086358617876e-06,7.436650482642586e-06,0.02838167671538328,0.03545517617200803,0.011148572729860659,0.01874862498121976
2372.685,0.0199217,0.0005065630927135829,0.0005933431052090616,0.019921712684794153,8.673617379884035e-19,2.443106476437072e-06,6.817596975753764e-06,-2.2818774889953274e-06,-9.137582122908003e-07,8.478239895159966e-07,3.474392321303458e-06,1.670041167265817e-05,-1.6383231509521798e-06,4.336105364894835e-08,-5.503278528265792e-08,6.968443348292683e-07,-4.0808844002811424e-07,-1.6350557325000679e-06,-1.314005715197835e-06,-1.770157279429009e-05,3.1211766537881487e-06,1.8273369000801574e-08,6.048535119078164e-08,1.025642147179059e-06,-6.668519748274885e-07,3.687963736072633e-07,1.9854657139101875e-07,3.326813106757353e-06,7.007904344558902e-07,-3.41035675723078e-07,2.7223085124772257e-08,-1.9968115324997367e-06,1.999511855117188e-06,-5.107076803204598e-07,1.8582228663887072e-07,-2.876789287023518e-06,2.991930496407353e-06,2.0795829019728028e-07,1.6198481171789945e-07,1.5745696257094093e-06,-8.542662878950489e-07,20mV,2,45,-0.20893041075712193,0.0005065630927135829,0.0005933431052090616,2.443106476437072e-06,6.817596975753764e-06,0.025427687906584076,0.029783739711392813,0.006155864479628996,0.017178212846733303
1886.433,0.0199802,0.0004631136605296541,0.0005028138394903442,0.019980225380358284,0.0,1.2126432984910908e-06,6.156543984109989e-06,-1.7665768161958259e-06,4.1889118237468896e-07,-2.0387329029431235e-07,3.3108605373695256e-06,1.6951071825693055e-05,-2.61587665777856e-06,1.077168765472866e-07,1.527228727443574e-07,-4.338438167298948e-07,1.5729196545497055e-07,-1.2556177235549581e-06,-1.0313583330738718e-06,-1.6119465838124744e-05,3.365250682784643e-06,3.313219027688502e-07,-4.170604903755643e-08,1.6745544595303325e-06,-9.779357606255898e-07,3.059608295342429e-07,1.402321285499305e-07,3.089326124700676e-06,-9.726137081699135e-07,-2.5835422659032904e-07,-1.1765230224624496e-07,-1.3961318937792197e-06,1.7000593685807963e-07,-4.779093800394832e-07,-7.425828962864831e-08,-2.475640376213053e-06,2.6089342612677727e-06,2.6398652028963344e-07,-6.571764101573026e-09,5.764039098023854e-08,1.0021303699623193e-07,20mV,2,44,1.2455523157068626,0.0004631136605296541,0.0005028138394903442,1.2126432984910908e-06,6.156543984109989e-06,0.023178600426846118,0.025165573957170635,0.003037612038960703,0.01542184098802488
1506.696,0.0199558,0.0004269284167025916,0.0004280945650365923,0.019955788519883704,4.336808689942018e-19,7.528399311461457e-08,5.205044929755299e-06,-3.173586096917848e-06,1.0466114511023716e-06,-5.42943830348098e-07,3.314589860359715e-06,1.721728046046883e-05,-9.674870197832201e-07,6.782142545701913e-08,-6.009151644654518e-10,2.8598512896025747e-07,-6.418608254133189e-07,-1.0872524650963625e-06,-9.460709523515083e-07,-1.637306994633234e-05,3.6639948641530555e-06,-1.2340047723716689e-07,-1.264675144274681e-07,-2.79468464628113e-07,-9.023521392155203e-07,3.181977939121595e-07,3.045726802085848e-07,2.7986069955616403e-06,4.457073186441696e-07,-1.3103733498700954e-07,4.80880027896503e-09,-1.3253124839063692e-06,1.3548049511249765e-06,-3.406458996141644e-07,-7.303913034130542e-08,-2.666059467040685e-06,2.7460810524670185e-06,2.711212704994301e-07,-1.920731841861542e-08,2.073065736326261e-06,-2.4950595788491746e-07,20mV,2,43,1.421251949094185,0.0004269284167025916,0.0004280945650365923,7.528399311461457e-08,5.205044929755299e-06,0.021393713221464807,0.021452149816583,0.00018904485427445952,0.013070334337068853
1185.994,0.0201246,0.0003987716568420985,0.00036739921839358113,0.02012456186336554,-4.336808689942018e-19,-7.615037259895474e-07,4.4322038449241355e-06,-3.186855116748613e-07,1.2581820054413897e-07,-1.2127479593298603e-06,3.2122925903425094e-06,1.989474766275188e-05,-9.58701950331379e-07,-1.220866634290447e-08,4.2456327650650775e-08,-6.10024995119232e-07,-1.3045910991542479e-06,-1.1200200499025005e-06,-6.976426431546785e-07,-1.8237406155892035e-05,6.782373726446195e-06,7.94410284176062e-08,9.331002750437789e-08,8.909247770151244e-07,-6.265055722272557e-07,2.336718331083617e-07,1.756582589513121e-08,3.035256954455952e-06,-2.2133549362771465e-06,-4.154308094505088e-07,-4.048409681516459e-08,-3.451916157411231e-06,3.858234103685767e-06,-3.9720362779765946e-07,3.9465613490476867e-08,-1.7207063176472876e-06,2.883233539087068e-06,1.6873024817388051e-07,-6.353562900214934e-08,6.319726959994527e-07,-1.7524792126274906e-06,20mV,2,42,-0.1410901891244514,0.0003987716568420985,0.00036739921839358113,-7.615037259895474e-07,4.4322038449241355e-06,0.019815172104095172,0.018256259236251463,-0.001880265444348833,0.010943767505656662
948.6607,0.0199478,0.0003697675024006134,0.0003160568931968738,0.019947782667695115,0.0,-1.1198346895726426e-06,3.6648101655174096e-06,-6.054565920077748e-07,5.668810742630453e-07,-1.6632117978832385e-06,2.8340988705336537e-06,1.7855375554540236e-05,-3.8076506622360668e-06,1.1908251198359199e-07,-3.641340972782145e-08,9.971808382219693e-07,-1.997273044469429e-06,-9.166159831650054e-07,-5.978766865800079e-07,-1.7711197482509275e-05,7.044318982012008e-06,2.0468303208126142e-08,-4.787894669546269e-09,1.3928629817875085e-06,-7.982372603305742e-08,3.3554539470846104e-07,1.1815639250769012e-07,2.792245226406148e-06,-2.7805570843138074e-06,-1.413026327151026e-07,-9.283465883427766e-09,-2.1359251630046096e-06,9.256303637657051e-07,-2.7282972989756964e-07,-4.498197655335559e-08,-3.496305157257111e-06,1.8427889303769862e-06,1.4220576209648492e-07,1.2273305647068034e-07,1.198209543876658e-06,-8.784519450791057e-07,20mV,2,41,-0.06832978073464732,0.0003697675024006134,0.0003160568931968738,-1.1198346895726426e-06,3.6648101655174096e-06,0.018536772159616605,0.015844211783433915,-0.002814262870106591,0.009210055082988028
752.3148,0.0199742,0.0003461140092609496,0.0002762634728368515,0.01997423031271972,0.0,-1.5394561746322545e-06,2.883861424832446e-06,-2.4430717649492347e-06,-1.9404935224492053e-07,-2.1383794103326055e-06,2.4576376063940175e-06,1.7841757847705503e-05,-1.417690322020877e-06,5.399379928503169e-08,2.5144605958570498e-08,-1.8734672580509913e-06,1.5156055325435202e-06,-7.264746458442757e-07,-4.026469229115988e-07,-1.4398782317104516e-05,7.476035650289796e-06,2.415801987557277e-08,4.5901575750777026e-08,1.5531843012264064e-07,-4.6329968880785546e-07,2.564497993849133e-07,-1.2872797893573732e-07,2.428255070505735e-06,-2.1762084506697222e-06,-1.6042910569007716e-07,-4.9591760675628566e-08,-1.5162376931734152e-06,5.521709088167639e-07,-3.671801823011349e-07,2.0994267208927385e-08,-3.3987430978704057e-06,2.1949900659990538e-06,1.3389711664757077e-08,-3.15025170434503e-08,-7.141550800611215e-07,-2.2964284318766825e-06,20mV,2,40,0.7384387814720401,0.0003461140092609496,0.0002762634728368515,-1.5394561746322545e-06,2.883861424832446e-06,0.01732802735535406,0.013830994662203585,-0.0038585774640609257,0.007228268583866163
599.564,0.0199469,0.00032383822197330623,0.00024369600242326055,0.01994691980997055,-3.469446951953614e-18,-1.7486708093670903e-06,2.3881642278082695e-06,-4.392789355978188e-06,1.1403071698735152e-06,-2.6009339810174936e-06,2.165841629817608e-06,1.4457408480523275e-05,-2.381605265482715e-06,3.463092980968826e-08,-1.6662155307072863e-08,-4.7073417185452683e-07,1.4263540178901358e-07,-5.549856618012446e-07,-2.6323874977414834e-07,-1.3670563847027097e-05,8.862285499258723e-06,7.758799558158251e-08,-5.989174151752444e-08,1.9514350572963264e-07,-1.1073740216268697e-06,8.336377379792227e-08,1.7706453830882228e-08,1.0807438637661818e-06,-2.9671349267581332e-06,-8.829237033461028e-08,4.7557872847009105e-08,8.588407636533061e-07,2.74884445575004e-06,-2.418976325722108e-07,3.038777113660463e-07,-1.5472380233199074e-06,5.271332016017559e-06,1.0469465446465578e-07,-1.6179014854621113e-07,2.5167088142412824e-07,-5.563740700226389e-07,20mV,2,39,2.135663940502086,0.00032383822197330623,0.00024369600242326055,-1.7486708093670903e-06,2.3881642278082695e-06,0.016234998940108752,0.012217224751735761,-0.004394974675336782,0.00600222823274635
474.0168,0.0199898,0.00030336818927287785,0.00021687030790187384,0.0199898383299521,0.0,-1.959446800856947e-06,1.8502393405783963e-06,-4.349320871949125e-06,1.6616824280458811e-06,-2.862103607632854e-06,1.793734615954232e-06,1.4761878106013576e-05,-4.373168777891544e-06,6.430944362043638e-08,-2.250169804912068e-09,4.113064272721911e-07,-7.816026274021799e-07,-6.231077319717281e-07,-1.192555650700488e-07,-1.277462867460609e-05,1.0166839667639813e-05,6.250290270017664e-08,-2.590290087518521e-08,-6.879792503445874e-07,-1.241764728277238e-06,9.760239623913059e-08,-2.3438014415479407e-08,1.4522679915730463e-06,-2.621438190853428e-06,-1.0903576321405981e-07,2.935833397624617e-08,-7.539295909668458e-07,2.7816791428029922e-06,-1.492619609504847e-07,6.08397945362615e-08,-1.051363737276538e-06,2.940524002806394e-06,1.2814849478830303e-07,-5.066270822605064e-08,5.9436221559326995e-09,-1.165939839209338e-06,20mV,2,38,-0.09050907715860207,0.00030336818927287785,0.00021687030790187384,-1.959446800856947e-06,1.8502393405783963e-06,0.01517612019994785,0.010849027607037856,-0.004903598611397684,0.0046303023165751005
377.1552,0.0199709,0.00028312205902460017,0.0001952425711003918,0.019970889691626255,0.0,-2.045658215917404e-06,1.4233887864802607e-06,-4.31348926842875e-06,2.027464448261055e-06,-3.1474260507725597e-06,1.4799620346680781e-06,1.336552529611182e-05,-6.014265403534443e-06,4.247339885852833e-08,-3.985553142658468e-08,-4.281341886658672e-07,-7.714377453927253e-07,-5.101124948992842e-07,5.6454873803705545e-08,-9.068740970413041e-06,1.3406103362930169e-05,1.453412260740302e-08,-5.388945059896957e-08,-1.178666000093491e-06,-1.5481471474483674e-06,1.1724611601502797e-07,-2.5186720640416646e-08,1.160855514640519e-06,-1.876898083532912e-06,-1.0679392334146252e-07,1.092079963888526e-07,-6.773958960980589e-07,2.10704374304516e-06,-1.3195708581040021e-07,1.0630196470177971e-07,4.6297133195485636e-08,3.4026229805436136e-06,1.4393568372686325e-08,-4.648695485724841e-08,-1.4060706530189868e-06,-7.577192187227965e-07,20mV,2,37,0.13379114425112565,0.00028312205902460017,0.0001952425711003918,-2.045658215917404e-06,1.4233887864802607e-06,0.014176737411118573,0.009776358195111185,-0.005129065541698043,0.003568853447935934
298.2954,0.0199844,0.00026347787653462486,0.00017717169307496363,0.01998438792657726,0.0,-2.106474982994405e-06,1.0517264970201847e-06,-4.043040361290457e-06,2.5215134263457657e-06,-3.3713129605668745e-06,1.2121660687231825e-06,1.216257863037156e-05,-8.013916509288179e-06,3.025631694553513e-08,-6.13571382851911e-08,3.7227122073991665e-07,-7.416498870570615e-07,-3.825209564342837e-07,1.6179531686988106e-07,-5.6011889221555645e-06,1.4787505796375973e-05,2.0893283765869636e-08,-3.823716535303471e-08,2.459205086903145e-07,-9.396779773539784e-07,8.047647789847189e-08,-9.902449169887204e-08,-1.1140809461283803e-06,-2.448019744058745e-06,-1.6683282163811528e-08,1.4112475952420475e-07,7.562208611615778e-07,2.8054384230405356e-06,-3.3973367172012636e-08,1.0925860525323826e-07,2.5265676778897044e-06,1.9318154910106335e-06,-3.8370748644468716e-08,-4.435515222686371e-08,-5.027303740307404e-07,-3.0729098230103557e-07,20mV,2,36,-2.108830197392818,0.00026347787653462486,0.00017717169307496363,-2.106474982994405e-06,1.0517264970201847e-06,0.013184185450294695,0.008865505099575396,-0.005274418704768802,0.002633425961840139
236.7424,0.0199879,0.00024469111336186173,0.00016207646123695405,0.019987917507733842,0.0,-2.076341171087404e-06,7.261783500934679e-07,-3.6416845325705313e-06,2.577363401024252e-06,-3.5625042916340416e-06,8.049771555250257e-07,1.0320616482880178e-05,-1.0820504674649273e-05,7.098829093841759e-08,-3.256867966765859e-08,-1.525061665452812e-06,-8.301655138782279e-07,-2.8284729999635174e-07,2.822823772720851e-07,2.6090583047577723e-08,1.6869292016238634e-05,2.7498751126121323e-08,-6.312796168899857e-08,-5.800201603224179e-07,-4.4282587542263643e-07,4.35501042899756e-08,-1.3004209941371716e-07,-9.704150102058257e-07,-2.10112083638039e-06,-7.57380677014512e-09,4.748443281090007e-08,2.2841283140946685e-06,2.8341231803976493e-07,3.81796196350562e-08,1.4944362797654698e-07,2.4505207913275525e-06,1.025748987831337e-06,2.2968209578995325e-08,-1.8079708858813217e-08,-4.5022015341368543e-07,-2.7356970394521017e-07,20mV,2,35,-0.24897520982973118,0.00024469111336186173,0.00016207646123695405,-2.076341171087404e-06,7.261783500934679e-07,0.01224195133220779,0.008108721740233442,-0.005197130459798417,0.0018176413756417545
189.0121,0.0199446,0.00022647062865921054,0.00014907544618903473,0.01994455738142482,-8.673617379884035e-19,-2.0957835078693827e-06,5.336378769564502e-07,-3.447626574995806e-06,2.4020781325949205e-06,-3.663054798109601e-06,5.152598187437658e-07,8.346719424709778e-06,-1.3139983327810334e-05,9.950309359748217e-08,2.437795831273238e-08,-5.578328412497711e-07,1.37341157815865e-07,-1.4859022211624656e-07,3.287919583797698e-07,4.074513925959365e-06,1.5174291696929099e-05,-7.888184071200008e-09,1.9435972795419865e-08,-1.7619732148462286e-08,-2.990755538372241e-07,-1.971141498480147e-09,-7.281669885925211e-08,-1.8128772987025567e-06,-8.189906341043189e-07,2.032467033348315e-08,4.825501996395004e-08,2.6355370267829505e-06,6.766177861630805e-07,7.363701708108904e-08,3.870333209065365e-08,3.4533815168995195e-06,-8.125128494251406e-07,-5.9388095948530175e-08,9.528550700721832e-09,-6.886525810569097e-07,7.838879445513536e-07,20mV,2,34,-0.34584279181049904,0.00022647062865921054,0.00014907544618903473,-2.0957835078693827e-06,5.336378769564502e-07,0.011355009004618565,0.00747449258151373,-0.00526862894026347,0.001341522133176713
149.6011,0.0199151,0.00020846302616810716,0.0001373814575108582,0.01991511203273256,0.0,-2.053873462359244e-06,3.0824776934647097e-07,-3.0461271855404237e-06,2.737494343883258e-06,-3.7516549989361705e-06,2.2222255659668542e-07,5.044648185974965e-06,-1.3884483031736536e-05,3.898172467836348e-08,5.8088415285753646e-09,-1.527905156868346e-07,-1.700781978028884e-06,1.0657673498083072e-07,3.2674367370379905e-07,1.2131413957461096e-05,1.0400461931135531e-05,-3.140192424575826e-10,-3.013712165360876e-08,-1.0528311114014364e-06,-4.122943993994658e-07,-8.974810122367857e-08,-9.994347355547159e-08,-2.984182634520733e-06,6.886146503214961e-07,6.679322647196684e-08,4.715208459260423e-09,2.350245051431645e-06,-2.15736455110621e-06,3.244381370027996e-08,1.4095007747222795e-08,1.9769008615840306e-08,-2.028221855056689e-06,-1.2255574140153951e-08,-1.961625679392542e-08,-4.629015355716294e-07,-3.5452226730304853e-07,20mV,2,33,-1.4576768707893983,0.00020846302616810716,0.0001373814575108582,-2.053873462359244e-06,3.0824776934647097e-07,0.010467579887347684,0.006898352230459838,-0.005178550023233347,0.0007772029398915273
119.1737,0.019801,0.00019091951872548204,0.0001266861090301254,0.019800963694923557,-3.469446951953614e-18,-1.922633775769564e-06,1.548465642335883e-07,-3.2626884223769176e-06,3.184887256499455e-06,-3.8046139485451912e-06,-8.547093459398089e-08,-2.8930024286204093e-06,-1.5391007762840252e-05,8.192512550510871e-08,-1.8299038629710157e-08,-4.957389300152331e-07,-1.5723998937098837e-07,2.3257378296160318e-07,2.304285908743973e-07,1.564620499154629e-05,1.5131914506823887e-06,1.4790768620273329e-08,1.864672304180635e-08,-4.483934506984737e-08,7.939816699693425e-07,-1.018031801955774e-07,5.526094614685456e-08,-2.8714693556986453e-06,3.3495658999039317e-06,5.057364596658903e-08,-1.7951031954532893e-08,-6.460708860652979e-07,-1.5684109687258078e-06,-6.305747545358569e-08,-1.1529139831957941e-07,-3.7442131477991646e-06,-1.8460089402176525e-06,5.399476948345091e-08,-3.397285774675133e-08,1.0771511809049196e-06,1.0348259613427057e-07,20mV,2,32,2.40374126074855,0.00019091951872548204,0.0001266861090301254,-1.922633775769564e-06,1.548465642335883e-07,0.009641930648780933,0.006397976935971273,-0.004903700221006727,0.0003949379964213133
94.69697,0.020129,8.732456237256434e-05,4.5454044841206935e-05,0.010064525018961696,-6.365452598616067e-19,-9.294883300351056e-07,-2.944115187376818e-07,-4.982628701369177e-07,1.2480813063864025e-07,-1.9534391565055274e-06,-9.454609916790474e-08,-4.921965186156045e-07,2.6787585341172554e-07,5.570972154100325e-09,3.3333957440342765e-08,-3.272034191472245e-08,-2.2854303325394212e-07,-6.821258980030632e-09,-3.2900611689276055e-08,-6.707782650808604e-07,-8.577729549263217e-07,-8.100023248619774e-09,9.4720560509992e-09,1.0760894939904622e-07,8.472726853010163e-07,1.005069298405166e-08,-6.533986300031777e-09,-1.9498350984026122e-07,-1.9993692859257134e-07,-5.4570967381668234e-08,5.3508449366635524e-08,-1.3507748165786326e-07,8.089275665069409e-07,-2.5230407945997506e-08,-2.2199946466137507e-08,-9.562004084461573e-07,-2.2305828609372022e-07,-1.4079956246291198e-08,-4.515699616587901e-09,5.712466229030177e-07,3.014365036632844e-07,20mV,2,31,1.570597740023979,8.732456237256434e-05,4.5454044841206935e-05,-9.294883300351056e-07,-2.944115187376818e-07,0.008676471289806892,0.004516263286699663,-0.009176083859111062,-0.0029064859640821773
75,0.0199981,7.900242812720247e-05,4.2318546638052095e-05,0.00999904915141526,5.0271405419542725e-19,-8.852774288688763e-07,-3.0249593012339806e-07,-3.3280694032078307e-07,4.2721076960238274e-07,-1.8319489781303113e-06,-1.6318593707410122e-07,-7.113192751785688e-08,-2.286462211545097e-07,6.773374669228946e-09,8.202202152332386e-08,4.3505146042884317e-07,2.4565555994415705e-07,-1.685663076311078e-08,-4.503360792803093e-08,-7.045483134019952e-07,-6.809789656741384e-07,2.453899681173266e-08,-1.9259996315828123e-08,5.863174018808423e-07,4.643303858043752e-07,4.745339032392673e-08,-1.4955635143546093e-09,-8.098393256234345e-08,-3.6445829994757665e-07,-1.7971493069154692e-08,1.3702824883876545e-08,1.9039753496286831e-07,-4.00457719692328e-07,1.481558196635242e-09,-3.463617994383429e-08,-8.400531882935255e-07,-9.703359191943826e-08,6.004134185174377e-08,-3.3867410862809816e-08,2.3367397697354224e-07,1.255410265191999e-07,20mV,2,30,1.5705917988065847,7.900242812720247e-05,4.2318546638052095e-05,-8.852774288688763e-07,-3.0249593012339806e-07,0.007900994077623923,0.004232257087371387,-0.00885445805841715,-0.003025534638945631
54.50581,0.0200003,0.00014027128544464053,8.311363363002905e-05,0.02000026118937188,-1.819066119955164e-18,-1.611983808014979e-06,-6.6313722502156e-07,-2.6458287225081624e-07,7.899299508452583e-07,-3.6327627356473193e-06,-5.526364313388928e-07,4.113390782818787e-07,-2.4436825632570812e-08,1.0231930794555153e-07,9.338195997643611e-08,-9.122105425998565e-07,9.080741313427096e-07,3.978382575539939e-08,-2.4773750014877946e-08,-1.1059585834077425e-06,1.2410638047672038e-07,6.408545537410819e-08,-9.027625181415621e-08,7.315729897136821e-07,-5.404044211717582e-07,4.228798650648389e-08,-2.1256840991103076e-08,-4.4429861336015314e-07,-3.6533865436735385e-07,4.02094443146189e-08,1.5922078865614514e-08,1.0354942531790347e-06,1.5437030471040067e-07,-1.0997431642860856e-08,-1.925791064957794e-08,4.789950717045054e-07,-1.7926601702867058e-07,-2.7368164855610704e-08,-3.837944017628388e-08,-7.368159501448287e-07,-7.639474204393747e-07,20mV,2,29,1.570795333202968,0.00014027128544464053,8.311363363002905e-05,-1.611983808014979e-06,-6.6313722502156e-07,0.007013472680005827,0.004155627411215787,-0.004029854263839763,-0.0016577997623033016
45.95588,0.0199982,0.0001315937347991365,9.362278513497124e-05,0.019998170247057218,-2.168404344971009e-18,-1.5515429696892714e-06,-4.801754015830529e-07,-1.0569575903416864e-06,-1.1297570989448036e-06,-3.5931242542788323e-06,-6.157724176135044e-07,1.1752747281591209e-06,-3.5472875593217033e-07,4.631683027419598e-08,6.996829314434216e-08,2.0602620177355399e-07,2.980712453632136e-07,1.9776901813482995e-08,-3.773448795561599e-08,-2.0580517097312222e-06,-7.309090269018328e-07,1.4681078200066663e-08,-4.004742644982768e-08,-9.485989388017275e-07,4.669372689728889e-07,2.2023690295789328e-08,1.954168689021146e-08,-1.7481852708176187e-07,4.019518049078074e-08,-1.1821085022719934e-08,2.4442444006400393e-08,4.880591397620842e-07,-7.797749342164729e-07,-3.441505175378422e-08,-2.680555367300142e-08,-1.2207761179501856e-06,3.632550037755614e-08,2.6068772488520853e-08,-1.856645916556577e-08,8.035917077143209e-07,5.4090932412546096e-08,20mV,2,28,1.6213644487506733,0.0001315937347991365,9.362278513497124e-05,-1.5515429696892714e-06,-4.801754015830529e-07,0.006580288755092523,0.004681567562349765,-0.0038795672567117096,-0.0012006581846928082
37.5,0.0199996,0.00012059717625040332,8.724084259569088e-05,0.01999963198599589,-1.3010426069826053e-18,-1.4594051576165948e-06,-5.220717672507903e-07,-2.9867117793116343e-07,-5.123725907918421e-07,-3.4669088075291445e-06,-7.552514686150685e-07,-1.5336781084732478e-07,1.465977847833388e-07,4.842283212785637e-08,6.397828349171059e-08,-1.942130392172496e-07,-2.0226028050019762e-07,3.35659586840122e-08,-2.27910602870126e-08,-6.873836633478865e-07,9.319896116035907e-07,1.9290156804765136e-08,-2.8550807441659906e-08,4.997502753512065e-07,2.1363293798292086e-07,2.248322152123363e-08,9.031011199934062e-09,-1.0470735865415941e-06,-5.578785788541207e-08,-1.6250572142606378e-08,2.3461513866554723e-08,1.2895281642780333e-07,6.386527372286437e-07,-2.6136095201367092e-08,-2.2181894769334184e-08,-1.2312124937087295e-06,-6.39989146851667e-07,1.7662815634131204e-08,-1.9533333233605007e-08,6.904687351287725e-07,-7.645619795286639e-07,20mV,2,27,1.607498503806567,0.00012059717625040332,8.724084259569088e-05,-1.4594051576165948e-06,-5.220717672507903e-07,0.006029969768186119,0.004362122395891011,-0.0036486471681315,-0.0013052274518831292
30.04808,0.02,0.00010939341723135546,8.048730880701261e-05,0.02000000342951707,9.75781955236954e-19,-1.366396688930078e-06,-5.818963015365946e-07,-5.632013578101427e-07,3.513801823556866e-07,-3.279421117764538e-06,-8.708640771994708e-07,2.3067187226891028e-07,-7.22324329853698e-08,5.194368670861066e-08,7.409287474471856e-08,7.128905356064921e-07,8.276926517797937e-07,2.4549789426502834e-08,-2.1486197625128984e-08,-4.7392724817300604e-07,6.761051556024342e-07,1.3509767398758705e-08,-3.9777181899990024e-08,-1.109226388036756e-07,1.5947204092536597e-07,3.571274332300761e-08,1.2082166601344778e-08,1.1845706821395252e-07,-2.8772679170860077e-07,-1.2076816316785568e-08,3.100405661617891e-08,7.482326934456718e-07,-4.916609971874408e-09,-2.37895779889936e-08,-1.0375471413343494e-08,1.5408086837849486e-07,-1.4000433941354803e-07,1.785277172853412e-08,-2.1312148583947336e-08,-6.628057973342704e-07,-6.13241102226641e-07,20mV,2,26,1.595260514240826,0.00010939341723135546,8.048730880701261e-05,-1.366396688930078e-06,-5.818963015365946e-07,0.005469669923651455,0.00402436475026925,-0.003415990550805304,-0.0014547402549357899
23.91582,0.019999,9.871501802277993e-05,7.477960036713807e-05,0.01999901318316519,-2.222614453595284e-18,-1.268410560646918e-06,-5.889960374438245e-07,-4.1756336250870984e-08,2.087839829440067e-07,-3.0966447459234037e-06,-9.63154184242431e-07,-4.290387555336128e-07,-3.2269761250719636e-07,5.22641670434944e-08,7.220709977450568e-08,1.040690437297479e-07,-3.90031813724743e-07,3.703707961109895e-08,-8.009949480456388e-09,3.6964602104521806e-07,1.1585195947655093e-07,9.679793272559456e-09,-3.9033200375550964e-08,6.836548828269784e-07,-8.768483068803846e-08,2.6865721667716384e-08,5.659721526317392e-09,2.462716349497978e-07,2.510958864522436e-07,-8.156418609236833e-09,2.9400730577987136e-08,-3.652402690383352e-08,-5.332255101010604e-08,-3.218352919509865e-08,-1.3386636163963303e-08,-7.96086593207227e-09,4.0584307111909925e-07,1.2653208784992907e-08,-1.875004478095758e-08,6.123297836287842e-07,-6.35367621839451e-07,20mV,2,25,1.585287161211184,9.871501802277993e-05,7.477960036713807e-05,-1.268410560646918e-06,-5.889960374438245e-07,0.00493599444725985,0.0037391645118813265,-0.003171339347002261,-0.0014726354121660297
18.8253,0.0199992,8.85001092872274e-05,6.859238892546549e-05,0.019999201186903886,1.1384122811097797e-18,-1.1671909492727625e-06,-5.912528627943527e-07,-2.436472743559042e-07,7.38094398347306e-08,-2.8847972919387915e-06,-1.0317112111140576e-06,4.3632439608690266e-07,4.770916080128475e-07,5.4225929189037504e-08,6.851581425788281e-08,7.545814314168458e-07,-1.9744190859801906e-07,3.6059087788453753e-08,-2.315854771857126e-09,3.69991781043742e-07,1.207526771892889e-07,4.694662333204282e-09,-3.4271682030861336e-08,5.72361059162802e-07,-1.838799943253235e-07,2.931143195634323e-08,7.908722596474936e-09,6.517295665954463e-09,-4.643637729925183e-07,-4.949301591539156e-09,2.7116831334339134e-08,-2.101396220353472e-07,1.9904682049772983e-07,-2.1155087391901566e-08,-2.5700634399265453e-09,-4.2670673179833066e-08,6.000721588730774e-07,9.291573228690203e-09,-1.8113847829459872e-08,3.484348857167281e-07,-6.484309373273001e-07,20mV,2,24,1.5770202600930818,8.85001092872274e-05,6.859238892546549e-05,-1.1671909492727625e-06,-5.912528627943527e-07,0.004425182209036434,0.0034297564329910323,-0.002918210479001398,-0.0014782502391927342
15.02404,0.02,7.972662134838183e-05,6.298371805647431e-05,0.01999999602952162,1.8839071538119707e-18,-1.0772597774720436e-06,-5.872516532818698e-07,-2.900794484000391e-07,-4.7116428469925337e-08,-2.6914991942098056e-06,-1.0814682346911976e-06,-1.89168064101104e-07,-2.452048379212027e-07,5.476290047098592e-08,6.344550732671577e-08,2.012935077473007e-07,-5.196940114532887e-07,3.8419513788429606e-08,5.2716117366161866e-09,1.8156025902954367e-07,2.0622079860452227e-07,5.191370805317835e-09,-3.035167834001309e-08,-1.7666689526686783e-08,-3.134972435951661e-07,2.9091988356113055e-08,8.869469043368377e-09,6.520169688692305e-07,1.6512574577906367e-08,-3.50260903503626e-09,2.2961634135708538e-08,3.320382490730629e-07,2.4287291129967684e-07,-2.0260336367849715e-08,-2.9752088846883804e-09,2.638169128178797e-07,-2.3300916503133353e-07,7.842681984264903e-09,-1.6051566401153842e-08,6.499414527289578e-07,-2.4105400827588576e-07,20mV,2,23,1.5707735176745472,7.972662134838183e-05,6.298371805647431e-05,-1.0772597774720436e-06,-5.872516532818698e-07,0.003986331858801315,0.003149186528012566,-0.002693150512989592,-0.0014681297161223458
11.95791,0.0200002,7.170215052696829e-05,5.772924760252203e-05,0.020000171194548347,4.607859233063394e-19,-9.88034796549881e-07,-5.325962235401286e-07,-5.3982095136466e-07,-1.7707315473974158e-07,-2.5183773727547944e-06,-1.1078965801124147e-06,-3.630739918263587e-07,-3.987448859590238e-07,5.377730550311765e-08,4.127515686269614e-08,1.2528358591816307e-07,9.38664373175472e-08,5.66549108504534e-08,1.062822604668202e-08,1.5178658669894998e-07,1.3785468498656487e-07,7.014459001806365e-10,-1.3971563671266326e-08,2.1309870106524062e-07,-1.6650793331743754e-09,1.3627266478706683e-08,4.503063190295465e-09,3.9468550438263267e-07,-2.2706116058271226e-07,-2.93630572600253e-10,1.2456193520331636e-08,4.213320640676723e-07,8.977962977540499e-08,-1.0872529767806261e-08,-2.9225786781147122e-09,2.2119764851516797e-07,2.0080418211660925e-07,3.592407011368772e-09,-7.978977932647119e-09,2.725369810943149e-07,8.069893286120323e-08,20mV,2,22,1.5657713053679283,7.170215052696829e-05,5.772924760252203e-05,-9.88034796549881e-07,-5.325962235401286e-07,0.003585076839067902,0.0028864376730064136,-0.0024700447053749514,-0.0013314677647505038
9.52744,0.0199999,6.437517938520826e-05,5.2800530319520925e-05,0.019999926862930364,-8.131516293641283e-19,-9.034892654977748e-07,-5.202310262452931e-07,-4.3551091309909173e-07,-6.952670378941118e-08,-2.317714987271254e-06,-1.1092204872525175e-06,2.3619847259280458e-07,-1.203967347752645e-07,5.147455956995068e-08,3.9777614748484684e-08,9.736834656371853e-08,2.396710056919566e-07,5.4706805479065545e-08,1.3865151412456995e-08,-3.992191922195677e-08,-3.589484468824765e-08,2.683519608331738e-12,-1.4077201066082955e-08,-4.165084078329571e-07,5.860454520037044e-08,1.1618396586283791e-08,1.1804443602987023e-09,3.6585822849224146e-08,-1.0387226634745727e-07,-1.5522904314961095e-09,1.0839159212153185e-08,1.5332726290891408e-07,3.214464531545845e-07,-6.729251000654911e-09,1.106581391161236e-09,3.828284368272601e-07,-1.83145734097575e-07,3.977326865046871e-09,-6.793198465741284e-09,1.222951273735815e-07,9.011508169884005e-09,20mV,2,21,1.5618314962567548,6.437517938520826e-05,5.2800530319520925e-05,-9.034892654977748e-07,-5.202310262452931e-07,0.0032187707398334,0.0026400361702015075,-0.002258739683474384,-0.001300587077708608
7.524077,0.0200003,5.7498804273276624e-05,4.798907146469722e-05,0.020000347662325595,1.6263032587282567e-18,-8.185245015743966e-07,-5.002994987310256e-07,-3.3478190893115504e-07,-2.9006142132467788e-08,-2.1177314048107016e-06,-1.0962850424703052e-06,-5.196617284538814e-09,5.0015576902126154e-08,4.6990198485588434e-08,3.786030279961078e-08,2.6483490818442426e-07,-2.819988869207786e-09,4.983505253057957e-08,1.5832314199963058e-08,-8.661550295646641e-08,2.541462910814841e-07,7.333991347072032e-10,-1.3096291922027761e-08,-3.4687490055160115e-09,1.0572821762298993e-07,8.806690128087146e-09,9.30406791414702e-10,-4.9560600477959855e-08,-5.392724385227125e-08,2.4099470097671663e-10,1.0373007004595465e-08,4.072058034163615e-07,-6.3026255209290906e-09,-1.0716476853519666e-08,-3.6863616797831386e-09,-1.1958059098306076e-07,-1.2039196403601471e-07,3.839935929221493e-09,-5.846064679786862e-09,9.040535795150387e-08,-2.357223580408635e-07,20mV,2,20,1.5585461055450835,5.7498804273276624e-05,4.798907146469722e-05,-8.185245015743966e-07,-5.002994987310256e-07,0.0028748902391125134,0.002399411863979426,-0.0020462401132580236,-0.0012507052641395583
5.98659,0.0200002,5.14957512696503e-05,4.366618812036807e-05,0.020000154392194637,0.0,-7.420938317497035e-07,-4.7589188445340526e-07,-3.2754324002164363e-07,6.058240648652595e-08,-1.9308488824878117e-06,-1.0701192048210419e-06,2.6240897295186816e-07,-5.850755907781315e-08,4.474097721230926e-08,3.6290658150183614e-08,3.7049275044066106e-07,1.0391510168624584e-07,4.8771803502991565e-08,1.8814244775484068e-08,-5.7013770940552025e-08,1.2128667317180226e-07,-5.91028287142803e-10,-1.0789948715262316e-08,6.810531944611058e-08,-1.7153282061174984e-07,7.682092242003972e-09,1.7924166775914486e-10,3.501275892561048e-08,1.3918754481893925e-07,4.595106802444386e-10,9.002453234260228e-09,2.0472265296243296e-07,-1.185256679850989e-07,-5.50933125256186e-09,4.927277726892166e-10,5.2709830759208176e-08,6.286008799261768e-08,2.65928931027807e-09,-3.947320381895694e-09,1.5832559776940815e-07,1.1005353736335166e-07,20mV,2,19,1.5560305755086514,5.14957512696503e-05,4.366618812036807e-05,-7.420938317497035e-07,-4.7589188445340526e-07,0.002574767687280819,0.002183292551851973,-0.0018552059363321012,-0.0011897113428480947
4.76372,0.0199996,4.6089173814001514e-05,3.9655631835141904e-05,0.019999620837181924,1.6263032587282567e-19,-6.719682364012292e-07,-4.5206821806128235e-07,-1.782903313219107e-07,-8.77054113594189e-08,-1.7567713639796472e-06,-1.034472701057085e-06,-6.547355948756668e-08,2.196090303378525e-08,4.16589837085649e-08,3.470452125917821e-08,4.5752092376695286e-08,6.729523851960439e-08,4.7012302280029835e-08,2.0417389343311286e-08,2.0154316462225733e-07,-2.3808198614778866e-08,-1.089873183315284e-09,-9.458107754301021e-09,1.2275988805057918e-07,6.966057380929779e-08,6.487757111593711e-09,4.413817786575525e-10,-2.8095027485051266e-08,-7.669570734662087e-08,-1.5549544337834426e-11,7.801747267476527e-09,1.9576281622396332e-07,-7.171711783698863e-08,-6.600045758368792e-09,7.235088578236043e-11,-5.099789709236132e-09,-1.1832604454799598e-07,1.1073818539284852e-09,-5.005643699116522e-09,2.9583335294881333e-07,8.753526897301781e-08,20mV,2,18,1.5540424847087395,4.6089173814001514e-05,3.9655631835141904e-05,-6.719682364012292e-07,-4.5206821806128235e-07,0.0023045023797809046,0.0019828191823225406,-0.001679984289157008,-0.001130213398236705
3.76506,0.0199968,4.109521093653314e-05,3.586492211515296e-05,0.0199968025980718,-3.2526065174565133e-19,-6.064905956221911e-07,-4.245493297682886e-07,-2.1809263452521322e-07,1.7214907983328297e-07,-1.587491439664908e-06,-9.854082282263851e-07,3.9329960049462435e-07,1.8480723916731433e-07,3.814141372594468e-08,3.208674707181306e-08,2.3280404431609652e-07,2.885598011559472e-07,4.185524981869253e-08,2.0080503089936307e-08,-4.926806276117701e-07,-1.3527875764827237e-07,-3.3910603180066577e-10,-7.88621343209475e-09,6.361774291807856e-08,1.1497164050455532e-07,5.174670988898425e-09,1.5592629491906145e-10,-1.8612254556865691e-07,-8.597404533189855e-08,-3.4315716004386254e-11,6.854044450563218e-09,1.4582081752826058e-07,5.268216595268649e-08,-5.382408797775379e-09,-8.645767711213829e-10,-3.2748914604476477e-08,-1.367799119717705e-07,1.2843218791141794e-09,-4.123154020534589e-09,2.446318210776824e-07,1.1208241446212098e-07,20mV,2,17,1.5525897693685355,4.109521093653314e-05,3.586492211515296e-05,-6.064905956221911e-07,-4.245493297682886e-07,0.0020550890941182644,0.0017935328380253774,-0.0015167114038874196,-0.0010617127695306402
3.008665,0.0200005,3.682954015234746e-05,3.252330208428189e-05,0.02000045962992859,1.0842021724855044e-19,-5.474543106013921e-07,-3.971695071699819e-07,-1.1688190792214454e-07,-8.945827920618193e-08,-1.4393471800636803e-06,-9.375646156527519e-07,9.067966888968785e-08,2.9891344677935795e-07,3.5093626578254196e-08,3.042213381071481e-08,2.0762491123602968e-07,6.054469958621657e-08,4.003290049437573e-08,2.130497136305241e-08,4.696626904917042e-08,7.658656861280187e-08,-6.985996385822895e-10,-7.400072419737619e-09,1.5266644611536423e-08,1.6628479169047787e-08,6.8400397086595195e-09,1.475969479713654e-09,4.4881614733364307e-07,3.0963325917139004e-08,-5.479814952271667e-11,5.99579658930021e-09,2.1196728604930022e-07,8.413014313531655e-08,-4.7501223776513174e-09,-1.4022972667088287e-11,2.9160624979357876e-07,-1.0168337836083542e-07,1.341376256297172e-09,-3.829670334228372e-09,1.859131045117337e-07,8.378508494934731e-08,20mV,2,16,1.5513303314135838,3.682954015234746e-05,3.252330208428189e-05,-5.474543106013921e-07,-3.971695071699819e-07,0.0018414346886926496,0.0016261277333653962,-0.0013685728720755233,-0.0009928781317500874
2.38186,0.0200005,3.2838730712236385e-05,2.9325510448426737e-05,0.020000506751396727,1.951563910473908e-18,-4.920355473205189e-07,-3.686446872753257e-07,-8.641816825572086e-08,-1.1974481777543501e-07,-1.2952055644507253e-06,-8.822778673767973e-07,3.237943445414546e-07,1.5858511406883276e-07,3.1761919906667356e-08,2.8331728885203502e-08,1.8736854197134654e-08,3.904447890060489e-08,3.712994983708152e-08,2.153572116843298e-08,-2.070990405642654e-07,1.9961463242775446e-08,-6.261424568794117e-10,-6.926313678502078e-09,6.830638899977339e-08,7.456393288195016e-08,5.793553191055526e-09,1.1163631665057313e-09,4.3826788170354817e-07,4.884187577398005e-08,2.6091334584470484e-11,5.229372028863624e-09,7.166787360235604e-08,1.7502221467442878e-07,-4.4468181533992805e-09,-8.927789004372305e-11,-2.887174801283279e-08,1.3507946587916888e-07,1.3925508674992362e-09,-3.2061249017203045e-09,2.4436593265796214e-07,-3.7547514172876656e-08,20mV,2,15,1.550300031471874,3.2838730712236385e-05,2.9325510448426737e-05,-4.920355473205189e-07,-3.686446872753257e-07,0.0016418949339842654,0.0014662383715042019,-0.0012300265357451296,-0.0009215650171607141
1.890121,0.0200001,2.9308383936704076e-05,2.6432606103874335e-05,0.020000108571558945,1.4094628242311558e-18,-4.4165042867156325e-07,-3.4034453060813097e-07,-2.7025375063033447e-07,-8.175599141437599e-09,-1.1666443869992975e-06,-8.259185705917484e-07,-1.0644050329109005e-07,1.8036032612549934e-07,2.91960454558869e-08,2.6226476999332223e-08,1.6279635754133272e-07,-5.083516323441962e-08,3.4111998873065606e-08,2.1109420122134106e-08,-2.2717730577108969e-07,-8.461581414146937e-08,-6.594707000187262e-10,-5.9973504073782905e-09,1.3644087846276804e-07,-7.962792708818319e-08,4.563003282299331e-09,1.0841393278277307e-09,3.8441608918179455e-07,-2.9052943335772225e-08,5.203578281450972e-10,4.453385960125225e-09,2.3528954054807098e-07,-9.019816037267766e-08,-4.111873511911166e-09,-5.485690301527382e-11,-4.360387627184482e-09,-8.109053951520435e-08,9.038387979402634e-10,-2.7333445696382858e-09,2.829200015640949e-07,4.895411240739864e-08,20mV,2,14,1.5494816358430166,2.9308383936704076e-05,2.6432606103874335e-05,-4.4165042867156325e-07,-3.4034453060813097e-07,0.0014654112417360535,0.001321623130659535,-0.001104114084107634,-0.0008508520886614832
1.502404,0.0200004,2.6175465133445397e-05,2.381474748762512e-05,0.020000371989719913,-1.6263032587282567e-19,-3.966625286354669e-07,-3.1308154095652357e-07,-1.130950548351879e-07,-1.522007041083276e-08,-1.0480455302097319e-06,-7.684622838049169e-07,1.157753044804427e-07,1.9922421287126246e-08,2.639480561173546e-08,2.4085528834742572e-08,3.1513528769388707e-07,-6.901098368407577e-08,3.093521955096913e-08,2.0482671683135923e-08,-3.6818976656671847e-07,5.811203527678574e-08,-7.79425320277624e-10,-5.2824074200222944e-09,1.111639273919688e-07,-9.908837116666931e-08,4.059013580510496e-09,5.60122521717241e-10,3.306738751961949e-07,-1.0878607338305096e-07,2.8519824409702446e-10,4.21001208856713e-09,2.0945164667202702e-07,-4.0349583393104255e-08,-3.77473136551677e-09,-4.0374962636981416e-10,-3.14072688056668e-08,8.49753893329878e-08,1.1534253191319375e-09,-2.5277783518069012e-09,3.462975859779037e-07,-1.1657710137225869e-07,20mV,2,13,1.548822176295971,2.6175465133445397e-05,2.381474748762512e-05,-3.966625286354669e-07,-3.1308154095652357e-07,0.0013087489146151607,0.0011907152276900538,-0.0009916194340220733,-0.000782674737424914
1.195791,0.0200003,2.338826887263663e-05,2.1445310501836132e-05,0.020000254178582248,-6.505213034913027e-19,-3.563550400775889e-07,-2.8770540242037326e-07,-7.572529346447649e-08,3.881144378924416e-08,-9.414866163683456e-07,-7.119934439391081e-07,1.9330684589120454e-07,1.699953804811013e-07,2.3955656723080216e-08,2.2051514582463826e-08,1.9054502312950032e-07,7.438798135273303e-08,2.8627582203568486e-08,1.9828818047330133e-08,-3.7710161274728733e-07,1.1902312621494957e-08,-6.833568578530952e-10,-4.32983550104344e-09,1.0016644157814073e-07,3.1022694324250903e-08,3.2483078582324183e-09,1.0805263987751195e-10,2.5823257659309075e-07,-6.862368981288756e-08,2.306827284221524e-10,3.2875787475390417e-09,1.2412406974217296e-07,-7.292787765345489e-08,-3.388473357782932e-09,-3.7245402363182066e-10,-6.3035739630574e-08,1.61725796299281e-08,7.513935960493598e-10,-1.8185708427512727e-09,2.428344290518621e-07,-5.370747771387685e-08,20mV,2,12,1.5483166232738832,2.338826887263663e-05,2.1445310501836132e-05,-3.563550400775889e-07,-2.8770540242037326e-07,0.0011693985818281509,0.0010722518979184453,-0.0008908649561709291,-0.0007192452242616237
0.9486946,0.0200002,2.0847478378111604e-05,1.9260539170831187e-05,0.020000165153473654,-1.2468324983583301e-18,-3.186413384665199e-07,-2.7169014040084145e-07,-2.1910987946251143e-07,1.2562426083392776e-07,-8.37975349224945e-07,-6.557470039431324e-07,1.0190580638873603e-07,3.609418751623831e-08,2.1479300302685473e-08,2.447030364244321e-08,2.612120640324889e-07,-9.582777065926781e-08,2.2696695384380273e-08,1.8561063419920465e-08,-3.739762826927157e-07,-4.643369625749625e-08,-5.158794832861301e-10,-6.685941904445896e-09,1.863155754405597e-07,1.1098664541256857e-07,4.996586462063853e-09,2.4426821325254387e-10,8.073746419405412e-08,-2.892252175375361e-08,3.47658910259253e-11,5.031995890657008e-09,2.21788075548192e-07,1.0791291027586484e-08,-4.366801439925308e-09,-3.1350943973021005e-10,-6.384424198623683e-08,-4.293123719699873e-08,9.47384822614943e-10,-3.3721254632185193e-09,2.7103521957934083e-07,-1.0399889627420243e-07,20mV,2,11,1.5479039783153763,2.0847478378111604e-05,1.9260539170831187e-05,-3.186413384665199e-07,-2.7169014040084145e-07,0.0010423653113929806,0.0009630190062448556,-0.0007965901901482826,-0.0006792141334984385
0.7515633,0.0200006,1.8585716702243223e-05,1.7275884908195676e-05,0.020000645245255192,9.215718466126788e-19,-2.8534078058293396e-07,-2.466579879995537e-07,-2.632504154103128e-07,1.8308217769660369e-07,-7.501123899147454e-07,-6.01880635058887e-07,5.566922340593908e-09,4.023553569001607e-08,1.9099214900218553e-08,2.218987379887868e-08,2.6522054084735867e-07,4.228441810703617e-08,2.0788364304379457e-08,1.7873080562367547e-08,-1.4819320027215663e-07,1.084126575592175e-07,-4.972504934594162e-10,-5.731515482260809e-09,2.3408848068906156e-07,1.2430668907749704e-07,4.282222796164112e-09,-1.0046360242337201e-10,2.6679956198912355e-07,-2.39725349792277e-08,1.663148281960707e-10,4.1046303100652485e-09,1.5541643943884975e-07,-5.15190689148966e-08,-3.547973547424781e-09,-2.5970519586581545e-11,5.314842606374606e-08,3.597717374997137e-08,6.289077245981043e-10,-2.7736619494779993e-09,1.7298578565210396e-07,1.0929995641327347e-07,20mV,2,10,1.5475580750988083,1.8585716702243223e-05,1.7275884908195676e-05,-2.8534078058293396e-07,-2.466579879995537e-07,0.0009292558552155892,0.0008637663783519225,-0.0007133059249885278,-0.0006166051832002098
0.5978954,0.0199997,1.6603626290058348e-05,1.551207507622607e-05,0.019999712145172634,1.6263032587282567e-18,-2.5579222163394264e-07,-2.2378420504663463e-07,-2.2604594606522424e-07,-6.653095445821758e-08,-6.721734448943637e-07,-5.512313348800229e-07,1.8821012777425066e-07,1.1171739800275476e-07,1.7221075466804704e-08,1.9758595689382144e-08,1.4347231264212225e-07,9.387817348714177e-08,1.9360432000199385e-08,1.6694678274344447e-08,-5.301620541655972e-07,-4.3153731940719325e-08,-5.76110283427109e-10,-4.865090208428852e-09,1.320633825808779e-07,2.7866186624518245e-08,3.604621880826162e-09,1.29013395956036e-10,2.899630755342395e-07,1.0370169234071105e-07,2.0782924935383428e-10,3.490856057819533e-09,1.0822293623413668e-07,4.407572673670786e-08,-3.3987332023550673e-09,-1.44230214103182e-10,8.997571316684272e-09,9.85703106863851e-08,8.165150458266072e-10,-2.5073350691720786e-09,2.187920049559298e-07,-1.2336214273471117e-07,20mV,2,9,1.5473081612598074,1.6603626290058348e-05,1.551207507622607e-05,-2.5579222163394264e-07,-2.2378420504663463e-07,0.0008301932632598412,0.0007756149170362058,-0.0006394989622387215,-0.0005594766173051993
0.4763719,0.0200002,1.4846451978641576e-05,1.3930212671444427e-05,0.020000228953795735,1.5178830414797062e-18,-2.2962176982428805e-07,-2.026214039146319e-07,-2.82830598890691e-07,7.354234011486996e-08,-6.026987216894918e-07,-5.035549696383801e-07,3.3181095074551203e-07,-6.159681994260362e-08,1.567019755313598e-08,1.7437707810234408e-08,2.3181641265374392e-07,1.6646947411371334e-09,1.7693360365375673e-08,1.5691822973827472e-08,-2.507928400984881e-07,8.11624010541599e-08,-4.1709421492426636e-10,-3.985691957651722e-09,2.1788104970743285e-07,3.606845023990614e-08,2.817141468034874e-09,-7.935252057420629e-11,1.6299134591627663e-07,-2.5614735560230324e-08,1.0807039972713203e-10,2.878255662833683e-09,1.6709234153663864e-07,5.026333093377505e-08,-2.7379499523069265e-09,-3.15586970109829e-11,-6.112319823090517e-08,-4.936547518316242e-09,4.514800710567322e-10,-1.9018744607770652e-09,2.3504156646865526e-07,1.1071211114392852e-07,20mV,2,8,1.547102934270506,1.4846451978641576e-05,1.3930212671444427e-05,-2.2962176982428805e-07,-2.026214039146319e-07,0.0007423141011505246,0.0006965026602258314,-0.0005740412815924594,-0.0005065419122508467
0.3780242,0.0200002,1.3249258035163633e-05,1.2476094950306295e-05,0.02000017734464109,6.505213034913027e-19,-2.0549910788784895e-07,-1.8278558645673196e-07,-2.7741321064317953e-07,-1.0836936824953046e-08,-5.394925955198682e-07,-4.5856912044381e-07,-9.435235670110297e-08,1.3625971892814022e-08,1.4098535509973795e-08,1.5565895819391997e-08,3.074729372262083e-07,2.2393264106263998e-08,1.6252037132079357e-08,1.4472131361231406e-08,-3.828943138649824e-07,2.3075714122628512e-08,-4.4922240172454054e-10,-3.406785979710996e-09,5.833664539099514e-08,-4.9053554835182745e-08,2.1337907432223713e-09,-2.433782704912704e-10,1.6492685407720671e-07,-5.0471746318721626e-08,1.2043596180561383e-10,2.5076785376019938e-09,6.665916069539928e-08,9.170236143173493e-08,-2.219104846514757e-09,-1.737717139869379e-10,-3.68981584744933e-08,4.046823302961043e-09,4.764233081978714e-10,-1.3887218957625559e-09,3.234615105635553e-07,7.264244956651417e-08,20mV,2,7,1.546932623687859,1.3249258035163633e-05,1.2476094950306295e-05,-2.0549910788784895e-07,-1.8278558645673196e-07,0.0006624570275979918,0.0006237992161429097,-0.0005137386587994223,-0.0004569558622385621
0.3004808,0.0200002,1.1836227606692565e-05,1.1176414789041675e-05,0.020000224694569843,-1.1384122811097797e-18,-1.8397072692583206e-07,-1.6457059597473233e-07,-1.9072476276632245e-07,9.804210835017083e-08,-4.827381235829279e-07,-4.162629338625368e-07,1.7638053255183423e-07,1.1803629663323304e-07,1.2728249290441678e-08,1.3762624024918877e-08,2.5679775662318065e-07,3.4656129206980356e-08,1.488750885576623e-08,1.3538399253780355e-08,-3.3423206366212805e-07,1.2441414722206362e-08,-4.358349887012635e-10,-2.824676038448463e-09,1.354713572422809e-07,1.2027737266140431e-09,1.7355358076881554e-09,-3.574110045612955e-10,1.4798243616000463e-07,-5.208607930141268e-08,2.540043996513568e-10,1.995217893001348e-09,2.659143491725858e-07,-2.4696224982897565e-08,-1.8455148673972714e-09,-2.1250830955104513e-10,-1.1715839799809632e-07,-2.809516569053254e-08,4.699334800822848e-10,-1.2256406770605492e-09,2.2254811729550906e-07,9.29068176468011e-09,20mV,2,6,1.5467875728822231,1.1836227606692565e-05,1.1176414789041675e-05,-1.8397072692583206e-07,-1.6457059597473233e-07,0.0005918047315691487,0.0005588144613233333,-0.0004599164831828946,-0.0004114172455628004
0.238186,0.0200097,1.0556323424620942e-05,9.992578550445848e-06,0.020009716303861863,1.6263032587282567e-18,-1.6350197769803146e-07,-1.4756925382887932e-07,-2.7970206720438283e-08,2.2940701147139247e-07,-4.310682079210711e-07,-3.760628747760358e-07,-7.50615333660559e-08,-4.478089476868824e-08,1.0518973333838211e-08,1.2055062540679629e-08,3.491599775071053e-07,-2.2963384390346592e-08,1.3735193301567758e-08,1.1502396115817336e-08,-4.0873154008419794e-07,1.3827746891403436e-07,5.84983539886403e-10,-1.953352329275804e-09,2.278868495074365e-07,4.770864496471341e-08,1.0330658822885363e-09,5.764612404787582e-10,1.1022064359507191e-07,-1.943964768663876e-08,-5.43162934437063e-10,1.4240601781275846e-09,1.4215226364594726e-07,1.7521609139432834e-08,-1.3083841660732948e-09,-9.980926035565865e-10,6.238883298877368e-09,8.85982232298755e-08,1.04047391711101e-09,-6.600466799429604e-10,2.2252742758193356e-07,-2.7848273040103248e-08,20mV,2,5,1.6150210021722355,1.0556323424620942e-05,9.992578550445848e-06,-1.6350197769803146e-07,-1.4756925382887932e-07,0.0005275598746286861,0.0004993863180617551,-0.0004083580747520016,-0.00036856493869111235
0.1890121,0.0200014,9.422103512825041e-06,8.931566092478586e-06,0.02000137318263084,2.168404344971009e-18,-1.4669476630973316e-07,-1.3327373953795598e-07,-2.7124518500906897e-07,-1.386354941380326e-07,-3.845506983194665e-07,-3.3991396550703505e-07,2.9093495045399666e-08,-6.835884699672852e-08,9.613577408503247e-09,1.083102718914064e-08,1.787127165766898e-07,-1.0200011276443749e-07,1.214580339521228e-08,1.0609748129922456e-08,-3.661501093115579e-07,-1.5631552207117727e-08,2.0259625444989684e-10,-1.931128896076223e-09,1.5215272641944662e-07,-6.048189173514314e-08,1.0579960870126761e-09,3.934462708944623e-10,9.785499342268526e-08,-3.151943721276191e-08,-4.416168614858803e-10,1.3981981067040036e-09,2.399948981161006e-07,1.5613078756207054e-08,-1.1286768424936545e-09,-6.523806258214449e-10,-9.281379387786565e-08,5.412894955030127e-09,9.161884760790927e-10,-6.359008239322882e-10,2.182538205415488e-07,6.623070763657409e-08,20mV,2,4,1.6008527051271277,9.422103512825041e-06,8.931566092478586e-06,-1.4669476630973316e-07,-1.3327373953795598e-07,0.000471072832189701,0.00044654764505042794,-0.00036668656128405273,-0.00033313860126035777
0.1502404,0.0200014,8.422147469025425e-06,7.989403405487401e-06,0.02000135015423877,1.6805133673525319e-18,-1.315975224230978e-07,-1.2016058237242083e-07,-3.128453824223333e-07,-4.2722233607368424e-08,-3.4352023004225835e-07,-3.072238368986974e-07,1.1595071979555225e-07,-8.66259975721514e-08,8.701930958223368e-09,9.966297626830057e-09,3.989065135859969e-07,9.859981871054984e-08,1.0939420311243758e-08,9.853559440490409e-09,-3.1390177314782715e-07,-1.156236874470288e-08,9.907728978249283e-11,-1.653979260070955e-09,1.0260256387432486e-07,2.159385971595466e-08,1.008630924003732e-09,2.333882634415236e-10,-2.316025214217132e-08,-9.050225762238086e-08,-2.4107217260003073e-10,1.259178272363107e-09,2.389891005495793e-07,-6.561088294424034e-08,-1.1348453846400677e-09,-4.753967448150195e-10,-1.2725082257743353e-07,6.818920039978519e-08,5.881885901963858e-10,-5.617379496642763e-10,2.1486389267231037e-07,1.0776001098823918e-07,20mV,2,3,1.589674101749888,8.422147469025425e-06,7.989403405487401e-06,-1.315975224230978e-07,-1.2016058237242083e-07,0.0004210789473749885,0.00039944320477756614,-0.00032894939131712365,-0.00030036090120782734
0.1193355,0.0200012,7.51855347858665e-06,7.139627414299939e-06,0.020001163581956857,1.6534083130403943e-18,-1.1726371689014212e-07,-1.1220885649826246e-07,-3.2380339575378e-07,1.8475172966382497e-07,-3.041030396990871e-07,-2.766020625747476e-07,8.960788510293365e-08,4.050313687551874e-08,7.453603157770316e-09,1.0973125601439358e-08,2.0377034546321705e-07,-1.0677248087466301e-07,8.222337643483102e-09,8.777964232868574e-09,-2.6942753406444973e-07,1.1267519540488039e-08,2.685383495013429e-10,-2.9326870848267473e-09,1.0901568912766229e-07,-7.1018515427101e-08,2.042949973530667e-09,4.1399091836729695e-10,1.5350036954278332e-07,-2.499991313256296e-08,-4.914208199424903e-10,2.1871604881039693e-09,1.9498086421206706e-07,-3.063865238353004e-08,-1.8470869380479893e-09,-7.983417315935858e-10,-4.6952929909172863e-08,-2.8866332547430695e-08,8.544154820399709e-10,-1.295118342079951e-09,2.391132713545945e-07,1.6390388840504938e-08,20mV,2,2,1.5807498763258772,7.51855347858665e-06,7.139627414299939e-06,-1.1726371689014212e-07,-1.1220885649826246e-07,0.0003759058040687779,0.00035696060306914494,-0.00029312518371569585,-0.00028048950304377024
0.0946587,0.0200009,6.709278797126476e-06,6.374311631414192e-06,0.020000851008119484,-1.043544591017298e-18,-1.0426151542234087e-07,-1.0498270730810598e-07,-1.9893790086634745e-07,1.848917698026121e-08,-2.689298310412246e-07,-2.486934821016319e-07,-6.745208973328907e-08,9.210012412690561e-08,6.354676177614288e-09,1.2021225126081989e-08,2.0257249587092766e-07,1.096337101259303e-07,5.6506894903865225e-09,7.821672789857964e-09,-4.4841883987933334e-07,-3.151786989611656e-08,4.589371366213501e-10,-3.912934211009807e-09,1.315706788505309e-07,6.480826742030975e-08,2.9915543910822322e-09,6.278605545224527e-10,1.0806548646891725e-07,3.410672221414077e-08,-5.892717836206424e-10,2.8744887063071302e-09,1.2786506062026745e-07,2.4457250229267254e-08,-2.5629671114839794e-09,-7.17042014785419e-10,5.7762632570194556e-08,-6.55528781579482e-08,8.972221612990622e-10,-2.0076688434615715e-09,2.5781213918010364e-07,2.567523909438114e-09,20mV,2,1,1.5736525890833064,6.709278797126476e-06,6.374311631414192e-06,-1.0426151542234087e-07,-1.0498270730810598e-07,0.00033544966633683725,0.00031870202067034524,-0.0002606316081224983,-0.00026243443441166606
