Freq,Vmod,IHr1,IHi1,VHr1,VHi1,IHr2,IHi2,VHr2,VHi2,IHr3,IHi3,VHr3,VHi3,IHr4,IHi4,VHr4,VHi4,IHr5,IHi5,VHr5,VHi5,IHr6,IHi6,VHr6,VHi6,IHr7,IHi7,VHr7,VHi7,IHr8,IHi8,VHr8,VHi8,IHr9,IHi9,VHr9,VHi9,IHr10,IHi10,VHr10,VHi10,Modulation,File Number,Rank
1500059,0.0100416,-0.0017170530336488006,0.001110553184318606,-0.006020441927252429,0.008036678469147332,1.9566970460646497e-06,3.818376618407357e-06,2.5321051892552027e-05,3.5300096342047182e-06,2.109166945757999e-06,2.3615930180981405e-07,5.3010911502078986e-06,-6.444615397908019e-06,-1.9155931498451447e-07,-2.0907214024581403e-07,-1.204291236708339e-06,-1.6186116163098316e-06,-2.9059050357316695e-07,-2.720026550335947e-07,3.3498310923779667e-07,-9.287793433022368e-07,-1.1643374938626076e-07,-3.353721284528838e-07,-1.1280562868616643e-06,-3.4548795387036475e-06,-3.15352830623147e-07,-3.324041582242878e-07,1.0014661639034388e-06,-8.397163715904926e-07,-1.699327855382276e-07,1.4897635025254954e-07,-9.248744565885687e-07,-1.3114621082319249e-06,4.959920967120155e-07,-3.174634338795543e-07,2.501337205438823e-07,-7.630627924322685e-07,3.879264036539247e-07,2.6175855602658914e-07,6.216043130889467e-07,1.3357689038352125e-06,10mV,2,73
1191504,0.0127297,-0.0020816406045916216,-0.0017405521807254518,-0.011602517424925643,-0.005237165382625598,-5.54857852362319e-06,-4.756397957825136e-06,-3.859477200063825e-05,-2.0130446176904526e-06,-1.4970776382933936e-06,-1.0360437959888956e-06,-5.731984344993451e-06,2.61187567300781e-06,-3.935066914972667e-07,-2.5050937102138765e-09,-1.5291184143159092e-06,-1.4567858100179077e-07,-2.402261601705477e-07,-2.901386181458149e-07,-3.892401859562823e-06,1.6583863727515746e-06,-3.2938182916188813e-07,1.756400211458795e-07,-2.159990245655782e-06,7.483638102183531e-07,1.0152397201174763e-07,-4.196430154114399e-07,-3.240537795656475e-06,-4.93851883359146e-07,5.613480982447005e-08,1.2563022550276463e-07,-1.9611164634470655e-06,3.437679166251285e-07,1.0506634496607966e-07,3.6900765123784404e-08,8.721586516822005e-07,3.291361095554258e-06,-3.9168368182702014e-07,6.86088142601212e-08,-3.43609701482838e-06,4.795644593889681e-07,10mV,2,72
946464.9,0.0125644,-0.0024836087126092615,-0.0011904628797187594,-0.012240382984273188,-0.002835175575089139,-5.3231882371199785e-06,-2.4218407255639254e-06,-2.8223504258453682e-05,2.447252375512817e-06,-1.416423271064303e-06,1.545691229499969e-06,-3.5598407015360257e-06,5.696629005934123e-06,1.1106183707249965e-07,-3.5936989629570594e-07,2.17877276953105e-06,-2.441728103784797e-06,-3.3243376832075e-07,1.894363373594364e-07,-2.219652380318397e-06,1.2705824974445776e-06,-1.0371820169357368e-07,3.1670848690520314e-07,1.434100940593967e-06,-4.0732013295318044e-07,-2.2872970876280006e-07,4.352156059564243e-07,-1.0507164826693854e-06,3.2383280869652673e-06,-1.1034994627199665e-07,8.448405755599693e-08,-1.6837980227004663e-06,5.914064341148988e-07,-3.558087297689552e-08,8.971125604757083e-08,-2.408582473416678e-06,1.425262105829135e-06,-3.449049222321895e-07,-2.66689962912758e-07,-3.882458170452388e-06,1.601806781713195e-07,10mV,2,71
751816.4,0.0125862,-0.0026756069862252847,-0.0008574940304384333,-0.012484898299498805,-0.0015937534983880876,-4.176349426383047e-06,-9.171146225776536e-07,-1.9394613182732276e-05,1.9732698612487093e-06,-6.656316539069197e-07,9.289618652401305e-07,-1.2120252171275667e-06,-5.09780457974284e-07,2.3525343173185335e-07,2.7188719775447906e-07,1.4495689014324224e-06,1.8760426788355592e-06,1.815498870405152e-08,-1.735548295394211e-07,-9.813857676283902e-07,7.828859786156606e-07,-1.8001933231555e-07,-3.484694033219771e-07,-2.0086252003080367e-06,-1.1844038584874673e-06,-1.7181612025574412e-07,-2.3430679252853985e-07,-1.1435242477001199e-06,-4.5145033571072923e-07,-4.750911251144867e-08,2.7351464820555376e-08,1.9544873373734414e-06,-1.7302019052158337e-06,8.242032222093017e-08,3.9980855971372266e-07,1.146838810736932e-06,1.7213630704510017e-06,-2.2290193354604276e-09,-5.6045106700150463e-08,1.0915960934567328e-06,2.6969494576193167e-06,10mV,2,70
597246.1,0.012618,-0.0021882115402055446,-0.0018223765887065368,-0.01084347144095225,-0.006452442186092277,-2.046190248058572e-06,-2.3047261649299034e-06,-9.289615337838269e-06,-7.383741591671402e-06,-1.0192829345952141e-06,-1.252904827914914e-06,-5.844679488245057e-06,-6.392687243664631e-06,2.310719999754805e-07,-4.1801578593123437e-07,-1.4407300666675907e-06,-2.4616154820056687e-06,-2.4469816861981444e-07,2.5845559396040603e-07,-5.319394167297174e-07,-1.6175067619642276e-06,2.0583116050841933e-07,2.5524521868838455e-07,2.0891812355003685e-07,1.986528113395957e-06,-1.5751046618886378e-08,-1.7237020471006454e-07,1.3422985930177322e-07,7.922033257975735e-07,-1.2638914995276e-07,-2.0950844722689305e-07,1.2639533713709539e-06,-4.735862030103395e-07,-1.1064707475115991e-07,2.301767364992376e-07,-2.557737810073215e-06,5.902204834603274e-07,4.6797818332292284e-08,-8.964437921403143e-08,1.3191960886511528e-06,1.59872423808896e-06,10mV,2,69
474433.6,0.0125966,0.0003182919641533228,-0.002838564163367107,-0.0004105892864763881,-0.012589947850678832,2.2295960694288327e-06,-1.1147980347144164e-06,8.922803695097747e-06,-4.54095136043236e-06,2.5116466013376535e-07,3.692531498734373e-07,-7.228993482317417e-07,9.538194307347018e-07,-5.027061860848162e-07,9.167981922930727e-08,-1.1545727911561598e-06,2.618504799081434e-06,1.73321373816195e-07,-1.4485922101909085e-07,4.4301521472378103e-07,-2.2373300498480606e-06,1.7278562994401166e-07,-7.76002183615375e-08,-9.110552698900577e-07,4.4384871684210475e-07,-1.5678380348576006e-07,3.8666333416603023e-07,-1.7975980202976764e-06,2.0362465589481363e-06,2.1106861204832047e-07,-1.1794640547082718e-09,-5.275560175989682e-07,-1.7437540486190122e-07,2.8403330351744184e-07,3.3776126548981784e-09,-5.898707970599438e-07,-3.1988803674098226e-07,2.23853655079346e-07,9.241103393231489e-08,5.774611835355544e-08,2.8869844050632015e-06,10mV,2,68
376816.4,0.0126457,0.0019930268666568,-0.0020681260262361933,0.007450831662099513,-0.010217583607565398,1.2131300714731706e-06,1.994262093815185e-06,7.4864930458125726e-06,6.454559087018455e-06,-6.31392549192956e-08,-1.2727922061357855e-06,2.0837552958091075e-06,-4.605032912477391e-06,4.1955970939378136e-07,4.643182428176751e-07,2.209708691207961e-06,3.4829804041297393e-07,7.79712836935086e-08,-8.553697269881407e-07,-6.689244513131232e-07,-5.508803767181447e-06,-7.559886310282353e-08,-1.8195956703186518e-07,-1.023964754884711e-06,-2.1964504390607136e-06,1.1060851533449834e-07,-9.707101125139916e-08,7.384033273218643e-07,1.196557256289111e-06,7.717318110841811e-08,2.7164965407017417e-09,2.0307222872201163e-06,-2.8582581920774978e-06,1.642438905127127e-07,-2.2447624050309387e-07,-1.0683342690935174e-07,-3.5244853624766982e-06,1.3321372476012122e-07,-2.787366317846164e-08,-1.230345911886372e-07,2.5368881037173223e-07,10mV,2,67
299355.5,0.012696,-0.0006555487531489378,0.002804644030102719,-0.001186915192415025,0.012640395500099108,1.7346213225982493e-06,-5.069739069655807e-07,7.642277508542734e-06,-1.476085405726918e-06,1.94012423088059e-06,5.936932616394298e-08,8.390263900516629e-06,1.7887591855328447e-06,3.036970592187633e-07,-4.976796512394909e-07,-1.8020174376800924e-06,-1.7699413063185177e-07,5.165355374433068e-07,-5.47687900086522e-07,2.263846554142556e-06,-4.057025157057817e-06,-7.770826206799411e-08,-1.782765350707943e-08,-8.795685783218626e-07,-7.130854795069144e-07,1.7089489270237955e-07,2.643966167475878e-07,2.8571533377318936e-06,-7.180451706643307e-07,-2.1515502633097133e-07,3.808754441911492e-08,-2.8129591639077345e-06,-2.3950446931199924e-07,-1.5009866129681407e-07,-1.3723451069464324e-07,-1.6716446248988226e-06,-7.82093687564428e-07,3.4698094354757936e-07,1.721142099581881e-07,-4.387862742305473e-07,-5.721209805415122e-07,10mV,2,66
237832,0.0127068,0.0020502870479720717,0.0020137506196172936,0.010224401663732119,0.0075448359843865356,-1.25732424529733e-06,-1.1722504606858234e-06,-6.827999855832599e-06,-3.742141668560682e-06,-2.454986355932045e-06,-1.60424850981698e-06,-1.0736974530579483e-05,-7.0191396576220886e-06,-4.783220506773364e-07,3.355515567986099e-07,5.995945096701699e-07,4.1419365280805195e-07,3.7005317490508904e-07,8.077318326541684e-07,3.4383067235195875e-06,5.783564470117973e-07,1.9330244368557387e-07,1.9937174006228022e-07,1.3534465733648763e-06,8.371746541684307e-07,5.245898151373251e-07,6.592840447205558e-08,1.0043009991833894e-06,-1.8793572418723708e-06,1.5292896667394776e-07,-1.0701349607059828e-09,3.0637611003598384e-06,4.5942738408598996e-07,1.0483462386417612e-07,-1.0956793036617816e-07,-1.5103358904406413e-06,-1.856684525846232e-07,1.494741976206787e-07,-1.5059065293691152e-08,4.3818932142761744e-07,-8.10112793768945e-08,10mV,2,65
188847.7,0.0127588,-0.0027824928053277053,0.0007021625579899698,-0.011752777615927782,0.004965776695151855,-1.1446291020457238e-06,1.2738970604813895e-06,-3.77749700762001e-06,6.119788220300448e-06,-1.8837766592547869e-06,-4.2470601045017015e-06,-8.639960982623128e-06,-1.638719965399824e-05,5.49334133061472e-07,-3.3579915465745975e-07,3.0527125569037984e-06,-9.706902251357708e-07,5.416220287582871e-07,8.295641964650412e-07,4.867730815668613e-07,1.37112424289454e-06,-7.694168097738369e-09,3.145560096690975e-07,1.6031436554713758e-06,1.085820246394219e-07,-4.567597132685292e-07,-4.921849896079332e-07,-2.4163164538359054e-06,-1.1291611412072682e-06,-7.921313997796747e-08,-6.214725039655162e-08,9.815817687893004e-07,-1.1147980347144164e-06,-1.42583883979754e-07,2.0085091906017484e-07,-1.9975766568519967e-06,4.7044775375621684e-08,-1.2741633303786804e-07,-4.415593481525787e-09,-5.324073225450807e-07,-2.2063941281711494e-06,10mV,2,64
150058.6,0.0127987,-0.0023396804418617766,0.0016375676023173591,-0.00909180774007306,0.009008047627278477,-4.931419039566609e-07,1.9600116091014618e-06,-2.8339513964742103e-06,6.781595973317233e-06,-4.643702814573531e-06,-4.661380484103194e-06,-1.574859384223914e-05,-1.723130837403968e-05,1.192068233082922e-07,-4.5182664910084193e-07,-7.466558158854839e-07,-1.5722077337944643e-06,1.310357253886321e-06,1.3490271559824604e-06,2.746667903171496e-06,4.999465913858012e-06,3.3565961155361e-07,2.62207458347208e-07,2.045085393712968e-06,3.210173083676241e-07,-6.046571732525964e-07,-3.7151180361215543e-08,-1.2948892930478653e-06,-3.58984081158221e-07,-5.555698205026263e-08,-3.3621789445444363e-09,-3.015208276142271e-07,-3.2537960478037227e-06,8.14074249025108e-08,-1.641833444945736e-07,-1.7964931659520724e-06,-7.529274110928704e-07,1.387522491091994e-07,1.7312515168441573e-07,3.237223232619663e-06,-7.86595527081026e-07,10mV,2,63
119238.3,0.0128634,-0.0012431964727800918,0.0025527659655179974,-0.0032970632488319206,0.012433699349123516,2.1236515862288672e-07,2.039561121984948e-06,7.639373951322485e-07,6.1474095789405475e-06,-5.5750950279176866e-06,-4.686792134052086e-06,-2.263846554142556e-05,-1.732853555645283e-05,-7.473297770363024e-07,-8.046772418448771e-07,-3.859256229194704e-06,-6.018141620504881e-06,2.0163591807272646e-06,5.014760412564208e-07,8.327287202817203e-06,2.035141704602532e-06,-3.0986833365156887e-07,4.417907046525482e-08,-1.4495689014324224e-06,2.295887330165072e-06,-7.354129285500525e-07,-2.609894669166142e-07,-5.56515133880725e-06,-1.3048329821583011e-06,-3.0316197825918726e-09,-1.1234611976382972e-07,-3.535407952537339e-07,-2.2460484554892215e-07,6.72649246768458e-07,-1.1908075942745878e-07,3.0980115850735612e-06,1.25179997356931e-06,2.0262078523639786e-07,1.0166120597001509e-07,-4.161899036396892e-07,-3.2800407579291997e-07,10mV,2,62
94746.09,0.0126967,-0.002117620186356215,0.0017721874752031303,-0.007668696785654816,0.010119216215467583,-1.978563218418498e-07,8.284120543534453e-07,1.1634116259209915e-06,8.850555059730012e-07,7.873321334732402e-08,3.584147497139313e-06,4.04901938246957e-08,1.550994530358868e-05,-1.2165794267401463e-07,-2.799507562250006e-07,1.196557256289111e-06,-2.6881106228544846e-06,1.3633902624753119e-06,1.1755650237226352e-06,4.4956523322625975e-06,4.817164946833356e-06,-1.1328502498672399e-07,-1.0395341413520931e-07,9.244833381502249e-08,-3.4018200136103617e-07,4.910546131269458e-07,3.401142737896507e-08,2.261636845451348e-06,-5.760773534676854e-07,2.0850910647129427e-08,4.85129942184079e-09,1.8524142638004724e-07,-1.2308077410028343e-06,2.384986099157613e-07,-1.8326108545098663e-07,3.735512542487058e-06,9.934760782469e-09,-1.113970498809559e-07,3.8227993503528097e-07,6.433735897166857e-07,1.944543648263006e-06,10mV,2,61
75292.97,0.0123696,0.002491368104678438,-0.0008769007970189672,0.010211371011580067,-0.006981066376872576,-2.9832835098260443e-07,8.019759834553099e-07,3.802908657568901e-06,4.424941654143942e-06,7.778259666836635e-07,3.1855547191474926e-07,4.45477272147525e-06,-1.2031819629453525e-07,-4.024582214053501e-09,-6.233536289743415e-08,-2.2923009729592412e-07,3.642266150281119e-07,-1.5599018660931272e-07,-4.3669489543975346e-07,-1.6594912270971788e-06,-3.3963222583866363e-06,1.5180831291120167e-07,-1.4542004508491944e-07,-2.2933815205092418e-07,-1.7357261769438535e-06,-5.989893809450826e-08,4.014266189028597e-07,1.3169863799599449e-06,1.930180541770154e-06,1.4441805267889118e-07,-6.619402250528224e-08,-6.382738030282468e-08,6.840630550711544e-08,6.917675358793547e-08,2.3633773578662907e-07,5.082986273259599e-07,2.0936989849195433e-06,1.5115910049772477e-07,8.314123968143676e-09,-7.369319927898234e-07,-1.6263455967290595e-06,10mV,2,60
59824.22,0.0122507,-0.0024415424882547354,0.0007085894957183481,-0.0101585203039581,0.00684713372338977,-4.783992799960941e-07,8.009495737682438e-07,4.560838738653232e-06,2.657174701177573e-06,-5.767024800564282e-07,-5.65936779312863e-10,-2.809644600870923e-06,-1.5746936560720734e-07,-4.163237015009418e-08,-1.0992806868867122e-07,-5.323716357497176e-07,-4.396215441158239e-06,5.467514255431881e-07,1.0779292661724808e-07,3.1919242044498994e-06,2.327928106187587e-06,1.1213266190425904e-08,1.4528105440824246e-07,1.8893009309828069e-06,-1.6878296362075755e-07,1.8477705609858985e-07,4.298288885944321e-08,5.495657105323105e-07,3.170931971883424e-06,-3.4189264734433485e-07,3.432920558584768e-08,-8.648851745542203e-07,6.264918572575951e-07,7.509529258918415e-08,9.633528874266148e-08,6.460012648068356e-07,-1.2716089071316437e-07,-8.077590120710703e-08,-1.6292546782210348e-07,-1.2053960910539427e-06,-1.7920737485696566e-06,10mV,2,59
47519.53,0.0117813,-0.002059726923500912,-0.0011482320320667385,-0.011660389695548378,-0.001683305257662327,-9.328665309829296e-07,-7.060071196563679e-07,-3.970846518100706e-06,6.466712484820098e-06,-2.460747066490024e-08,-7.048016130798794e-07,-2.3544446104820826e-06,-2.457196064623253e-06,-1.86625808875089e-07,1.2702576702669701e-07,-7.876759641455921e-07,3.4057035766351596e-07,-3.38857281000657e-07,-1.6998195155660698e-07,-7.772652531032695e-07,-9.424184387424142e-07,1.3562197577723421e-07,4.785255648477967e-08,1.545691229499969e-06,-5.672203990915857e-07,-7.565087964541457e-08,1.341107560033171e-07,-8.080496992493986e-07,-5.186450358453684e-07,-1.9200854876143703e-09,-2.2040164816194093e-07,-1.370019388548936e-06,-2.2928666583841903e-07,1.2019909299607913e-07,-2.3614968957700728e-07,-3.9354735013718487e-07,-9.682920282932029e-08,-3.6538538626578136e-08,6.283449189660421e-08,-1.4429397753587987e-06,8.956205651674046e-07,10mV,2,58
37792.97,0.0112524,0.0021417093256534186,0.00017781525838150465,0.010594227349127449,-0.003791935244208362,-1.7788154964224089e-06,5.652575148611857e-07,-2.210651131964761e-07,8.397997880935856e-06,6.864452315257112e-07,-2.700058517747846e-07,3.0328251786829267e-06,2.3404052263124928e-07,1.1513466164669962e-07,-1.924441928299087e-08,2.614085381699018e-06,3.575382687615637e-07,-4.77251999243619e-07,-2.5096468149721105e-07,-1.828533941974588e-06,-1.3600756994385002e-06,-3.0951268103771895e-08,-1.7029550921988937e-08,5.568573072715586e-07,-1.3567611364016881e-06,-1.4813489318293755e-07,1.5192830009313425e-07,-8.072624905281557e-07,1.526908705624701e-06,-4.263176614841027e-08,1.2218053877948532e-07,-2.505809655829828e-06,-3.6897019667552807e-07,8.874144804863003e-08,-1.0430986224418806e-07,-5.921035972069749e-07,3.744957942287627e-07,1.5738959512345473e-07,-1.8468833629463788e-08,1.3386978727054086e-08,-1.1232302830800659e-07,10mV,2,57
29941.41,0.0107202,-0.0003213037970994392,0.0018976260084769328,0.003447707929146332,0.01015062059538703,2.1865067499502778e-06,-7.253657145874334e-08,3.950959139879834e-06,-9.780170667286436e-06,-7.324790983207356e-07,-9.814691841314833e-07,-2.5356407231611352e-06,-3.2814174064438223e-06,3.6932706462915816e-07,2.2106157766257021e-07,1.3180912343055488e-06,-3.5614405306284603e-07,-1.5408983713487387e-07,-4.363112900109598e-07,-1.1081689086407926e-06,-2.3544446104820826e-06,-8.436637951964665e-08,-7.270840945511514e-09,-4.423836799798338e-06,-1.0573456087430093e-06,-7.827869836662945e-08,-1.0387415188445567e-07,1.8373727767394199e-06,2.6383921773023055e-06,1.67652366168901e-08,4.5819966993715486e-09,-7.824667968769385e-07,3.1319449765900965e-07,-9.685171976088369e-08,-3.044652644452617e-07,-2.1412077217805145e-06,-2.7147210397683565e-07,9.095953153577766e-08,1.1678454064099002e-07,6.62318306209888e-07,-1.1501533737737438e-06,10mV,2,56
23847.66,0.0102539,0.0015860106791340948,-0.0006234085402353181,0.006047759450947488,-0.008280568436813338,-2.3500251930996667e-06,1.8572601549602913e-06,7.446718289370829e-06,7.076592083593496e-06,-1.0357206260928064e-06,-7.585431647607064e-07,-7.678737701947665e-06,-4.853625140238287e-06,3.769592879631559e-08,-1.1120336891417152e-07,2.53122130577872e-06,-4.398769864405275e-07,4.01943027823995e-07,-5.156773970730761e-07,-9.05190150596419e-08,-2.86709702684233e-06,1.0580877394069517e-07,2.975606981832788e-07,-7.672147245776137e-07,1.4937630752565817e-06,5.7421810457490305e-08,1.4098361294558122e-07,9.057996987388887e-07,5.410612046924585e-07,-1.3081210286908184e-07,7.859920556374571e-08,-1.0845920903036454e-07,-9.249182088206544e-07,9.516964531096236e-08,-2.8087828144813513e-10,2.6649086815968013e-06,2.701267228401937e-07,-2.9955860629643446e-08,6.80038844088161e-08,6.108746305970482e-07,-1.1004349282215647e-06,10mV,2,55
18925.78,0.0099718,0.0014922427956770307,-0.00019899973560411535,0.0071674972894411,-0.006932810758473976,-3.5896717688673327e-06,-7.557506454021922e-08,1.3313494864527967e-06,1.1193279375313928e-05,-9.226415459561029e-07,-1.1037494912583766e-06,-5.492230951997387e-06,-4.008411565851241e-06,-1.907850330591152e-07,4.76055662958199e-08,-3.6228173992354523e-06,-1.5861145354425818e-07,7.844577444077168e-07,-3.936000516894702e-07,3.5421630320063615e-06,-4.486813497497765e-06,-4.813035001289488e-09,1.4187777156747852e-07,-5.468493156382086e-08,1.92355141569653e-06,1.9087629402806207e-07,2.3183468093025096e-07,6.833325253778411e-07,3.048293139521382e-06,-9.488958683143868e-08,-7.633201130093597e-08,4.490553429457635e-07,-8.196205073546055e-07,-2.2853558585427747e-07,-3.540964265041381e-08,-8.168345066367304e-07,7.222380929058978e-07,-4.41614038442686e-08,1.6355567674083598e-08,3.318671990123243e-07,-4.3040009829110937e-07,10mV,2,54
15058.59,0.0098324,-0.0007349259087545102,-0.0011035229961175277,-0.009440894204547058,-0.002747107635201046,3.132262069787285e-06,-2.4947611123737882e-06,-6.556205686814021e-06,-9.670790087071641e-06,-8.371478062078324e-07,-1.1192174520968322e-06,-6.9340658730105816e-06,-5.835840653480226e-06,-3.862133269910657e-08,-3.449319911636568e-08,-1.8296387963201917e-06,-4.252707015062084e-07,2.9197311830125576e-07,8.977742577432906e-07,3.432782451791568e-06,3.6681164274052155e-06,3.4947879825212085e-07,2.1798975112548749e-07,2.6350776142654935e-06,-7.993085336087182e-08,1.8873983717996767e-08,1.7820571390724109e-09,-8.355901825514e-07,-3.004098965697223e-06,1.3626212838507717e-08,-8.768321855641053e-08,1.081968061232836e-07,-5.833676243817187e-07,-3.3259717627846486e-07,2.5254440224055565e-07,-4.836187224101619e-10,4.1961627793627625e-08,7.391905360431071e-09,5.752810849408086e-08,-2.1809139772528303e-07,1.8970349114020346e-06,10mV,2,53
11863.43,0.0097898,0.0002637121594804861,0.0011240158345197904,0.00816298762764547,0.0054042061014287724,4.078017389624293e-06,1.6031436554713758e-06,1.314776671268737e-06,-9.913858043104518e-06,-4.482123390800676e-07,1.4329960862483628e-06,2.660489264214385e-06,8.502959043768235e-06,-3.0806255970911373e-08,8.856072702331958e-08,-2.1489417021997424e-06,1.0507164826693854e-06,1.3943261841522235e-06,-4.262430838157744e-07,4.726566890493828e-06,-2.8814601333351815e-06,8.737804673761124e-08,2.9179821985834668e-08,3.3642814823641205e-06,-1.2772116235182016e-06,-2.2460871253913177e-07,-6.911245106502132e-08,-4.227172726280829e-06,7.751582958662027e-07,-1.425315138837724e-07,-2.522791267121761e-08,-1.6009339467801678e-06,-1.1711456063402194e-06,-1.2644317733026002e-07,1.411593952719668e-07,-4.474707608432982e-07,2.468244608079293e-06,-2.2845062255510052e-07,-1.3760574175476616e-07,8.627756761521587e-07,-3.573891134249071e-07,10mV,2,52
9432.87,0.0098004,0.0009971454100140855,0.0001200435295042181,0.00765046668895235,-0.006125222998826475,-7.179983248400771e-07,-4.313351365237941e-06,-7.625704693358674e-06,3.028405761300511e-06,-4.450542234185932e-07,-1.5246989969334931e-06,-5.168508628735421e-06,-5.547473669277586e-06,9.273694386718114e-08,-7.034336929145872e-09,1.191032984561091e-06,6.993382188263024e-07,1.2285980323116264e-06,-5.787691101098804e-07,5.302196004553503e-06,-4.801696985994899e-06,-4.229533800017386e-09,4.10369641432482e-08,-6.255505213551405e-07,-7.58247174281519e-07,1.0093708443190626e-07,2.7998898418535847e-07,6.544182661825158e-07,1.824114524592172e-06,-3.713374575964191e-08,6.195077414827285e-08,-5.773712483918223e-07,1.1037494912583766e-06,-2.3295898071233758e-07,9.197405299008506e-08,-7.311697354357603e-07,-8.057653024044278e-08,5.170670828689768e-08,-7.610539462610914e-08,2.6895624014646085e-07,-8.02549734316982e-07,10mV,2,51
7558.594,0.0098495,-0.0008256863786828404,0.0002932217141972228,-0.00392555080449398,0.009033462591790404,-3.028405761300511e-06,-3.036139741719739e-06,-1.6771688966268425e-06,5.636966871271509e-06,1.4584077361972545e-06,1.7746535101025184e-07,6.713095003889786e-06,-4.4956523322625975e-06,5.991469331747657e-08,-2.7127013660245923e-08,-5.914913974140757e-07,1.6130873445818116e-06,1.5235941425878892e-06,5.262490853935532e-07,8.963683305885095e-06,-9.987805944455791e-07,2.0106183575475065e-08,-2.7845699314974406e-08,2.642358604403024e-07,-4.577387247041688e-07,1.7731177625621288e-07,1.546081243083967e-07,-3.094284911365839e-07,1.0319662205410094e-06,1.5422286159808458e-07,-7.978197423780169e-08,1.2584290996429339e-06,4.001288569885133e-07,-8.221131692437225e-08,1.7131738900413848e-07,6.666065773814807e-07,-4.2413104424871783e-07,-1.9268858661115631e-07,3.4616677638030384e-08,-3.8528469691358555e-07,-1.3225106516879646e-06,10mV,2,50
5960.648,0.0098629,0.0004626721203281597,-0.0005935034476628551,-0.0016474814603604634,-0.009724329118950919,-3.694632931699711e-06,4.858720728480212e-07,2.684796059817673e-06,3.313458182466338e-06,4.741134395040618e-08,1.4694562796532943e-06,6.587141608490932e-06,6.086642589932329e-06,-1.3280095117660357e-07,1.5152955815980576e-08,5.661579711528529e-07,7.889362714976225e-07,7.718475998196003e-07,1.1280562868616643e-06,7.2379008180516775e-06,2.4837125689177482e-06,1.3708148836777708e-07,2.0220790116744562e-07,3.989339570137426e-08,1.9107052742201925e-07,3.3682169735431625e-07,5.3240489186552044e-08,1.4429397753587987e-06,-8.697831043537173e-07,8.275152440811188e-08,1.9287541748099792e-07,9.337029057225517e-07,7.997611924341121e-07,2.3141958715260752e-07,-2.19053504889435e-07,-3.920848544399089e-08,-1.5666834620664446e-06,9.34824553854209e-09,1.1632381637887316e-07,6.332111394458202e-07,1.2230737605836064e-06,10mV,2,49
4746.094,0.0099422,0.0002065845606866867,0.0006229809616035693,0.009061565666925188,0.004090801659257276,6.412809955861117e-07,3.1576737197361766e-06,3.952090510729733e-07,-3.036139741719739e-06,-6.841287939047179e-07,1.5755222968312762e-06,4.022774672344094e-06,8.219011476948012e-06,-1.3005483570060487e-07,2.2415627468460697e-07,1.6600469688330175e-07,-6.506215447092824e-08,9.810165253060893e-07,-1.0717087152358612e-06,1.933495104806966e-06,-8.694098845557722e-06,-2.141742471283787e-07,5.1802499158661546e-08,-5.761391148256047e-07,6.77024911918788e-07,-3.2267657862385216e-07,4.8905615258661734e-08,-1.3236155060335688e-06,2.098118402301959e-06,3.030082930197138e-07,1.046597033241801e-08,1.7832349138048245e-06,-1.7886177641766073e-07,3.0287228544976993e-07,8.570918634566336e-08,2.5964077121693543e-06,-3.84723872847757e-07,7.423642301508543e-08,9.211134219106981e-08,1.25179997356931e-06,1.0717087152358612e-06,10mV,2,48
3761.574,0.0099481,-0.000563612718196885,8.719179039202933e-05,-0.00566460038330941,0.00817780151471133,9.365892272150076e-07,-2.9875261505131635e-06,-1.979898987322333e-06,-9.507416379841527e-08,5.30316164725156e-07,1.2219689062380027e-06,8.657638652152791e-06,2.322403834459567e-06,2.759199161159336e-08,-1.5675419338929787e-07,-2.7878557683212667e-07,-1.7054498533112677e-07,-3.8712008095250286e-07,1.2683727887533697e-06,3.033930033028531e-06,7.790327990853666e-06,-4.181886956363214e-08,1.0505151782076164e-07,5.393016136616496e-07,-1.2451708474956862e-06,-4.0993443930574864e-07,-4.6798149788595963e-08,-2.2759999519441997e-06,3.945401722521447e-07,8.766487797427351e-08,3.884383931576776e-08,3.777730131886932e-07,-3.8477535906026214e-07,-2.888000871061157e-07,-1.1974057844265348e-07,-1.996471802506393e-06,-1.0083037759920782e-06,-5.810370446251017e-08,1.074128567223603e-07,-7.978318957758184e-07,1.0357181954132461e-06,10mV,2,47
2993.223,0.0102579,6.889982184620983e-05,0.000511525464927731,0.008173234046846603,0.006198572069122431,-1.5777320055224843e-06,2.512438781903452e-06,5.800485314420898e-06,9.699126286473346e-07,-1.352341719019272e-06,4.4242676929931233e-07,-9.330496053479961e-07,1.1118149279812855e-05,-9.819533313057269e-08,7.378865869444252e-08,4.5605746784646326e-07,4.4674531347997465e-07,1.3324543407984007e-06,1.5350868374908618e-08,8.94048136462741e-06,-5.3309222175392064e-06,-6.827544655842211e-08,-9.526709346424465e-08,3.24585214505883e-07,6.596139542281531e-07,-1.1417399079319694e-07,-2.791595700281136e-08,-3.141100904552117e-06,-4.289106441478007e-07,-5.934835602846343e-08,1.3320731660491672e-07,-1.2252834692748146e-06,7.214766272909076e-07,-9.196584392229722e-08,1.3647558624464786e-07,-1.3026232734670932e-06,6.083252896800015e-07,4.327936547454258e-08,9.836044256397975e-09,1.3798570116421936e-08,1.1471017660711856e-07,10mV,2,46
2372.685,0.0098716,0.00025562131110762814,0.0003569519225603516,0.009696867964190932,0.0018493847531848263,2.9913710436358656e-07,2.2682659715249722e-06,1.7213630704510017e-06,-8.440071839270801e-07,-1.0599738362603322e-07,1.1501533737737438e-06,9.51721533303269e-06,3.31124847377513e-06,3.073019779775999e-08,3.848658466311671e-08,1.7639607297457635e-07,-2.924220206218747e-07,-4.3464671645387285e-07,-1.1623067715753875e-06,-9.050966799187809e-06,-4.628234853735075e-06,3.755054101297756e-08,1.1524525756669456e-07,-1.6558794582413995e-08,8.804457221868377e-07,1.5715790716718156e-07,2.2164681900943661e-07,1.1832990041418631e-06,5.793365633017826e-07,-9.765399869540056e-08,-1.1223364559144725e-07,-3.7973335625409837e-07,-3.43575009056386e-07,-2.270113287990822e-08,-1.37746279227527e-07,6.314387321046023e-07,-1.0739184239270691e-06,-4.852795394624738e-08,1.3296844709539712e-07,4.432365170492056e-07,5.242683025227544e-07,10mV,2,45
1886.433,0.0099152,0.00029171579772416457,-0.0002649518060562538,0.0009992656255032994,-0.009864742848025038,-2.6177722806502985e-07,-1.8561553006146873e-06,-1.7755009333855968e-06,8.23774870179511e-07,-9.292782955247115e-07,-9.585071067522303e-08,-2.011939763344849e-06,9.790114356396873e-06,3.467326827761222e-08,-5.4939114354570516e-08,-1.7220944840277914e-07,-1.1567824998473676e-06,-7.412505369704857e-07,6.232483363552054e-07,-8.952913185724147e-07,1.0160240562174206e-05,-6.06259764480895e-09,2.043296634527435e-08,-7.563796389811445e-07,1.5516950080139809e-07,-9.770190517982595e-08,1.6654265046417634e-07,1.2065009453995469e-06,1.9633261721382734e-06,-1.806855594859492e-07,-1.1524194300365775e-07,-2.562157227455631e-06,9.517408682543169e-07,-6.044752037418754e-08,2.0231750271852954e-07,1.2358514010905166e-07,1.7036854009213381e-06,-8.659218593867005e-08,2.2822037090947664e-08,-3.0583219024164297e-07,1.0424811193481227e-06,10mV,2,44
1506.696,0.0099534,0.0002839597202180247,-0.00021659012164047632,0.00211033035738392,-0.009727115561610534,4.349596112045479e-07,-1.5280135599703052e-06,-1.2583351870235574e-07,4.56299320462716e-08,-7.972219056916105e-07,-5.466351948660306e-07,-4.791753296884464e-06,6.71972412996341e-06,2.5799962057197527e-09,-5.675445633565859e-11,5.875502714778717e-07,-2.5657513186418807e-07,-8.492373434283003e-07,3.572209545935062e-08,-6.666691121374419e-06,7.214698876793994e-06,6.777579827770963e-08,-1.0342558102014046e-07,-4.851519287855566e-07,-1.367809679857728e-06,-1.9733538301789754e-07,-5.536910156879267e-08,-5.191287410778738e-07,1.7732912246943889e-06,-4.053763627029593e-09,-2.1603040242899335e-07,-6.494587959959687e-07,-1.474980551381314e-06,-3.0220782604632366e-07,-5.8465533212152023e-08,-1.7843397681504287e-06,1.4948679296021859e-06,7.343301712913605e-08,-1.4652048001314101e-07,7.823714479469128e-07,-4.7416249503700656e-07,10mV,2,43
1185.994,0.0099439,0.00023313421061155033,0.00022268118364779108,0.009909550216011009,0.0008254322621833515,-3.4232917529628296e-07,1.373333951585748e-06,-2.2527980106865164e-06,3.5716261828405835e-07,-3.2084108409950024e-07,7.253790833250154e-07,7.324079457008787e-06,2.5389552861979473e-06,3.9557365300702264e-08,6.084912388027113e-08,-8.727876452611528e-07,1.6811916712991865e-07,-4.889256692884015e-07,-5.241295328169466e-07,-1.0054174544996223e-05,-3.631102701973136e-07,1.805852387113684e-09,2.234477315927711e-08,1.6108776358906037e-06,3.3309878015136903e-07,8.39904749256418e-08,1.2756825051038857e-07,1.4882388035285617e-06,2.0785823677629896e-07,-1.2400365893516644e-07,-1.3931207880611696e-07,-1.870518407107539e-06,-1.6694349162076144e-06,-9.189237110831456e-08,-1.7129694919874485e-07,-8.020764147153253e-07,-3.29381608191019e-07,3.1709176087769315e-08,9.639187938224333e-08,9.178823858624138e-07,7.491973123366767e-08,10mV,2,42
948.6607,0.0099801,0.00020565316847334254,0.00021283251201107718,0.009876865309905005,0.0014317873755942722,-6.019812160275436e-07,1.087176676074317e-06,-1.3490271559824604e-06,3.528255125503899e-07,-4.910739480779938e-07,5.154187506707703e-07,7.622390130321862e-06,2.219652380318397e-06,7.481618428439768e-08,1.9081873111665612e-08,9.731127287739421e-07,4.4685845056496456e-08,-2.4801726155944333e-07,-5.228774013870736e-07,-8.528370693717125e-06,-8.980078239519512e-07,5.171407766538286e-09,1.4939442713692608e-08,1.189928130215487e-06,1.3534465733648763e-06,1.1981073669359934e-07,1.399606283069865e-07,2.157780536964574e-06,2.595180218991388e-07,3.299764617706922e-08,-8.448230083758741e-08,-1.0573456087430093e-06,-6.260186481413729e-07,-6.545043343360384e-08,-1.592259735312831e-07,-6.664959814614858e-07,-1.6175067619642276e-06,6.3770778614699385e-09,2.477905454477254e-07,9.55404012837167e-08,7.284736698616176e-07,10mV,2,41
752.3148,0.0099924,0.00026763439240738024,-4.324731364997661e-05,0.0069512673503172905,-0.007178309394067181,8.288396329851942e-07,2.8635371861407936e-07,-2.872264430616719e-07,2.0152543263816605e-06,6.182498648102585e-07,-1.0960329675378093e-07,-6.987098881599573e-06,-4.359755247753307e-06,-1.2180665606893292e-08,-5.505294749779809e-08,-1.0123682036732514e-06,-4.534877976094575e-07,4.4137086000121865e-07,-1.4316824144314395e-07,2.746667903171496e-06,-7.2345862550148645e-06,-8.301214849969639e-08,2.5199772031035076e-08,1.081652404346297e-06,-8.09533960577283e-08,1.7965351504172054e-08,5.1839799041369134e-08,1.999786365543205e-06,1.936519091150884e-07,-1.4287976397350677e-08,5.230878761399112e-08,-2.568998485563611e-07,9.099284289429763e-07,-7.83145508901443e-08,1.2878922504771552e-08,3.5523332162576466e-07,1.3468174472912523e-06,-9.071162431771103e-08,-3.950345945718024e-08,-1.1810892954506552e-06,7.406261837797848e-08,10mV,2,40
599.564,0.0099779,3.189493524889571e-05,-0.00024666315207347105,-0.004783888943652455,-0.008756265685021823,-4.4917621401117256e-07,-8.768254459525972e-07,4.2731821757948164e-07,-3.0604465373230263e-06,-5.505367670166619e-07,4.2736031253004913e-07,7.854409542898698e-06,-1.2683727887533697e-06,1.3666087031840563e-12,5.8316477312386585e-08,5.003652206973506e-07,-2.883190335240397e-08,3.574536369186904e-07,-3.4457114573438253e-07,6.853493265003066e-07,-8.708461952050575e-06,3.825618938642791e-08,1.1412073681373883e-08,-2.0057824100767977e-07,-3.271551057137579e-07,-3.306235749609125e-08,-7.357338887374504e-08,-2.821797998672566e-06,7.831740141435595e-07,1.3076194248179143e-07,-7.100592834543052e-08,-8.592978156430665e-08,-2.6494407207583455e-06,-2.0850048860739856e-07,1.4354035638674338e-07,-8.969840659153146e-07,1.586570840287316e-06,-1.0208839790274289e-07,2.7470523924837657e-08,-1.7534038464735172e-06,2.7016793390728474e-07,10mV,2,39
474.0168,0.009999,0.00017462001961401793,0.00014795767454590266,0.009963407445941819,0.0008430823103543751,-6.704726837076182e-07,4.943196786890746e-07,-2.859363046423102e-06,1.0056180960487841e-07,-5.171334846151476e-07,2.0595589856403802e-07,8.159349342285396e-06,-3.9905747972958107e-07,2.553153769393304e-08,-2.4996401491639757e-08,8.376326162946835e-07,7.608452392752068e-07,-3.9217379521473005e-07,-1.1541186960201165e-07,-8.10189691631399e-06,2.8472096486214578e-06,3.4160383841839394e-08,2.343460148578088e-08,-4.103556097822928e-08,-5.4437974520491455e-08,1.117201092916105e-07,-5.745384018496936e-09,6.232197206276543e-07,-8.964734022367764e-07,-1.30853534907042e-07,-2.3886707884002027e-09,-1.3954310384978275e-06,8.310728750739635e-07,-1.284006477743666e-07,-2.440570216430604e-08,-1.823009670246568e-06,5.651958639887009e-07,3.2474232479382794e-08,-4.175135191457228e-08,-7.205250162430388e-07,-1.1203223064424363e-06,10mV,2,38
377.1552,0.0099885,0.00018673806207660236,9.687583873124823e-05,0.00989698802210149,-0.0013492934258797508,-4.6216687043591496e-07,6.734498242272826e-07,-1.758928118201537e-06,2.2329106324656448e-06,-4.4108260350245057e-07,3.4841858002207927e-07,4.816060092487751e-06,-7.19149693553631e-06,5.040615109105687e-09,-2.6267503270626766e-08,7.519266340266224e-07,1.2766503575106347e-07,-2.448685371599065e-07,2.6972676556708505e-07,3.928359344240505e-07,8.109630896733217e-06,5.180667550808793e-08,-3.112716091559205e-08,6.961998800576142e-07,4.0622931025776567e-07,5.08325254315689e-08,-1.1782144644433937e-07,-6.800604992333349e-07,-2.1146912174860187e-06,3.486683875896203e-08,3.763704005969489e-08,1.525803851279097e-06,1.4937630752565817e-06,3.629358136961428e-08,7.960360655224738e-08,1.2838407495918255e-06,8.259150835323804e-07,4.9146451408916495e-09,-1.0276172928658431e-08,-1.0491849335755093e-06,9.301530087101263e-07,10mV,2,37
298.2954,0.009977,-0.00017389744487199293,8.339109144315164e-05,-0.004878833496987587,0.008702713394890397,6.031933517301057e-07,3.5488540299233395e-07,2.006415491616829e-06,8.80387827819128e-07,-5.705098819347524e-07,1.4962821431645588e-07,6.1584581223965875e-06,-5.250267850310116e-06,2.670871580500026e-08,-2.0307156580940427e-08,4.5904764564740587e-07,7.574650478902659e-07,2.8886217992033864e-07,1.592281832399743e-07,8.311819241978745e-06,-2.161095100001386e-06,1.3784262252646366e-09,-2.8044252689422897e-08,-4.860548157567841e-07,-5.878925553541398e-07,5.639109183847635e-09,5.2134187481755315e-08,6.910087219147939e-07,5.928598700065408e-07,1.5175782106760753e-09,-4.518169263826006e-09,-2.2845062255510052e-07,-1.1788795867594473e-06,-2.035298593919608e-08,6.8336423469756e-08,1.3446077386000444e-06,1.2241786149292104e-06,1.3529748005593033e-08,-9.838858320416228e-09,1.0661844435078412e-06,-1.082757258691901e-06,10mV,2,36
236.7424,0.0099976,0.00011324315100702558,0.00013671246701634537,0.009649478551599287,0.0026153979486615957,-7.03888892904976e-07,-1.4763251591199142e-07,-2.690320331545693e-06,6.983350110804939e-07,-4.2539654441617264e-07,-4.0633360850799067e-07,7.678737701947665e-06,2.013705320589124e-07,-1.85648896662706e-08,-1.5339775637278755e-08,9.384362122245538e-07,-3.9295570063511394e-07,-1.9002776589063824e-07,-1.2824221166120698e-07,-7.780384301743231e-06,5.108042160109206e-07,3.7291065969912464e-08,4.733127515598026e-08,8.092855893203912e-07,8.266071642944668e-07,9.281986318581873e-08,2.5041567937288044e-08,2.1069572370667908e-06,-5.473226352398653e-07,-3.297417907076859e-08,2.124834885233009e-09,-1.6617009357883867e-06,1.194347547597903e-06,-1.3080613665561559e-08,-1.1645275288100517e-08,-1.372229097240144e-06,-5.9032356637077226e-08,3.078036923359387e-08,2.2424598885747e-08,3.322459430819973e-07,-2.126790477424728e-07,10mV,2,35
189.0121,0.0099758,9.524286400844554e-05,0.00013201683604752845,0.00944556331901158,0.0032089080254505244,-6.2047250029731e-07,-2.6790640754726795e-07,-2.102537819684375e-06,-8.986149414148606e-07,-3.2417354577671097e-07,-5.168419135533428e-07,6.359541613296512e-06,-9.852238106541492e-07,-1.9301739126440806e-08,-7.96588161238972e-09,1.3689145342033319e-06,4.298238062644423e-07,-1.900052268619879e-07,-1.5553421322088197e-07,-8.133937692336504e-06,1.1711456063402194e-06,1.8580269238761404e-08,-2.3247781664482703e-08,3.2960799284643327e-07,-1.595409675052148e-06,6.361395558888436e-08,-6.0011810014455156e-09,1.3932213298066196e-06,-1.2374468107655688e-07,-1.8541577239578355e-08,3.386472481895577e-08,-5.022225913377454e-07,9.503209094493466e-07,-4.868624642834206e-08,2.2339547198222404e-08,-2.098118402301959e-06,9.122591191850279e-07,-2.346321721333202e-08,-1.8680092828886724e-08,-7.300172618678609e-07,-7.304905814695175e-07,10mV,2,34
149.6011,0.0099617,-7.389928776006785e-05,0.0001290315196057065,0.001033613337399436,0.00990788851507522,6.17600320940478e-07,-2.0773736571088987e-07,1.6141921989274155e-06,-8.011169592016027e-07,6.713905966979459e-09,6.331286068262036e-07,-8.264310505117775e-06,5.429608912542899e-07,-1.0415889494640473e-08,-1.3595740955655957e-08,3.36194692513186e-07,2.731532503491067e-07,-1.9477819763499712e-07,1.882496133068232e-07,-2.7566115922819317e-06,8.626702730475881e-06,3.750379462561506e-08,-4.908496626458363e-08,2.1401028674349103e-06,4.165808011071639e-08,-2.0748247581335905e-08,1.5947754886577715e-08,1.4672465709620863e-06,6.0834075764084e-07,4.8492167713993266e-08,-6.998934081349683e-08,-8.319527810748025e-08,-1.0915960934567328e-06,1.0295304586506911e-07,-3.9792434111272965e-11,1.481609677454938e-06,-2.470159320660224e-07,-2.1163462892957337e-08,-2.9252653984296877e-09,1.2812233496470897e-07,-1.916081495465902e-07,10mV,2,33
119.1737,0.0098874,-2.7886523683044473e-05,-0.00013223891177099482,-0.0073556528796431125,-0.006607146101272437,-1.2797306914261786e-07,-6.671000053322274e-07,-1.882671804909183e-06,-7.408009717372595e-07,-5.586168983023675e-07,4.0082182163407605e-07,-7.074382374902288e-06,-3.4581941017404596e-06,-3.827452996856494e-08,6.55410204413999e-08,9.191944003978186e-07,1.0153572766198486e-06,6.901895829029631e-08,1.2484964590759542e-07,7.020244511967693e-06,3.483605751689351e-06,2.5497132529610933e-08,3.778479223133252e-08,1.1357902672808922e-06,1.933445386361414e-07,-4.318114392321838e-08,-5.781221074050948e-08,-7.6451887997434e-07,-8.627448507159162e-07,2.0531563547076053e-08,3.288052056789174e-08,-1.0033852959017529e-06,4.037186392428152e-07,1.5376213733596773e-08,-2.2772683247329534e-08,1.5136504534774534e-06,2.3738469576452342e-07,-8.712773093707121e-09,2.186339916944091e-08,7.87903453655352e-07,5.264342589818765e-07,10mV,2,32
94.69697,0.010064,2.9567007142708124e-05,-4.939361837457155e-05,1.5523203555735927e-06,-0.00503202376171427,2.550127573340695e-07,1.1005057493851178e-07,4.1631331587009316e-07,-1.297442611440556e-07,4.161668121838661e-08,-3.123269660268414e-07,3.0611768460454706e-07,1.2363320127308543e-06,7.76732050396081e-09,8.715344089769342e-10,1.489044242346507e-07,-3.527702698331097e-07,1.5734805260006e-08,2.8336508760922062e-08,2.0123806002287447e-07,-1.9975313578238272e-07,2.22722173744013e-08,2.0649296826143613e-08,2.5875136346872424e-07,5.686396949839486e-07,7.0142385237449895e-09,1.1136611395927898e-08,6.204543806860421e-07,-5.028862773431497e-08,6.598829862613077e-09,2.272163897656263e-08,2.0354422249845365e-08,4.764022557664149e-07,6.139046936398671e-09,5.536733380183971e-09,-6.127918843429748e-07,-3.2832558840749073e-07,-3.0009678084817815e-08,-1.8978337210939064e-08,3.4689156083102005e-07,-4.2504166520036464e-07,10mV,2,31
75,0.0100009,2.6965075158810748e-05,-4.4240577706674595e-05,1.5931999663609401e-06,-0.005000429346847379,2.5827727046902555e-07,8.741660615427283e-08,2.2791045926553472e-07,-3.7169023758897046e-07,5.702792988328248e-08,-3.08184646114303e-07,3.4553137464614697e-07,3.4376349720774604e-07,1.5705261454804552e-08,-2.6651782660571286e-08,3.360738214477769e-07,6.142342716911608e-08,-1.0040151733641816e-09,1.449771089777668e-09,-5.479863212452696e-07,3.55023620270969e-07,-3.1408280055287524e-08,-2.1900544372540117e-08,1.0650156180956269e-07,-5.822865244045453e-07,-5.767008227749097e-09,4.875617265987534e-09,-7.84002544417328e-08,4.084519457448172e-07,5.397633322926775e-08,1.8334173981821574e-08,4.69870909302377e-07,-5.006875067099632e-07,-2.3682199344630727e-08,-9.147756459280099e-09,-3.556251029767158e-07,-2.1167705533644457e-07,-4.227845582577303e-09,2.3933410077190706e-08,-1.6287718568720058e-07,1.3712899710463806e-07,10mV,2,30
54.50581,0.0099994,5.2118189190830975e-05,-7.764142942862853e-05,1.6572815184059707e-06,-0.009999392551978141,4.996794376050342e-07,2.555348010123674e-07,4.700490118228883e-09,-5.065842248378862e-08,1.7588375201451975e-07,-6.166861644549252e-07,1.082757258691901e-06,-1.4827973958764621e-07,-1.6782914286419762e-08,2.1579937738532753e-08,-2.2682361404576407e-07,-4.616593003495446e-07,1.665477327941661e-08,3.573425990569572e-08,1.1700407519946155e-06,2.362232728764245e-07,3.122684087465244e-08,2.7457917536754317e-08,9.211996005496552e-07,3.15922604009175e-07,7.363447627051349e-09,2.8058704184263397e-08,9.20528843476439e-07,4.650344094044956e-08,-2.549448087918148e-09,2.4610000781351677e-08,1.0683941521990493e-06,-2.8143523852375414e-07,3.090139497861133e-08,4.103077695891282e-08,-6.048546107241558e-07,5.158551681372838e-07,-3.230574219167818e-08,2.5786692756506823e-08,6.261459273619865e-07,-1.264842779119165e-07,10mV,2,29
45.95588,0.0100002,5.3313641592774476e-05,-7.531571103113215e-05,-0.0005050333407929619,-0.009987424769706559,4.840290653141192e-07,1.3324963252635333e-07,1.3821727863505798e-06,-1.7358698080087819e-07,8.820564893372937e-08,-5.924915115677164e-07,4.2656061895470094e-07,2.5108345333936346e-07,-4.651534022175172e-09,2.9220248606340316e-08,-6.847487276780363e-07,-3.629313942787604e-07,-1.2762758118874748e-08,3.098797136513286e-08,-3.360223352352717e-07,1.1689358976490115e-06,-8.642031479666791e-09,2.39464805040992e-08,-5.615495131919041e-07,4.783419380555573e-07,-6.149176241039169e-09,2.2771313227940986e-08,2.657162547779772e-07,-1.6361036703094339e-07,2.499125287038924e-09,2.0047924605831363e-08,8.594108422426217e-07,7.213731024387244e-07,-8.594200125336903e-09,1.6884826051258274e-08,-2.5949227879288627e-07,-2.0877338763076274e-07,-1.0955618576448437e-08,2.0269934038037028e-08,-2.790801310006647e-07,9.782363803162462e-07,10mV,2,28
37.5,0.0099986,5.024767078372343e-05,-6.794301798291679e-05,-0.0003657609262578522,-0.009991869598738923,4.535349748900148e-07,1.5698278775340335e-07,4.6394203991299696e-07,-1.1409996555204148e-07,1.3169653877273784e-07,-5.577925664751123e-07,5.855926905483306e-07,5.177391657674077e-07,2.4671298100445783e-10,2.4843069805556833e-08,2.9892906029030934e-07,-9.198787471794858e-08,-7.54062538447544e-09,2.5721517398659645e-08,-7.082685355309501e-07,9.0086829185272e-08,-6.526279602008991e-09,1.8755753254473685e-08,-6.444218755197947e-07,4.27064543021731e-07,-1.4594573478255782e-09,2.327529253768824e-08,-6.231182949987279e-07,-9.750543998009066e-08,4.972767108596492e-09,1.6455313924404726e-08,3.862440419418735e-07,-3.19050667632449e-07,-6.837946859506073e-09,1.189783394296213e-08,1.4256200786371105e-07,-1.6232100200962353e-08,-4.31928774763687e-09,9.965590638128733e-09,-5.91234187322419e-07,-1.0131174054050054e-06,10mV,2,27
30.04808,0.0100002,4.6719870858209924e-05,-6.072389968874038e-05,-0.0002448047870641652,-0.009997228142315103,4.21030822954953e-07,1.9930721656849695e-07,3.0368037591814466e-07,1.1070640542951884e-06,1.679276958718255e-07,-5.114911039575826e-07,4.7454819968905696e-07,7.274545522132324e-07,-5.583119585029807e-09,3.464255332680442e-08,-1.0259301802801057e-06,4.85158336940761e-07,-9.837733578692404e-09,3.604916549127976e-08,6.439201611614559e-07,9.907526122849861e-08,-7.825562900789324e-09,2.3847297729494335e-08,1.4385203579763826e-06,2.3185721995890123e-07,2.2608932784767566e-09,1.0200807499181746e-08,-1.1766698780682394e-06,-1.193242693252299e-06,6.793249976954663e-09,1.2955687784704117e-08,1.7522989921279133e-06,-5.871973809998859e-07,-5.33266788740526e-09,2.3646766665767213e-08,6.814295242529727e-07,2.7454172080522723e-07,-4.503659211705189e-09,9.101491788412278e-09,-9.447362021886223e-07,-2.671060510593124e-08,10mV,2,26
23.91582,0.0099995,4.3481542771244656e-05,-5.40969833238077e-05,-0.00014509389208209716,-0.009998479942288672,3.8232158804411023e-07,2.011422691511106e-07,6.316624651095871e-09,4.1334302544737144e-07,1.8793583467267164e-07,-4.715613364511511e-07,8.044512991312011e-07,2.872694218957159e-07,-7.717721382677955e-10,2.991455012566132e-08,4.356619671120483e-08,-2.013255644870463e-08,-7.969660214251685e-09,2.524024284571455e-08,-3.0952361909574043e-07,5.950110214174317e-07,-5.309315685956575e-09,1.856588403518164e-08,2.467001646940488e-07,-2.0120911283901964e-07,1.4739276251899535e-10,7.987906883769335e-09,6.534588106687933e-07,-3.278689521064526e-07,1.3885544250507884e-09,1.8447200581376863e-08,3.999268896141369e-07,5.723011822852801e-07,-5.755874610508446e-09,2.3188616714275607e-08,9.477382019310629e-08,9.686176288688522e-07,-9.067810303686542e-09,1.0604962113949338e-08,-7.609469963604368e-08,7.61209620238387e-07,10mV,2,25
18.8253,0.010001,3.9880822458921285e-05,-4.794294461879353e-05,-6.201436956440582e-05,-0.010000793507288367,3.4974562057658423e-07,2.0953838877965893e-07,7.908521994183344e-07,4.627076966380882e-07,2.0928946509559435e-07,-4.281966872696714e-07,6.827073987890983e-07,-4.929035868743141e-07,-5.171408871392632e-10,2.8052925796035885e-08,1.1444269137004783e-07,-2.691284869389405e-07,-2.418133939234424e-09,2.0771129114833364e-08,-1.4921179471359775e-07,5.939408594982797e-08,-5.231056642948754e-09,1.761004139516927e-08,2.178213713232174e-08,1.3188370109888315e-07,-4.072092055768818e-10,1.2428959523980876e-08,3.1216234272934644e-07,1.0412173869476209e-07,1.9565412616019194e-09,1.7598075822606377e-08,7.816904157282825e-07,3.430855585812834e-07,-3.6552371402985096e-09,1.8021444959298365e-08,-4.783001745612935e-08,-8.309559814841986e-08,-7.059096715030856e-09,6.349444349432037e-09,-5.895022176502503e-07,-4.222403070070858e-08,10mV,2,24
15.02404,0.0099992,3.656184000472693e-05,-4.279100880524217e-05,7.162822650704849e-07,-0.009999203621885042,3.1804955910989724e-07,2.087963686011513e-07,6.144317091627203e-07,8.171097258542204e-08,2.148917395404139e-07,-3.887189156760264e-07,1.3534056937540889e-07,-3.996862523376643e-07,-1.320063399312452e-09,2.45407264138823e-08,6.141184829557416e-08,2.559643683819382e-07,-1.0447722558046016e-09,1.644017741986995e-08,2.565493887579355e-08,-7.858177096217208e-08,-5.955158293679382e-09,1.352088707374129e-08,-2.0262973455659723e-07,-4.925378800859191e-07,-4.2047342393759585e-09,1.3035612948065109e-08,-6.288985614786242e-07,-2.0440413063563724e-07,2.0764002804304218e-09,1.5853941704092477e-08,6.710446668023373e-07,1.5285206881149375e-07,-7.117578865252367e-09,1.3517682996139037e-08,9.394163285145391e-08,-1.4139285099519295e-07,-7.030116385545664e-09,8.185583003867418e-09,-1.930635741760543e-07,8.284445370712063e-08,10mV,2,23
11.95791,0.0099984,3.3448360458814905e-05,-3.816719336888951e-05,4.623815436352659e-05,-0.009998340730641125,2.901608257181615e-07,2.025352695100481e-07,1.7735818013872828e-07,-1.414372661398862e-07,2.080260641513962e-07,-3.4898349204898657e-07,5.051692378774712e-08,5.906480620920762e-07,-2.593340636505958e-10,2.2724522646404654e-08,1.104592605609507e-07,2.2163554949511145e-07,-4.632201280835793e-09,1.677298164585278e-08,5.236991920493338e-07,4.3440453238131645e-07,-4.154772725867746e-09,1.4436910763138094e-08,-5.08270453540147e-07,6.464861853791212e-07,-4.543974241921933e-09,1.3078912189869328e-08,1.5099646593805186e-07,5.327280617616096e-08,-9.533703074432136e-10,1.2723911440083315e-08,1.690986205072966e-07,8.555628555277523e-08,-4.868262250608848e-09,1.1139384580335364e-08,-5.755062542564427e-08,7.1688418971797e-08,-6.023327806803148e-09,4.516761679389707e-09,-6.386789531167797e-07,-3.4561081367359593e-07,10mV,2,22
9.52744,0.0099991,3.0440946930080876e-05,-3.405382064020589e-05,8.519531858952294e-05,-0.009998696493740411,2.607883834257143e-07,1.9506214520181733e-07,5.450246486864436e-07,3.185714923027606e-07,2.0896563228689785e-07,-3.19341465296212e-07,-2.7245476143181585e-07,3.0129267519185993e-07,8.438003551935831e-10,1.9268173651421355e-08,-1.1647750161834669e-07,-3.031828600063192e-07,1.2822000408886034e-10,1.1310416033034863e-08,-1.825930905136345e-07,1.0729130064725695e-07,-3.4483553737928557e-09,1.1000324297834612e-08,-2.597198787880807e-07,7.917342046424301e-08,-3.653669351982098e-10,1.0179786540402286e-08,2.2025094602920055e-07,-3.0275749108326164e-07,1.4865086016233461e-09,1.294415310533601e-08,7.008547419010783e-07,3.1424488268537535e-07,-3.1477819587799844e-09,1.1313487528115639e-08,5.409325996466301e-08,8.973440274611124e-08,-3.835347181155835e-09,5.685131891613769e-09,-4.332876351233454e-07,4.1408239397544964e-08,10mV,2,21
7.524077,0.0100007,2.7568325631510523e-05,-3.02542265456738e-05,0.00011962147514419738,-0.009999972600509582,2.345362707761218e-07,1.8582125394062019e-07,5.492119361708482e-07,1.882651917530962e-07,1.9993245364267423e-07,-2.827343262633153e-07,-3.290677190714329e-07,6.561716700289893e-07,1.3694216623479642e-10,1.761110205534105e-08,-3.170708791305612e-07,-5.964992602209603e-07,-1.1073955105988698e-09,9.726584126670298e-09,-1.6556507533918595e-07,2.821082053056615e-07,-2.795116871080576e-09,1.0434970329189054e-08,-3.9071052611941215e-07,-1.4923687490724294e-08,-3.1576693003187943e-09,1.1387833177031332e-08,-2.0203454952062036e-07,8.716454468386674e-08,7.622459736145635e-10,1.4018623956435882e-08,2.4553454335943665e-07,2.173892627886517e-07,-3.2537739507168108e-09,8.329298037726201e-09,-1.6433714021948167e-07,-2.1736307774066088e-07,-4.345735750961939e-09,6.42131181005054e-09,-2.550188340329703e-07,2.928973289613535e-07,10mV,2,20
5.98659,0.0100002,2.497191791934117e-05,-2.6977228556612397e-05,0.0001446707328677308,-0.009999192573341587,2.1137178408075417e-07,1.7548744076075163e-07,5.27499007114735e-07,-3.0577716849523187e-07,1.9221438312602309e-07,-2.553477491716566e-07,9.536676237476158e-08,5.666823350252765e-07,1.0265641457036133e-10,1.566140978582753e-08,-2.953460176475156e-07,-1.371149654544489e-07,-1.4559604838217414e-09,9.093513635182672e-09,6.924653618840383e-08,-5.290275731018782e-07,-1.974186890355561e-09,9.701895051463432e-09,-3.031202147649234e-08,-3.2935277149259875e-07,-2.019003097176295e-09,9.398919683103216e-09,4.366394317516042e-09,2.983188492352322e-07,1.884914659230759e-09,1.0669413792200146e-08,4.458739148575968e-07,1.9243402816992914e-07,-3.2949529770318168e-09,6.688292128685322e-09,1.2787374273694806e-07,7.120399558396694e-08,-2.9726349236431126e-09,5.2437569436514715e-09,-4.838535039586027e-08,1.3001693919655067e-07,10mV,2,19
4.76372,0.0099995,2.2577698552417345e-05,-2.4060413084217884e-05,0.00016535029165440053,-0.009998178317052322,1.8963012881165534e-07,1.649179621489657e-07,1.2238184324125436e-07,-1.4504483654915232e-07,1.837210363150616e-07,-2.298999704856638e-07,7.862307041761075e-08,3.5246897605306346e-07,-5.658363480528476e-10,1.4619145438902015e-08,-2.3857838039951395e-07,2.5708933107663217e-07,-1.577246974464764e-09,9.12397557434532e-09,-1.9232840409448942e-07,2.2756696004948645e-07,-2.378682905115943e-09,8.522672959856847e-09,-3.830633872517488e-07,1.329027082618337e-07,-1.708179948399255e-09,8.22381759335139e-09,-1.0389409450539383e-07,2.051119003294311e-08,7.9846111032564e-10,9.453383478069765e-09,5.55744056032928e-07,-2.6277402765563374e-07,-1.714510763799566e-09,5.900985075405727e-09,-1.6297816937438877e-07,3.2074617711121284e-08,-3.441300878796174e-09,3.842039283927158e-09,5.0835265470346e-08,-4.5483152146458104e-08,10mV,2,18
3.76506,0.0100008,2.0322690833039618e-05,-2.139108498523867e-05,0.00018175737868661966,-0.009999147274313417,1.697637428233502e-07,1.531227581261667e-07,5.244921460131738e-07,-1.4834161143100005e-07,1.7167834491884733e-07,-2.0454035917645018e-07,-7.201609667361623e-08,2.9735817838172955e-07,-3.873733135685153e-10,1.2506166745651683e-08,-2.34393965536408e-07,-9.299144706569103e-08,-1.635809779053503e-09,7.870278565864608e-09,-8.585871733279739e-08,1.6560717028975344e-07,-2.467230351790028e-09,6.998934081349683e-09,-2.4694256973747433e-07,-2.400772258047603e-07,-3.781908691022006e-09,8.99301718876088e-09,-2.4144912344569675e-07,3.6141586557289544e-07,7.315174330983219e-10,8.414017164092769e-09,6.9001192232419e-07,2.5567235537839506e-07,4.124746099317267e-10,4.994913913954124e-09,8.3012623587065e-08,-1.213994067571433e-07,-2.0406482986610223e-09,3.3848384023184284e-09,-1.2278058517458283e-07,-2.696095405210165e-07,10mV,2,17
3.008665,0.0100003,1.835494524351893e-05,-1.9122819013713695e-05,0.00019446099395237421,-0.009998434643260503,1.5248868221722458e-07,1.420246067100093e-07,4.7370607970683755e-07,-4.298056866531745e-08,1.614919193086823e-07,-1.8473021027433627e-07,-1.011242136124212e-07,1.954969053868125e-07,1.5020638459551046e-10,1.1758025674069402e-08,-7.292899362521497e-08,-5.065842248378862e-08,-1.4984863275840385e-09,7.091531924054753e-09,-1.0942612231091988e-07,2.490222370722047e-07,-1.8701438614843795e-09,6.7510810011459964e-09,7.167685114679853e-08,-1.360675635348163e-07,-2.1715812725955134e-09,7.028929771978485e-09,-1.375708283574451e-07,3.078155142774367e-07,5.288775338817451e-10,7.376741234537655e-09,4.3946366042983707e-07,-5.134075843054673e-08,-8.801562503482895e-10,5.2307539128580585e-09,-2.9078628376320796e-07,-1.7529155008527604e-07,-2.037633151151869e-09,2.0361758482700177e-09,-3.528355667249349e-07,6.791915312905174e-08,10mV,2,16
2.38186,0.0099998,1.64866365451026e-05,-1.7018071485338115e-05,0.00020485104421843402,-0.009997702124829366,1.357818482010431e-07,1.3052903918573813e-07,-1.6088005097208682e-07,2.351268154238471e-07,1.4947618635850076e-07,-1.6418014041697135e-07,-9.107176264020412e-08,4.5588389522876885e-07,7.961097593073255e-10,1.0169888150320019e-08,-8.472651784213972e-09,-1.3603861635096149e-07,2.0406681860392432e-10,5.848993944464641e-09,6.547148090888759e-08,2.0307885784808526e-08,-1.5141421136612472e-09,5.820998040201381e-09,-4.771747699248613e-08,1.3440729890967722e-07,-2.691917950929436e-09,6.466052886775773e-09,-3.440284412798219e-08,2.8006952806715306e-07,6.300266177654859e-10,6.5561228227381e-09,2.3701269130635855e-07,3.606640121907119e-08,-1.6410158527299892e-09,4.9231668824592926e-09,5.5280757415318177e-08,1.1882111865624185e-07,-2.0388595394754895e-09,2.481710572843514e-09,-8.773852756495146e-08,-2.9079180803493597e-08,10mV,2,15
1.890121,0.0099998,1.4808362794130152e-05,-1.516633560210584e-05,0.00021295073142605682,-0.009997567332599202,1.217598102446793e-07,1.1963771650307775e-07,4.575373097569652e-07,7.962379224114156e-08,1.373947145747558e-07,-1.4673504272705729e-07,-2.7887816362628826e-08,4.518497405566651e-07,9.887814416469941e-12,8.708501726807017e-09,-1.7415830098299001e-07,-2.1681606435415236e-07,-9.003539821548413e-12,4.551197779633491e-09,4.372246730984706e-08,-1.652254431133473e-07,-9.803005796901378e-10,4.7219894789399915e-09,-9.900998643376033e-08,2.3608063618040704e-07,-1.5887827586872152e-09,4.999566455603462e-09,-1.0236669966385707e-07,1.0816384831815424e-07,9.304996015183421e-10,5.464846032187247e-09,4.5463971875018424e-07,-1.2188521121290536e-07,-1.2888324815252643e-09,3.4044031630703836e-09,2.0545562051634854e-07,-1.494722088828566e-07,-1.5195083912178457e-09,2.362595120989603e-09,-2.782257471352091e-07,-1.9470892326752774e-07,10mV,2,14
1.502404,0.0100004,1.3299131758035115e-05,-1.3528941461920741e-05,0.00021967377011905705,-0.009997955136474512,1.0916585177272595e-07,1.0900680798967625e-07,4.484359615996178e-07,1.7383082215495298e-07,1.258520802553619e-07,-1.3146054188451682e-07,2.996570488186278e-09,6.14531808966432e-07,3.122901743771328e-10,7.73372298816534e-09,-1.0527613470922294e-07,-1.0599272114069478e-07,4.79016341148114e-10,3.461900888069961e-09,1.3254108943451753e-07,-2.2171587240603687e-07,-9.39905226562469e-10,4.269441138980601e-09,2.9565692366036857e-08,-3.2854479150965856e-08,-1.2884303145434643e-09,4.211952252815789e-09,-7.065496031400595e-08,-6.66391351754957e-08,7.025774307967441e-10,5.134986243035451e-09,4.351336257639805e-07,-1.4274839679181446e-07,-1.960018238227535e-09,3.732760350312159e-09,-7.068871361426415e-08,9.249013045491668e-08,-1.7389291496917593e-09,1.4713047009734896e-09,-2.776373017107404e-07,5.3378761707904375e-08,10mV,2,13
1.195791,0.01,1.1940160912942218e-05,-1.2077162851797112e-05,0.00022461578360694366,-0.009997523138425378,9.763141547257643e-08,9.906433421902058e-08,4.300064386877707e-07,-1.9665258303231426e-08,1.1549230299837162e-07,-1.1769262042764194e-07,-1.2797185380283768e-07,7.609410301469707e-07,7.76153217204419e-11,6.828149011169256e-09,-3.4459147505434166e-07,4.177642105967403e-08,1.6901730322746014e-10,3.405316877614198e-09,1.3106577742683253e-08,1.7083777173271182e-07,-1.1152333473265844e-09,3.373969950120722e-09,-1.9680637875722233e-07,-3.621047422573795e-08,-1.1658776608203796e-09,4.025525759664647e-09,2.0080782974069628e-08,1.0091969402450644e-07,2.374984957621206e-10,4.231757871815086e-09,3.4275896363672285e-07,4.7051039899761256e-08,-1.3995676131677689e-09,2.29590279812591e-09,-7.619277755630295e-08,1.7593280754746456e-07,-1.267498848965997e-09,1.114620153164774e-09,-1.2072909162566537e-07,-1.6017581681219884e-07,10mV,2,12
0.9486946,0.0100002,1.0693885211100929e-05,-1.0759071617491563e-05,0.000228827488372386,-0.00999762588987952,8.638034116644395e-08,9.318518327519269e-08,4.1687568673200564e-07,2.3187898558950966e-07,1.0523619422462936e-07,-1.033167197214681e-07,-2.6949065819342947e-07,4.1607941820512884e-07,-1.6901730322746014e-10,7.750140018886669e-09,-2.4105435898801246e-07,-6.965443736425735e-09,-1.9127492547595602e-10,4.708744485044891e-09,2.597218675259028e-07,4.985709372400897e-08,-9.038508461586778e-10,4.440789684877286e-09,-2.4821690873969396e-07,-9.276700695392503e-08,-1.3018355123186774e-09,4.219434326444219e-09,-1.6156495018092672e-07,2.6834172015943587e-07,2.3647352238570384e-10,4.712528611178585e-09,4.6403330088194385e-07,1.2062656114239331e-07,-1.2077704230426458e-09,3.3664337386293576e-09,1.0339373911790016e-07,1.7249074431916993e-07,-1.083891502163098e-09,1.7728128227627423e-09,-1.4133307837509576e-07,7.91714869691382e-08,10mV,2,11
0.7515633,0.0100002,9.566933778584867e-06,-9.585716302460135e-06,0.00023215751937003643,-0.00999752755784276,7.729471508643454e-08,8.396557150869189e-08,2.2501452554027213e-07,-2.1571353020267416e-08,9.561275819481029e-08,-9.191668895246131e-08,1.0320916215092356e-07,5.413505660455721e-07,1.3282227486547374e-10,6.391063107776594e-09,-2.2571003135082983e-07,-6.88605221771367e-08,-7.972553827782823e-11,3.888001224704283e-09,1.5450106392230766e-07,1.288406007747861e-07,-1.236267931178809e-09,3.4064957572009576e-09,-1.705845391166994e-07,-4.947646035340494e-08,-1.2807836176175393e-09,3.940233213892711e-09,-1.54024208786745e-07,2.3027153300209044e-07,2.563295227431603e-10,3.6922044618480734e-09,3.465641924884176e-07,1.5176456067911573e-07,-1.0366329043259717e-09,2.98189470791362e-09,-1.6808580052868141e-07,7.007855780190435e-08,-1.2324694419386226e-09,1.4799059920540165e-09,-2.676350553199876e-07,-8.564761281298285e-08,10mV,2,10
0.5978954,0.0099996,8.570355158850078e-06,-8.559306615394038e-06,0.00023472851543225687,-0.009996887847176658,6.928288589637418e-08,7.547802518304483e-08,3.09308835410955e-07,9.322279251711704e-09,8.676761471166505e-08,-8.246275967634481e-08,-8.536609592572296e-08,5.437326320146943e-07,1.363091951801999e-10,5.26979504601432e-09,-2.584253209513365e-07,-2.9227739518803513e-08,-9.629566866582813e-11,3.061117183910808e-09,-1.5181030164902374e-07,1.717888303534077e-07,-5.287368859235497e-10,2.846768811737562e-09,-2.1796246122315105e-07,-2.55640204116938e-08,-8.424740880371201e-10,3.0402210736723995e-09,3.704473869356006e-08,3.828686014306188e-07,1.9735438651264193e-11,3.6497139734248358e-09,3.7277155853701313e-07,8.73867308927677e-08,-6.22701322968697e-10,2.3496473329134703e-09,1.1466620340416353e-07,9.593623745011623e-08,-1.2491903076049935e-09,1.0891317158388631e-09,-3.036733048503328e-07,-3.164534865222377e-08,10mV,2,9
0.4763719,0.0100003,7.680947410638872e-06,-7.651116343307565e-06,0.00023709179887750377,-0.00999753750153187,6.217277253193507e-08,6.753286290419821e-08,2.8714247413140603e-07,-1.8909062843469692e-07,7.906785163152055e-08,-7.421472367573777e-08,9.924311070068278e-08,3.562581845167469e-07,1.991229268636502e-10,4.50644123494742e-09,-3.166714742846254e-07,-2.2080922893003427e-07,3.3632639115118195e-10,2.495137867705639e-09,-5.5623869932345494e-08,-1.092875293818073e-07,-8.736246829133824e-10,2.2158572056412475e-09,-1.1334269838356451e-07,4.9784582133306976e-08,-8.262857621653306e-10,2.6044919314161387e-09,-3.419061265673512e-08,2.6635430816256347e-07,1.6646497920368038e-10,2.6924350227631786e-09,3.4649248744138786e-07,4.3426797238419976e-08,-8.280442483417938e-10,2.0662267816161003e-09,-4.4300317181141395e-08,3.922439534656759e-08,-6.976839204146295e-10,7.833178661793572e-10,-2.9301212332786176e-07,-1.7713533101721996e-07,10mV,2,8
0.3780242,0.0100001,6.865564903583136e-06,-6.826895001486996e-06,0.0002382883561337929,-0.009997219303480338,5.573140540580312e-08,6.047969373273152e-08,4.5407701643196814e-07,8.74873389294784e-08,7.128543439778141e-08,-6.660453113739139e-08,-1.3655800837882992e-08,4.636245047740703e-07,-1.403788156767976e-11,3.939391314881361e-09,-1.5812498617588874e-07,1.1939718971203976e-07,-1.4134346400594444e-10,1.976163474779846e-09,-3.873484543457392e-08,1.1652611520955325e-07,-5.132218582899712e-10,2.023854512607842e-09,-4.8253508126799355e-08,4.853348926651886e-08,-7.495044618447547e-10,2.2352739159108917e-09,-1.115159322085429e-07,2.818897756015356e-07,3.846701769265606e-10,2.269399552083562e-09,2.976399162398586e-07,4.032283048842361e-08,-4.4940326157919415e-10,1.4269657912300564e-09,-7.866295565948706e-08,2.390729132046063e-08,-7.765452195262393e-10,7.796350551891555e-10,-3.199558747978023e-07,-2.7369153538628494e-09,10mV,2,7
0.3004808,0.0100001,6.140780452866923e-06,-6.097691133388369e-06,0.00023992575027397803,-0.009997188367558661,4.998350010968953e-08,5.403455905328108e-08,1.955150249980804e-07,6.785444181002971e-08,6.440444572753364e-08,-5.980485974698008e-08,-8.291552898717333e-08,5.378998849533818e-07,3.399639031132139e-10,3.119819200147093e-09,-2.8373432993152146e-07,9.099578180685693e-08,9.60946846118193e-11,1.8053297910082131e-09,1.975826494204437e-08,2.0626072787799013e-07,-3.5305742147753214e-10,1.6739626093158998e-09,-1.3340353873669599e-07,-3.4766683712533033e-08,-5.87943268168603e-10,1.6591078426392543e-09,2.626556977552196e-08,1.4994795916407367e-07,2.0966390023331953e-10,1.9285254699604393e-09,4.1942856318295813e-07,1.6677400696414582e-07,-5.040575334349245e-10,1.3000136075027766e-09,-7.143825785086535e-08,8.33565205506777e-08,-5.288021828153749e-10,4.5473396282586425e-10,-2.2115427494216638e-07,-3.853885532220723e-08,10mV,2,6
0.238186,0.0100044,5.0966930962711626e-06,-5.79827560572969e-06,-0.0004423980430863267,-0.00999464278314639,5.0242886764406966e-08,4.150705757021578e-08,3.003181936590372e-07,-9.389421250294058e-08,4.5385217857263774e-08,-6.44350943870807e-08,2.1526042943554194e-07,2.733041734527162e-07,4.055712590095239e-10,2.37995790703077e-09,-2.1460193624556198e-07,-1.207287601693617e-07,1.9654044031623546e-10,1.126775760675109e-09,1.9821164299939604e-07,1.5483837595402056e-08,-3.2359979491503885e-10,1.2644616043699316e-09,-1.6924468225178546e-07,-7.1018634170404955e-09,-3.8194704242095045e-10,1.6500093671032055e-09,1.3301186787117936e-07,2.3668499150745238e-07,4.817495298282691e-10,1.3985831879458356e-09,4.7144587917203545e-07,4.386073983119939e-08,-2.0016800858915702e-10,1.0550720394706254e-09,-3.115609705090342e-08,-2.1554470845866583e-08,-7.986823021656299e-10,8.443303538231693e-10,-2.1873320761464436e-07,5.788567250594868e-08,10mV,2,5
0.1890121,0.0100006,4.621605727661451e-06,-5.10995134841841e-06,-0.0003005822538476365,-0.009996082408358711,4.3984317789755207e-08,3.858361297174765e-08,4.2561530557660226e-07,-5.996566024843928e-08,4.3309516949634114e-08,-5.550486607078049e-08,1.0612598867186152e-07,5.206538820165456e-07,3.6991374228667383e-10,2.1846892645517593e-09,-1.421864678716403e-07,-6.715467126169797e-08,5.2659645159981116e-11,1.0281429825634815e-09,1.0679867924018251e-07,8.20161223071344e-08,-4.804684512145412e-10,1.2340659564680205e-09,-1.0057853709967085e-07,6.237104969279716e-08,-3.2270552580770696e-10,1.2654394004657911e-09,7.617507778968638e-08,1.5007159236534677e-07,3.676528788392644e-10,1.2349642030509967e-09,3.2053758061076284e-07,-1.217378236432018e-07,-2.5140573935197617e-10,9.948733875377853e-10,8.740506042636126e-08,9.285541739866027e-09,-6.814302976510148e-10,4.312026644877561e-10,-1.4633320720156113e-07,5.9258719195404566e-08,10mV,2,4
0.1502404,0.0100016,4.179663989419859e-06,-4.521063982211489e-06,-0.00018879198630508017,-0.009999773726727374,3.8800319103094414e-08,3.567433260599016e-08,3.0290476816753065e-07,5.205186478446436e-08,4.094476404810755e-08,-4.842597589014813e-08,5.987995669685078e-09,3.543894338765923e-07,1.6299816723804422e-10,2.0764069095564955e-09,-1.7522172329063385e-07,9.779578465357193e-08,-1.8097514180993203e-11,9.1581111542071e-10,-7.5686964188342e-08,9.383985366913687e-08,-3.46606066468116e-10,1.0909592554119267e-09,-7.337756448953019e-08,2.3868610369821034e-07,-3.179776330919984e-10,1.0632214451238005e-09,7.068420580853409e-09,5.780142736209637e-08,4.198954746294104e-10,1.2489494493576518e-09,3.68162437663457e-07,-1.4665924971894888e-07,-2.664434699082537e-10,8.295138151068817e-10,-1.26731212858159e-08,1.2994777531451585e-07,-6.706632710822349e-10,4.068047184009562e-10,-2.3154984947995424e-07,8.04871254267965e-08,10mV,2,3
0.1193355,0.0099963,3.7642387554727617e-06,-4.001782439777618e-06,-0.00010331382500308263,-0.009995767524870214,3.379936163586984e-08,3.547092892096446e-08,4.301382478112013e-07,-1.7479768019279106e-07,3.752364885820556e-08,-4.0140551618485863e-08,-4.140471491218248e-08,4.789609879453992e-07,4.572109357832738e-13,3.283921006390961e-09,-2.87717771789162e-07,8.010335426985097e-08,3.664721210001174e-11,2.028365632900943e-09,5.294144930937087e-08,-5.201698453277365e-08,-5.195022923321226e-10,1.8566259685659146e-09,-1.7651241413716842e-07,4.9431514878625773e-08,-5.21863697524982e-10,1.903928097664258e-09,-4.8943246597673e-08,3.558455214186638e-08,1.1297124635257246e-10,1.8594444520015506e-09,5.089243063418755e-07,2.111618617550894e-08,-5.301788313299975e-10,1.429452818362011e-09,4.256101127611779e-08,1.3012333667003232e-07,-7.002613246320545e-10,8.707105190914174e-10,-2.0368641725273287e-07,1.0064669556425116e-09,10mV,2,2
0.0946587,0.0100008,3.383064006239389e-06,-3.5465824493887778e-06,-3.1277321669703087e-05,-0.010000728320881978,2.9335274992261146e-08,3.530748781761927e-08,1.571773526036642e-07,2.8626267861600157e-08,3.442253263242085e-08,-3.3254469569704866e-08,1.759227533729196e-08,3.7439889850265316e-07,-3.19324119082986e-10,4.247906422930434e-09,-4.1543108967512845e-07,1.4295854008834832e-08,-3.294832547908146e-10,2.982174236063058e-09,-9.09293137694254e-08,1.8149619111931886e-07,-6.202293218558426e-10,2.6350256861112504e-09,-2.0737331620401336e-07,-1.8899406416489116e-07,-5.825672678937632e-10,2.4077383646966363e-09,-5.167067898668754e-08,1.582674019010371e-07,-1.3379697736916556e-10,2.3547904298922568e-09,3.2377811840641933e-07,4.791071601753226e-08,-6.308808911455068e-10,2.012778347793162e-09,6.609626499278318e-08,2.1265684017012617e-07,-6.088191595724866e-10,1.3032442016093225e-09,-2.1886634256328963e-07,-9.433586697905232e-08,10mV,2,1
1500059,0.0100042,-0.0004328233753273226,0.0019916270162009192,0.0014021540771908278,0.009905448996680126,3.855941666157893e-06,-2.0870698588459196e-06,4.450353304092834e-06,-2.4523347055025952e-05,-8.653189403703045e-07,-8.31945378550687e-07,-2.2052892738255452e-06,3.1952387674867115e-06,1.4113144245702304e-07,-2.1529523234742847e-07,-9.863994861633065e-07,-1.8981397657476387e-06,-1.4575989828162724e-07,4.1550246326585444e-07,3.725406439787819e-07,-1.887091222291599e-06,-4.4710903153054747e-07,6.32156114031203e-08,-4.68181476522514e-07,3.8537319574666845e-06,-4.1456643066425875e-07,3.2991967225732814e-07,3.53358052344971e-07,1.075023278272673e-06,-2.6255117853412544e-07,-9.66623145804168e-08,-2.5356407231611352e-06,-3.3587251698600784e-07,2.290554198238841e-07,9.044681282815669e-07,2.3710174256661425e-06,5.138677561404113e-06,-2.9061812493180707e-08,-3.169624929192575e-07,-5.812942547167583e-07,3.2294892522004352e-06,10mV,1,73
1191504,0.012747,-0.0010481918904896804,0.0025076216169566184,-0.0015665343067297881,0.012650383383383368,7.003671696783633e-06,4.779952347619068e-07,3.0016682861368947e-05,-2.4343255796692503e-05,-5.99630638407271e-07,-2.0605533545514237e-06,-1.979898987322333e-06,-5.9805765727543465e-06,6.026119773734489e-07,-1.0290080835160894e-07,2.2450640302672885e-06,2.6193610611992773e-07,2.708161519518506e-07,7.284711286966226e-07,3.5854666932279645e-08,1.586570840287316e-06,-6.617087580674183e-08,6.076102279475267e-07,-6.366274595678623e-08,3.434992160482776e-06,2.328469484816933e-07,4.134682054447284e-08,-1.0452028175430833e-06,-1.089386384765525e-06,-1.9885466822853757e-07,1.7690541082789976e-07,-1.5666834620664446e-06,1.4506737557780264e-06,-2.413437203411261e-07,-5.4661773816736995e-08,3.523380508131094e-06,-1.194347547597903e-06,-2.8020686146231163e-07,-7.46985062480474e-08,8.080392031331153e-07,2.742014256667812e-07,10mV,1,72
946464.9,0.0125664,-0.0012242349625008362,0.002467191681887932,-0.0029987680434796836,0.012203392460782366,5.090063970197538e-06,2.433994123365569e-06,2.7198199425733186e-05,-6.425851656556626e-07,-1.0904912391111289e-06,-1.8296387963201917e-06,-2.4152115994903016e-06,-4.3995300041950505e-06,1.9613374343161863e-07,-3.217092786442759e-07,2.161080736894893e-07,1.4064044518583661e-07,6.720909638676243e-07,6.039509503548864e-07,4.983997953019557e-06,4.314456219583544e-06,-1.30587375495186e-07,-5.993785106456042e-09,-1.645128120604327e-06,1.0146010038202825e-06,-3.4294093314744384e-07,-5.233475169111281e-07,2.741143631443476e-06,-1.197662110634715e-06,1.507217991477347e-07,-3.046835836639531e-07,-1.079442695655089e-06,4.5851676313434315e-07,-3.607836679163408e-07,2.3177159374711694e-07,-1.586570840287316e-06,-1.059330700545756e-07,1.7203709112486492e-07,3.423672927712063e-07,1.417528125409907e-06,1.5379572490807408e-06,10mV,1,71
751816.4,0.0125894,0.0024667530547127273,0.0013461865754599124,0.011965318446391622,0.003914692295985384,-3.7609241924359496e-06,-2.2086038368623573e-06,-1.6903166633395298e-05,-4.708889220964165e-06,9.378499765087763e-07,-1.7158387987229819e-06,-2.5774948154813054e-07,-4.323295054348376e-06,-1.1498296514504818e-07,-2.6592396739495074e-07,6.353822887203666e-07,3.6109844091940337e-07,-2.1433246227066916e-07,4.2294763475914137e-07,-7.403069913593397e-07,2.3356620866068147e-06,2.9278739595396587e-07,2.15373014093359e-07,3.0063086743884313e-06,2.0546335449676776e-07,-2.06343702439345e-07,-1.6611275163830182e-07,-3.897926131290844e-06,-2.0263028698377005e-06,-3.766052926308244e-08,2.9694695159429576e-07,-3.8274308997695815e-07,-4.7601202121154765e-07,3.038379281478278e-07,4.275394094194715e-09,2.3621785909013105e-06,9.855736075399674e-07,-2.96036330642649e-07,-2.6542821925007823e-07,3.213285458367807e-07,-2.916815472394509e-06,10mV,1,70
597246.1,0.0126175,0.001555774130257951,0.0023848236855688095,0.008469256566809932,0.009352693682137491,-3.387761846916897e-07,-3.127842652404869e-06,-2.968743626637896e-06,-1.2536782259568367e-05,1.2606388083341418e-06,-7.341486437223777e-07,1.114380399771778e-07,-6.1363610354845075e-06,1.0505585989833987e-07,-2.7084576204831275e-08,2.5555281013820073e-06,-3.3797494432025767e-06,1.3531548918176368e-07,-7.547538458115883e-08,1.4186329797555112e-06,-1.790417571905596e-09,-7.170032930164261e-08,2.3818991361159958e-07,5.117405800688201e-07,-3.035890044637632e-07,-6.996264753250704e-08,8.471172384245209e-08,-2.1876116042958815e-06,2.1301591783244745e-06,1.716563583173698e-07,-1.644509402170789e-07,1.8981397657476387e-06,-3.8105045311949283e-07,4.6515749017859586e-07,1.666811991991151e-07,1.3534465733648763e-06,9.046755094422366e-08,5.255365648260733e-08,-2.978885084676195e-08,1.4849242404917499e-06,4.1358653534514254e-07,10mV,1,69
474433.6,0.0125973,0.0003183991350248463,-0.0028385707924931803,-0.000415189899971483,-0.01259045608367781,2.5919882947869385e-06,-1.3843824950417877e-06,1.1450710437839654e-05,-6.602609569329388e-06,5.094073486617735e-08,2.955578182255679e-07,-1.8351630680482117e-06,9.177435056711714e-07,-8.758643331573562e-07,-1.3529107190072585e-07,-4.515539710483469e-06,1.9318510815407075e-07,5.9732370253365e-07,1.0162165218444247e-07,7.202315669288463e-07,-7.995965691366172e-07,1.381348565008759e-07,-3.922199781263763e-08,-1.790212068997314e-07,2.0472951024041763e-06,-7.531975479803706e-08,2.454029552068752e-07,-7.458943502704937e-07,1.300413564775885e-06,1.324909290472271e-07,7.493772931095758e-08,1.0137264011203025e-06,1.9102931635492824e-07,-1.971774993319107e-09,1.1853540332246865e-07,-1.8075417094081122e-06,1.250695119223706e-06,-1.0334005424524725e-07,1.3930533919460876e-07,-2.323508688805171e-06,1.141314539008912e-06,10mV,1,68
376816.4,0.0126414,0.0028683974404071057,0.0001328675738936435,0.012589207598267278,-0.0011473779796575866,-2.027407724183304e-06,1.0672892978534454e-06,-8.114050314115633e-06,4.057025157057817e-06,4.1684066284925e-07,1.3101440169976193e-08,4.4437241780192104e-06,1.3269300690703807e-06,-1.28536765829745e-07,-3.466716948162448e-07,-7.015660471287782e-07,1.4752832814720095e-07,3.8171701174619574e-08,7.574727818706853e-07,2.770111807530867e-07,9.508289214774554e-07,-2.8026983816001104e-07,-2.229012706334354e-07,-1.2175494888555866e-06,-2.0914892762283354e-06,-2.188712039224103e-07,2.0978985362871838e-07,-1.60424850981698e-06,2.3699125713205384e-06,-6.922081517923817e-08,-2.378670751718141e-08,-7.709325594505711e-07,3.1105295848092546e-07,1.929474539843313e-08,1.8873541776258525e-07,5.03905836933273e-07,5.440516034642702e-08,7.987135695436104e-08,1.4705832310858103e-08,-1.1435242477001199e-06,-5.658068484418199e-07,10mV,1,67
299355.5,0.0126933,0.0024746384001773027,-0.0014734304407344318,0.009922292501178858,-0.007916295749359014,3.0535632947499135e-07,1.5965145293977518e-06,6.578756868862143e-07,6.08995715296914e-06,1.3048329821583011e-06,-8.590868989484906e-07,4.416102819379111e-06,-2.155570828273366e-06,-2.972763086747203e-07,2.910740983202378e-07,5.026237639506342e-07,1.3302446321071925e-06,1.075023278272673e-06,-1.1255449529341062e-07,5.140887270095322e-06,-3.0429390153625857e-07,1.6257821210128014e-07,-1.0761801712579551e-07,2.888952150652722e-07,1.8756173099125012e-07,2.1290797356288195e-07,3.5539540375826476e-07,3.117898963294433e-06,2.172143643457426e-06,-2.0265812931327927e-07,-3.161013694422937e-08,-6.315751816162844e-07,-3.506133731796216e-07,-5.977449834956287e-08,-4.290830014257148e-09,1.8131068607469195e-07,2.069392189316256e-06,-9.644076918703629e-08,-2.1037410060667376e-07,1.0948302230971849e-07,5.848492340591737e-07,10mV,1,66
237832,0.0127103,-0.00156448038250131,0.00241243731022849,-0.005343187205629756,0.011532635387566189,1.250695119223706e-06,6.471665546851441e-07,6.7374017994930735e-06,3.187504787067484e-06,1.2156325665659637e-07,3.4195241996443196e-06,-1.1766698780682394e-06,1.39333181524118e-05,4.734060012665715e-08,3.0888048338116435e-07,-9.252860148323062e-07,6.381811057486507e-07,-1.0513304502292377e-07,7.779281657106318e-07,1.25179997356931e-06,1.7710815160031808e-06,7.758317045898484e-08,2.740677382909631e-08,2.1921812818692997e-07,-1.7014756922301302e-06,1.8755653817582582e-08,-1.3154362693130626e-07,-1.196557256289111e-06,1.0949106564935447e-06,-6.979929481750949e-08,9.78427409632601e-08,4.794306615277155e-07,1.472770842690106e-06,-1.551181250743275e-07,-1.544621730493424e-07,-2.9764776070571235e-06,-2.98670524373438e-07,1.4467912976075741e-07,-2.2213019278563837e-09,1.4407300666675907e-06,-6.607569260486804e-07,10mV,1,65
188847.7,0.012752,0.001745802448575762,0.0022780947557834654,0.009214420055930808,0.008815283689600951,-4.251806558770416e-07,-1.6053533641625839e-06,-1.1799844411050513e-06,-6.8898716991864225e-06,-2.848205122386847e-07,-4.5553144669252115e-06,-2.343396067026043e-06,-1.6329747228026832e-05,5.082432741232452e-08,-5.618440673604422e-07,6.364678081149224e-07,-2.4251552886007375e-06,-7.924349032684121e-07,-1.277216042935584e-07,-1.5228848260980114e-07,1.5368523947351369e-06,-2.7551089903719104e-07,2.180811225798689e-07,-3.642883763860312e-07,-1.6285553054202674e-06,-3.0548736520038e-07,1.8224185731716697e-07,-7.005069337530822e-07,4.355243022605861e-07,1.0840002198307054e-07,5.321219386676112e-08,1.1634116259209915e-06,3.3713359773608023e-07,-2.537557645450758e-07,-4.75232546470724e-08,8.836843817301066e-08,5.443281485069749e-09,3.028790250612781e-08,-6.500041521009588e-08,7.357846015519136e-07,-4.022267544199461e-07,10mV,1,64
150058.6,0.0128041,-0.00016229757909749673,0.0028549590970015242,0.001467241046690358,0.012719779284830755,1.650652392332347e-06,1.1111475959565408e-07,4.440409614982398e-06,-1.0145280834334726e-06,2.290363058437052e-06,6.193813461455915e-06,8.394683317899046e-06,2.3675923771947703e-05,6.385306816635996e-08,8.957239795341533e-07,2.386485386504598e-06,3.646019340493136e-06,-1.526908705624701e-06,9.561663623356338e-07,-5.986100844482368e-06,3.876933898724368e-06,-3.257231039964205e-08,3.046470129851136e-07,-3.4317372595806264e-07,9.76883928111792e-07,-3.559926880174983e-07,-6.225918319030475e-08,-2.1064677865916886e-07,3.6723436001314963e-07,-4.7524635715004404e-07,-1.756804588149286e-08,-2.4649300450424808e-06,-8.789435622185544e-07,-9.089659903225206e-08,-2.3228402519260807e-08,-8.182621994221199e-07,2.913500909357697e-06,2.3959363105768944e-08,-1.5957654381514325e-07,1.9585520965109188e-07,-4.789599935764881e-07,10mV,1,63
119238.3,0.0128741,0.002835790978959641,-0.0002169724012440553,0.012399780320713476,-0.003462373765729879,-1.9589067547558576e-06,-6.77904817919627e-07,-6.493228989114594e-06,-2.788652368304447e-06,-5.655749395146777e-06,-4.6890018427432935e-06,-2.408692958851238e-05,-1.799365787250643e-05,-3.1168449322487273e-07,1.4385203579763826e-06,7.467174667579686e-07,8.05770274248983e-06,-1.4418349210131947e-06,1.7942834572608643e-06,-7.224642565904429e-06,7.52737265659992e-06,-7.667979735184519e-07,2.9546014910141646e-07,-2.9068717832840727e-06,6.03813285503424e-07,3.896050088612008e-07,7.088073729953012e-07,4.714356040266214e-07,3.3145630368119414e-06,2.860977238622029e-07,-1.522883721243666e-08,2.4218407255639254e-06,3.6220981390564643e-07,2.9133396006232386e-07,-3.1789432707433987e-07,7.221455061117361e-07,7.38351841109359e-07,7.276402782287285e-08,-3.7034750810275795e-07,2.450566938549629e-06,-6.871822798596636e-07,10mV,1,62
94746.09,0.0126786,0.0018652062674138752,-0.002036411182245631,0.0062302835985499575,-0.011042245786269864,-2.7135896689184583e-07,6.596455530624373e-07,-2.0793358784266912e-06,4.53608558189432e-07,-1.5545300642648008e-06,-3.069285372087858e-06,-7.004776551129237e-06,-1.3726710389783855e-05,-3.6993550791728226e-07,-1.2389195816082587e-07,-1.7114193813405658e-06,-7.06320014407043e-07,-1.3921164754610156e-06,-1.0912996610358072e-07,-5.280098917641423e-06,-3.836897291802716e-07,-2.917475070438834e-07,8.647512662075332e-08,-2.746667903171496e-06,3.2787281909666223e-07,-1.271814410039926e-07,2.583976995926964e-07,-1.2462757018412902e-06,8.878054884392095e-07,1.3631328314127864e-07,3.889753523696411e-08,2.217442671627189e-06,3.062656246014234e-06,-4.84493325110142e-08,8.300040389800262e-08,-1.710093556125841e-07,-5.8182414286091e-07,-2.2953072816336294e-07,-2.1856085033673015e-09,-2.290363058437052e-06,2.4074776190710737e-06,10mV,1,61
75292.97,0.0123972,0.0023398362263245065,0.0012483329406328047,0.012083725686609998,0.00277013611432647,-9.834103027312748e-07,-5.22397010717605e-07,-5.046974650718983e-06,3.0383494504109467e-06,-9.54663318483874e-07,-4.945773307224696e-08,-4.463611556240081e-06,4.942582487874591e-07,-3.483598017708932e-08,-5.5711330202343506e-08,1.083862113037505e-06,1.6716446248988226e-06,-9.976050294218565e-08,3.9402829323382635e-07,-3.462349458934275e-07,2.0362465589481363e-06,-5.311381763582854e-08,4.843132338518086e-08,1.5576888428388825e-07,1.1556776455017636e-06,-5.418458722487064e-08,3.963100384283677e-08,-6.055163079917381e-07,2.5356407231611352e-06,3.515624430624954e-08,-2.293124089446716e-07,-1.1711456063402194e-06,-8.722011885745062e-07,1.238243410748749e-07,1.315803080955803e-08,1.0584504630886133e-06,-7.754054517833144e-07,1.1521962494587655e-07,-1.4578530993157611e-07,6.348369326153765e-07,-3.564682173278462e-07,10mV,1,60
59824.22,0.0122529,-0.0025025801665776275,-0.00047760312195465194,-0.01215411595696843,0.0015530374060438897,-1.2838407495918255e-06,-2.1390864014369546e-07,-1.8893009309828069e-06,6.631335782315091e-06,1.3549038762467277e-08,-5.222220017892613e-07,1.4755517610779913e-07,-3.2096018739795636e-06,1.1814704701998886e-07,-1.5585506292284536e-07,8.895496115091799e-08,-8.433384155916861e-07,-1.8671021974709318e-07,-4.184845756300741e-08,1.6373941401850993e-06,-2.5555281013820073e-06,-1.5539599594224692e-07,-8.433486907371002e-08,-1.372229097240144e-06,-1.586063712142684e-07,-1.444707542311765e-07,-4.6249898965220355e-08,6.823138496711942e-08,5.740759098206237e-07,-1.8079615540594417e-07,-1.224944278990714e-07,-1.920236852659718e-06,-6.968224654813621e-07,-1.6263732180876996e-07,1.830290660384098e-07,-8.33434501237692e-07,3.4261533257179438e-06,-1.0462433693657732e-08,-9.409984799374441e-09,-1.1523630824649517e-06,1.37112424289454e-06,10mV,1,59
47519.53,0.0117939,0.001646836225422631,-0.0016999067990593724,0.004565598451174094,-0.010874341071368426,6.418417091665058e-07,1.3390834668720246e-06,5.499964932416615e-06,-1.320300942996757e-06,-7.783431490028406e-08,-4.747927039557391e-07,-1.0029222514455104e-06,-3.4515649756668354e-06,-1.707842967823846e-08,2.8152782531791574e-08,6.722195689134525e-07,6.5377004813795e-07,4.704284188051688e-07,-4.356942288589399e-08,1.5147553078230573e-06,-2.5798348969852948e-06,-6.147617291557521e-08,1.618456936701447e-07,1.8915106396740146e-06,-1.6926368574652984e-06,-1.0522307960354704e-07,-1.0619288760248784e-07,8.146812560025828e-07,-7.841619748993987e-07,1.701938626200938e-07,1.1343948362423943e-07,2.3058310192755076e-06,9.608987849541593e-07,8.564165764806003e-08,-5.581841268551944e-08,-1.4893436578741657e-06,3.337071129540586e-07,-9.269015328564482e-08,-2.4775165457476014e-08,3.988309845887323e-07,-2.4356889699317257e-07,10mV,1,58
37792.97,0.0112791,0.0015186432902652377,-0.0015366225850312512,0.003795520496559847,-0.010621252086420922,7.897672324509513e-07,1.7379358856350614e-06,9.143774564218542e-06,-3.1952387674867115e-06,-8.245994229776353e-07,-7.483871226450454e-08,-5.6314425995434886e-06,1.8859863679459948e-06,2.1549001816855846e-07,-2.276480563584538e-08,-1.6440232662587232e-06,-6.603028309126372e-07,1.6818733664304242e-07,-2.8715761063594085e-07,5.814671644218453e-07,2.1732098279009336e-07,1.510890527322135e-08,-7.97803611504571e-08,-1.590990257669732e-06,-1.5512155012279887e-06,-6.842625917659706e-08,1.8548570967586027e-07,-5.496627167438546e-07,-4.378975293949434e-07,-1.8544781317180607e-07,-1.1147151706384961e-07,-3.8259260881508686e-07,-6.06541502339024e-07,2.2649038997512992e-07,-1.1053769417094513e-08,-4.6095550813139486e-08,-6.830419486849472e-07,6.317139513220922e-08,8.32248440097686e-08,1.0562407543974056e-06,4.819645344839237e-07,10mV,1,57
29941.41,0.010755,0.0017305698217129197,0.0008677956923568449,0.010744785850802904,-0.0004680063571087357,-2.1334737413612866e-06,-1.5699980251032566e-06,-9.681838630527682e-06,7.89086973630363e-06,9.288795535913831e-07,5.584723833539625e-07,1.8351630680482117e-06,4.841471742436643e-06,1.0507643228625502e-07,4.300411311142226e-08,6.533995904758689e-08,-2.159990245655782e-06,-4.264385325495117e-07,-6.667763934944e-07,-1.833429551579959e-07,-3.651543612221156e-06,-1.221342453824045e-07,-1.8233322877154842e-07,-1.1612019172297836e-06,2.048176776171968e-07,-8.79028415032297e-08,4.7875029222169254e-08,3.928630033555178e-08,-1.3821727863505798e-06,1.0684112774414061e-07,-1.1431342341161217e-07,-6.765517028025658e-07,-4.5800234295103e-07,-1.7120613017153616e-07,-1.273357891560735e-08,-1.71804850741419e-06,-8.024417900474164e-07,-1.7190329326361228e-07,2.5069962693970064e-07,-3.8346853734028174e-07,8.256913505273956e-07,10mV,1,56
23847.66,0.0102439,0.0015765476016639968,0.0006534683124161656,0.010059590540998375,-0.0019343325844009339,-2.5433747035803636e-06,-1.8428970484674394e-06,-9.919382314832539e-06,1.0019924060282499e-05,1.1313708498984761e-06,-4.3040750081522494e-07,3.55542128415361e-06,-2.580939751330899e-06,2.2278360364562856e-07,3.679874287351133e-09,-1.2186543432011906e-06,-3.144550259819092e-07,-5.606555755408759e-07,-7.211835094330188e-08,-1.9113980178948864e-06,3.235871995754989e-07,4.747308321123853e-08,-3.186133662824589e-07,3.9063009272305217e-07,-8.659360015223242e-07,1.202178755199544e-07,6.939155936980779e-08,1.6075630728537918e-06,-1.413108708027491e-06,-1.1282463218091081e-07,4.005288142616219e-08,-4.971497630953393e-07,-2.328893748885645e-07,-1.3717020817172906e-07,-1.3462606007010678e-07,1.0140118954832067e-06,-5.642981698328977e-07,-8.604232202794986e-08,5.989796582268412e-08,-9.301087040508674e-07,2.7599261553187433e-06,10mV,1,55
18925.78,0.0099556,0.001501624113925554,6.130284336583686e-05,0.008113943143244111,-0.00576870638887829,-3.598510603632165e-06,-8.730719242842768e-07,-3.1134795459120175e-06,1.1872764797860375e-05,-3.634536589279274e-07,-1.1059591999495845e-06,-2.4273649972919454e-06,-3.5532115754624015e-06,-9.389276514374784e-08,8.22318893122874e-08,-1.1247417238248522e-06,1.3556562820560842e-06,6.786828563498013e-07,1.7975560358325434e-07,3.700157203427731e-06,-1.8075417094081122e-06,-3.8189677154822554e-07,-1.7345064177463067e-07,-7.274963157074961e-07,1.2142349258187748e-06,4.64325313885487e-09,1.3221184283952752e-07,7.604131307406412e-09,-6.439537487335623e-07,1.9844377289740742e-07,1.1134799434801109e-07,-5.388181294000133e-07,-3.901053973943249e-07,-3.181721979422593e-08,-1.0370019256774034e-07,-1.692356224461515e-07,1.5331743346186214e-07,-1.2365297816587174e-07,-1.225304461507381e-07,1.6373941401850993e-06,-1.7307377595734516e-08,10mV,1,54
15058.59,0.0098049,-0.0007940356162443232,-0.0010519019913822186,-0.009617725037706628,-0.0019067775170215706,2.8019106204516945e-06,-2.9333882875785685e-06,-6.867774612274343e-06,-5.686685316823688e-06,-9.70890203772325e-07,-1.0717087152358612e-06,-6.802588205883708e-06,-2.506914510175432e-06,2.4524485055001926e-07,9.444325882144503e-08,4.289800290007046e-07,-9.861911106337256e-07,5.12877585675881e-07,7.29804577406332e-07,2.4848174232633524e-06,4.180768843765462e-06,1.5685838115408834e-07,-1.7941155194003326e-08,2.743353340134684e-06,6.377128684769837e-07,-3.0648814226662805e-07,-3.35682482038564e-07,-6.196389981789864e-07,-1.9876329677415613e-06,7.028547492374906e-08,1.5509879012327945e-08,1.472770842690106e-06,-1.0133715219044946e-06,-2.4023754017030747e-07,1.5745389764636888e-07,-3.3145630368119414e-06,1.6804834596636546e-06,-5.149896252429377e-08,-1.8006374746024327e-07,1.5213844338966815e-06,-9.649633231207671e-07,10mV,1,53
11863.43,0.0097802,0.00038640291999677136,0.0010766407850346374,0.008867119036079308,0.004126407800253055,4.348706704297268e-06,2.4853753747078826e-07,-1.4086892906450754e-06,-1.0510479389730667e-05,3.1721196903049484e-07,1.3501320103280642e-06,5.789436770964859e-06,6.742926071221094e-06,-5.445855795695006e-08,4.533153298461087e-08,1.0015947689492672e-06,-9.432570231907277e-07,6.608660856580261e-07,-1.0739184239270691e-06,-1.6586062387663502e-07,-6.690997916977706e-06,1.9616390595525362e-07,1.3033204365591693e-07,-2.8770407159527652e-06,-1.0728135695814652e-06,-3.3414927566316933e-07,-2.2076680252316305e-08,2.7692312386174203e-08,-2.1489417021997424e-06,-6.63451555312174e-08,-2.9629619238473505e-07,1.3127161179141854e-07,-2.433994123365569e-06,5.663482270711659e-08,-3.53652606513509e-08,-4.3844664200470856e-07,1.4086892906450754e-06,-4.5366269605236666e-08,-2.704808286579598e-07,-1.5136504534774534e-06,-6.472438944893363e-07,10mV,1,52
9432.87,0.0097835,0.0009510884517632378,0.000267721675900683,0.008284401176538237,-0.005204350103706815,9.93244611261496e-08,-4.422731945452734e-06,-7.792537699544875e-06,1.0728135695814652e-06,8.359463875924226e-09,-1.6130873445818116e-06,-3.122318380676849e-06,-8.868665832163153e-06,1.340203789178467e-07,1.6970805816433175e-07,2.2645183055846834e-07,4.7179059372786393e-07,1.3313494864527967e-06,4.220872846802196e-07,7.4721299393197205e-06,4.411322114625682e-07,-4.456455414643605e-08,-1.7217983830631696e-08,7.834724353023072e-07,6.5031273791968605e-09,-1.9859027658363453e-07,2.2025956389309628e-07,-2.039561121984948e-06,2.548898975308383e-06,-2.1012086799066136e-07,-1.9334243941288474e-07,-1.5677883164120485e-06,-2.155570828273366e-06,-3.012776491727597e-08,-2.2409948517124292e-07,-9.24246788834831e-07,-5.771680656776657e-07,9.924431499191947e-09,9.207532393940312e-08,7.933744714039138e-07,1.1059591999495845e-06,10mV,1,51
7558.594,0.0098587,-0.0007664927022627616,0.0003835435569503482,-0.0023658268199504948,0.00957060520957531,-3.9951533137039935e-06,-1.998681511197601e-06,-4.541617587602759e-07,4.532112525667529e-06,1.5677883164120485e-06,-7.509722608428896e-07,4.686792134052086e-06,-6.9263318925913545e-06,3.749459118891617e-08,4.930192651242988e-08,5.345323993934154e-07,-7.98240912854561e-08,1.4639320079252743e-06,-7.217860969931112e-07,5.725355218919827e-06,-6.907549368716087e-06,-1.1947696019579237e-08,-1.3607883304914147e-08,-8.623770447042647e-07,8.265189969176876e-07,2.3522768862560077e-07,2.0749938008484678e-09,1.9876329677415613e-06,-6.174479615262191e-07,7.449977609690361e-08,-1.324314878834336e-07,6.553546302404152e-07,-3.7844200249495645e-07,2.410247488915503e-08,9.686874556634945e-08,-1.2388610243279419e-07,-9.312360974251218e-08,9.395642685114154e-08,1.3955868229605577e-07,-4.3157831496526145e-08,7.864718938797529e-08,10mV,1,50
5960.648,0.0098659,0.00029874930048827956,-0.0006642439568488412,-0.0043447424869052405,-0.008857720040161252,-3.1985533305235236e-06,2.3566543191732905e-06,2.9853164418219555e-06,6.474316092426545e-07,1.0949106564935447e-06,8.854603246052305e-07,8.29082700941227e-06,6.977999301209179e-08,-1.1563118318961404e-08,2.329627372171126e-07,3.737998464764667e-07,1.2970990017390732e-06,1.2418562844588741e-06,-8.13133244578957e-07,3.4537746843580433e-06,-6.959477522959474e-06,1.1877504623003016e-07,2.2434244264184123e-08,-3.957390497025596e-07,-1.1645164802665955e-06,-1.2911140057489364e-07,-2.7030615118591977e-07,-1.039517789507778e-06,-1.0573456087430093e-06,2.3145582637514336e-07,-2.2613517930301825e-07,5.58744177522981e-07,-1.308147545195113e-06,-2.510053401371293e-07,-3.369149470610852e-07,-1.648442683641139e-06,-4.291035517165431e-07,-1.0554719967437341e-07,-9.496161228622859e-08,-5.674905359790859e-07,-2.3544446104820826e-06,10mV,1,49
4746.094,0.0099106,0.00019042054161050046,0.0005967285174976731,0.009186160091478948,0.0037195849622408315,1.0359390557969322e-06,3.362071773672913e-06,8.005045384378346e-07,-2.995260130932391e-06,-4.911984651627435e-07,1.300413564775885e-06,3.73882710552387e-06,7.959370705731075e-06,-5.8760960215623064e-09,-2.2820755459906764e-08,5.60462557486699e-07,-3.224682030942712e-07,9.551107844938436e-07,-1.199871819325923e-06,1.3258252147247767e-06,-9.549256109055204e-06,-1.5182057679443784e-08,1.6718799588744363e-07,-5.696153918565514e-08,9.142758098220587e-07,-2.3513123484122952e-07,2.329144550822097e-07,5.600818246792038e-07,2.0240931611464925e-06,1.1200913918842052e-07,-1.8200530800177316e-07,-1.4920151956818362e-08,-2.2527980106865164e-06,6.068191522360743e-08,-1.132085690660082e-07,1.5317844278518515e-07,-1.6683300618620109e-06,-1.7646578928378393e-07,3.780392830859838e-08,-1.6716446248988226e-06,4.5684467656770607e-07,10mV,1,48
3761.574,0.009947,-0.0005339628469782565,7.645371100710425e-05,-0.005339422966874284,0.00839251780338166,9.207803083254985e-07,-2.776498970502803e-06,-1.1788795867594473e-06,1.5014970556758096e-06,6.673756664914557e-07,9.25836453267286e-07,7.705254206242161e-06,-2.440472989248191e-07,7.933854094619351e-08,-1.293176768812179e-07,1.1136931803688124e-06,-1.1545727911561598e-06,-1.7016425252363161e-07,1.5169650165142654e-06,5.33755134361283e-06,8.974731849341135e-06,3.4414091545220436e-08,4.797068751141164e-08,1.2175494888555866e-06,-3.116304658473727e-07,-1.1028241757439332e-07,-6.498272649202276e-08,4.475478796766214e-07,-9.75458886976832e-07,-8.488665543099156e-08,2.5133823275145975e-07,5.727793632460575e-07,1.9533824830278376e-06,-2.1966901924537094e-07,-8.159907293729927e-08,-1.3633902624753119e-06,6.905431362935564e-07,-1.2970824289238893e-07,8.338594282190113e-08,-9.854039019124827e-07,8.497770647761278e-07,10mV,1,47
2993.223,0.0102845,6.5119010275553e-05,0.00047989458986743454,0.008487747409137958,0.005807749731743244,-1.2274931779660225e-06,2.948856248417024e-06,5.266840665494176e-06,2.0340368502569284e-06,-1.1379999759720999e-06,7.021659830384412e-07,1.2849456039374293e-06,1.1465073544332506e-05,-1.0507516170375758e-07,3.497568900909094e-08,-3.8314437307528154e-07,7.44592610880503e-07,1.366704825512124e-06,-3.342716935246622e-07,5.503279495453428e-06,-8.55157263497481e-06,-8.86449942642588e-08,-3.115877079841978e-08,2.3429784320834044e-07,5.285629818495517e-07,-2.461650837344728e-07,-1.0775290879285028e-07,-2.045085393712968e-06,8.813666182838985e-07,1.5199017193648808e-07,1.0393202415507841e-07,2.41786104021106e-07,-3.622510249727374e-08,-9.659736019343875e-08,1.686246379930325e-07,-1.299262306547766e-07,2.358864027864499e-06,3.4551237115140255e-08,-9.086114425630164e-08,1.4270088805495348e-07,-7.721281223379492e-07,10mV,1,46
2372.685,0.0098642,0.00018788600574168492,0.0003601582098712944,0.009463079679806785,0.0027845036402367037,2.757767269927433e-08,2.3036213105842997e-06,4.4825918490432125e-07,-1.430786377557155e-06,-2.8683532462332813e-07,1.0110037085564306e-06,7.6091318781746145e-06,5.651329977764361e-06,9.469792774810674e-09,2.6243384300262227e-08,7.842660521787546e-08,7.020238987695964e-07,2.7575264116800915e-08,-1.1567824998473676e-06,-7.906337697142085e-06,-7.388161009053819e-06,-1.529096317228997e-07,1.078271771019618e-07,-1.3744388059313517e-06,6.280077174197637e-07,-4.425949281307134e-08,3.004802757915373e-07,1.0938058021479408e-06,1.5788368598680883e-06,4.8191757817423545e-08,-1.913346980960532e-07,-1.020876576503313e-06,-2.4439378124760054e-06,1.3488315967632883e-07,-2.649589876095002e-07,-3.5256067896374863e-07,-2.0704970436618596e-06,-2.2343491528236214e-08,4.5959200738348494e-08,-6.853841294121932e-07,3.4709794762277885e-07,10mV,1,45
1886.433,0.0099075,0.00027865531450477996,-0.00023025164562386955,0.0011040091320295936,-0.009845840999880446,-3.237051980196095e-07,-1.819695107209756e-06,-1.5147553078230573e-06,1.525803851279097e-06,-8.16549122759261e-07,-3.384173280002375e-08,-1.969955298211897e-06,8.867560977817548e-06,2.3330093313230197e-08,7.829878461863253e-08,-1.968636102123246e-07,-6.826766838382907e-07,-8.029683636285313e-07,5.300637055071856e-07,-1.2065009453995469e-06,9.097370681703176e-06,-7.73285015323231e-08,6.45392932004146e-09,4.906053793500233e-07,6.733875104421906e-07,-1.7718493897733755e-07,2.612340816687309e-07,5.107732800892437e-07,1.975479569939917e-06,-1.1222270753342576e-07,-1.4835973104226797e-07,-2.21919165605628e-07,-6.879476124648635e-07,-1.1967196698779148e-07,1.665123774551068e-07,-1.0896854688368799e-07,1.9113980178948864e-06,8.179392504968999e-09,-7.767240954447926e-08,7.369730933714799e-07,-7.804422617740536e-07,10mV,1,44
1506.696,0.0099473,0.000262696798336876,-0.00019256064447793536,0.0020195654680382077,-0.009740102019588762,2.4390455174336707e-07,-1.5622640446840285e-06,-8.56385751044358e-07,9.656731920378178e-07,-7.137206602702021e-07,-3.3852869731827436e-07,-4.084646515697916e-06,7.5240580935631075e-06,-2.0765295483888574e-08,6.659210152600334e-08,7.542856085399215e-07,-8.787249115435596e-07,-9.145819649612256e-07,1.3292248515462e-07,-5.444722215136417e-06,8.252157107316131e-06,5.547194141128149e-08,-1.0924814132438652e-07,5.720488335527442e-07,-1.4589844701656596e-07,-2.665493149545626e-07,1.7882852030185807e-08,-2.0605533545514237e-06,1.3810679320049758e-06,-5.2577057297647215e-08,-2.0203985282147925e-07,-2.0285125785289084e-06,-1.412003853681887e-06,-3.2672056649963185e-07,-3.421320692810272e-08,-1.2076057997451508e-06,1.6219261793466434e-06,-2.301915415474687e-08,9.614894400873192e-09,1.2418562844588741e-06,1.1452500301879533e-07,10mV,1,43
1185.994,0.0099702,0.0002142555644082151,0.00020087688313729653,0.009955568504359759,0.0005399500526770846,4.498360330263672e-08,1.3446077386000444e-06,-1.3611805537841042e-06,2.634178262828172e-08,-8.857071490660384e-08,5.670125759891776e-07,9.452028926642054e-06,6.171378289114081e-07,-2.6184860165575586e-08,-4.2698002166429226e-08,7.672558251592701e-08,-1.3712645593964318e-07,-4.348529927601971e-07,-2.7567099243186904e-07,-9.050966799187809e-06,1.9843184047047493e-06,3.4351711468867637e-09,5.0837475179037205e-08,1.2352271583852502e-06,5.09814377002694e-07,1.5311579754378942e-07,7.698540006383925e-08,2.3489203387540626e-06,-2.6981802653603194e-07,-1.8767619390145474e-07,-9.573206036704862e-08,-1.3280349234159846e-06,6.512902025592419e-07,-2.3960412717397267e-07,-1.0248141669056112e-07,-2.698054311964921e-06,1.1147980347144164e-06,1.1655594627688458e-07,-3.468291365604934e-09,1.383354980500376e-07,3.9116517368262813e-07,10mV,1,42
948.6607,0.0099756,0.00018666403683544692,0.00019257611243877383,0.009890143449430474,0.0013030409084097314,-2.5893112327075403e-07,1.018722000043951e-06,5.169098620955974e-07,-2.6348986278615056e-07,-2.6514294585804326e-07,4.558464406664529e-07,8.563726032776453e-06,1.0002982223747008e-06,8.528569567499333e-08,-2.7264004550557363e-08,8.024982481044769e-08,9.68634091198602e-07,-1.876567484649721e-07,-5.187669012796885e-07,-7.443403726334016e-06,-4.2595493780244083e-07,2.7326705034670388e-08,-5.595185699338149e-08,2.9072164978399014e-07,-5.412414064362264e-09,1.2657598082260162e-07,-1.0124479741570042e-08,3.706786329501355e-06,1.3390834668720246e-06,-1.479860693025847e-08,3.856247710811625e-09,-1.1667261889578036e-06,3.9709205433418616e-07,-5.4621258807883706e-08,-1.420655968062312e-07,-1.4617222992340661e-06,4.288359559940378e-07,5.730478428520393e-08,1.4878929841183877e-07,1.872728115798747e-06,1.8108562724449243e-06,10mV,1,41
752.3148,0.0099869,0.00024346349388860197,-3.32240750266573e-05,0.00709674020743993,-0.007026745474937227,8.785606197023681e-07,3.001942290014604e-07,4.3833726142449375e-08,1.7909688942240526e-06,3.8594805146268614e-07,-1.7453185223723872e-07,-7.560518286968039e-06,-5.442512506445209e-06,-8.198381636606893e-08,-7.908484429135593e-09,-6.739316512074005e-07,1.645128120604327e-06,3.783251089051915e-07,-6.788452699386051e-08,3.531114488550322e-06,-7.81905420383937e-06,9.548734617804079e-08,1.1918096971660507e-07,6.260558817328197e-07,1.9533824830278376e-06,-7.464662228797783e-08,2.3198582500472954e-08,1.7931786029152603e-06,6.139615936386658e-07,-2.1712045172636624e-07,1.240657517493894e-07,-1.9622213177926697e-06,1.4661417166164822e-06,-9.390193543481636e-08,1.7574199920197877e-07,1.4904485122197699e-06,1.5534252099191967e-06,-5.769403551970367e-08,-4.918768457309443e-08,-1.7478795747454972e-06,-1.546578427539489e-07,10mV,1,40
599.564,0.0099771,2.1839655849553884e-05,-0.00022485553699993973,-0.005027818686074902,-0.008617586577270303,-4.2713989408810115e-07,-7.137481711434076e-07,1.0080875559966434e-07,-2.4406232494391933e-06,-2.3365106147442388e-07,2.8156704764718466e-07,9.26199397919817e-06,-1.9655358808294814e-06,9.09212704297894e-08,8.581144061534901e-08,8.423659227966854e-07,4.153357407451028e-07,3.3699681676809446e-07,-2.72348916385507e-07,-6.572171936962343e-07,-8.592452245762157e-06,7.546411506683369e-09,-5.156228172684033e-08,-2.397719545490699e-07,-2.174353352148634e-06,-7.55163857259242e-08,-5.955206907270588e-08,-1.0628698804710293e-06,-1.6175067619642276e-06,9.078424639384759e-08,-1.1592761561053959e-07,1.3114621082319249e-06,-4.789060766844227e-07,-1.494239267479537e-07,2.417032399451857e-08,-8.300066906304556e-07,1.25732424529733e-06,-1.3552596393460124e-07,-1.2691959052408445e-07,-6.964521183047156e-07,-9.75788133571822e-07,10mV,1,39
474.0168,0.0099956,0.00016327868975639305,0.0001293419836768212,0.009976809329153995,0.0006122749229946667,-4.920805808722737e-07,6.321371105364586e-07,-2.9808970244395397e-06,-4.704478642416514e-07,-3.893532125558376e-07,3.0761299447588746e-07,9.084112429555928e-06,-1.4838193861461461e-06,-2.233520512064418e-09,2.2403054226007723e-08,-1.0620059948582017e-07,-1.0540310457061975e-06,-3.300908141954622e-07,-1.3349159562804063e-07,-8.245527981242507e-06,3.592986331904145e-06,-1.5798964151855226e-08,-2.6562046390621332e-08,2.3329971779252183e-07,-1.3927186210793697e-07,1.0748713608001526e-07,4.981594894817868e-08,2.942150887393554e-07,-6.89972699994921e-07,-4.227001473857261e-08,7.893610879935073e-09,-1.0341105218549577e-06,5.7283084945856266e-08,-1.4878985083901158e-07,3.021732441053063e-08,-1.4473591927412147e-06,1.4075844362994714e-06,-4.3578747856570893e-10,3.119565083647604e-08,-1.0749968722538131e-07,-1.6165212318879488e-07,10mV,1,38
377.1552,0.0099861,0.00017182142355660302,8.624713992653793e-05,0.009896984707538454,-0.0013308092126777962,-2.8797244071582375e-07,6.327856600373282e-07,-2.7378290684066638e-06,1.196557256289111e-06,-2.4584390257620576e-07,3.709609232354373e-07,4.802801840340504e-06,-6.1695066658526275e-06,3.056540877211316e-08,2.2033911340597975e-08,6.163307328119443e-08,-1.639981709062504e-07,-1.7066287328980273e-07,2.3431839349916868e-07,2.2656883463366779e-07,8.818947386610973e-06,-1.6349457829552407e-09,-3.956348619377691e-08,-3.896166098318296e-07,-6.488104674659683e-07,1.1921168466741287e-08,-1.0629256756154824e-07,-1.3435028842544405e-06,-1.9047688918212625e-06,-1.5276113929885055e-08,1.0266799344390328e-07,3.746192064591667e-07,4.3159356195523083e-07,5.580522072463293e-08,4.9473013207846655e-08,1.4871339491829578e-06,-5.42281295346309e-07,4.464950639706953e-08,-5.946436573475184e-08,4.044903800032195e-08,-3.9768127315669676e-07,10mV,1,37
298.2954,0.0099757,-0.00015885374810224913,7.838499640322001e-05,-0.004945463948007926,0.008663556252027848,5.743694696202507e-07,1.5425004101498646e-07,1.472770842690106e-06,5.783307039055447e-07,-4.2800256436114875e-07,1.8713437333037053e-07,6.547366852049189e-06,-3.985209624593558e-06,2.0804484667527145e-08,5.649671591391609e-08,2.1507293565309293e-07,1.2131300714731706e-06,2.0042168314690768e-07,8.789478711505024e-08,7.952741579657453e-06,-1.2385417214220622e-06,4.7665858197459506e-08,1.9571124712985967e-08,-3.204809015828333e-07,-1.081652404346297e-06,1.2656404839566911e-09,6.618010134052762e-08,1.0455603484093208e-06,9.88543456020951e-07,6.912836096759802e-08,-6.473464249726084e-09,-3.0262435613461637e-07,-1.2893650213198453e-06,2.4111159044311474e-08,6.65579836238111e-08,1.2970990017390732e-06,1.594304820706544e-06,9.828712442960546e-08,2.2135966736501414e-08,6.079189242516885e-07,-5.923429086582326e-07,10mV,1,36
236.7424,0.0099973,0.00010714656472798282,0.0001239061002964496,0.009646824691461147,0.002623758381494781,-5.907491562646989e-07,3.2274463765154136e-09,-1.7810252051136166e-06,-1.363186969275721e-07,-3.885742902421868e-07,-2.5392756939581725e-07,7.990306627407987e-06,-2.154675896253427e-08,-2.117021355300898e-08,6.550556566544947e-09,-7.507409043429201e-08,1.0699290158559624e-07,-2.460600120862059e-07,-1.0434120696197284e-07,-7.567147413041663e-06,2.5256970340506994e-06,4.033404476003149e-09,-2.489719661994797e-08,5.973732000083331e-07,-6.458882382072802e-08,1.0547590342345159e-07,1.1402174186437271e-08,1.6749591879356346e-06,-1.2606388083341418e-06,-4.1622559043505223e-08,6.255690829081466e-09,-6.504209031601206e-07,-6.399304216340454e-07,-5.037641946061667e-08,1.3449038395646663e-09,-8.717586944090918e-07,4.624731360605164e-07,2.5734201126547177e-08,2.833003431445682e-08,1.6705397705532186e-06,-8.859482282842492e-09,10mV,1,35
189.0121,0.0099761,9.055165245701103e-05,0.00012083129065263374,0.009424437399069285,0.003271538903739777,-5.342348621181442e-07,-1.5034703255370583e-07,-2.561052373110027e-06,-4.374537094043143e-07,-2.6118679390273906e-07,-3.6738671942740845e-07,7.952741579657453e-06,3.8517653167315093e-07,-1.244200785380246e-08,2.006132648904354e-08,-1.5059164730582257e-06,6.49901069190514e-08,-1.6315262587555966e-07,-1.1166475608889575e-07,-8.402417298318273e-06,2.7323047966786438e-06,3.6588953130368044e-08,-8.846137852056287e-09,1.3236155060335688e-06,1.4673194913488962e-07,6.002917832476805e-08,2.691800836368802e-08,7.878610272484807e-07,-1.3447690473345024e-07,-1.7833674963262972e-08,-2.1686147386775665e-08,-7.413771532784918e-09,2.006708278018414e-07,-7.492657028206697e-08,-4.989600669406114e-08,-1.7810252051136166e-06,-6.712010036922403e-08,7.542601968899725e-08,1.5800168443091934e-08,6.393746798982066e-07,3.4170228094058727e-07,10mV,1,34
149.6011,0.00996,-6.57001636613407e-05,0.00012209745373269589,0.0010335967645842517,0.009906190353946026,4.287884472571769e-07,-2.0861959190585464e-07,-3.427158743172444e-07,-1.1446291020457238e-06,1.3482935326969792e-07,5.665646680374697e-07,-6.430252291415167e-06,3.991319469124748e-07,5.3825156009158746e-08,-1.4430182200173365e-08,6.595040212207656e-07,-3.8259901697029136e-07,-1.0012370171121605e-07,1.3571445208596126e-07,-2.1367883043980987e-06,7.795852262581687e-06,1.359883454782365e-08,1.4383634686593071e-08,6.159063582577979e-07,-5.313940606247273e-07,3.610836358711723e-08,8.228727566063253e-08,5.777119854720065e-07,1.4981824926389976e-06,3.893142111974378e-08,-1.1853076293421712e-08,-2.227257092779189e-07,-9.871840432341198e-07,1.1053205941378254e-08,-3.1899133695409007e-08,9.168232724867178e-07,-2.0152543263816605e-06,-7.832994151117856e-09,-5.7691704277034443e-08,-2.474564374936147e-07,1.49273556071517e-07,10mV,1,33
119.1737,0.0098874,-2.9117331424047304e-05,-0.00012324760710646964,-0.007335345656770911,-0.0066297348483683105,-1.2011943299776108e-07,-5.209521926898587e-07,-6.792269971150112e-07,-4.1842281427215486e-07,-5.103968562136965e-07,3.4429415874993964e-07,-7.292038680986272e-06,-4.150937776434155e-06,-4.863881503128529e-09,-1.4438866355329813e-08,-4.789986634785843e-07,1.3634444003382467e-07,5.868377509103917e-10,2.2336321023533241e-07,6.632440636660696e-06,4.936489216158586e-06,1.515813758286146e-08,6.291503577839873e-09,1.2750019148269937e-06,-1.418340193353926e-07,-5.970524607918041e-08,-3.838868351955274e-08,-1.9191319983141143e-06,-4.638110041876083e-07,-7.767260841826148e-09,-2.5803906387211338e-08,1.5561199496681247e-07,-4.476251089953791e-07,-2.7254701676967375e-08,3.863707687353142e-08,4.5033388039449636e-07,1.827429087628984e-06,2.8805464187913668e-08,2.27160926077477e-08,2.8450540777931845e-07,5.47219662814855e-07,10mV,1,32
94.69697,0.0100735,2.6530867400988386e-05,-4.755845530652335e-05,1.2948892930478653e-06,-0.005036765796565603,2.2286403704198854e-07,7.715282969137208e-08,-4.707693768562222e-08,2.427437917678755e-07,1.1090594212433494e-08,-2.533274125152852e-07,2.2909762525988617e-07,2.9015253931056954e-07,-1.20378079400067e-08,4.204414936470079e-08,1.5856383432196265e-07,3.6420153483446674e-07,3.491784988409857e-08,1.6958088942915274e-08,7.401551843722538e-08,4.051631258142578e-07,-3.680639951412637e-09,2.9037815056794187e-08,4.979895628834329e-07,-2.3512736785101993e-08,-1.4068265062183869e-08,3.4123492755239674e-08,9.934632619364911e-08,-3.9105590358784793e-07,2.8905862302298703e-08,3.3143067106037615e-09,-1.123629135498829e-07,-1.7806296672578903e-07,-2.25168873692353e-09,-1.6049213661134526e-08,3.6509922899026994e-07,3.830040565733898e-07,-2.793995443919788e-08,4.121293429487255e-08,5.578978590942484e-09,5.642517659503824e-07,10mV,1,31
75,0.0100005,2.4496830550731455e-05,-4.279432336827898e-05,1.3888019124242035e-06,-0.005000263618695538,2.1310607394704875e-07,2.8264671131370886e-08,7.706951262517008e-07,-9.030376733603134e-07,3.2015010819175955e-08,-2.6781812968505416e-07,-6.779536524817027e-07,-8.272677567077034e-07,-3.5140334403672845e-09,-1.0937832631192904e-08,1.1324646557006241e-07,-1.4697313883853496e-07,-3.299418798296748e-08,2.6900065529115413e-08,-7.161556487624788e-07,7.050619167637038e-07,-4.832847249414858e-08,3.0049143482042793e-08,-7.273329077497814e-07,-1.4359095871577205e-07,-1.606568703942748e-08,2.7444195245781916e-08,1.0523592905958641e-07,6.44389613772903e-08,1.0613523630273423e-08,-8.501109517593694e-10,7.677850503908145e-07,5.4108053964350654e-08,-5.344645613365953e-09,2.4672513440225945e-09,-1.0962709531638524e-07,-1.0420181853773147e-07,-5.042746373138357e-09,2.3909534174782205e-08,3.232006110399721e-07,-2.9564410734995954e-07,10mV,1,30
54.50581,0.0099981,4.777942617564414e-05,-7.550685083292163e-05,1.3501320103280642e-06,-0.009998103186956821,4.6169134112556707e-07,2.034099826954628e-07,1.3689145342033319e-06,-6.763450950399379e-08,1.5264181502952528e-07,-5.102594123331034e-07,9.817007616023219e-08,7.376459496679527e-07,1.905051734533737e-09,5.1391283419771206e-08,-6.473526121569439e-07,1.576803927872177e-07,7.038033771786262e-11,5.394174023970688e-09,6.909701624981322e-07,6.214418995001429e-08,-1.7941597135741566e-08,3.748854763564572e-08,-1.6617009357883867e-06,3.9512640796792213e-07,-3.6323136223359184e-08,1.5471794683034973e-08,-1.195452401943507e-06,1.134685412935288e-06,-2.937460780696465e-08,4.370455762090482e-08,8.997403460512928e-07,1.2970990017390732e-06,8.207368521854036e-09,3.35427371170164e-08,-1.5101569040366535e-07,-6.479139886499452e-08,3.5631497403011096e-09,4.1429684620393135e-08,8.993055858662976e-08,5.382507866935456e-07,10mV,1,29
45.95588,0.0099993,4.91008319729865e-05,-7.332255379166257e-05,-0.0005045659874047714,-0.009986523208560546,4.343570236444555e-07,7.631873095170181e-08,1.0436940284487265e-06,-4.769508159490074e-07,3.908439925243611e-08,-5.299194115296497e-07,-2.7269661404806854e-07,3.178639435798358e-07,-2.747686578878143e-09,2.655150608016427e-08,-1.0661844435078412e-06,7.830878355046024e-07,-9.711281893983683e-09,2.8236784607687844e-08,1.6451270157499816e-07,-1.698700298113973e-07,-6.541473558969737e-09,1.6932202205597773e-08,-1.0149162187650833e-06,3.566662072265785e-07,-6.354328910493953e-09,1.7742071489468948e-08,5.730057479014718e-07,5.194334599063914e-08,1.8126052568740154e-09,1.6039645622501595e-08,2.438865426175337e-07,4.911655405032445e-07,-6.154361322483088e-09,1.4247439291410465e-08,-1.2440195892675668e-07,-7.415444282264163e-07,-1.233995245789902e-08,1.597908855581904e-08,-2.663156382604673e-07,-1.6357633751709878e-07,10mV,1,28
37.5,0.0099985,4.658728833673745e-05,-6.639953646210803e-05,-0.00036669452817988756,-0.009991750274469599,4.1132047908230884e-07,1.0913909220047543e-07,1.0120555298934456e-06,4.5468048787553705e-07,8.134181865146885e-08,-5.065445605668791e-07,7.120512253539945e-09,-3.098830282143654e-07,-3.7016211354356563e-09,2.658860708908965e-08,-1.735548295394211e-07,-1.0389441491315406e-07,-8.299253733506192e-09,2.2376913372190732e-08,3.7668230097871294e-07,6.203353878730205e-07,-8.53680183722843e-09,1.7361438118864917e-08,-8.408006756452682e-07,1.2939501668541017e-07,-3.896443416759043e-09,2.1663100125126366e-08,-2.836011949828762e-07,-2.7999207777752624e-07,1.3793498834975615e-09,1.4322580435454993e-08,2.486648166914018e-07,-1.8489825862030264e-07,-8.495884661393332e-10,1.1750766781018783e-08,1.241433125244508e-07,-8.29259367151089e-07,-6.6106076099372154e-09,7.404445457253676e-09,6.198395292427135e-07,1.692921909886464e-07,10mV,1,27
30.04808,0.0100013,4.3604181603606696e-05,-5.956711718889301e-05,-0.0002453693676347688,-0.009998250132584787,3.7958585819896024e-07,1.4843022074951748e-07,7.713254456558679e-07,7.015199747025664e-07,1.174137551908115e-07,-4.689461462151065e-07,4.094217868893884e-07,-1.0694290692645765e-07,-6.992333681489046e-09,3.4723760121206315e-08,-4.090102286456508e-07,-9.42598198544444e-08,-5.28375156610799e-09,2.3577116647820338e-08,-6.866858688021838e-07,-2.123818419235053e-07,-4.962759337934011e-09,2.1774215326663758e-08,-7.375924747176254e-07,3.480475699328255e-07,1.4148422244957437e-11,1.0544670212309728e-08,7.275437139589226e-07,9.076756309322897e-08,3.80419581288153e-09,2.4797870214278173e-08,-2.0179501709849343e-08,-3.4009968971228866e-07,-6.818452809432236e-09,2.628313695961706e-08,4.309633530364983e-07,8.086367083632179e-07,-6.631549019203793e-09,8.159517280145928e-09,-1.4732293572435317e-07,1.4734934174321311e-08,10mV,1,26
23.91582,0.0099996,4.085972340912641e-05,-5.323077751685418e-05,-0.00014540656586190307,-0.009998505353938621,3.5334932399564075e-07,1.610062253383548e-07,-3.760399386621788e-07,-4.287050307540838e-07,1.4318227309333313e-07,-4.3512854343399074e-07,4.1072794569676134e-07,3.2837298665891715e-07,-1.1991591882730083e-09,2.7476512235390832e-08,-7.285921102474663e-08,1.3365157853728408e-07,-4.79727867346683e-09,2.413804015054002e-08,-1.0606233801301128e-07,-3.1698624728768794e-07,-5.86729364699088e-09,2.07519930375675e-08,-7.674874026301088e-08,3.002261592920484e-07,-4.948570798427765e-09,1.5564690836413356e-08,2.7557906855031477e-08,-5.258420570526327e-07,4.258994741142916e-10,1.738085040971718e-08,1.4043781489885285e-07,4.336981989981718e-07,-7.750559863537997e-09,1.8309281613415115e-08,-3.275423571618921e-07,2.3553903658019195e-08,-9.714737878376732e-09,1.1237495646224999e-08,-1.1147980347144164e-06,-5.909955387837686e-08,10mV,1,25
18.8253,0.0100008,3.771420308719188e-05,-4.731317764179926e-05,-6.30330452710527e-05,-0.010000591318943122,3.276914020131141e-07,1.7107653075679687e-07,9.230556453648355e-09,6.055990615822238e-07,1.6821595237059358e-07,-4.05976630068926e-07,2.1872105421684274e-07,2.908871569649616e-07,-2.8911010923549218e-09,2.502549230655951e-08,-5.202997761987795e-07,-2.928555654670897e-07,-3.7627560409409615e-09,1.8631169878463383e-08,2.1447067954930422e-07,-5.102190851494888e-07,-5.404414918900092e-09,2.014038986601496e-08,-2.500283174393117e-07,5.025759237574696e-07,-2.9179910374182314e-09,1.2515767929914978e-08,2.3680464723308134e-07,-1.0488383407672933e-07,4.248785886989534e-09,1.6011946924057303e-08,4.530233168425656e-07,-4.639901010770307e-07,4.2312606873595644e-10,1.0360138544361297e-08,4.348355360615365e-07,1.7108680590221093e-07,-4.3798205075238215e-09,8.614838804512784e-09,-6.333025109002017e-08,2.7600123339577007e-07,10mV,1,24
15.02404,0.0099971,3.484821091469515e-05,-4.234022823223574e-05,-4.137679524286907e-06,-0.009997085616104521,3.022917949765896e-07,1.7383181652386406e-07,7.294672653746193e-07,-2.9615731219349257e-07,1.7562400075786824e-07,-3.715930104065573e-07,6.317011350116833e-08,-8.87511044756106e-08,-1.4694253437316172e-09,2.248337713693313e-08,-4.4824769441912694e-10,-3.7475167849520457e-07,-3.5961506347499547e-09,1.8849157640851045e-08,3.6082068053691857e-07,1.9676472574839306e-07,-1.817468825703364e-09,1.491072754925036e-08,1.0963543696669454e-07,-2.934278800181125e-07,-2.24577997588324e-09,1.2550150997150176e-08,4.66576233643786e-09,-6.661992175842565e-07,1.4017386519568808e-09,1.4990232867960023e-08,4.3243800213157596e-07,-4.367479284483425e-07,-3.87662674921629e-09,1.0657858120599474e-08,-1.678208564566056e-07,1.7173159889830543e-07,-6.327237881939743e-09,7.204258003228036e-09,-7.449046217477016e-07,2.5845327376628027e-07,10mV,1,23
11.95791,0.0099992,3.1971170198742384e-05,-3.78313176478259e-05,4.63784708654183e-05,-0.009999127386935197,2.75702922722457e-07,1.7303024469612833e-07,9.132160335337555e-09,-2.6098968788748336e-07,1.779027628456765e-07,-3.351598859330933e-07,-3.3806167538638756e-07,8.040056008881844e-07,-6.728538657932639e-10,1.9796161446098586e-08,-5.06370656492881e-07,-3.985876956618303e-07,-1.6301628684931212e-09,1.3440431580294407e-08,-4.610847760898305e-07,4.148420918234869e-07,-2.308362240581286e-09,1.4374928434349709e-08,-2.809476663010391e-07,3.7646011476981204e-07,-4.707364521967232e-09,1.5599073903648553e-08,-1.0048335389779707e-07,8.345948192714453e-07,1.2898367941254183e-09,1.2386754087978804e-08,4.881615520229817e-07,-3.1704856107278005e-07,-6.988998126219666e-10,7.646154442441458e-09,2.122455028972578e-08,-4.157877366578893e-07,-7.009537368504444e-09,8.173203110924925e-09,-3.3443510148237704e-07,3.6235764341708823e-07,10mV,1,22
9.52744,0.0100003,2.922450229557089e-05,-3.3806333266790596e-05,8.60162253683067e-05,-0.009999910728666229,2.506091393687957e-07,1.703995864992453e-07,4.2382544153672373e-07,-4.7426745619983896e-07,1.8159242393282098e-07,-3.0437499784522584e-07,-2.1558205253554726e-07,5.608098132075222e-07,-4.666566670401459e-10,1.9331426562707184e-08,1.561021083545224e-08,1.4313863134668178e-07,-3.395620675877177e-10,1.1139251997813893e-08,3.8317519851152385e-07,-8.282459947453012e-07,-2.4568005267675268e-09,1.1506262514336623e-08,5.532738226870266e-08,-2.8176271735179117e-07,-3.0096740607251408e-09,1.101015197723876e-08,9.610312569901972e-08,4.003589981487026e-07,1.9092722781339444e-09,1.196500908717485e-08,5.997926100543366e-07,-9.088220278012884e-08,-2.3856158661346076e-09,8.591847890435112e-09,-9.44329836760309e-08,-4.3019238567413587e-08,-3.945440392423543e-09,4.99688276439799e-09,-3.115471598297141e-07,-4.126556955589712e-07,10mV,1,21
7.524077,0.0100007,2.657616642915815e-05,-3.007303043299475e-05,0.00011951982854440181,-0.0100000311577899,2.2730433617153638e-07,1.6541139009971244e-07,2.7041420594091983e-07,-1.920145149749033e-07,1.7731288111055849e-07,-2.748994726423338e-07,-9.973991950572706e-09,1.1556776455017636e-06,-6.965684594673076e-10,1.6772440267223437e-08,-3.783428970601557e-07,3.288719388813919e-08,-2.2245170540020913e-09,1.0828453155832456e-08,2.0784542046588994e-07,1.5329522588951548e-07,-3.3428848731071538e-09,1.2163032131537453e-08,2.167016014439478e-07,4.103469919183971e-07,-2.525291552505863e-09,1.0962028941361633e-08,-5.522003462048378e-07,1.9501795102799318e-07,1.7283579033130206e-12,1.2027864250896263e-08,2.8205031093795185e-07,3.354086991317233e-07,-1.2753267420046012e-09,9.428996028099248e-09,3.8243074765345593e-07,3.2081467808064034e-07,-1.153860160103245e-09,5.233889489490882e-09,-3.682888330005941e-07,-3.646129825927696e-07,10mV,1,20
5.98659,0.0100002,2.416095482966785e-05,-2.6844646035139917e-05,0.0001448552435434467,-0.009999140645187343,2.0412670170945607e-07,1.584048457816302e-07,3.4978517436215685e-07,2.015724994332888e-07,1.7474343184442188e-07,-2.498406026859936e-07,-2.0103907575523116e-07,6.634178572546331e-07,3.353014177747652e-10,1.5616707379004392e-08,1.0144769286772713e-07,1.101732469165042e-07,-1.018445013059508e-09,9.170978287916004e-09,-2.533499515439355e-08,-2.5596922974105885e-07,-2.6372729598502086e-09,9.934269122285205e-09,-4.612542607464461e-07,4.509394510613219e-07,-2.125397256094921e-09,9.087011567358794e-09,1.5446946508802342e-07,-2.1289504676703838e-08,1.5505780002705753e-09,9.553909755558888e-09,1.5487373129307988e-08,2.5020189005700607e-08,-2.229360735453219e-09,7.628207188451467e-09,-2.4138040150540024e-07,1.3907254638399e-10,-4.161644919897403e-09,5.1936142340305805e-09,-4.316352149640601e-07,4.435752653915677e-07,10mV,1,19
4.76372,0.0099999,2.1916995653746165e-05,-2.3963185901804737e-05,0.00016571820815148664,-0.009998511983064695,1.8508232735428025e-07,1.4973317547928828e-07,4.489341404240507e-07,6.547312714186254e-08,1.6753746131695815e-07,-2.25386529998437e-07,-1.0794921931297722e-08,1.9512633723929692e-07,-5.389261841550133e-10,1.3801122329960282e-08,-4.6327713856781245e-07,1.6421814740646011e-07,-1.910518553835786e-09,8.885181194921241e-09,7.897549685677151e-08,1.2406475738047834e-07,-1.319882203199773e-09,8.482508189831104e-09,1.8596554791815606e-07,-3.7845338249471615e-07,-3.1074868159414614e-09,8.729322706949924e-09,-1.4512869499398366e-07,1.3310014573339312e-07,1.0813691196920843e-09,9.426734391253796e-09,5.671846018107882e-07,3.045591770646381e-08,-2.7845456247018367e-09,5.516566473813661e-09,-6.789376357618977e-08,3.875878762824316e-08,-2.9222513557748803e-09,3.8336280277940746e-09,-4.326008576621179e-08,-9.415370964309259e-08,10mV,1,18
3.76506,0.01,1.97901510384585e-05,-2.1320374307120014e-05,0.00018158391655435983,-0.009998304270447721,1.6563423922122077e-07,1.4077424304708926e-07,5.540221405353041e-07,-1.4342213697176375e-07,1.5958858672751035e-07,-2.0179866311783392e-07,6.720111933838716e-08,5.834101612740245e-07,4.794786122063146e-10,1.269953835321929e-08,-2.9003133678885675e-07,-2.525814148611334e-08,8.2840586716911e-11,7.350967192363406e-09,-2.324774851885233e-07,-2.3373370457947507e-07,-1.9294303456694888e-09,7.0901055570945774e-09,-2.475915611800821e-07,-4.82923989997646e-07,-2.1934673323275826e-09,7.1995546382788e-09,1.3921396774022732e-08,1.909650138320141e-07,5.921835886615965e-10,7.825581683313199e-09,5.291330866918833e-07,1.947626191887241e-07,-1.1034560419441842e-09,5.667526037616569e-09,-9.315254587782354e-08,3.530174257502213e-08,-2.4234394498020146e-09,3.57079754208138e-09,-4.4413399023413967e-07,-1.3603817440922323e-07,10mV,1,17
3.008665,0.0100003,1.792184234004217e-05,-1.9071995713815914e-05,0.00019428974152880559,-0.009998458950056107,1.4925554694568366e-07,1.3159047275555987e-07,4.856791652792788e-07,2.2495773602690808e-07,1.500859554718396e-07,-1.8145332277070944e-07,-2.2607341794509897e-07,6.823821296697525e-07,1.9651027779260048e-10,1.11855453948947e-08,-6.324954148007379e-08,-3.777957731882127e-08,-7.860813278685819e-10,7.044585558055693e-09,2.389796634978373e-09,1.1568476862537583e-07,-1.0971053391656526e-09,6.806343605804417e-09,2.2055135592577028e-08,-2.7184620765825714e-07,-1.3185364906068273e-09,5.921374057499503e-09,-9.048878624474617e-08,4.3567478342245734e-09,3.1763601212833764e-10,7.51659811702159e-09,3.9399614197236924e-07,2.0783304609721917e-07,-1.2352735622677656e-09,5.0497290526025735e-09,-3.468973060736172e-07,-1.292990048427772e-07,-2.017837475841683e-09,3.118077949698421e-09,-1.0651700767331422e-07,1.869801356637242e-07,10mV,1,16
2.38186,0.01,1.6138607426237344e-05,-1.6980506437587576e-05,0.0002049261743139351,-0.009997883320942046,1.3386459445511652e-07,1.2225721567107024e-07,2.647310561580021e-07,8.802727019963161e-08,1.4072242537828045e-07,-1.6323073907779386e-07,-9.53838213258577e-08,2.818450290005386e-07,3.324073623018901e-10,1.0449636165772602e-08,-1.7696452053538957e-07,1.071171866509332e-08,-5.036756957730837e-10,5.5329857142436814e-09,-7.96668594635332e-08,4.710860281116723e-08,-1.5523070973214456e-09,5.632149706324676e-09,-1.8312518836647734e-07,1.2252381702466448e-07,-2.019264947656203e-09,6.038404649203259e-09,-8.897040701466954e-08,2.894314008791938e-07,9.47702736106569e-10,6.38759828454878e-09,2.7555807631774834e-07,2.8239822957138256e-07,-1.6688305608805693e-09,4.390581788850004e-09,-1.2675761887701894e-07,3.0930960880899695e-07,-2.0991105615043117e-09,2.083505598727001e-09,-3.964079285233882e-07,-1.403115300471503e-07,10mV,1,15
1.890121,0.0099999,1.452772979034674e-05,-1.5137609389120138e-05,0.00021312529841266225,-0.00999763362385994,1.1972024912269436e-07,1.1243450811147805e-07,3.9547200640722703e-07,-1.1898342175961108e-09,1.3019504171706201e-07,-1.4553207731556368e-07,-5.5257942173081454e-08,3.8748965473110744e-07,6.107534280753354e-11,8.716696431488361e-09,-3.46196386476766e-07,-7.971637903530316e-08,-1.9108400664503565e-10,5.006177904007556e-09,-1.3713993516265952e-07,6.05216229551472e-08,-1.1908186428180438e-09,4.63918396030001e-09,-6.81612930074343e-08,-1.0391547343698126e-07,-1.5797991880031093e-09,5.158831209522276e-09,-1.3793940776713857e-07,2.535477204717986e-07,8.546126807905327e-10,5.00242471379554e-09,3.325945246280354e-07,1.1450102767949573e-07,-5.765883486025272e-10,2.946879663992739e-09,-1.4924969121765195e-07,2.2656596201236922e-08,-1.6274703384528842e-09,2.06067488852944e-09,-1.5538472642792176e-07,8.575870591743333e-09,10mV,1,14
1.502404,0.0100005,1.3072636617186297e-05,-1.3507949229354266e-05,0.00021973343225371964,-0.009998099872393786,1.0741842518826215e-07,1.0302726998000677e-07,2.7023091060498415e-07,1.0813538727021147e-07,1.201843984332826e-07,-1.3091198170192446e-07,-1.6095728029084453e-07,4.6622400607840743e-07,2.804763354372044e-10,7.731825953253936e-09,-2.1189250193383733e-07,5.772763414035349e-08,-7.013918115984764e-11,3.734639707554031e-09,-5.322603769171154e-08,1.3393408979345503e-08,-1.0558659878033765e-09,4.409975297178391e-09,1.0435711686454956e-07,-9.948267626844007e-08,-1.0245746344834844e-09,4.424465461920987e-09,-8.781730367979304e-08,-2.613864410829897e-08,2.9617222772715824e-10,5.2517605085310266e-09,3.01139100437821e-07,9.983653901825012e-08,-1.676286118004705e-09,3.6967310501020127e-09,-1.5015556129561265e-07,1.824052652748818e-07,-1.6829384460195863e-09,1.8701129255627024e-09,-4.353253179929428e-07,5.234930262284441e-08,10mV,1,13
1.195791,0.01,1.1757859945917562e-05,-1.2061694890958655e-05,0.00022485774670863093,-0.009997486678231974,9.629465219983017e-08,9.399021329703012e-08,3.721715121419156e-07,5.529017077434272e-09,1.1075380368094526e-07,-1.1735365111441064e-07,2.1139343922592804e-08,5.775843747950892e-07,2.4349752340244657e-10,6.678047919192882e-09,-2.0079600779919832e-07,-2.0427265296851036e-07,5.345851009457008e-12,3.5815544039901808e-09,-1.007775766100314e-07,8.154367554041069e-08,-1.1925665223927894e-09,3.402453095150393e-09,-7.179036388226588e-08,-6.49767823756434e-08,-1.4044112946188966e-09,3.970043288991452e-09,-9.944955273515887e-08,1.4754512193325416e-07,4.671288817874571e-10,4.030590411984896e-09,2.975890929399608e-07,-3.705166613030699e-08,-6.660006752583514e-10,2.374572846950296e-09,-2.7139233349308305e-08,-7.157893895469111e-08,-1.4307985309549566e-09,1.288958434920663e-09,-2.2761104373787606e-07,-1.3963270753721123e-07,10mV,1,12
0.9486946,0.0099999,1.0548044437481203e-05,-1.0746918219689919e-05,0.0002286330340075597,-0.009997320950080135,8.573557026743637e-08,8.930005135722394e-08,3.3988545845467606e-07,4.241755698788457e-08,1.0144082067369747e-07,-1.0244039344870885e-07,-4.704896277359152e-08,5.183948968215237e-07,-3.728028259149937e-12,7.787684074404637e-09,-5.959507000383679e-08,9.494327170409158e-08,-2.5052141393375476e-10,4.439827356742265e-09,1.0966148943216389e-07,1.8547267239458213e-07,-9.663129027039224e-10,4.4457637391411945e-09,-1.199377949433438e-07,9.590175494598993e-08,-1.7998430843279437e-09,4.289949445343702e-09,-1.8810189428081594e-07,4.141399568868556e-07,4.214379617813081e-11,4.994642119785105e-09,3.263538653423259e-07,3.3379008751541344e-09,-1.0358491206532002e-09,2.8591906891451877e-09,-7.309620228187868e-08,5.064827992089598e-08,-1.5408508626118776e-09,2.0054829945491388e-09,-9.712696107546056e-08,-5.869053679963427e-08,10mV,1,11
0.7515633,0.0100002,9.449819217950846e-06,-9.576877467695303e-06,0.00023221939121339025,-0.009997487783086319,7.642863081345903e-08,8.06323695790696e-08,4.0385243710406785e-07,-2.75761480002774e-08,9.225893968309905e-08,-9.179174097451695e-08,-1.3601773460382957e-07,5.504556707076945e-07,-1.8106562938083696e-10,6.5542412557875365e-09,-3.5078020618580777e-07,1.2494841988609242e-07,-3.185403354102145e-12,3.736008622088235e-09,1.0100361876059852e-08,1.1755153052770832e-07,-9.793860917482816e-10,3.648552771507606e-09,-8.494453875015774e-08,-3.247182389690938e-08,-1.2977055667748097e-09,4.0881444845560984e-09,-3.631128113623086e-08,1.9196744817978057e-07,2.5006919705009904e-10,3.729735259113895e-09,3.710345065348545e-07,7.97525409180348e-08,-6.658801356492462e-10,2.57372615730845e-09,-1.6598823455355228e-07,2.3227518635784323e-08,-9.590076057707888e-10,1.4748623319663343e-09,-2.2565534106072243e-07,1.0369824802409206e-08,10mV,1,10
0.5978954,0.0100002,8.477547393819343e-06,-8.552677489320414e-06,0.00023507985911415895,-0.009997402709301708,6.873894400494643e-08,7.276748601697458e-08,5.335821141707614e-07,5.291765074676656e-08,8.419233181458364e-08,-8.283403493064157e-08,-1.5662172135325994e-07,5.012868901924534e-07,-2.7673828172972248e-11,5.461510476917869e-09,-2.9219055363647063e-07,-1.1542943678610674e-08,2.8599298367023967e-10,2.8367930818511034e-09,2.29590279812591e-10,-8.693431513532979e-08,-9.926302017599055e-10,3.1479399529514054e-09,3.334877993664562e-08,1.3426598803887445e-07,-8.762876028571572e-10,3.2612350321126745e-09,-1.1083876698012221e-07,2.9096383385654654e-07,2.7981309137353837e-10,3.4477620670092665e-09,4.635204274947145e-07,1.1304759178785369e-07,-8.859945216813299e-10,1.876614993386582e-09,-4.033682899298241e-08,-1.1884111651989729e-07,-1.230861878865769e-09,1.1646523773511048e-09,-2.227910061697441e-07,5.0062408807052555e-08,10mV,1,9
0.4763719,0.0100004,7.604712460792198e-06,-7.645592071579546e-06,0.0002370619678101725,-0.009997631414151248,6.172128485214746e-08,6.54896999570466e-08,5.234309334142212e-07,-1.3092778111906657e-07,7.677903536916734e-08,-7.433964955659522e-08,-1.118342407455114e-07,4.009760593007224e-07,2.0815654744961202e-10,4.511010912520838e-09,-2.0004316004810378e-07,-3.6096486402901985e-08,1.1072540892426325e-10,2.3933454271364533e-09,1.019875799437065e-07,-4.5800930353340726e-08,-6.844096478793705e-10,2.371636144099681e-09,-7.153408186825958e-08,5.49910425088139e-08,-1.1068419785717221e-09,2.595699500533822e-09,-6.433415489406632e-08,2.8665666967564397e-07,1.8946616842676774e-10,2.8370438837875557e-09,4.253882580085806e-07,-6.246318349667708e-08,-7.757413275043779e-10,1.8298188875785253e-09,3.2229451999114226e-09,7.044995459017913e-08,-9.566260922288394e-10,9.20551492990524e-10,-3.6206319973398477e-07,-9.549185398377085e-08,10mV,1,8
0.3780242,0.0099995,6.804797914574916e-06,-6.82247558410458e-06,0.0002385590454484659,-0.009996673505433611,5.525230741591887e-08,5.8714976177759035e-08,3.5462874532785013e-07,1.6240265074576368e-07,6.983946732151565e-08,-6.642730145181305e-08,-7.947585224426519e-08,3.9408441983458303e-07,3.055274714131254e-10,3.884107717990374e-09,-1.8182289654931396e-07,1.0903678268807249e-07,-1.8047276453898588e-11,2.025381421313467e-09,-2.2432321817622774e-08,1.292280731937894e-07,-5.922038074961211e-10,1.973315160276879e-09,-1.0787300646021746e-07,-9.493106306357264e-09,-6.466069459590957e-10,1.967891430294309e-09,1.4858412695986012e-08,2.785265989735171e-07,5.414281268206335e-10,2.2765844198930247e-09,3.0062876821558645e-07,1.0616071424394386e-07,-3.082707142678255e-10,1.5413480470673995e-09,3.808593133177034e-08,7.688538864847518e-08,-6.290017548745036e-10,8.62309869560052e-10,-1.3773191612103414e-07,1.6778737936993379e-09,10mV,1,7
0.3004808,0.0100004,6.092166861660348e-06,-6.094376570351557e-06,0.00023957993086380397,-0.009997567332599202,4.949830332381753e-08,5.2676527334381946e-08,4.311887433230015e-07,-2.981333441906053e-08,6.329323846944243e-08,-6.003638197510139e-08,-3.870236271681317e-08,3.012903549977341e-07,1.1044406881369865e-10,3.0915316143365944e-09,-1.6103119504656545e-07,-7.313720342664405e-08,2.3153968481997466e-10,1.4720206465894411e-09,3.15712239741772e-08,-3.947594858397471e-08,-4.376866127003676e-10,1.5550626040593818e-09,-1.0323265135431109e-07,1.0034796504628675e-07,-6.665332150529327e-10,1.698947785487388e-09,-1.0276736404374689e-07,3.21400361369245e-07,1.526180606610948e-10,1.9820877037809746e-09,2.44166954650448e-07,1.2439334106286095e-07,-3.2629784922700374e-10,1.406790046024982e-09,7.592458521245105e-08,1.3832864795309485e-07,-7.395814335105817e-10,4.869195852530883e-10,-3.6019146598709706e-07,-7.75749834882839e-08,10mV,1,6
0.238186,0.0100048,5.058023194175023e-06,-5.79275133400167e-06,-0.00044216491881940423,-0.009994989707410909,4.994867510071608e-08,4.048851444609039e-08,4.616667028736601e-07,-2.5503938432379854e-07,4.449332418677496e-08,-6.41515887619987e-08,2.564477421581399e-07,5.46733084961051e-07,4.389576371395504e-10,2.6506350683059436e-09,-3.455687187230284e-08,-1.3675632973386584e-07,7.901207858415446e-11,1.054103524151269e-09,2.9477580231974937e-08,8.714106652902266e-08,-4.4687601774905964e-10,1.2192156092087574e-09,-1.746146058277245e-07,4.860688474069733e-08,-4.300296406290283e-10,1.4299146474784732e-09,4.390125484005269e-08,4.114330637401258e-07,4.968124510636264e-10,1.4043582616103077e-09,3.8444854314483246e-07,-1.3261378885045827e-07,-2.756077947633005e-10,1.0808215538784028e-09,-8.043890958315435e-08,9.02900560936024e-08,-6.757980816534293e-10,6.500408332652328e-10,-2.2202600502084794e-07,1.3132497625631123e-07,10mV,1,5
0.1890121,0.0100009,4.59066980598454e-06,-5.106636785381599e-06,-0.0003007866519015733,-0.009996398396701555,4.349486731465264e-08,3.771981574726755e-08,4.78711732805031e-07,-3.913710080472142e-08,4.272420931150696e-08,-5.5424432674420516e-08,2.715749659164114e-07,2.909039507510148e-07,2.7172401076763337e-10,2.0947950004303824e-09,-3.042925757110438e-07,2.4527081462714092e-08,-1.848438997864989e-11,1.074850147596717e-09,2.7653719823882256e-10,-4.3786471522087895e-08,-3.36215795231187e-10,1.085708877076182e-09,-6.503771509280347e-08,-5.155233803772989e-08,-2.95443686771667e-10,1.3627251401592585e-09,3.218636267963567e-08,-3.401279739835361e-08,5.215419639395421e-10,1.2168976247916802e-09,3.8859782363974817e-07,1.511372243816818e-08,-3.5904131261332337e-10,9.99144091525283e-10,9.642789763391001e-09,1.426350387359555e-07,-6.381359172059155e-10,2.8613109046344016e-10,-3.249621908086031e-07,-5.317040827541038e-08,10mV,1,4
0.1502404,0.0100005,4.15535719381657e-06,-4.517749419174677e-06,-0.00018854228922297368,-0.009998681025779572,3.861222869929879e-08,3.499320095046876e-08,6.386569665153022e-07,1.669587386107308e-07,4.020416913170574e-08,-4.832956629995073e-08,1.0747973355589971e-07,4.4641750319563395e-07,1.691278991474551e-10,1.985999993018758e-09,-3.05199329672481e-07,1.4279413776172246e-07,9.250230594980524e-11,8.644677605824511e-10,2.0126126196413214e-08,1.4289965135172765e-07,-3.060901737313415e-10,9.917520635260194e-10,-4.7047360734790395e-08,-6.787994184832625e-08,-3.5183147509564996e-10,1.0197462000223258e-09,-2.881453504209108e-08,2.0471017528936952e-07,2.400960083286356e-10,1.058433227360822e-09,3.250823989614048e-07,-5.303535088020375e-08,-3.124006598116932e-10,8.702457068682218e-10,-4.952462095432982e-08,1.1067535902240739e-07,-5.44704130440784e-10,3.4405628360933113e-10,-2.2734709403471125e-07,2.7227665891130445e-08,10mV,1,3
0.1193355,0.0099966,3.74435137725189e-06,-3.99957273108641e-06,-0.00010298568326243824,-0.009996056996708762,3.341849624585323e-08,3.4825605594784094e-08,4.890278683153699e-07,-2.478666699121375e-07,3.705221855747979e-08,-4.019524190859326e-08,-8.074759483877264e-08,3.222190584393375e-07,4.119420701371456e-11,3.266388072780571e-09,-3.340306143064515e-07,2.9125319520966023e-08,-1.0576645801925852e-10,1.9980020257750543e-09,-6.648213537298539e-08,1.4443606180472453e-08,-4.525032619020898e-10,1.8950903677537717e-09,-5.494217480110783e-08,-1.1275480538626864e-08,-5.404635889769213e-10,1.875211828367665e-09,8.803788784989286e-08,1.559765969008618e-07,1.6048108806788923e-10,1.7557903318600217e-09,4.2827899891841886e-07,-4.641421290349858e-08,-3.473647699472422e-10,1.3937395064947079e-09,1.9910038783499987e-08,6.659210152600334e-08,-6.725624052168935e-10,9.562917633038597e-10,-3.384867128531414e-07,-2.8959558223495054e-08,10mV,1,2
0.0946587,0.0100012,3.3675960454009326e-06,-3.5454775950431736e-06,-3.120550613723883e-05,-0.010001157004368072,2.9165425733711443e-08,3.475721511079121e-08,4.325717999928286e-07,-3.1452584714546247e-07,3.3942683341581583e-08,-3.317401407625799e-08,1.706794461049868e-07,2.4915117357433667e-07,-2.1746660259284398e-10,4.442140921741959e-09,-1.0110909920497333e-07,-1.314524764477939e-07,-3.391901736149875e-10,3.099190464660321e-09,2.3024490601236135e-07,1.354077445196216e-07,-6.003080246065609e-10,2.5431990317394124e-09,-8.836265978478315e-08,-1.6109052572492438e-07,-6.255751596070474e-10,2.3266663625249073e-09,-3.568939177072074e-08,-1.2561177443519304e-07,-2.0451395315759026e-10,2.3478884047952683e-09,3.875572718170584e-07,-3.207510384703335e-09,-6.065431596205423e-10,1.944543648263006e-09,-1.9095860567680958e-08,1.961324176064039e-07,-8.246629521025073e-10,1.35133188214739e-09,-2.8102622144501155e-07,-1.277762945836658e-08,10mV,1,1
1500059,0.0050717,-0.0008453682539954297,-0.0005912727467390806,-0.004906823876979118,-0.001282561328259616,-1.9920523851239767e-06,-1.5617524971220138e-07,-8.8266813670302e-06,1.0722611424086632e-05,-1.5089934924107326e-07,-4.907186269204477e-08,8.96515718158213e-07,1.1457339563913278e-06,-1.4058641780833658e-07,6.072066246550776e-08,-1.9843184047047493e-06,-2.8063300378341108e-06,-1.0745595709038232e-07,-7.201320195523075e-08,8.837101248363593e-07,4.936048379274689e-07,5.462318125444505e-08,1.0173548532767005e-07,1.0683941521990493e-06,2.1290023958246274e-07,-3.018758173154697e-08,-4.245343160848633e-07,-2.669328098979217e-06,-4.686792134052086e-06,-8.128523906043046e-08,1.0048463552883796e-07,-9.185976685657578e-07,5.1101513270549646e-08,-2.8697497821261246e-07,-2.1946252196817755e-07,-1.5677883164120485e-06,-1.8141708354817361e-06,2.7967564749294523e-08,4.346779838318534e-08,2.454986355932045e-06,3.080333915543898e-06,5mV,2,73
1191504,0.0063452,-0.0013280039874943078,0.0002488441345516933,-0.005690299295388159,0.0028075641601381504,-1.5976193837433558e-06,2.5411649948891552e-06,3.882679141321509e-07,1.6186116163098316e-05,4.17854256225907e-07,4.2041829170575023e-07,9.86792924795776e-07,-6.304484511546374e-07,1.5806223044905842e-07,2.62835789013553e-08,7.616272551810254e-07,-2.7930717856868633e-06,2.5585542974346163e-07,-1.2054325512473478e-07,1.2639533713709539e-06,-3.0239863439180947e-06,1.6939383758844197e-07,2.2966993981090906e-07,-2.86883606758231e-07,3.3344504150328134e-06,2.712019670893355e-07,5.182822016782721e-09,2.9797921700939355e-06,2.040665976330552e-06,-1.2377937350300884e-07,3.303912240920319e-08,-3.304619347701506e-06,-6.856426653290645e-07,-2.1482898381358358e-07,-3.6167097644129535e-07,-1.313671816923133e-06,-3.528771092483296e-07,-4.469357903691568e-07,1.0016950897238479e-07,-1.1291611412072682e-06,1.357865990747292e-06,5mV,2,72
946464.9,0.006245,-0.00048200707137622937,0.0012790766176535811,-0.0008713577427670721,0.006183946007295326,2.3599688822101025e-06,9.284519749596343e-07,1.4922162791727361e-05,-1.3037126598518585e-07,-6.655030488610915e-08,-5.6190450289314665e-08,2.1180057805228308e-06,-4.678264868212714e-07,1.1351174109844194e-07,9.280074920563978e-09,-1.478295114418126e-06,2.838370813856626e-06,-8.232450925207938e-08,-3.773584718382226e-07,2.0936989849195433e-06,-6.59240513459339e-07,-5.402252718945745e-07,5.283790236010086e-09,-1.8760426788355592e-06,9.22471619357749e-07,-9.703113705806633e-08,1.4685160486051852e-07,-1.8406873397762317e-06,2.1180057805228308e-06,-1.877122121531214e-07,-1.583034201527038e-07,-2.532326160124323e-06,-6.022570981576408e-07,-8.415335255327074e-09,1.0200365557443504e-07,1.5755222968312762e-06,-5.2740166944688733e-08,2.491510630889021e-07,1.3656176488360496e-07,1.4153559817664496e-08,4.3764142415763243e-07,5mV,2,71
751816.4,0.0062434,-0.0006075074764933855,-0.0012523789172464066,-0.003702988945115514,-0.005026759130757467,-2.006593373166471e-07,-1.4694562796532943e-06,-7.832668219085903e-07,-7.4312503285323735e-06,-6.052179973184249e-08,-1.5792202443260128e-07,-2.9278640158505485e-06,2.1290543239788703e-06,1.8010805211950202e-07,8.455576260302662e-08,2.5301164514331157e-06,-5.090061760488848e-07,-4.7111663257704553e-08,1.1886597574267337e-07,2.2627947328055413e-07,2.283733932363428e-06,1.6454606817623537e-08,-8.167882132396495e-08,-2.056133937169008e-06,-7.387018589660465e-08,7.71326660995648e-08,-1.9446099395237418e-07,2.3130346696088454e-07,-4.935174439487316e-07,1.1724404956332673e-07,-2.049462826630251e-07,-6.391484057282269e-07,2.703402911851989e-07,6.751496426379943e-08,1.4695446680009425e-07,-1.3854873493873919e-06,1.9014543287844506e-06,-4.042332803969975e-08,-1.9438763162382607e-07,-1.430786377557155e-06,3.037793708675108e-07,5mV,2,70
597246.1,0.0063191,0.0010060516408939989,-0.001007736543771045,0.0037072282712395967,-0.005117399171562126,7.896390693468612e-07,1.0739184239270691e-06,4.554209612579608e-06,5.154145522242569e-06,-5.557026239949678e-07,2.1506851623571055e-07,-6.557393405235545e-07,1.92907568742455e-06,2.952966306582671e-07,-2.4674259110092002e-08,1.935704813498174e-06,-6.977244685691132e-07,2.311964065747955e-08,-1.642768151722117e-08,-3.5526746162504385e-07,2.8825649876807852e-06,-9.17825817319919e-08,1.219955861620312e-08,6.292859234121929e-07,1.1048543456039805e-06,-4.1209929091052505e-08,-1.2778712215625272e-07,-1.3423980299088365e-06,1.1225320151336443e-06,-1.4979272712851632e-07,4.4334346694986e-08,-4.786243388262937e-07,-5.445044832605332e-07,3.142857622961627e-08,9.459744124537407e-08,1.9637294439744188e-07,7.524514398407843e-07,2.7403194101016553e-08,-1.4974820149838846e-07,-1.2341223040396464e-06,6.913405096747788e-07,5mV,2,69
474433.6,0.0063259,0.0011713588432289209,-0.0008249737476299259,0.004597380691279738,-0.00434521536456516,3.0574987859289546e-07,1.425262105829135e-06,1.2970990017390732e-06,4.575201845146083e-06,1.704514041680541e-08,-6.597343833518239e-07,8.360196394355362e-07,1.1258465781704561e-06,2.567358881714735e-07,-5.868716699388018e-08,-2.7001866808519364e-07,-2.104747528375583e-06,1.409169902285413e-07,-4.28118353096568e-08,-4.4532148768479486e-07,-1.9246562700421343e-06,7.473193914054537e-08,2.6691955164577443e-08,3.0383494504109467e-06,1.605201999117236e-09,-1.8893926338934917e-08,-1.8106375112844946e-07,-6.326864441170929e-07,-6.575258900003962e-07,-1.0842833939994837e-07,1.6166173542160166e-08,-1.0250709350555296e-06,-2.435766309735918e-07,-1.0368347612149135e-07,7.91642501731745e-08,1.3960630151835129e-08,2.600118917916238e-07,7.867935169797582e-08,2.591925318089239e-08,1.2175494888555866e-06,-1.0608999251728175e-07,5mV,2,68
376816.4,0.0063491,-0.0011751661713038722,0.0008326182348471598,-0.004634535838068055,0.004339606019052528,-3.767879250541527e-07,1.5976193837433558e-06,1.4839884288610233e-07,6.798168788501293e-06,-6.725356677417299e-07,1.3633902624753119e-06,-3.046083430830174e-06,4.584040679910916e-06,-2.3512095969581542e-09,4.4609311795976464e-08,2.1135863631404145e-06,6.972276155698951e-07,-3.835090854947654e-07,-2.764356621244616e-07,-1.4230523971379268e-06,2.275888361655294e-07,-3.6911946249761914e-08,9.176888153810641e-08,-4.769663943952803e-07,-1.649547537986743e-06,3.689576013359882e-07,1.2190786072699025e-07,2.0966666236918356e-08,-1.3788582233137677e-06,-6.459653570406035e-08,-8.458182611703941e-09,-1.5755222968312762e-06,-5.891813679482868e-07,-2.9733862245981236e-08,4.4961097419616776e-08,-9.752710617380795e-07,8.557476976597717e-07,-1.1760356916738625e-07,-1.0567582681728864e-08,5.442767727799043e-08,1.3777533689681637e-06,5mV,2,67
299355.5,0.0063707,-0.000800179711260227,0.001202597494996528,-0.0027873353819244874,0.005728581393608991,6.209913398980056e-07,1.2197591975467946e-06,1.4904485122197699e-06,3.7631339011271575e-06,-2.380593198279492e-07,2.670432953324821e-06,2.2417494672304764e-06,6.854516360127096e-06,2.995387189182136e-07,-1.111808298855212e-08,-5.866604217879223e-07,-5.540007063609994e-07,-4.995318290644614e-07,-1.705301802828957e-07,1.4396252123219866e-06,-2.6439164490303255e-06,1.1703313286875093e-08,-3.668862204088499e-08,1.139104830317704e-06,4.259252172205441e-08,-5.6569238553161535e-08,-1.6091894184505207e-07,-2.2086038368623573e-06,-2.567681499183651e-06,3.431634508126485e-08,-3.8235727483947323e-07,-1.1236368694792482e-06,-1.9058737461668664e-06,2.0440700325693582e-07,-4.234622759133237e-08,3.059286440260142e-07,4.4331882869795304e-07,6.303763041658696e-08,2.2700359481866298e-07,-1.020790397864356e-06,3.3729822103357526e-07,5mV,2,66
237832,0.0064118,0.0014486375092190784,1.0775644432675623e-05,0.006356537514330815,-0.0008401179861451196,-8.339315752077792e-07,-9.444985480188828e-08,-2.431784414674361e-06,-1.417528125409907e-06,-2.8140640182533387e-06,2.144522284817326e-06,-1.1588817231040152e-05,6.590456171527744e-06,2.4971984210601904e-07,1.6145468571723545e-07,2.069392189316256e-06,1.4926582209109778e-06,6.087270147200632e-07,5.624896337545786e-07,5.977268638843608e-07,6.94609773683421e-07,2.2124896095958463e-07,-3.428032682959816e-08,-1.1159028890600203e-06,6.363829553011802e-08,-3.9843235314083834e-08,-1.1785492353101118e-07,-1.7931786029152603e-06,1.7619764113410582e-07,1.5096508807463668e-07,9.742278582649601e-08,3.9733832636782125e-07,-8.63461238273606e-07,-1.5405470276668368e-07,7.69966474810775e-08,3.4219493549329206e-07,1.199871819325923e-06,1.6798835237539914e-07,-9.275574848814334e-08,7.515871122862181e-07,1.8617193470991492e-07,5mV,2,65
188847.7,0.0064925,0.000756020892775127,-0.0012509945347513646,0.002487855772713763,-0.005996876488915042,-1.90139908606717e-07,1.2363320127308543e-06,7.103843316027818e-07,6.445720252253622e-06,4.5830584643976733e-07,3.312353328120734e-06,2.9333882875785685e-06,1.1860611400058731e-05,2.470575850748517e-07,3.355155385469432e-07,9.474307209666813e-07,5.304405713244711e-06,3.1191341904528186e-07,-7.866746346521712e-07,4.68729373792499e-07,-1.4484640470868184e-06,-1.7912539466452184e-07,1.2253818013115733e-07,-1.2020815280171308e-06,2.474429582705984e-08,-2.5477101520325135e-07,2.599026216968436e-07,2.6525287886543085e-07,8.64313964857543e-07,2.882353960500775e-07,5.735543080840642e-08,2.3710693538203858e-07,-1.5220617096105365e-07,1.7852092885204192e-07,-1.1160719317748979e-07,1.0326389663520478e-06,-9.880535636041102e-07,-2.7265926997118712e-08,-1.7989459425993135e-07,-1.3180912343055488e-06,-1.018855908390638e-06,5mV,2,64
150058.6,0.0063771,-0.0007073918336077134,-0.001237945100075436,-0.0040464218699030555,-0.004928850253213079,-1.8566712675940845e-07,-4.3822964861123197e-07,-1.1280562868616643e-06,-3.077019352507086e-06,7.837721822862696e-07,7.253844971113088e-07,4.869093101076742e-06,3.1035358568015812e-06,1.012627954929903e-07,-1.0634304835659888e-07,-1.3114621082319249e-06,-6.00887299739961e-07,6.860695810482059e-09,-2.8404711419676196e-07,6.163204576665302e-07,-1.3799630776593717e-06,-2.8476902602617957e-08,9.731795724618511e-08,-8.321842480602066e-08,-1.6616932018079675e-07,-1.1316934673673925e-07,2.2279476267451916e-07,-7.240543629646361e-07,-3.61041982862343e-08,1.0076502546466535e-07,-4.2853631949551e-09,-4.806964931514739e-07,1.3633902624753119e-06,8.04401801656518e-08,1.7712693412419337e-07,7.386502622681067e-08,-6.35963773562458e-07,1.5179262397949407e-07,3.726114651423351e-08,5.07830390054293e-07,-4.303177866423619e-07,5mV,2,63
119238.3,0.006321,-0.0013698337730188744,-0.00027684887764971744,-0.006320855138385188,-3.5871306038724435e-05,-2.6097466186838316e-07,-2.3127518268963708e-07,-2.664944036935861e-07,-6.439742990243905e-07,8.300638116001234e-07,-4.5559066688544557e-07,3.7664484641639696e-06,-1.5490057925367806e-06,-1.5811625782655848e-07,1.0308408159045773e-08,-2.2163378172815852e-06,-8.839418127926324e-08,1.2663608489900248e-07,-4.191103651314242e-08,-6.779922118983643e-08,-1.5534252099191967e-06,8.854980001384156e-08,2.3031882076808227e-07,2.7077494088475954e-07,2.2791819324595393e-09,3.932198713091479e-08,-9.370240978854374e-08,8.047748004835938e-08,9.469407180644059e-07,1.5059827643189618e-07,1.4995138421254506e-07,9.314263533434348e-07,2.052819374132196e-06,-2.0571802342342947e-08,-7.071701998259852e-08,-1.5354890044726617e-07,5.951286884052386e-07,2.6565327808027774e-07,3.1080049926295495e-08,1.367809679857728e-06,4.1207454217318353e-07,5mV,2,62
94746.09,0.0062822,0.0011708881752776935,0.0007088193054222338,0.005965621264332252,0.0019689675584269274,4.6366615778289964e-08,-2.394657994099031e-07,1.7405002525712083e-07,-6.302786350417181e-07,-5.299316754128859e-07,-2.1392797509474354e-07,-2.6626989729055934e-06,-2.577173302866735e-07,1.1694949539478871e-07,-2.5319560339185463e-08,1.2109203627819627e-06,-2.2759999519441997e-06,-4.529803380085216e-07,-4.710137706374698e-09,-3.1543591566993645e-06,5.187889983666006e-07,1.5324020414310443e-07,-6.748796162359287e-09,-8.836947673609553e-07,-8.601003818397132e-07,-5.303985868593381e-08,3.954997382513017e-08,-5.195711247578537e-07,2.39532422126943e-06,1.255826062804691e-07,2.7636815552394516e-07,-3.669328452622343e-08,1.0047150985921218e-06,-9.477317937758583e-08,1.292869619304101e-07,-1.7732912246943889e-06,-5.973206089414822e-09,-9.398409240395548e-08,1.7697612150601843e-07,-9.932627308727637e-07,2.0864025268211747e-07,5mV,2,61
75292.97,0.0061889,-0.0009055795012678098,-0.0009654548728191264,-0.005257397475402299,-0.003265298686395806,-6.829828389774575e-08,-2.4205182149122375e-07,-2.0760213153898796e-06,1.0949106564935447e-06,3.5026589648792916e-07,2.7768326365151753e-07,3.0703902264334617e-06,-5.685812481890661e-07,6.801208242806048e-08,-2.016921551589177e-08,1.1556776455017636e-06,6.005926350859885e-07,2.776563052054848e-08,2.531151699954946e-07,-1.0634723575456871e-07,2.456091210277649e-06,2.268152171527375e-08,-9.518798589309941e-08,-1.2241786149292104e-06,-2.2853558585427747e-07,6.456550034549233e-08,4.0164781074284964e-08,3.6642858973890066e-07,-2.957996708418206e-07,1.026622040071323e-07,1.3165742692890347e-08,6.132772468569987e-07,1.314776671268737e-06,-9.785367902128158e-08,3.774282986328648e-08,-4.568550621985548e-07,-1.2418562844588741e-06,-1.4819566017194575e-07,-3.004995002571508e-08,-9.640166839174536e-07,9.366870068245936e-07,5mV,2,60
59824.22,0.006139,0.0008226181981650982,-0.0009748041502916271,0.002327269612997607,-0.005680801967433347,3.123867386469386e-07,2.644075548056092e-07,1.4374155036307787e-06,-1.996471802506393e-06,-2.1825867267320746e-08,-1.3604922295267928e-07,-9.265258823789429e-07,-2.1260701123913943e-07,-5.8759678584582166e-08,5.0512427030560515e-08,-2.8619163648157926e-07,-2.4038934715739345e-07,2.998229979413375e-07,-1.637293598439649e-08,1.6594912270971788e-06,3.849656149785751e-08,1.7250775907609224e-08,9.722277404431133e-08,2.20123666808587e-07,-8.703490107495357e-07,-1.470709184481209e-07,1.687713626501287e-07,-3.0954936220199304e-07,4.021133963640871e-07,2.1347255413348558e-07,-9.35660707622962e-08,9.757494636697259e-07,1.9391309668238917e-07,-1.9070205849776035e-07,3.251305706108731e-08,-2.40637276472547e-06,1.2849456039374293e-06,-9.3696940759533e-08,-6.383381055511609e-08,-1.3388879076528526e-07,-5.329787532126271e-07,5mV,2,59
47519.53,0.0058834,0.0011013398039306144,0.0004206887600495541,0.005883388060243293,-1.4879073472248806e-05,-4.380801618182718e-07,-1.0153194906012289e-07,1.1600970628841796e-06,2.782023242230823e-06,2.948594397937116e-07,6.29636272725184e-08,1.9876329677415613e-06,-6.90291892415366e-07,-1.65246877287652e-07,-1.4409841831670796e-08,1.1147980347144164e-06,-3.0741423117911334e-07,3.857345936031155e-07,-3.0827148766586744e-08,8.260771656648805e-07,-4.52924432378634e-07,1.7011442359264488e-07,-3.9955344884532274e-08,2.159990245655782e-06,-3.35544485730798e-07,2.513228752760559e-07,9.62254772692519e-08,1.1667261889578036e-06,2.2532001776683165e-08,-1.5712641881833185e-07,-6.242893301196335e-08,-1.474980551381314e-06,3.3226660385826017e-07,3.935349757685141e-08,2.7656172600529497e-08,1.7036854009213381e-06,-2.60635140127979e-06,3.549515837676356e-08,-6.576763711622674e-08,1.9700260088900162e-07,-1.303728127812697e-06,5mV,2,58
37792.97,0.0056299,0.0009394543355040278,-0.0005248201772683836,0.003322903582266906,-0.004544727752585635,-1.0990748525221261e-08,5.915491812963507e-07,1.9787941329767293e-06,1.4329960862483628e-06,-3.717832663248704e-07,-3.4035303281373565e-07,-2.1478368478541382e-06,-3.4645492239363733e-07,-3.0105259034256015e-08,-1.765947257859159e-07,3.2513830459129237e-07,-2.6306581968830776e-06,2.795051684674185e-07,3.917903002713709e-07,1.6572815184059707e-06,9.900779882215604e-07,9.478192982400301e-08,6.511744138238226e-08,2.9919455678955797e-06,-2.2406446128848727e-06,-1.550958070165463e-07,-1.599298762348674e-07,-4.0249622839483894e-07,-7.220401030071655e-07,7.571590032365336e-08,-1.0392656617461112e-09,-1.3865922037329954e-06,-4.611999019126424e-07,5.514731310745613e-08,-2.3712107751766227e-08,3.1953426237951984e-07,7.921184729838311e-07,-7.221674927132138e-08,-1.5911504615498446e-07,-5.851863251200174e-07,-1.5644737533752364e-06,5mV,2,57
29941.41,0.005383,-0.0008410902579692511,0.0004750310210380859,-0.0028476383321075524,0.0045681495598580936,2.612955115703465e-08,7.187586856007218e-07,3.4051610931514684e-06,1.0882815304199208e-06,4.2894522608881805e-07,2.990325851424924e-07,3.3797494432025767e-06,-1.955530319875692e-07,-2.700817552683276e-07,-6.2864002556175285e-09,-7.265753091250008e-07,-2.9422657922454964e-07,-1.2514795658090849e-07,3.8005707857736033e-07,-8.620760823805223e-07,3.356547501944893e-06,-2.853671941688896e-07,-1.1297157780887613e-07,-9.274571641068524e-07,-5.22888339445095e-07,4.253142327674251e-08,9.260846035533087e-08,-1.5998290924345639e-06,-6.318928272406455e-07,2.2486205564057878e-07,7.411487798852556e-08,1.4363106492851747e-06,-7.606563091821085e-07,-3.0586180033810514e-07,-1.532087157942547e-07,-2.903557220247261e-06,-1.1888232758698831e-06,6.370903935386703e-08,-5.743615146689625e-09,4.050769471753007e-07,-8.692505645591362e-07,5mV,2,56
23847.66,0.0050914,-5.707014636782801e-05,-0.0008430723666652647,-0.0030265396623107856,-0.004094182513554824,8.965099729156159e-07,-1.579568273444878e-07,-7.24471114023798e-07,-2.3025164562386955e-06,5.037093938306247e-07,-9.172934984962068e-08,1.2009766736715269e-06,9.385545421249679e-08,4.8963973665196535e-08,1.5292123269352855e-07,-3.3647377872088554e-07,1.435205794939571e-06,2.2299772441780663e-07,-9.147402905889506e-08,-4.467299560045707e-07,-7.989586262374654e-07,8.137911853417643e-08,3.171303202943547e-08,1.867203844070727e-06,3.490465792321206e-07,-2.7665387085771833e-09,6.64306823061106e-08,-1.8917404493779e-08,3.1897144957586924e-06,-1.7913180281972633e-08,1.0379504431331043e-07,-4.776095301098564e-07,3.4631979870716997e-07,1.4998099430900723e-07,-1.933381304809369e-08,-8.143726701838555e-07,1.0574269260228458e-07,3.5941806794517424e-08,1.244572016440369e-07,5.031305606389628e-07,5.80393798425091e-08,5mV,2,55
18925.78,0.0050038,0.0005204825191075424,0.0005436126448327618,0.004933121620113184,0.0008377911628932776,8.721662751771852e-08,-9.729485474181853e-07,-1.6396038488763072e-06,5.92551173702379e-07,5.482370126962872e-07,4.6026629999060704e-07,6.6633765583376065e-06,2.001996074234413e-06,1.1166641337041416e-07,-1.1063779397465685e-07,4.6233425586927404e-07,-2.1666193717294057e-06,-2.1996412584108177e-07,-4.251060782087133e-07,-2.2461688846128927e-06,-1.9224465613509264e-06,2.4452967833210978e-08,5.109764628034003e-08,8.000544207774354e-07,-1.1081689086407926e-06,-1.2230118887402526e-07,-1.2274401449574334e-08,-8.012300962865927e-07,-1.048814586398863e-06,1.5039443080513223e-07,-1.1279888907465824e-07,3.7863358423848412e-06,-2.6306581968830776e-06,2.3428303816010936e-07,-1.1366708361943384e-07,1.0938058021479408e-06,-7.94245980511726e-07,4.595630601996301e-08,9.216150257836023e-08,-1.307042690849509e-06,-1.8970349114020346e-06,5mV,2,54
15058.59,0.004915,-0.0006587428870620789,2.9087500356715995e-05,-0.0036126140693537997,0.0033326572364298984,-1.0195202573086497e-06,-1.9079320898127268e-07,-2.8902989681000136e-06,4.732091162221849e-06,4.5142392969186934e-07,4.557005998928331e-07,2.8129591639077345e-06,2.597512566514958e-06,-1.0657618367206477e-07,-6.622199741731292e-08,1.5965145293977518e-06,-3.7377222511782663e-06,-3.507657325938804e-07,6.215881822155009e-08,2.828912155803911e-07,7.963359229918707e-07,-6.950604437709928e-08,1.2365817098129608e-07,-2.6914251858912967e-06,3.935536478069549e-07,-3.6288123389146997e-08,4.885062665788102e-09,1.1159028890600203e-06,1.6395574449937917e-07,-1.416320519610162e-07,-7.190869378268007e-08,3.613865869327369e-07,-2.0163591807272646e-06,1.324485026403559e-08,-4.482348781087179e-08,8.241684192974151e-07,7.699053763654631e-08,2.39715386006575e-07,1.7709644014425468e-08,-5.90220593945762e-07,2.4704543167705003e-06,5mV,2,53
11863.43,0.0048719,-0.00015522209186824885,0.0005500130660568456,0.002248449303982219,0.004322057617481299,4.904603119744455e-07,1.2993087104302811e-06,4.011726128888053e-06,8.29961612573155e-07,-8.067084060738354e-07,-2.562674299289373e-07,-3.0261960526093026e-06,2.5367455775067394e-06,-1.5330008724863615e-07,-8.937491628768205e-08,-1.8848815136003908e-06,-1.9423339395717976e-06,-2.4575319403443166e-07,6.414200967482232e-07,-1.2628485170253497e-06,4.384062043356595e-06,7.962214600816661e-08,-9.930550182557902e-08,-4.5519844359275616e-07,1.3810679320049758e-06,-1.2256900556739967e-07,-2.064897641838339e-08,-2.1909261673326936e-06,1.1534679368105557e-06,4.703496426903272e-08,1.7097521561330495e-07,-9.496263980077001e-07,7.77741113869921e-07,7.352160435056658e-08,6.732170314166639e-08,1.314776671268737e-06,-2.0229883068008884e-06,-4.427426471567206e-08,-1.0294562124386664e-08,2.0174618253641774e-07,-1.197662110634715e-06,5mV,2,52
9432.87,0.0058777,0.0005889834885349892,-0.00010967889088810716,0.0033127278737438933,-0.004855197347972081,-1.8351630680482117e-06,2.779672112183378e-07,-4.965735815541067e-07,1.3918955045918947e-05,-3.104786551920805e-07,-1.0924733478071424e-07,-1.0473662328372106e-06,1.1278087994882489e-07,-1.0121794945510223e-07,1.7126015754903623e-09,1.967247300210822e-07,6.518715769158986e-07,7.886231557760783e-08,-2.3672808082693098e-07,1.367809679857728e-06,-9.66944105991566e-07,1.4622714118438315e-08,-1.735351631320694e-08,-7.366901401735706e-07,-5.672950872453485e-07,-2.697187001303621e-08,5.496177491719885e-08,1.2230737605836064e-06,3.179766387230874e-07,-6.650070797453498e-08,-7.669632597285542e-08,-7.311980197070078e-07,-2.5766065125874397e-07,4.128412006035981e-08,-2.7008606420027546e-08,-5.314146109155555e-08,-5.766535350089179e-07,6.935102226386758e-08,-1.0731896620007087e-08,1.4230523971379268e-06,3.3294056500907855e-07,5mV,2,51
7558.594,0.0047377,-0.0004122697699360517,-7.776406826099057e-05,-0.0038447351285304313,0.0027683727667908863,-6.624406135859463e-07,-1.191032984561091e-06,-7.14730276171215e-06,3.0902776046543337e-06,1.182537759497742e-07,4.4842645985224566e-07,1.636289285839495e-06,1.2109203627819627e-06,-3.7808436114328444e-09,6.625390561081397e-08,-3.351167966136147e-07,-4.584088188647776e-08,-1.9610280750994171e-07,-1.9453910715460842e-08,-1.6340795771482872e-06,4.929938534743499e-07,3.888627677118241e-08,1.6334995286168452e-10,2.0883061908586502e-07,-3.1847448609121654e-07,-4.4760455870455087e-10,-5.9022379802336424e-08,8.199393683187468e-08,-1.5003922013302055e-06,1.6361357110854565e-08,-4.18526339124338e-08,-8.041961882628011e-07,-1.5545300642648008e-06,-1.846561850331808e-08,2.5365544377049497e-08,-1.1201433200384484e-07,-5.609514555346287e-07,-1.822766602290535e-08,6.146683689635486e-08,4.2640240381241046e-07,2.9952203561759496e-07,5mV,2,50
5960.648,0.0047397,7.386724698404533e-05,-0.0003531213925441426,-0.0027263927210753173,-0.003877016762800288,-1.2373948826113252e-07,1.1888232758698831e-06,5.9430115250038115e-06,1.2468358629945112e-07,4.2327688135413143e-07,-9.157564251306027e-08,1.7622426812383491e-06,-2.0804407327722954e-06,1.2236449702802838e-08,-5.362894492592294e-09,-7.37336479965749e-07,9.52548627266388e-07,-1.4307653853245883e-07,-3.979243411127297e-07,-4.973761477507535e-07,-2.1412077217805145e-06,2.7823027703802606e-08,-3.6594897246747396e-08,8.617183305434156e-07,4.0776770944858463e-07,-4.400319975052158e-08,-2.5758154368759874e-08,3.7942200829950717e-07,-9.105099137850676e-07,-5.337973397972851e-08,-3.688944036674196e-08,3.9025963506097113e-07,6.335237027401916e-07,-9.281933285573284e-08,1.3616501168809859e-07,2.9865152087869356e-07,9.393673834670289e-07,-5.7273450615962595e-08,-4.5025256311465996e-08,5.496788476173004e-08,2.658808780754722e-07,5mV,2,49
4746.094,0.0048031,0.00011922814699716236,0.00029403599184993297,0.004474950676389015,0.0017447926117038796,6.927635620719166e-07,7.933088430557848e-07,3.296885367282278e-06,-3.226174689163623e-06,1.6718799588744363e-07,5.553953640014553e-07,3.7112057468837705e-06,2.6958446032737126e-06,5.8159643238028095e-09,3.334845952888539e-08,1.795562878593074e-08,7.653393448113855e-07,-4.225119906906698e-08,-3.236961382139755e-07,-1.7279921965246256e-06,-1.3048329821583011e-06,1.5524993419775804e-08,5.305302854973341e-08,-2.2245170540020912e-08,1.0231826284934578e-06,1.0734147208309083e-08,-3.6880756211585515e-09,4.022934876224206e-07,1.1733553150314275e-06,9.338276437781706e-08,3.158231671180707e-08,1.8417921941218357e-06,4.989760873286227e-07,2.8654728909542917e-08,5.086935022690788e-08,-3.1865579268933013e-07,-6.572532119479011e-07,-5.996678719987179e-08,-6.25405122523259e-08,-3.98182877029601e-07,5.271803671214629e-07,5mV,2,48
3761.574,0.0048729,-0.00024177748615721026,0.00014212625330980484,-0.0011628989735046314,0.004732115469017453,-4.652312944488822e-07,-7.191436168547302e-07,-2.0727067523530675e-06,1.5633688990296325e-06,5.221306303348799e-07,-2.6242820824545973e-07,1.4020601645714512e-06,-4.060339720094629e-06,1.6714744773295995e-08,5.343615889115851e-08,1.5217910202958636e-07,-1.3090281141085595e-07,4.860193499322903e-07,-3.991869686588859e-07,1.412003853681887e-06,-3.9542737029166464e-06,-5.607758941791122e-08,-4.0274128508869385e-08,1.2613182937566885e-07,-1.0249226636023496e-06,8.685680960298567e-08,-4.564513484206711e-08,6.776500385075307e-07,-2.1037608934449588e-07,-9.552593874033274e-08,-8.005239838743171e-08,-1.4639320079252743e-06,1.7933951543669988e-07,7.688636092029931e-08,-7.035848369890657e-08,9.375371922435359e-07,-1.0306904452281406e-06,-1.853410842420207e-08,7.12708834660498e-08,-5.293580350366482e-07,-1.256983950158884e-07,5mV,2,47
2993.223,0.0049146,-1.4053747276082633e-06,0.00024912697726416793,0.003424699337399129,0.0035249416673214327,-5.940823913399516e-07,4.980094502616538e-07,1.2606388083341418e-06,8.152304790977826e-07,-5.264551407290084e-07,1.3208997740520742e-07,-2.3212989801139634e-06,3.3167727455031493e-06,-5.871980439124932e-08,5.557964261289096e-08,-5.699685033054064e-07,-2.167665668794693e-08,4.4401764907154757e-07,3.8675227494085136e-07,3.3156678911575456e-06,-1.8737589449031956e-07,1.5256657444858966e-08,-5.7242415257394586e-08,1.85335228513989e-07,1.7567217240733658e-07,1.73945174579723e-08,-4.568493169559576e-08,-1.2473805561868941e-06,-1.1515079252014543e-07,-5.233082945818592e-08,-1.1310371838861037e-08,-3.429377290698416e-07,2.7625037805070376e-07,-1.1106691940248943e-07,4.8511060723303095e-08,-1.4440446297044026e-06,1.2120252171275667e-06,4.468464076525975e-08,-1.6048329777658042e-08,1.0520376674958587e-07,-6.128555239532816e-07,5mV,2,46
2372.685,0.0049175,0.00015301017346834968,0.00015955201604867084,0.00490954292352365,0.00027894478634332817,2.565984442908803e-07,5.29918085704435e-07,-5.550039141068078e-09,-6.842445826401372e-07,1.8676711974589176e-07,2.643976111164988e-07,5.171823191772233e-06,-7.810455122467536e-07,-8.228652435967752e-09,6.884434710951706e-08,-3.2146687360085036e-07,4.994443246002896e-07,-5.435538665815756e-07,-2.983840356416229e-07,-5.037030961608548e-06,2.104747528375583e-06,3.655734324754032e-08,6.958851070545516e-10,4.294147891856998e-07,-1.430786377557155e-06,1.6191275832892285e-07,-2.0766908571233154e-08,2.17877276953105e-06,-9.648064338036913e-07,-7.17428551454049e-08,3.1245336136397855e-08,1.2038758114743918e-07,-1.8133830743333206e-07,-6.228769948096479e-08,5.6289080636746736e-08,5.044425751743675e-08,7.839097366522972e-07,8.56860285985795e-08,-4.0587641977977975e-08,4.402035813850881e-07,-8.345689656797582e-07,5mV,2,45
1886.433,0.004972,0.00016626621590690621,-0.00011164774133197344,0.0012657255577413027,-0.004808160383916683,1.6488006564491149e-07,-5.859590602493328e-07,1.4009553102258473e-06,-3.1473344927700146e-07,-2.7793793257817927e-07,-1.566567452360156e-08,-2.515753344940264e-06,3.1024310024559775e-06,1.941982595889896e-08,-1.8409668679256695e-08,8.779581426277104e-07,5.0160000591399754e-08,-5.201455385321332e-07,-8.947427583898222e-08,-3.981895061556746e-06,2.551108683999591e-06,3.191883324839112e-08,-6.926844545007715e-08,-1.0375987679948985e-06,4.770383204131792e-07,-1.4692132116972613e-07,2.0206029262687296e-08,-1.5998290924345639e-06,-1.3793421495171423e-08,-4.9107880943711455e-08,-8.342535297640883e-08,-6.666735315548243e-08,-3.8668918775771734e-07,-1.7363029109122587e-07,-1.439609744361148e-07,-9.88799561258262e-07,-1.430786377557155e-06,-4.8085813334223585e-08,-2.9421310000153328e-08,-1.6628057901339907e-06,-1.0933640813805683e-07,5mV,2,44
1506.696,0.0049751,0.00013372162630279538,-0.00012246978964716444,0.0006557321589703081,-0.0049316919385899724,5.452904766419959e-08,-3.8361051112369183e-07,7.287155224778702e-07,1.482714531800542e-06,-2.8842830361881996e-07,1.1531629970111691e-07,-1.47387569703571e-06,4.515539710483469e-06,-6.315123154040195e-08,9.063990822213788e-09,-6.667403752427333e-07,-7.633149201939354e-07,-4.2046801015130236e-07,1.8658095178865748e-07,-2.0727067523530675e-06,4.7851241708108404e-06,3.4423294981919315e-08,-3.2150675884272666e-09,-6.526215520456947e-08,-2.4300299059735425e-07,-1.494172976218801e-07,1.0837996887669784e-07,-9.773213399472169e-08,2.1975552934063173e-06,-1.0845096681694634e-07,-8.960828362256053e-08,6.337719635116489e-08,-4.111017179218792e-07,-3.924820495771536e-08,3.469586254897982e-08,-1.561780118480654e-07,7.78497386669487e-08,-9.30802773550776e-08,-1.536759586970106e-08,-9.85126141529998e-07,8.168524052771292e-07,5mV,2,43
1185.994,0.0049867,0.00010953967924056105,0.00012280456051388244,0.00491494897583669,0.0008427287569637817,-1.656337972794825e-07,2.996927356139908e-07,-7.579951570052869e-07,-5.64810048851216e-07,-5.5370327957116294e-08,1.8725093546383174e-07,2.9256543071593406e-06,6.655851395389698e-07,-1.800868389160664e-08,1.1190417802558813e-07,-2.23292941498952e-07,1.656176664060367e-06,-6.265522927902996e-08,-3.2192295747471564e-07,-3.886877587834804e-06,-2.5798348969852948e-06,-1.255575260868239e-08,-1.3984207743570317e-08,5.216958701498847e-07,-6.454592232648822e-07,6.78627171690783e-08,1.1271514111526145e-07,2.5433747035803636e-06,5.608843908758505e-07,-6.09785686154021e-08,-7.335842841226433e-08,-3.6476942996810715e-07,-1.0095796617903815e-06,-6.7861280858429e-08,-1.0305595199881864e-07,-9.592679094546132e-07,2.760536034917517e-07,2.7880745294816962e-08,6.408316513237546e-08,2.2414180109267955e-07,3.303784077816229e-07,5mV,2,42
948.6607,0.0049717,0.00010878174915947672,0.0001038076948955676,0.004942500728653017,0.0005379127012637908,-2.5287265446663453e-07,2.4276820904891336e-07,-1.985423259050353e-06,2.1086797049915874e-07,1.0541310350244747e-07,1.084418296715082e-07,4.044871759256173e-06,6.322412983012491e-07,1.0108963167140379e-07,-2.131945727801316e-08,2.9402980466559756e-07,2.0682873349706517e-06,-1.678598578150054e-07,-3.293017272218318e-07,-4.3575455390621e-06,-1.8904057853284108e-06,-7.346863763323833e-08,-3.1933627248078764e-09,-5.36995561671505e-07,5.0630756930974707e-08,9.75464190277691e-08,2.887417507966678e-07,1.305937836503905e-06,5.078664083059597e-07,-4.164667801386976e-08,6.551970780107321e-08,-8.802477322881054e-07,-2.0196483321141275e-07,-1.504709972112826e-07,1.5010517993745313e-07,-2.109166945757999e-06,1.5302232686615131e-06,1.7521244251413077e-07,1.01878254606209e-08,1.1862544895163539e-07,1.3324543407984007e-06,5mV,2,41
752.3148,0.0049942,0.00013718976409364626,-1.7254510315297365e-05,0.003609390104373327,-0.0034516798805187777,1.2224561470044137e-07,3.221016124223998e-09,-1.194347547597903e-06,4.269580350628147e-07,1.2359696205054962e-07,-6.063482633139778e-08,-3.832739724900208e-06,-3.258215465186139e-06,-3.200347613980785e-08,4.7920527124121224e-09,-4.319306530160746e-07,9.251263633793663e-07,2.697308535281638e-07,1.0843415093380625e-07,3.074809643815878e-06,-2.7985960574148824e-06,-5.508960656498523e-09,6.006541754730386e-08,-5.926258618561418e-08,7.874102466754743e-07,3.52951907887527e-08,6.330886110988928e-08,3.630130430149005e-08,6.299016587389981e-07,-1.7914903854751777e-07,2.336981282695466e-08,-3.3874834236218046e-06,8.208011547083179e-07,-1.1201665219797063e-07,1.8146470277046914e-08,-4.14124267955148e-08,1.0982252195303568e-06,-7.672896337022457e-08,-1.4161636302930862e-07,2.4191990188235866e-07,-2.230700923774437e-06,5mV,2,40
599.564,0.0049885,8.418990113502331e-06,-0.00012667044586915077,-0.002650066068317957,-0.004226403747656289,-1.2149939607542045e-07,-2.0673261116899763e-07,-9.988011447364076e-08,7.730849262012422e-07,4.088215195234217e-08,8.6837121098547e-08,4.419417382415922e-06,-3.135576632824097e-06,4.0013095621177e-09,-6.401147113388922e-08,-1.9688504438662934e-06,-5.556418570059596e-07,7.535478972933616e-08,-1.9940146064417698e-08,-8.230160562149501e-07,-3.19744847617792e-06,5.029457185069432e-08,1.3168891527775318e-08,2.2052494990691037e-07,-3.3492201079248474e-07,1.4533629712552265e-07,-1.281412279740188e-07,6.329229934324867e-07,7.492153214625101e-07,8.11129149281466e-08,8.387358133587691e-09,-2.797527663262684e-07,-1.5490057925367806e-06,-9.207478256077377e-08,6.013792913800585e-08,-7.143298769563682e-07,1.307042690849509e-06,-6.958542816183093e-08,1.6699210521196804e-07,-1.3346640494896086e-06,1.0551359000518014e-06,5mV,2,39
474.0168,0.0049813,8.716969330511725e-05,7.710336536231939e-05,0.004953349293472502,0.0005272398082852563,-1.3354761174336275e-07,1.5968636633709627e-07,-6.356704347337001e-07,1.089386384765525e-06,6.217707041533947e-09,5.778197087707029e-08,3.4283630344091517e-06,8.612219194859358e-07,-1.6425427614356136e-09,4.0894393738491464e-08,-3.145321448152324e-08,-8.220025733237277e-07,-1.5792710676259106e-07,-4.3569897973262604e-08,-3.4394115778651912e-06,1.7500892834367052e-06,3.0515237336279285e-08,-5.6270198675980365e-08,6.085413991900017e-07,-2.8167698065457226e-07,2.0676619874110398e-08,2.0161216370429597e-08,1.5810465685592964e-06,1.7908329971395435e-07,-3.775490592128393e-08,-5.004919474907913e-08,5.07336520161808e-08,-7.725526073775302e-07,-4.1075280491953743e-08,4.5170434172478356e-09,-1.4086892906450754e-06,1.9481090132362696e-07,2.615555942833017e-08,-2.4671309148989236e-08,4.383719538509458e-07,-3.1597795721188974e-07,5mV,2,38
377.1552,0.0050071,9.640296107132971e-05,4.791974267753585e-05,0.004947820602327099,-0.0007681444595094395,-7.790280482116806e-08,1.7738690635171397e-07,-1.1225320151336443e-06,-2.0287799532805446e-07,2.9467139358408978e-08,6.4155035907557e-09,1.7290970508702298e-06,-3.7089960381925626e-06,2.216767605622025e-08,-6.80313842334782e-08,7.390104447847735e-08,-5.779603567288983e-07,-1.420209606906688e-07,1.8169064548414515e-07,4.026832802355497e-07,4.192922241567106e-06,8.739782363039756e-09,-1.0913736862769628e-08,1.3854873493873919e-06,-7.324199886132458e-07,-2.1952560915131155e-09,-8.295161353010075e-08,-4.28434783381149e-07,-1.6760640422812386e-06,5.102321224307669e-08,8.767299865371369e-08,9.291342225180448e-07,6.37414447318236e-07,2.837481406108415e-08,2.8774693994388598e-08,1.0006378546005395e-06,-4.734954944685654e-07,-3.3050226195376514e-08,3.781646840542098e-09,1.8785495933457343e-07,6.470586104155786e-07,5mV,2,37
298.2954,0.0050032,-8.96545107283806e-05,4.1226535051866936e-05,-0.00250757852763714,0.004329463456159883,2.493842978412591e-07,7.348189588538558e-08,2.879250424643973e-06,5.322975000231276e-07,-9.673378760803393e-09,5.9237494943425517e-08,3.261530028222951e-06,-2.1898213129870894e-06,7.025808558452154e-08,-2.586668421112855e-09,1.2461475387372e-07,-2.2882494720739113e-07,1.4329894571222893e-07,8.312307587599503e-08,4.559733884307628e-06,-9.41349602648477e-07,-1.048458160386971e-08,-1.5920663858023503e-08,-1.5749378288824517e-07,-1.0465649924657787e-06,1.1940381883811338e-08,3.8471558644016494e-08,7.862944542718489e-07,3.873830362867566e-07,5.919560991518367e-08,-5.268666989727459e-08,9.05611873500136e-07,-5.370994179799917e-07,-4.034269576955757e-08,1.6968209408721006e-08,9.110937188212848e-07,-9.830083567203441e-07,1.668340005551121e-08,3.4375222769342086e-08,3.5203830382914706e-07,5.264156974288703e-07,5mV,2,36
236.7424,0.0049954,5.823466284809461e-05,6.923790727596466e-05,0.004835297816353408,0.0012545234395312237,-2.2179243881218724e-07,-2.671060510593124e-08,-7.027957500154354e-07,-5.664795942528582e-07,-2.2105539047823482e-08,-5.270367360565344e-09,2.786442659613239e-06,6.202872162235522e-07,7.387724591587304e-10,1.020695711846938e-08,4.196472138579532e-07,2.692161018885469e-07,-1.339891115398661e-07,-9.408698748916158e-09,-3.3996368214234484e-06,1.0181818367543851e-06,-1.1419796613249655e-08,9.781862199289556e-09,3.085924478532654e-07,2.9457007844059794e-07,7.944534721578307e-08,1.5474755692681193e-08,4.1712880886258346e-07,1.2972293745518546e-07,-3.214158293300834e-08,-2.863365933717225e-09,-1.372229097240144e-06,-2.0864025268211747e-07,-4.0503794581690086e-08,-2.558170912976692e-08,-5.941718845419455e-07,1.9077210626327164e-08,-4.561941383290145e-08,1.1893513962470818e-09,7.615449435322777e-07,3.621428597323028e-07,5mV,2,35
189.0121,0.0049846,4.719053880943722e-05,6.817614224983922e-05,0.0046920324582132855,0.0016824357372923365,-1.4320536454915628e-07,-3.197525815982112e-08,-1.1788795867594473e-06,3.888576853818342e-07,5.1206573870273125e-08,-2.897077249510294e-08,4.201761076331938e-06,-1.0029530768817526e-06,-1.284346772882112e-08,-3.0245221982757124e-08,2.1214904911288656e-08,5.124711097621333e-07,-6.586826725002436e-08,-4.326241700888102e-08,-3.89682127694524e-06,1.6756872869493877e-08,1.0447630855135332e-08,-1.747233234953319e-08,6.5838822881714e-07,7.412741808534816e-08,1.9530896966262527e-08,-2.531666562079998e-08,3.3878767517688395e-07,-1.8873994766540224e-07,5.0627740678611204e-08,-4.745741637661786e-08,-2.1332726578703866e-07,-3.7356462298628765e-07,-1.4215906748386927e-08,4.434563830639807e-09,-4.90296793531296e-07,4.01568040259097e-07,-1.4547385149155036e-08,-1.180549021675655e-09,2.640042829694638e-07,-7.255823765246064e-08,5mV,2,34
149.6011,0.0049616,-3.730098756193599e-05,6.557862968332427e-05,0.0005466322117592974,0.004931422354129645,1.5136946476512775e-07,-9.404678183952504e-08,4.4549506030248916e-07,-1.3545514277104802e-06,-4.321775879623171e-08,5.119665227824961e-08,-3.904555257364468e-06,-3.713337010916441e-07,4.1151791655386826e-08,-8.52824142575869e-10,6.145493761505271e-07,-5.189885350614167e-07,-8.370534516467178e-08,1.1454212826115219e-07,-7.114327278913254e-07,4.6890018427432935e-06,5.972428271955517e-08,-4.794686685172043e-08,4.4666940998643164e-07,-4.5703902044709783e-07,2.8977810417284434e-08,-5.221248850922827e-10,3.3887705789344336e-07,1.6176404493400456e-07,-1.1200394637299618e-08,-6.430650038979585e-08,-3.011233010206788e-07,-4.320477675767086e-07,9.410074292576433e-09,1.1186418229827727e-08,3.2004647285414185e-07,-1.6852696886888108e-07,-5.464365420546909e-09,-1.081517943572437e-08,-3.0896135871926256e-07,-6.065916627263144e-07,5mV,2,33
119.1737,0.0049712,-1.3654894857319597e-05,-6.776292672458334e-05,-0.0036815337785782304,-0.0033405514207292385,-1.6121239115924452e-08,-1.4568863517633577e-07,-1.4506737557780264e-06,-9.539378711205504e-08,-1.5529821633266095e-07,-7.148568924792213e-10,-3.4537746843580433e-06,-1.3379786125264205e-06,2.2804271033070352e-10,-7.145253256901055e-08,-2.549853569462985e-07,1.9866695347521942e-07,1.3071531762840694e-08,1.0020735023372174e-07,4.268052337068177e-06,3.4637183734684787e-06,-8.017671659839907e-09,-4.7965693569769516e-08,2.8713308286946843e-07,-1.0379280145898885e-07,1.971635781671561e-08,-8.16709437124808e-10,-4.341378205422876e-07,2.230613640281134e-07,-1.8040503696760034e-08,-4.012363629845467e-09,5.480582472631685e-08,1.3966806287627056e-07,-6.383932377830066e-08,6.799117858384167e-08,1.0067627251508297e-07,8.622662278134006e-07,-3.6205204070509416e-08,1.764653473420457e-08,2.726239146321278e-07,3.28757807427491e-08,5mV,2,32
94.69697,0.0050229,1.5144238515193762e-05,-2.5033789762694992e-05,9.104409708739019e-07,-0.0025114654052249747,8.455914345732416e-08,4.426190139554475e-08,-2.492263036698378e-07,2.294990188436441e-07,1.0602871729527456e-08,-2.6462266994669835e-08,-1.5670657416700236e-08,-3.5926637144352284e-07,-2.2685101443353506e-08,1.4950690130930855e-08,-8.960322338965768e-08,-5.663860130897856e-07,-1.2408199310826975e-08,6.035767361880302e-09,3.1208058350777176e-07,-2.36092458121905e-07,7.339853462500976e-09,-8.917382174823869e-09,-7.976968825747856e-07,-8.032051339147943e-07,-5.85847690931296e-08,1.0604118005229295e-08,-4.882178995946076e-07,9.245025626158383e-09,1.3532443850196306e-09,-1.2905914096434657e-08,9.142054306002437e-07,-2.1642030552755697e-07,-2.0048786392220937e-08,-2.985218109785197e-08,6.543514224946068e-08,-8.296549050068154e-07,-3.049790217159676e-08,-7.647562026877758e-09,1.2132648637033345e-07,6.509352128579993e-07,5mV,2,31
75,0.0050019,1.26008638116134e-05,-2.239429273104708e-05,1.98741199687244e-05,-0.0025008621180702133,4.8157772497752764e-08,5.082980748987872e-08,4.798596764701136e-07,-1.3235359565206852e-07,-5.912070079055172e-09,-1.572823137664966e-08,4.686051881640531e-07,7.572313711961706e-07,2.5095352246832044e-09,1.5379484102459763e-08,-4.056178838629084e-07,4.842632944353872e-07,1.00459997276931e-08,1.3156064168822856e-08,1.8293128642882387e-07,1.303728127812697e-06,-7.060664503347269e-09,4.86689444092899e-09,2.0808782550931546e-07,-3.3473871545654907e-08,-1.2541643618689026e-09,2.668411069872366e-08,5.054437941823538e-07,5.296238629922007e-07,-1.3148948906837165e-08,8.857672531424393e-09,-4.821048509858154e-07,-1.5178610533885502e-07,-3.868709362975692e-09,4.116522668422937e-08,-8.86880725351939e-09,1.2374368670764583e-06,-9.731841023646681e-09,2.0282860833880596e-08,-2.4915205745781313e-07,5.374829129233508e-07,5mV,2,30
54.50581,0.0050004,3.0308364408608393e-05,-3.945655839020935e-05,7.173156353399283e-05,-0.004999841564335517,9.310056248086289e-08,2.632919833728529e-08,3.531266958450015e-07,-1.4442269306714273e-07,2.520178286594408e-08,-3.439589459414834e-08,2.143652764447336e-07,3.0689760128710887e-07,-1.1406041176646884e-08,2.1205635183329043e-08,-3.099363926792581e-07,8.503323645702283e-08,-1.6305252607184793e-09,6.625257978559924e-09,-1.2772116235182016e-06,-1.1705677675174686e-07,-1.2481395911223241e-08,-6.00871721293688e-09,-7.251239724566154e-07,2.72866651131857e-07,-2.3891447709144668e-08,5.315940392612816e-08,1.3073454209402046e-07,2.1224251979052466e-06,1.3198623158215521e-08,-1.886602876670842e-09,-2.352953057115517e-07,-4.756763664613531e-09,-2.8556452115501445e-08,3.20454606049408e-08,-7.997010883577113e-07,8.575503780100592e-07,2.991103668884229e-09,4.046849448534804e-09,2.3155007045082333e-08,5.812219972425558e-07,5mV,2,29
45.95588,0.0049965,2.7304265442911173e-05,-3.8218016668787294e-05,-0.00026097101584904265,-0.0049896603315407765,1.2319634186483362e-07,4.1934094823335176e-08,1.1170077434056245e-06,-2.827286915061527e-07,1.0086535728778964e-08,-6.455698191848772e-08,1.424578200989206e-07,-1.307335477251094e-07,-9.053340026322167e-09,1.1616206570267675e-08,3.0581550694102435e-07,-3.71092179931695e-08,5.107055525178582e-09,1.2289051818197042e-08,6.297325055386861e-07,3.29237093242614e-07,-1.2249597469515525e-08,4.162880147055788e-09,-2.940883619459146e-07,-1.6843902246297102e-07,-1.2547311521481973e-08,3.1230288020210724e-08,2.86504862688558e-07,1.2396465757676662e-06,-6.0827347201119275e-09,6.888208893396289e-09,1.8785241816957855e-07,2.639995320957777e-07,-2.7569320000421567e-10,2.440911616423396e-08,2.0640358554487674e-07,8.56269630852635e-07,-4.057582003648001e-09,5.211983542380592e-09,-4.2148591245990733e-07,1.420613983597179e-07,5mV,2,28
37.5,0.0049994,2.5842543143677106e-05,-3.4482504126300234e-05,-0.00018733468342322854,-0.004995851935293541,1.1535298086539095e-07,4.6303992633981125e-08,3.400675384508316e-07,-7.443320862258097e-07,6.8752467422136625e-09,-4.541620902165796e-08,1.4191953506174235e-07,1.1578873541929717e-06,-5.255254057971826e-09,1.508004647771417e-08,-2.6399467073665706e-07,2.910911130771601e-07,-8.851886409216464e-09,1.7537828115140593e-08,5.898075993913752e-07,-2.731741320962386e-07,-1.2359364748751281e-08,7.990579526431352e-09,-1.7357261769438535e-06,-1.1677393403927223e-07,-1.8609989820658152e-11,3.244198178103461e-09,-8.51734866676538e-07,-8.842745949215282e-08,-5.791969097124983e-09,1.0400322096910914e-08,-9.406923247982771e-07,-4.911932723473192e-07,-1.3762750738537457e-08,3.672945745749851e-08,8.442109190684095e-07,2.225176652046417e-06,2.518177395374519e-10,5.8523803230339175e-09,-2.813219909533297e-08,1.9095926858941693e-07,5mV,2,27
30.04808,0.0050006,2.402284803646735e-05,-3.080002459240217e-05,-0.00012343322263653111,-0.004999057117750139,1.0437282789334405e-07,5.976637767012269e-08,-3.8621520524345325e-07,2.929473788632094e-07,1.2196343490057412e-08,-4.310583705102203e-08,1.0723213569704986e-08,5.943944022071502e-07,-6.252676786426658e-09,1.6753248947240294e-08,-9.757984087172364e-07,-3.69919487529271e-07,-7.142259101624468e-09,1.4454864646254157e-08,9.859221890860055e-07,-1.2970990017390732e-06,-1.0141240381992854e-08,4.542495946807514e-09,-9.55771708363384e-07,-9.70149067477294e-08,5.9396627114822866e-09,-3.686507832842139e-09,1.9934445015994378e-07,-1.1247417238248522e-06,-4.889324088999097e-09,8.374114244546934e-09,-3.4917551573425257e-07,1.8260778507643104e-08,-1.2545245443855695e-08,3.120479903045764e-08,2.667130543685811e-07,1.3600756994385002e-06,-5.4636008613397515e-09,7.968774121066513e-09,-6.078373860009829e-07,-4.596437145668592e-07,5mV,2,26
23.91582,0.0049991,2.2203152929257593e-05,-2.7424694566582004e-05,-7.710005079928258e-05,-0.004998551094459853,9.816207701477001e-08,6.283205016850042e-08,2.3913721572752044e-08,-3.6674954992629865e-08,2.02259829321689e-08,-4.2284676155738774e-08,1.5785131375448263e-07,4.5784921013872925e-08,-3.775257467861471e-09,1.2638185791407901e-08,-1.0739184239270691e-06,-2.970470513980075e-07,-1.957083745085611e-09,5.062953054265108e-09,-4.748302690034896e-07,-6.504448784994202e-07,-4.19814157349574e-09,8.334633379361123e-09,1.561598922367975e-08,2.0409687064212475e-07,-7.051479849172263e-09,1.1153095822764311e-08,9.625811466662105e-08,3.3335212325281607e-07,-5.0997623816432506e-09,3.202144107146737e-09,1.3016189608669392e-07,-4.495516435178088e-07,-3.803453350761284e-09,1.2796113671568534e-08,-1.529074220142085e-07,5.319890246898351e-07,-3.099729633580976e-09,6.400611259031304e-09,-5.019773136730214e-07,-5.572387029916611e-08,5mV,2,25
18.8253,0.0050006,2.0321585978694015e-05,-2.4305690748941968e-05,-3.423170218984813e-05,-0.005000464702186438,8.833570133875041e-08,6.38154368273487e-08,2.962322213181245e-07,-3.1559490421026887e-07,2.511012414943277e-08,-4.349444747000131e-08,-3.9991992903175956e-07,-1.1523277271258923e-07,-2.1596632087694832e-09,1.4489634412510316e-08,-6.437531071844006e-10,-1.1171745764118106e-07,-6.803420161205948e-09,1.874235137126151e-08,3.550094781353453e-08,-1.0017732029260821e-07,-5.870569540125596e-09,4.524940916110213e-09,-5.787845780707189e-07,-5.904947083089063e-08,-6.824280916105297e-09,1.1461991000708271e-08,4.152650300669841e-07,1.0584504630886133e-06,-3.878717133638173e-09,3.7212046787114864e-09,6.296444486473415e-07,-4.2234692545143657e-07,-5.937392235802069e-09,1.1939475903247944e-08,-2.82698197526214e-07,4.0275620062235954e-07,-5.833611057410797e-10,4.0819595099294075e-09,-2.970068346998275e-07,-6.579789907675283e-07,5mV,2,24
15.02404,0.0049992,1.8659885042905627e-05,-2.1689395658551744e-05,-3.222860126126811e-06,-0.004999243838134546,8.221458729323525e-08,6.409579361754571e-08,1.0628698804710293e-06,3.1781179445472324e-07,2.5722224505440834e-08,-3.706497962517152e-08,-1.903602165632305e-07,-2.8429758467691035e-07,-4.3565876303444605e-09,1.0324068364540364e-08,-8.281777147467429e-07,-3.47905927605719e-07,-4.814864640085807e-09,1.137628744911977e-08,-2.161164705825159e-07,7.294241760551407e-07,-6.054659266335785e-09,2.900706696035603e-09,3.409148512484753e-07,-5.27860404971182e-07,-3.000087239568335e-09,1.0278534002394987e-08,1.1479734961498672e-07,3.5458444066859143e-07,-3.458745424058916e-09,4.924081701857453e-09,2.3923875184188144e-07,5.706508613492515e-07,-6.7964872001872835e-09,1.3804978271626441e-08,1.1795314508233537e-07,7.220448538808516e-07,-3.881611852023655e-09,4.117370091706015e-09,-3.3438019022140055e-07,-7.002838636607048e-07,5mV,2,23
11.95791,0.0050004,1.7026910320102945e-05,-1.9339370465452076e-05,2.2701442239124988e-05,-0.0050003376439366936,7.416619847287885e-08,6.170464574570267e-08,1.27012950716288e-07,5.002201533217727e-08,2.5567290780556785e-08,-3.3930076953498243e-08,-3.260663822415997e-08,6.652915797393429e-08,-3.92156449001504e-09,9.651064017585228e-09,-3.1246142680070143e-07,-1.7257581810378144e-07,-2.6365095054973963e-09,7.67998287279516e-09,3.7866242093690443e-07,1.9559877295747717e-07,-5.8768395885368984e-09,3.620698288600584e-09,-6.492657779417916e-07,4.4758224064676965e-07,-1.7404162836409423e-11,5.148149477708977e-09,-4.351443428511329e-08,1.4279568455780632e-07,-2.2142076581032602e-09,5.9660499478183455e-09,-2.1091691554666902e-07,2.8339281945329525e-07,-3.282794054958445e-09,6.928131700320343e-09,-3.619317220668579e-07,3.5387711291653575e-07,-1.7704418053370763e-09,4.641775948594797e-09,-2.994641412498853e-09,-4.289463309431637e-08,5mV,2,22
9.52744,0.0049996,1.548563850798539e-05,-1.725009089791495e-05,4.3169973845784334e-05,-0.004999367581821253,6.659688554531982e-08,5.8609760898427164e-08,4.272938002984438e-07,-9.989856554121233e-08,2.6184020476272926e-08,-3.148448185950383e-08,-1.5792688579172192e-07,7.35885032811929e-07,-3.1213140680766955e-09,9.105672557256045e-09,-5.051099071991123e-07,1.1215984132116088e-07,-3.1660297331519795e-09,1.070542320503207e-08,8.030769708107042e-08,2.65832153998831e-07,-4.7399820319581526e-09,3.43977397009055e-09,-7.516650045175833e-07,-3.8376088180012856e-07,-1.688123527463506e-09,7.168424262237062e-09,-2.6444523033879436e-07,-1.4708594446722113e-07,-1.2461464338828544e-09,3.315724238729172e-09,1.867999339199562e-07,4.07731691196918e-08,-3.373071703537746e-09,8.701537829866675e-09,-6.930780036186757e-08,5.671135596763658e-08,1.299041335678645e-09,4.192432791092004e-09,1.608245872839375e-07,3.4704458315788616e-07,5mV,2,21
7.524077,0.0049993,1.4017287082677702e-05,-1.5323224919181606e-05,5.934835602846342e-05,-0.004998988616780711,6.069420120393054e-08,5.551998047822835e-08,7.801890291580413e-07,-5.068250830852279e-07,2.320861457793104e-08,-2.7572424641132717e-08,-2.511246644064545e-07,3.3050170952659234e-07,-2.663218254448027e-09,6.5209586234805624e-09,-3.662481670242635e-07,-3.762591417643466e-07,-1.1653152899584672e-09,6.117758602867574e-09,-7.535496650603146e-08,1.1979051785907478e-07,-5.660774272710584e-09,2.381747771070648e-09,-9.746726726245004e-07,1.7488352737544447e-07,-1.5470413615102969e-09,6.769706635704188e-09,2.127334065762765e-07,2.7643422581381223e-07,-1.8343101204934053e-09,3.1094413032788347e-09,-3.7984218440714034e-07,-1.1472973252903574e-07,-1.3717330176389678e-09,4.226337456395553e-09,1.946446207446136e-07,-3.9286874859811496e-07,-8.433381946208169e-10,3.2075612080032334e-09,-4.195456777435922e-08,-1.4947099354307645e-07,5mV,2,20
5.98659,0.0050007,1.2696986139680945e-05,-1.3667048255121241e-05,7.268063341686665e-05,-0.005000194012871766,5.410816444978521e-08,5.205269342522357e-08,8.727422357475485e-07,2.781456451951528e-07,2.319269362681089e-08,-2.4367728320447635e-08,-2.6409786413253645e-08,3.9449465225310575e-07,-2.40848635108861e-09,5.696187064195883e-09,-2.512222230451714e-07,-3.229135698809842e-07,-2.4062755375430565e-09,8.315742579759986e-09,-4.562767814340656e-07,4.027721105249362e-07,-3.068920770153809e-09,2.1149022446660293e-09,-7.11869366328708e-07,-1.939198362938974e-07,-1.8605570403275735e-09,4.227221339872037e-09,-1.3249048710548886e-07,1.2129002617692852e-07,-2.3471901368488466e-09,3.07333134870146e-09,1.5096519856007127e-07,3.403056345623093e-08,-1.2749455672553677e-09,4.649889998908913e-09,2.511678642113676e-07,-4.493980687637698e-08,-8.18256896121261e-11,1.1105200386882377e-09,1.8001314513121462e-07,7.471345492734342e-08,5mV,2,19
4.76372,0.0050001,1.1475017233442942e-05,-1.2188753140703114e-05,8.22718739910548e-05,-0.004999418405121151,4.8317004106041216e-08,4.8934971238624436e-08,4.160148947113455e-07,4.086677237985136e-07,2.2219438482311796e-08,-2.3100946521951935e-08,1.7153990666934316e-07,1.2199304499703631e-07,-3.359585851395304e-09,5.1466579243424115e-09,-1.4301687639779623e-07,1.0503274634542985e-07,-1.763980617123984e-09,5.905288483081855e-09,-2.8837372381414712e-08,1.60833757575006e-09,-3.3907261711261523e-09,2.0104062255131505e-09,-4.14732490272403e-07,7.560496189881126e-08,-2.0555406303854184e-09,4.4831133402943376e-09,-3.7067211430949643e-07,-8.997832143999022e-09,-1.1786398333664512e-09,2.2429261371085447e-09,-2.1397161684139493e-07,-1.0882778844005805e-07,-1.647968701126875e-09,3.748265876198365e-09,1.8816895893959412e-07,2.029428502781414e-07,-4.98952885387365e-10,2.1432793236785217e-09,1.8841622534214028e-07,6.891918994288827e-08,5mV,2,18
3.76506,0.0050002,1.0325968714014802e-05,-1.0837516276029446e-05,9.083449516948566e-05,-0.004999356533277798,4.33791890646679e-08,4.5223898074262134e-08,6.869563371459876e-07,1.876725478821142e-07,2.1455895741151797e-08,-2.043034784047527e-08,-2.1848980820230782e-07,-8.589231595344721e-08,-1.953316191767101e-09,4.874720124258904e-09,-2.1899693634694003e-07,5.173710282994525e-08,-1.4127617837629714e-09,5.951364223856577e-09,2.486671368855276e-07,4.1622304927005734e-07,-2.719561406656448e-09,1.8505028657825774e-09,-3.782191533734481e-07,-1.5670005552636327e-07,-2.1927337090421016e-09,3.846304021701189e-09,-4.277132030080351e-08,3.056806042254261e-08,-1.6851492595651401e-09,2.2640785735551333e-09,-4.673560398409132e-08,-2.7907482769980577e-07,-3.786712597716692e-10,3.1651403254037686e-09,-3.226498411486885e-08,3.265189305815591e-08,-1.0516656630376939e-09,1.4174795118187005e-09,-8.899436025688223e-08,6.243559528366734e-08,5mV,2,17
3.008665,0.0049997,9.323865822551992e-06,-9.687362902255702e-06,9.739070085629967e-05,-0.004998721242029075,3.91428349987751e-08,4.15117532011846e-08,5.984218172677457e-07,2.3098261725892115e-07,1.9255224758490877e-08,-1.73832589921906e-08,1.2045674502947397e-07,1.3750188544627941e-07,-2.0497522984687995e-09,3.517803203394485e-09,-5.566313645578825e-07,-1.406011123711331e-07,-9.969912828328736e-10,4.101360752238213e-09,1.0802042717555139e-07,1.335530255296562e-07,-2.064885488440537e-09,1.1300494441011338e-09,-4.050050211574019e-07,5.616708261990514e-08,-6.54203592983165e-10,3.2019883226840067e-09,-1.2668944936389514e-07,-2.1737887715780301e-07,-1.2329920380440935e-09,2.5642851769252643e-09,-1.1750424276171647e-08,-5.588143357739269e-08,-2.108084188499307e-09,4.2965664180195244e-09,1.1332590459751134e-07,1.4994320829038759e-07,-1.0971857725620124e-09,1.5012440440306663e-09,-2.0609345293006572e-07,-1.5359806646564553e-07,5mV,2,16
2.38186,0.0050004,8.374795939678173e-06,-8.623388167439069e-06,0.00010232166580073023,-0.004999369791529944,3.472462190759589e-08,3.8110989428328636e-08,4.2894588900142545e-07,7.07058940993383e-08,1.8616486364210303e-08,-1.6478073923924167e-08,1.288581679588812e-07,2.2975501359552057e-07,-1.3038352986842208e-09,3.479874658564246e-09,-1.9490669219539084e-07,4.5417302827460106e-08,-1.4880863336288686e-09,4.2021201539942596e-09,-9.107595003817395e-08,2.5923805180796277e-07,-2.139526133466505e-09,1.2275660983528323e-09,-4.3139800273605884e-07,1.9507938092960875e-08,-1.0828363662630463e-09,3.3019820603785496e-09,1.6384194450178197e-08,4.622837640256799e-07,-7.816900842719789e-10,1.4357228667733134e-09,-1.361489913000873e-07,-1.0405840844367205e-08,-1.8592809335584011e-09,2.7576600990559096e-09,-8.543007804087688e-08,2.929181002230509e-07,-5.718553735568289e-10,1.3504104336231565e-09,4.460979793188853e-08,-3.543399364019093e-08,5mV,2,15
1.890121,0.0050001,7.519638676180692e-06,-7.684261973675686e-06,0.00010629251231883096,-0.004998955471150343,3.1164162487626325e-08,3.4614677851664837e-08,4.501609706894094e-07,-1.1578365308930738e-07,1.6447292681855642e-08,-1.4782078309248235e-08,2.3974168154000037e-08,2.9045151289648997e-07,-1.2723834100279122e-09,3.299072978886574e-09,-1.7563217668002573e-07,1.846810442559569e-09,-1.4735354018972639e-09,3.688376141540556e-09,-5.348279479308645e-08,3.819764315465435e-07,-1.9392072017737386e-09,1.1581282124403134e-09,-3.138666910428751e-07,-7.332643183041564e-08,-3.5820228622327166e-10,2.1082366583990004e-09,-5.194721298084876e-10,4.376342426043859e-08,-1.0702555003150882e-09,1.6994129291668875e-09,-9.966531974031187e-08,5.392588557984747e-08,-3.7134585448944573e-10,2.3512051775407716e-09,7.87002444936512e-08,1.1885437477204452e-07,-3.0616055295315646e-10,1.903897161742581e-09,1.7438700583253005e-07,-9.085422786809814e-08,5mV,2,14
1.502404,0.0049999,6.752869760331529e-06,-6.854516360127096e-06,0.00010983909476821974,-0.0049986936206704346,2.7947445351661076e-08,3.149725397573901e-08,3.3348161218212084e-07,4.303812052817995e-07,1.5308110511733743e-08,-1.30912092187359e-08,5.232792369125697e-08,4.4187843008758914e-07,-1.2567872860853664e-09,2.6123209293090884e-09,-2.99534851928004e-07,-2.6297290143784247e-07,-1.2700212314370109e-09,3.4429769428384554e-09,-6.67472562217565e-08,3.348208061344274e-07,-1.3327946359368467e-09,7.050569449191486e-10,-3.599427632739016e-07,-9.81239042971294e-08,-6.159788367028695e-10,2.2130387222056115e-09,-1.048917116882135e-07,-6.676912128925602e-08,-9.162005765775356e-10,1.1256686966208139e-09,-2.67648534543004e-07,2.7151861834478558e-08,1.3087286985809006e-10,1.3404722687844488e-09,-8.210938306244684e-08,-2.8954730010004766e-07,-6.028553767857854e-10,1.2285052245465957e-09,-5.895501683288495e-08,-3.418249197729493e-08,5mV,2,13
1.195791,0.0050001,6.0623357943290405e-06,-6.119788220300448e-06,0.00011259239179746486,-0.004998819574065834,2.5208423040561158e-08,2.8372261847545804e-08,1.804509989083775e-07,-1.1771792159215627e-07,1.3861911416055414e-08,-1.2290720148258906e-08,-1.0695223189713454e-07,2.3401798360259895e-07,-1.0088485796698956e-09,2.267298119118223e-09,-2.461405559680004e-07,1.5458392799822796e-08,-1.2565961462835768e-09,2.896588903889537e-09,1.6243347618200602e-09,2.5881268288490523e-07,-1.3824246931413773e-09,5.407222353792272e-10,-4.7358056825317696e-07,-2.091657214088867e-07,-5.15774182313751e-10,2.156144247678735e-09,-1.0824504406401266e-08,2.644222493684058e-07,-7.55714516665091e-10,1.2419733990195083e-09,6.548851776289681e-08,9.361155761570473e-08,-3.2252466115133157e-10,1.5865498480547498e-09,-3.313768646537453e-08,-1.031556430064225e-07,-4.372444499912569e-10,1.039536903487957e-09,-8.502927002992211e-08,1.342073202731229e-07,5mV,2,12
0.9486946,0.0049999,5.428149399952356e-06,-5.452456195555645e-06,0.00011460101699777288,-0.004998554409022888,2.2153666503117993e-08,2.741078445037085e-08,5.876731312811029e-07,2.6951728518315855e-09,1.2359099583708336e-08,-9.691883966237913e-09,-1.1380220730590121e-07,2.1410950266372628e-07,-1.4204438360279559e-09,2.6873935723841878e-09,-4.679542079836232e-07,7.616470320738116e-08,-9.806371183238089e-10,2.999028789105247e-09,-1.3597254606109436e-07,1.959145403294508e-07,-1.5660282834395012e-09,9.650265207893358e-10,-3.6627004314030646e-07,-1.147812187415409e-07,-5.002089942928821e-10,2.1260911046239607e-09,7.036409635898225e-08,7.148157918975648e-08,-8.68012575264887e-10,1.3159334537685843e-09,-1.411848069219157e-07,-1.2094619550457654e-07,-9.817425250965857e-10,1.8966968259722798e-09,-1.345755682265127e-07,-1.0798772348692151e-07,-6.48274944564654e-10,1.262033134518294e-09,-1.7060343212600921e-07,8.726567200211987e-08,5mV,2,11
0.7515633,0.0050002,4.8558348489294945e-06,-4.858044557620703e-06,0.00011641518783325462,-0.004998867082802695,1.97300580106011e-08,2.4449520687652696e-08,4.1721741818110097e-07,-2.135649199567781e-07,1.169782216077744e-08,-8.727702990479269e-09,-1.041854224992427e-08,-2.2272780850117556e-08,-1.001950200592248e-09,2.303516349421467e-09,-4.4306857918867377e-07,-2.1337134947542825e-07,-8.269740864226419e-10,2.6255449309716227e-09,-4.947734423688143e-08,2.6787403531494173e-07,-1.3308810282102606e-09,8.319065981631562e-10,-4.0374559768884787e-07,-5.345044465784716e-08,-5.506931039065649e-10,1.943907252159938e-09,1.8437488911679002e-07,-1.3105859587358609e-08,-5.532253195812546e-10,1.1808429129315855e-09,-9.196922477659477e-08,-8.5863214089984e-08,-2.8590249609933473e-10,1.4556312372267515e-09,-1.3621064217257203e-08,8.185904516481988e-09,-3.5489623056492087e-10,9.807450625933742e-10,-7.085432023212672e-08,5.714554162837203e-08,5mV,2,10
0.5978954,0.0050001,4.349811558642871e-06,-4.338763015186832e-06,0.00011742281499644544,-0.004998688096398707,1.779191146899914e-08,2.1792113967062546e-08,5.13949294391117e-07,4.9346220123145145e-08,1.061296125941151e-08,-7.933513799480907e-09,3.115609705090342e-08,2.447635759970741e-07,-9.073729008415942e-10,1.7242091752452778e-09,-4.389462571397907e-07,-5.39316087253577e-09,-6.802595939864128e-10,2.309752147348056e-09,-1.0520394352628117e-07,9.806468410420501e-08,-1.0803242589374464e-09,6.393341317437229e-10,-4.58682933227922e-07,-2.393442654318866e-07,-5.754728876552055e-10,1.455666592565811e-09,-5.0692021104438446e-08,2.7607216504475783e-08,-1.2934043688073736e-10,1.0486710658193689e-09,6.58258297946097e-08,2.4980845142453648e-08,-5.433324537707166e-10,1.1502318184322817e-09,4.5843765556319796e-08,4.312413343898523e-08,-1.997107093755115e-10,7.944667304099778e-10,2.796869170072704e-08,4.497886347749408e-08,5mV,2,9
0.4763719,0.0049964,3.892401859562823e-06,-3.878038753069972e-06,0.00011516559756837652,-0.004995088480940729,1.611616783447813e-08,1.9536034538969587e-08,4.3808933210934024e-07,-1.722386165575031e-07,9.552683367235268e-09,-7.32421977351068e-09,5.014343882475915e-08,2.4182775702993526e-07,-6.459587279145299e-10,1.4958921295805606e-09,-2.3763129925446221e-07,6.685589654955975e-08,-5.997151597647097e-10,1.9352904931185724e-09,1.0790595321680335e-07,1.445034579198064e-07,-7.829211129838508e-10,3.6913504094389214e-10,-3.3336549199039785e-07,-1.3700492196162672e-07,-3.8897104343769323e-10,1.2463276299955334e-09,-9.30615500739196e-08,9.151293098040377e-09,-2.74793848566894e-10,8.285843011459251e-10,-1.7378419730156852e-07,-8.788595932882886e-08,-1.6488735768359245e-10,1.0632967961901708e-09,5.5242816717090134e-08,-1.4883260870218648e-07,-2.6403676568722456e-10,5.597216421625369e-10,-5.463605280757134e-08,-2.976191449781612e-08,5mV,2,8
0.3780242,0.0050002,3.482500897343747e-06,-3.462613519122875e-06,0.00011640524414414419,-0.004998815154648451,1.4338401949684042e-08,1.7303919401632773e-08,3.8527154914687283e-07,2.9000979212911746e-08,8.794316868684424e-09,-6.893719906872162e-09,-8.931768483257977e-08,1.287399485439016e-08,-6.45104675505378e-10,1.2510508823229905e-09,-2.556247361560995e-07,-9.707081237761697e-08,-8.503772216566599e-10,1.6347203926687378e-09,-7.291339308185504e-08,3.940708301261321e-07,-8.908731165297789e-10,1.1685757151323445e-10,-4.3227304737777726e-07,-1.2733589964150805e-07,-1.1112735493519398e-10,1.1050432756970787e-09,-7.0414113115207734e-09,-1.19341836509325e-07,-4.729873719550222e-10,5.006497206913436e-10,-2.777453564657405e-07,-1.488059817124574e-08,-5.203915895948992e-10,8.073138662552263e-10,-8.140486164042899e-09,3.507826368653681e-08,-3.118429293380323e-10,6.223720763737069e-10,-9.415354391494075e-08,1.7129617580070292e-07,5mV,2,7
0.3004808,0.0050006,3.1145844002576216e-06,-3.0924873133455412e-06,0.0001173786208226213,-0.0049992416284258545,1.2910819649729138e-08,1.5453332566919932e-08,5.301590544372112e-07,9.223651113988329e-08,7.99379244286837e-09,-6.395899055247303e-09,-7.419817295764064e-08,1.5745555492788727e-07,-4.667773171346858e-10,8.907674924543392e-10,-3.382606596540309e-07,-3.557186841397885e-08,-3.116671470116467e-10,1.522311406692643e-09,8.503102674833163e-08,2.82090748607001e-07,-7.488613261301787e-10,3.392881741954426e-10,-4.326585310589585e-07,-6.576193606780342e-08,-1.9450054773794684e-10,8.972186264928862e-10,3.5720250352593464e-08,3.868675112490978e-08,-2.8546541572021375e-10,3.825586897866768e-10,-2.0948215169346766e-07,1.9000843093959018e-08,-5.553204548768235e-10,8.66024058413669e-10,2.4148138519258844e-08,2.1836727985538034e-07,-2.1602465718639622e-10,3.0193757867338895e-10,-7.51957901404603e-08,-5.6125098154772196e-08,5mV,2,6
0.238186,0.0050031,2.5864640230589185e-06,-2.9411222679977964e-06,-0.00022365897974365058,-0.004998066063402131,1.2946130794614643e-08,1.2121202346012888e-08,6.07480959989091e-07,1.8032117852276902e-07,5.4421213880068645e-09,-7.0918976308431475e-09,-1.7851319487162268e-07,4.300173767457921e-07,-4.938733175334507e-10,8.943969389796483e-10,-3.6855289318919345e-07,1.0009314144001665e-07,-3.690799087120465e-10,1.2232637955310504e-09,4.886027203631814e-08,4.64567829414347e-07,-7.483262451706027e-10,4.727762342895772e-10,-3.344897917724845e-07,2.4410696105948174e-07,-1.6491243787723766e-10,6.082048605563307e-10,9.046626931318276e-09,-3.6952295530463373e-08,-3.226075252272519e-10,3.1658341739328076e-10,-2.2949437845539257e-07,-6.63869521711116e-08,-1.901922787026987e-10,7.413712975504601e-10,5.521999042630996e-08,3.0681484769662315e-08,-2.726308752145051e-10,3.971793378274889e-10,3.331694908294877e-08,6.682136985125962e-08,5mV,2,5
0.1890121,0.0050001,2.3445009213716467e-06,-2.5919882947869385e-06,-0.00015263673269953553,-0.00499776996243751,1.1478033485806442e-08,1.0919427967503833e-08,5.036244305314478e-07,-3.09496329193404e-07,5.308540078205961e-09,-6.0079791702340164e-09,-1.8500730774421375e-07,1.8678557081346336e-07,-3.775332597956971e-10,7.219316063104272e-10,-3.631102701973136e-07,5.0530425107850405e-08,-2.3593335909613805e-10,1.0143487655731813e-09,1.4317619639443233e-07,2.4691837342730564e-07,-7.480424080892169e-10,1.6824666732140135e-10,-4.1119165306561136e-07,1.5792511802476897e-07,-2.0396881802346926e-10,5.720085063691296e-10,4.3886460840365065e-08,1.791342334992867e-07,-2.9912395659687386e-10,3.304090122469962e-10,-6.83394397221195e-08,6.812398207618326e-08,-1.0680900962831389e-10,3.4023149883571923e-10,3.852613844868933e-08,-4.065725885029448e-08,-1.5714486988590343e-10,3.28668093254628e-10,-1.0799744620516283e-07,-6.079543900761824e-08,5mV,2,4
0.1502404,0.0050009,2.121320343559643e-06,-2.293677621473864e-06,-9.65675843688247e-05,-0.004999992929380865,1.00286579338845e-08,1.0143591512040299e-08,8.337691616189755e-07,1.34070318334268e-08,4.9372372025505595e-09,-5.1109324590773065e-09,1.906226194703114e-07,2.597857281070787e-07,-4.075107203277971e-10,5.859491165602225e-10,-3.013528897536953e-07,-9.215451989889602e-08,-3.077431463177996e-10,8.985011414172634e-10,-6.119898705735008e-08,1.4935343704070417e-07,-5.997226727742598e-10,1.4756854484538094e-10,-2.98982424755202e-07,2.6449185519217883e-08,-1.2214065353760902e-10,6.150165085678484e-10,7.557988170516606e-08,1.0595878001519782e-07,-2.285075225538991e-10,3.54857229206521e-10,-4.232725724221835e-08,2.0248157358885174e-08,-1.340407082378058e-10,4.2890534084694174e-10,-5.652936435982869e-09,-2.1865255324741526e-08,-2.2943703651485573e-10,2.011062508994439e-10,-1.6667700075260177e-07,-1.5401901597132066e-07,5mV,2,3
0.1193355,0.0050003,1.9113980178948864e-06,-2.029617432874512e-06,-5.1493946485564725e-05,-0.004999998453652593,8.574616582061072e-09,1.074655140804718e-08,6.630713749318516e-07,-1.3487476278330225e-07,4.549816711701486e-09,-3.5900220076948896e-09,-5.42495416118487e-08,3.8855871179591384e-07,-3.7762363688116753e-10,1.3140474674006382e-09,-2.0390053802491093e-07,4.9836112539985945e-08,-2.8370947070874537e-10,1.382180520330999e-09,5.056450986441229e-09,2.8660485200683514e-07,-6.100551601289137e-10,5.915109533359929e-10,-5.35781105774817e-07,5.369492682744241e-08,-2.5367676745936514e-10,9.508875892432071e-10,8.776295589453277e-08,7.300036721594099e-08,-3.17143578546502e-10,6.842337550675503e-10,-9.665845863875064e-08,1.0155186958397412e-07,-2.684455764679227e-10,6.062277237048724e-10,-2.9834834884625986e-08,1.4062111023478853e-07,-1.9964541248368633e-10,5.581992633597291e-10,-1.2078665453707132e-07,8.252369239350488e-08,5mV,2,2
0.0946587,0.0050006,1.7169436530685858e-06,-1.7987028746432803e-06,-1.581046568559296e-05,-0.005000539832281939,7.355832970901445e-09,1.1194174307333866e-08,3.380918379100225e-07,6.442325034849581e-08,3.971381267603979e-09,-2.081047297808032e-09,-2.5638156138283827e-07,3.1548905916396e-07,-5.153371019346301e-10,1.9060902976186046e-09,-3.0299415088409e-07,-3.217470646628955e-08,-4.540130453653576e-10,1.7584607648133466e-09,-7.44328992633642e-08,2.3722393945723802e-07,-6.217767808522955e-10,1.0826560540338435e-09,-4.3162361399343124e-07,-5.405339681987363e-09,-3.4296601334108906e-10,1.3689940837162156e-09,-3.729941866876523e-08,1.6574803921881796e-07,-3.329601209309958e-10,9.187603031254307e-10,-7.46705313360167e-08,-9.083606406265642e-09,-3.025957404070652e-10,9.53208114825279e-10,3.909850824242947e-08,4.6677554936773295e-08,-2.2726400898792183e-10,8.434850297633477e-10,-3.077313243763017e-08,3.698878886949867e-08,5mV,2,1
1500059,0.0050431,-0.0010113118524334196,0.00017570940599878347,-0.004357658234205351,0.002538350930870902,-5.328809736030411e-07,2.1621999543469903e-06,6.391582389319028e-06,1.0390050266059832e-05,1.1306129198173917e-07,5.070079364794254e-07,-2.9433319766890043e-06,3.1466251762801366e-06,-7.033050878687589e-09,-4.665120416063064e-08,2.403058201688658e-06,-7.622126070133262e-07,-2.3388617447916838e-08,2.2480968554459717e-07,-2.0738116066986716e-06,2.4583009189688566e-06,-4.7386915620824866e-08,-1.193242693252299e-07,-1.9125028722404906e-06,-3.345498958488853e-06,-1.7440623029814355e-07,2.832127281949618e-08,-9.241232661189925e-08,2.2351203411568527e-06,1.6592492639954914e-07,-1.1651672394761562e-07,2.9764776070571235e-06,-4.933174653121774e-06,-2.4756515516122217e-07,9.335446905802613e-08,-2.609277055586949e-07,-1.2473805561868941e-06,1.4226877952038777e-07,5.554527059419923e-07,2.0859650045003154e-06,4.2437455414648894e-06,5mV,1,73
1191504,0.0063568,-0.000644717865998982,0.001191200922421623,-0.0014007409684828002,0.0062005652263619005,2.8173785812901507e-06,5.460645375965261e-07,1.7740646227363118e-05,-4.873512518459158e-06,-3.9473705729653127e-07,-6.009155840112085e-07,-2.165514517383802e-06,-1.4915533665653738e-06,1.142201737048432e-07,2.1256392191966086e-08,2.9797921700939355e-06,9.81916871112322e-07,1.413452317728974e-07,4.1978996103940524e-07,2.592967195737143e-07,3.0405591591021546e-06,1.9541216305850468e-07,2.1237808541873025e-07,-1.1293014577091598e-07,1.777710642076805e-06,-2.6814593996939487e-07,2.38868404665235e-07,-5.304405713244711e-06,7.675413195221743e-07,1.0244483496317818e-07,-1.85263854923263e-07,-4.3676947310808173e-07,1.9148981964617598e-07,-5.459232267257234e-08,7.244504532475352e-08,2.319954372375363e-07,1.2385417214220622e-06,-1.3298612476492678e-07,3.6244514788126006e-07,-1.2540096822605178e-06,2.6096659643166022e-06,5mV,1,72
946464.9,0.0062726,0.0013561081674834362,0.00022117084775735043,0.006261805093030039,-0.0003671574621506956,-2.2550077193777243e-06,6.84827724763747e-07,-9.783485230323249e-06,8.03560565557775e-06,-3.000583319169511e-07,-3.436135684730476e-07,5.683187347965506e-07,-1.0507164826693854e-06,-1.0084156977372879e-07,-6.163565864036314e-08,2.489825728011975e-07,-1.5507956565766591e-07,9.089521796432005e-08,-1.107216524194882e-07,1.278734112806444e-07,2.3507853328894423e-07,-3.0590389528867264e-07,-1.7006139058405591e-07,-1.7987028746432803e-06,-2.0572387915146117e-06,1.2720199129482085e-07,-9.464198897258882e-08,1.1291611412072682e-06,-1.2948892930478653e-06,-1.7587126716041444e-08,-6.24096422550891e-08,3.0902776046543337e-06,-1.4407300666675907e-06,-2.7807438208986137e-07,-8.942636935455685e-08,-1.0849669673831089e-06,-1.6176017794379494e-07,-2.1813393461758878e-07,-2.3100438288952955e-07,-2.1235300522508508e-06,-3.83605428793702e-06,5mV,1,71
751816.4,0.0062243,-0.001036858294612475,-0.0009230616115783015,-0.0053297157165938065,-0.003214893021440661,-1.0518213370149896e-06,-9.553094373051832e-07,-6.367275593715739e-06,-3.928862052967755e-06,1.2922122309684668e-07,1.4409908122931533e-07,2.515753344940264e-06,3.404056238805864e-06,1.190293837003882e-07,-3.0605017800403063e-07,-2.581391636758251e-07,-2.0638679175882354e-06,-6.140028047057567e-08,1.2855510641188204e-07,-1.2711448683064903e-07,9.510926502097511e-07,-1.1887890253851695e-07,8.444997279943504e-09,-2.980943428322055e-07,-1.1567824998473676e-06,1.757111737657364e-07,-1.0179530214194106e-07,6.737154312119658e-07,-8.495687997319815e-07,-1.9749779660670129e-07,9.783180290523862e-08,1.4882388035285617e-06,6.620609856327968e-07,1.9090137422170728e-07,2.922420398489758e-08,2.027407724183304e-06,-1.8119611267905282e-06,-6.208584259202294e-09,1.185380549728981e-08,-1.7235727791422098e-06,6.897224504856417e-07,5mV,1,70
597246.1,0.0063131,0.0014237175194539806,-4.87682708149597e-06,0.006230956454846429,-0.0010152009397299455,-1.069499006544653e-06,8.042410453492326e-07,-5.83142123609781e-06,4.279100880524217e-06,-6.82258606953914e-07,-1.035651351725337e-07,-4.036032924491341e-06,3.3178775998487535e-06,-1.570216786263686e-08,2.3978024095666196e-08,2.5444795579259673e-06,1.699265983538922e-06,-2.4126008286716397e-07,1.0705978946767909e-07,-1.0263520136692574e-06,-2.326823251841983e-06,-1.7189909481709898e-07,3.953711332054734e-08,-7.517557130593574e-07,1.8926154940196185e-06,-1.807910730759544e-07,1.0267827963786084e-07,1.1733553150314275e-06,2.394219366923826e-06,-1.5395283519601897e-07,-9.24727842416907e-08,-1.840374665996426e-07,4.426267479358667e-08,-9.342168839641267e-08,1.6500270447727352e-07,7.198895040234474e-07,1.0226527403493063e-06,1.1918108020203963e-08,1.4220193583247872e-07,-1.482714531800542e-06,6.143756930473981e-07,5mV,1,69
474433.6,0.0063399,-0.001231930273017968,-0.0007377123514141235,-0.0058531879715605535,-0.0024361364359416953,-1.5666834620664446e-06,-9.381196714545383e-07,-6.7296678190738456e-06,-1.1766698780682394e-06,2.0903512762523631e-07,-5.236220732160107e-07,8.676507354667016e-07,-8.088007792335403e-07,2.1131300582956805e-07,-6.22225020260307e-09,1.3026232734670932e-06,2.942369648553983e-07,-2.449101901687358e-07,2.9880620048707814e-07,-1.4528834644692345e-06,1.585465985941712e-06,-2.5017935102835576e-07,7.254664773037527e-08,-1.986528113395957e-06,-7.069000629384851e-07,-9.492335118024032e-08,4.33687592396454e-08,-4.182978552456671e-06,1.3987456015346393e-06,2.7538605049613774e-07,5.137321905122058e-08,2.3577591735188946e-06,-5.467438020482034e-07,1.1651771831652668e-07,-4.983781401567818e-08,-1.1457339563913278e-06,1.0975312605158829e-07,-1.4117994556279506e-07,-2.5074150091939907e-07,1.9843184047047493e-06,-1.186613567178675e-06,5mV,1,68
376816.4,0.0063477,0.0008640601798143579,-0.0011522669601368842,0.0030769132864899083,-0.005552088645879174,3.7285961542835774e-07,1.646232974949931e-06,1.8406873397762317e-06,4.280205734869821e-06,-4.765342858607146e-07,-1.0628698804710293e-06,-2.3080407279667155e-06,-1.5092310360950375e-06,1.36986249923186e-07,2.2416467157763353e-07,-2.42941229239435e-07,-1.758928118201537e-06,-5.99812607917992e-08,-7.748368937370664e-07,-4.083541661352312e-06,-1.6793786053180507e-06,-1.5896522790572055e-07,8.861957156576645e-08,-1.0617650261254254e-06,-9.735141223577e-07,1.244713437796606e-07,4.2752659310906255e-08,-8.916281739895647e-07,-2.4406232494391933e-06,1.2723800954648752e-07,4.012490688095212e-08,4.0150638938661234e-07,-2.8289629791038083e-07,3.719168432152539e-08,1.7761152324017525e-07,6.109338507899726e-07,-6.530138858238186e-07,-1.309307642257997e-07,-7.68175505916551e-08,-2.956590228836252e-06,-9.196343533982381e-07,5mV,1,67
299355.5,0.0063718,0.0005761859606498583,-0.001324412106016749,0.0017247207228072922,-0.0061339679209719295,1.0915960934567328e-06,8.463776489255735e-07,4.52990281697632e-06,2.4781882971897287e-06,-6.872893402457527e-07,-2.6284484881918697e-06,-3.4151047822619038e-06,-7.209174605065973e-06,-6.44383316103133e-08,-1.1065734989657404e-07,-2.2377653624602285e-07,-1.7987028746432803e-06,1.5883529703467752e-08,-3.7767854814214404e-07,4.924523643595694e-07,4.0873235777773147e-07,-7.405925962076784e-08,-1.3344143524075022e-07,3.158132234289602e-07,-2.17324849780303e-06,1.0333875051711945e-07,-3.0148480936256043e-07,-7.012882867462934e-07,-8.629840516817396e-07,7.3642508561606025e-09,-8.582944974118234e-08,6.232583905297505e-07,-5.050677017631103e-07,-5.2780041138021585e-09,-7.429206347993006e-08,2.7327666257951064e-08,-1.9622213177926697e-06,1.6394668469374523e-07,-3.815315067015688e-08,1.7302019052158337e-06,1.3976407471890356e-06,5mV,1,66
237832,0.0064113,-0.0013564838179609417,-0.0005084385018861135,-0.006260219627044096,-0.0013834146426350386,-7.846083360550227e-07,-6.648953789710093e-07,-2.5080193645210357e-06,-1.8815669505635788e-06,3.128947506750473e-06,1.198766964980319e-06,1.206832401703228e-05,3.6471241948387397e-06,-4.651055620243525e-07,1.1163293628374236e-07,-2.7488776118627033e-06,-1.4197378341011152e-06,4.2128836450291335e-07,-6.543557314265546e-07,-6.620225367015697e-07,-4.1633276130657577e-07,1.0719942095987652e-07,-1.2728043595335875e-07,2.1644096630381978e-06,-8.498131935132291e-07,-2.7673529862298936e-07,-2.0407963491433334e-08,-1.770944514064326e-07,3.65264846656676e-06,7.202380855694854e-08,-1.2991208851915285e-07,7.26541832038329e-07,-4.385418804492996e-07,-6.2632480328053975e-09,-5.911209397519946e-08,4.1613841742718407e-07,-1.700370837884526e-06,-2.351209596958154e-08,8.487763981953143e-09,2.7024737293473363e-06,-9.483993467714723e-07,5mV,1,65
188847.7,0.0064951,-0.0011190727161775583,0.000941256352941708,-0.004278465589275494,0.004886823803614995,-9.586344964582783e-07,9.771404752908416e-07,-2.9212348897769244e-06,4.592879514675747e-06,2.3522349017908746e-06,-2.1876116042958815e-06,9.369164850721755e-06,-8.589137682725345e-06,-2.5759900038625926e-07,3.036977221313706e-07,-2.9389125593065885e-06,3.005203820042827e-06,-8.483935661645625e-07,-1.9058461248082262e-07,-2.8825649876807852e-06,4.574285920893578e-07,2.167868961994284e-07,-2.243491822533494e-07,2.0362465589481363e-06,-1.8771475331811631e-06,4.1798230884456257e-07,1.299127514317602e-07,1.6705397705532186e-06,4.4913246177908664e-07,-1.024718486519282e-07,-8.545162270061616e-09,2.050609665440988e-06,-3.3365308557655854e-07,-4.684413382646001e-09,1.2249155527777282e-07,-2.0605533545514237e-06,1.5688931707576525e-06,2.497303382223023e-07,2.2327106538290904e-07,-8.097217858160357e-07,-6.11690234074973e-07,5mV,1,64
150058.6,0.0063728,-0.0007057533346131827,-0.0012369463117470102,-0.004053987912461751,-0.0049171045466649636,-1.8360789923007174e-07,-6.018079748661528e-07,-1.4440446297044026e-06,-2.9355979962697764e-06,7.693227866690261e-07,8.918853840812213e-07,4.470240682313705e-06,2.8571533377318936e-06,4.4293422890024826e-07,-1.807508563777744e-08,3.9602189241503413e-07,-7.993586939960086e-07,-2.9808660885178625e-07,-2.7033863390368054e-07,-1.2650582257165578e-06,-5.993244832681043e-07,-8.167239107167355e-08,1.2862040330370724e-07,-1.3976407471890356e-06,2.881196073146582e-07,1.9458451666821276e-07,-3.2234280212604515e-08,1.8561553006146873e-06,-3.1336685493692387e-07,1.2725469284710617e-07,1.0906307822149787e-07,4.950094392570353e-07,4.017275812266022e-07,1.5486080449723634e-09,4.3124056099181034e-08,1.1086705125136968e-07,-5.50761936332296e-07,2.273084241326151e-07,-7.536220330199516e-08,2.1367883043980987e-06,4.5752891286393863e-07,5mV,1,63
119238.3,0.0063265,0.0007913950143583296,0.0011532237640001772,0.004530944694624226,0.004415263130076451,-5.347285110397601e-08,-2.737800342193678e-07,-1.5026019100214136e-06,-1.082757258691901e-06,-1.3922357997303409e-07,-5.463112515718994e-07,-1.7732912246943889e-06,-1.8583650093058952e-06,-1.261846414133887e-07,9.51511169035866e-08,-5.92702980689465e-07,-1.3557722917623726e-07,8.491285152752584e-08,2.5449049268490246e-07,-3.0277483729648766e-07,9.895332950291777e-07,-1.8416308853873776e-07,-6.061717075895503e-08,2.637142587037428e-07,-1.1877184215242792e-06,6.40703598705099e-08,-4.4670741697592046e-08,9.515151465115101e-07,3.468806227729985e-08,-4.645877167925679e-08,-6.84166469437903e-08,-4.516905310454635e-07,-4.0982826280313605e-07,2.6615620777839666e-08,-6.529820660186651e-08,7.938188438217156e-07,-2.8983356786099366e-07,-9.76708808698014e-08,6.233320843146022e-08,-7.124552705881818e-07,1.2241786149292104e-06,5mV,1,62
94746.09,0.0062959,0.0010745758122627034,0.0008506759742717112,0.005696107514682999,0.002681888083180043,1.205705450270712e-07,-3.355348734979913e-07,-3.077019352507086e-06,-2.155395156432415e-07,-3.9200000162616653e-07,-1.8593074500626953e-07,-2.04839995674978e-06,-2.092594130573939e-06,-1.8290046099258152e-09,-4.109633901578096e-08,2.3688077169749346e-06,-1.7788154964224089e-06,-1.7739861780777736e-07,-1.3151467974745144e-07,3.5640115266906803e-07,-2.2892582040914476e-06,-7.158328103226932e-08,-1.4607599710990452e-07,-2.038456267639344e-06,-1.083862113037505e-06,-2.0977350178440346e-07,1.9839935775271416e-08,-1.7346213225982493e-06,-1.416423271064303e-06,-1.4140699313081667e-08,-1.5375086782164256e-07,7.228760358050495e-07,-1.5876756946329202e-06,2.2364793120019456e-08,-6.365502302491046e-08,-9.769869005368024e-08,-1.5722077337944643e-06,-2.428177065235964e-07,1.8281549769340456e-07,-7.20612410221776e-07,4.264075966278348e-07,5mV,1,61
75292.97,0.0061852,-0.0013184094323570828,-9.32066174494974e-05,-0.006066882269961202,0.0012038702872026637,4.4234379473795756e-08,2.758362786419714e-08,-3.23448208898822e-07,7.519343680070415e-07,1.3930279802961388e-07,-2.0794574124047076e-07,2.8925086767912215e-06,-2.05944850020582e-06,2.231746115985378e-07,-2.0994961556709272e-08,1.0540310457061975e-06,-2.7851289877963157e-07,-2.0978499226959772e-07,2.8365002954495184e-08,1.2274931779660225e-06,-3.2663295155002547e-07,1.0768971112428175e-07,1.8360789923007174e-07,-8.397794587736265e-08,-5.864236515016593e-07,1.3342154786252932e-07,-5.539749632547468e-09,7.897414893446988e-07,1.7964931659520724e-06,-6.570204191372823e-08,2.1179792640185363e-07,8.847030574367535e-07,-5.499413610098159e-07,8.726229114782232e-08,2.1161783514352017e-07,7.789294952040527e-07,-6.438148685423199e-07,1.0100297794507807e-07,-2.6151416224534155e-08,-1.2200055800658642e-07,-1.4871339491829578e-06,5mV,1,60
59824.22,0.0061371,0.0008839409289091558,-0.0009166589806455266,0.0026656080543975688,-0.005527998401727625,2.2222145375458525e-07,3.638364909586792e-07,1.9843184047047493e-06,9.059887393174216e-07,1.6999576223592702e-07,-3.1577985682772297e-07,-3.173258795135266e-07,1.9147125809316985e-06,-1.0211299196047602e-07,1.6486062020842885e-07,-1.195452401943507e-06,1.4318912319027589e-06,-1.5351034103060458e-08,1.8473584503149884e-07,-4.2307635029040424e-07,2.3646125850246762e-07,-7.310488643703513e-08,-2.2775478528823912e-07,4.3131580157274593e-07,-2.7057882923841484e-06,-4.9082159934545794e-08,-5.165845929762515e-08,-2.046190248058572e-06,3.0029941113516193e-06,-9.709031305681687e-08,1.689693525488609e-07,-1.1247417238248522e-06,-8.785705633914786e-07,3.6236990730032444e-08,-1.1163359919634971e-07,-5.991354426895714e-07,-5.346559221092539e-08,1.0867576048210293e-07,-3.891973176076729e-08,3.547396727041488e-07,-6.560544449829207e-07,5mV,1,59
47519.53,0.0059104,0.0011511830980238467,-0.00026549870895732777,0.004876290122284007,-0.0033398973469566406,-2.624235678572082e-07,3.347875500186247e-07,3.2114845457844726e-07,9.790344166100759e-07,4.224768563224795e-07,-2.2257832170821536e-07,6.68505048603532e-07,-3.485815460380559e-06,-1.9158240644033758e-08,1.09608434326488e-07,1.0308279995941682e-06,1.0185060010193853e-06,-2.597932411166288e-07,-3.8184020300573055e-08,-1.2694776430989737e-06,8.068765649052364e-07,7.646962090968095e-08,-1.4668642913585073e-07,-7.648738696755826e-07,-2.209708691207961e-06,1.24855280664758e-07,8.592847783617883e-08,-4.189373449409026e-07,8.104676729847529e-07,-6.41039142969859e-08,-3.829977589036199e-08,-1.936809667843778e-06,-1.4573028818516505e-06,-1.113454531830162e-07,4.701969518197648e-08,-1.3689145342033319e-06,-4.2376577940206116e-07,1.577098923982453e-08,-3.739106633673308e-08,-1.0457328161726696e-06,5.275609894435234e-07,5mV,1,58
37792.97,0.0056252,-0.0009438527606538774,-0.0005072662514254276,-0.005616240908602323,-0.0003180378476538338,-2.2037700991003396e-07,-2.2101627863440044e-07,-5.256009778344219e-07,1.1810892954506552e-06,-8.049421859169529e-08,-4.594571046678867e-07,-5.036632109189784e-07,-3.3200873085399614e-06,-7.17749290670578e-08,-2.9720681333638184e-08,-1.9848940338188086e-07,3.851302382760701e-07,-1.2513436687245756e-07,2.361049429760103e-07,-4.7270905914536454e-07,2.40637276472547e-06,1.446099658787226e-07,-9.960358047947953e-08,2.1078378059802375e-07,3.0555431937372357e-07,4.077074948867492e-08,3.1141568216258726e-07,-1.7434601573630812e-06,7.714746009925244e-07,-2.731744635525423e-07,-1.8729932808416918e-08,-8.397266467359066e-07,1.244065993150082e-06,1.8421170212994432e-07,-4.987961065557238e-09,-1.7202582161053977e-06,-3.2654036475586383e-07,-2.061012973959195e-07,-7.347338850692442e-08,-1.819695107209756e-06,-3.5186351587167247e-07,5mV,1,57
29941.41,0.0053706,-0.0006833181622713483,0.000673629694514747,-0.0015117611525464706,0.005153477085363479,2.36764761991205e-07,4.1081412433571853e-07,3.77749700762001e-06,-2.517963053631472e-06,6.955580701682529e-07,-1.9573522246915928e-07,1.7987028746432803e-06,-1.2871553126286374e-06,-1.905534555882766e-08,9.690781321601e-08,1.3326521097262638e-07,1.8792500710008476e-07,6.698375029443304e-08,2.175873631728185e-07,1.704790255266942e-06,3.08364847858071e-06,2.097470957655435e-07,-3.9598532173619466e-08,-1.8318485050113996e-06,2.3837508719992282e-07,-4.7583712276863855e-08,1.1183910210463205e-07,-1.6915320031196944e-06,1.372229097240144e-06,-1.1144069162760725e-07,-3.7806834075527316e-08,2.323324178129455e-07,-3.467185406404985e-07,1.6754044442369128e-07,1.2070854133483713e-07,2.2864098895884807e-07,1.4981824926389976e-06,-1.7168265385079518e-07,-8.866556665217393e-08,-2.3677028626293305e-06,-5.110795457138452e-07,5mV,1,56
23847.66,0.0051071,-0.0001870231144977682,-0.0008215232875086046,-0.0036726562739113023,-0.003548857344486376,8.491623238182338e-07,-3.9830374809501005e-07,-9.092493854621681e-07,-3.1068504198383933e-06,5.083333197524119e-07,-2.5221902263577527e-07,3.4228387626811317e-06,-3.1565688653905724e-06,1.5474899323746122e-07,-1.68912784006366e-07,1.6108776358906037e-06,8.839982708496927e-07,-1.4175358593903263e-07,-2.925628895509392e-07,-6.630206621173884e-07,-1.6407087032219111e-06,-2.0005221985373771e-07,1.1575017600263557e-07,8.395053444104822e-07,3.66775845459724e-07,5.780874149786427e-09,6.919861865543497e-10,-1.5655786077208406e-06,-1.4550931731604424e-06,1.3880495066148472e-07,1.931149499031249e-07,8.198878821062416e-08,2.052819374132196e-06,-1.7460687184730522e-07,7.746965772351748e-08,-2.115796071831623e-06,-1.4086892906450754e-06,2.8055025019292535e-08,-5.6952534622738475e-08,2.322403834459567e-06,1.2153397801643787e-06,5mV,1,55
18925.78,0.0049766,0.0002441761249415165,0.0007017438181929859,0.0041426447397160514,0.002757751801966595,8.584648659519156e-07,-5.436712021130787e-07,-1.3225106516879646e-06,-4.262528065340157e-06,-3.3436317546447826e-07,4.555474670805325e-07,-1.3865922037329954e-06,3.2803125520982185e-06,5.29356598725999e-08,-2.6195831369227433e-07,-8.291642391919326e-07,-2.8030154747972987e-06,5.506254868206139e-07,-3.0121014257224325e-08,3.7576096293991384e-06,-7.09185675123236e-07,3.923870321034316e-08,-1.469007708788979e-07,7.88895170915966e-07,-2.6343329424365565e-07,8.011766213362654e-08,-8.781602204875213e-08,1.1181125977512282e-06,-1.083862113037505e-06,-1.0851772211650773e-07,1.3188900439974204e-08,-2.517903391496809e-08,4.606776372634754e-07,-2.2428123371109477e-07,-6.318458709309574e-08,-1.4075844362994714e-06,-1.189928130215487e-06,-8.102848195905554e-08,1.5081991021362434e-07,-2.225176652046417e-06,6.733309418996956e-07,5mV,1,54
15058.59,0.0049161,-0.0006523977085552752,-3.935491179041379e-05,-0.003908370319419837,0.0029820427583959314,-1.1799844411050513e-06,-7.44099293415191e-07,-3.857046520503496e-06,2.8659921724967257e-06,1.1105609182990252e-07,4.553870422295507e-07,3.1123746915664133e-06,4.669298975198138e-08,1.1825698002737645e-07,-5.776445893569247e-08,-3.6081051587693896e-07,1.5103358904406413e-06,-6.458560869458232e-07,8.216902310002254e-08,-2.782023242230823e-06,-1.069499006544653e-06,2.7278146686181093e-07,-1.0211910180500721e-07,2.859363046423102e-06,-1.2219689062380027e-06,1.5904875489424822e-07,-5.626376842368895e-08,1.4031650189170554e-06,-1.531328123007117e-06,1.6468627419269254e-07,9.987109886218062e-08,1.7401455943262696e-06,1.5490057925367806e-06,2.1778656841133088e-07,2.7331013966618244e-07,1.8605747179971034e-06,8.569670149155804e-07,-2.6941674343770854e-07,-4.2347188814613055e-08,-2.4130018907990937e-06,-2.3599688822101025e-06,5mV,1,53
11863.43,0.0048758,-0.00016665181007352202,0.0005397036701580149,0.00219071845471572,0.004355981065308725,3.428860218864674e-07,1.3335591951440046e-06,3.0759144981614817e-06,1.1888232758698831e-06,-6.369612360656692e-07,-4.7703809944231e-07,-1.9191319983141143e-06,1.6031447603257214e-07,-1.4457483151053238e-07,1.1286109237431573e-07,-1.708104818303754e-06,1.136895121626496e-06,-1.66435921534391e-07,5.276510350726901e-07,-8.331823734760252e-07,3.3841688605849926e-06,3.1753834300418624e-07,2.021206176741429e-07,6.86121067260711e-08,-4.455209138941763e-07,-8.490313985782796e-08,2.62697571734918e-07,-1.9866054532001492e-07,2.228491215083229e-06,1.1251936092522043e-07,8.845333518092688e-09,7.338449192627712e-07,-1.93459995915257e-06,5.9076716539053226e-08,4.800300450102056e-08,-1.4451494840500068e-06,-7.497453200920964e-07,-2.5246374787332656e-07,-1.1398903817574285e-08,-2.337871795298023e-06,-9.366369569227378e-07,5mV,1,52
9432.87,0.0058902,0.0005099886125329959,-0.0003006551742344464,0.0013932743628152083,-0.0057230880578026475,-1.2838407495918255e-06,1.413108708027491e-06,8.673106612991247e-06,9.840937656294655e-06,-2.9688154421703603e-07,1.8471916173088025e-07,-4.374846453259912e-07,2.295887330165072e-06,-1.5749444580085253e-08,1.6156848571483268e-08,1.4854810870819343e-07,-4.2144282314042876e-07,-1.365792215822655e-07,-7.775392569809793e-08,-5.988588976468668e-07,-2.925892955697991e-07,-7.289554968417354e-08,4.9286977833133864e-08,-5.761493899710188e-07,-6.119319762057912e-07,4.3264891882615166e-08,4.6429316262402985e-09,-4.0055466785330905e-07,5.823230950833847e-07,7.144950526810359e-09,-3.874127568686534e-08,-6.71936726200978e-07,3.0350161048502594e-07,3.7124807487985976e-08,1.51015027491058e-08,4.796262207468874e-07,5.230798107031882e-07,-4.976630784243069e-08,-9.157885763920597e-09,-3.8239450843092014e-07,-6.663853855414908e-07,5mV,1,51
7558.594,0.0047021,-0.0004096357971761318,-7.03350276411494e-06,-0.003261934404913442,0.0033866371051930718,-9.958390302358432e-07,-8.762925747017123e-07,-5.582829008336914e-06,5.49002124330618e-06,2.9131009520845884e-07,1.8503194599612072e-07,1.5523203555735927e-06,7.84694956635718e-07,-2.3135241200839478e-08,-2.7391659421648444e-09,6.381708306032365e-08,3.694428533645774e-07,-1.5702554561657821e-07,1.5740351628820933e-07,3.0426296561458165e-07,2.1776679151854457e-06,-4.656888146333968e-08,6.494654251220424e-08,-1.2308077410028343e-06,9.373158899181113e-07,5.1242349053983784e-08,3.506556891010582e-08,-3.7248937873714587e-07,-8.163766549959121e-08,-5.8474128978960816e-08,-1.3186480808957333e-08,-6.912197490948043e-07,-7.985046415868567e-07,4.80377300731029e-08,-5.6060221107598325e-08,9.08138012475925e-07,1.877881156466644e-09,2.9088505774170496e-08,2.071617365968302e-08,4.4991967050032946e-07,4.615084877313696e-07,5mV,1,50
5960.648,0.0047367,0.0001250142692050904,-0.0003312077114534333,-0.0021378489645698783,-0.00422678050298814,-4.6458495465670387e-07,1.0915960934567328e-06,6.2435319070080945e-06,2.0914892762283354e-06,4.3959480664066025e-07,5.5403595121462425e-08,2.6450213033759293e-06,-2.089279567537127e-06,8.855188818855475e-08,4.887055823027572e-08,5.874988957508011e-07,-4.716208881003792e-07,5.862396932531162e-08,-2.453817420034396e-07,1.535694507380944e-07,-8.15835828793739e-07,-2.1251088891107186e-08,-3.8941596828266796e-08,-1.5509238196807493e-08,-1.2661630800621616e-06,1.0701348502205483e-08,-9.402685026713035e-08,5.28505087481842e-07,-3.302317936099613e-07,8.814367765348445e-08,-7.465943859838684e-08,3.331926927707454e-07,-1.9596459023130664e-07,-9.860039483075803e-08,-8.325058711602118e-08,-3.4632686977498187e-07,-7.226137433834031e-07,-7.507794637595818e-08,-1.6720854617827188e-09,-5.5410356830057526e-08,-1.1490706165150519e-07,5mV,1,49
4746.094,0.0048319,6.459199475269991e-05,0.0003061474051864438,0.004145455489171268,0.002482365751470457,2.5603485808918774e-07,1.0366744468493663e-06,3.934386324695775e-06,-2.1997650020975252e-06,-2.4582777170275993e-07,5.087433312000655e-07,1.0235119855738824e-06,3.190819350104296e-06,8.743175370735106e-08,5.693266934160451e-08,-2.2774837713303462e-07,5.20960147641147e-07,2.519622544858569e-07,-4.14775469106447e-07,-5.180380288678936e-07,-3.4869203147261624e-06,-1.4688950136457273e-08,8.902087676117672e-08,-2.520399257463529e-07,1.077232986963881e-06,-2.0926151228065057e-08,-1.4707445398202684e-08,5.382263694125078e-07,-5.119979006459112e-07,4.504308866060405e-08,7.22115896015274e-08,-6.306593678492133e-08,1.6937417118109023e-06,2.5965402946908267e-08,1.3112532907606057e-07,1.5280135599703052e-06,1.0639747348166333e-06,7.385955719779993e-09,-8.244573387087905e-08,-1.3943261841522235e-06,-1.8107402627386355e-07,5mV,1,48
3761.574,0.0048694,-0.00023092008250295994,0.00014770466290075937,-0.0009442140480248898,0.004776976974866356,-4.989469191738988e-07,-6.883650264366327e-07,-1.2274931779660225e-06,1.8020174376800924e-06,5.089114900314665e-07,-3.006768293796202e-07,1.6141921989274155e-06,-4.144308650360531e-06,5.2449789125577093e-08,-7.302835317651514e-09,2.5834875454518615e-07,-5.321072441048147e-07,3.937884293553957e-07,-4.3972451654083413e-07,1.196557256289111e-06,-4.419417382415922e-06,-3.2704384688115553e-08,7.956314678611136e-08,2.609393065293238e-07,-5.751056340707267e-07,5.2766517720831384e-08,-8.897498111166034e-08,-2.5189452691447135e-07,-7.03292492529219e-07,3.599614353123423e-08,-6.855238934869121e-08,-2.537943239617374e-07,-8.686691902024795e-07,7.286692290807894e-08,-1.0365324730659563e-09,5.756064645455889e-07,-1.250695119223706e-06,4.689460357296719e-08,-7.548053320240935e-08,-2.4938639706451574e-07,-9.411290737210944e-07,5mV,1,47
2993.223,0.0049115,9.448714363605242e-06,0.00024305248807203727,0.0035958501143679503,0.0033455066924692723,-5.081846063574936e-07,4.48683007031295e-07,2.195037330352686e-07,-4.4640844339e-07,-3.873419357051002e-07,4.47123726093344e-08,-2.2428543215760806e-06,3.646019340493136e-06,-5.021483451257208e-09,-2.6669769689317717e-09,7.988421745894387e-07,5.0147140086816924e-08,5.744461465118357e-07,2.951278089142588e-07,5.516537747600675e-06,-1.3512368646736681e-06,-1.0820180006492573e-07,5.065701931876971e-08,-5.707086452315266e-07,2.505123541281208e-07,3.955061464065062e-08,-5.677077503434315e-08,7.260865215625055e-07,-7.55119110658245e-07,9.546081862520284e-09,4.6112267259388466e-08,3.70956724788924e-07,5.25377023858568e-07,-1.9681135060177756e-08,-3.3223865104331636e-08,5.829675566231755e-07,-3.5146742558877344e-07,8.244451853109889e-08,-5.393023870596915e-08,1.4550931731604424e-06,-1.6837007955180532e-07,5mV,1,46
2372.685,0.0049145,0.0001445525134527512,0.000159930981089213,0.004898103261629266,0.0004016565390921799,2.7059241894686576e-07,4.3879456063813927e-07,2.9389092447435514e-07,-1.4230523971379268e-06,1.0436418793236142e-07,2.7336692917954647e-07,3.1510445936625524e-06,-4.042410143774167e-07,4.407167862286211e-08,1.2244647722047219e-08,7.593266169771742e-07,-4.496110846816022e-08,-4.653200142528342e-07,-3.4774185673539684e-07,-5.195025133029916e-06,1.71252423568617e-06,1.1373823623929073e-07,1.4497224761864616e-07,-8.557015147481256e-07,-2.202137124377537e-07,1.307481318024714e-07,3.9585417552537145e-08,4.930495381333683e-07,1.894344591070489e-07,-1.927359848625827e-08,9.31134229854457e-08,-5.967005646827293e-07,1.2882601669742414e-06,-1.325687107931576e-07,-1.315883735323032e-08,-1.4454533189950477e-07,-8.019967547170071e-08,4.5459430923657995e-09,7.046731185194857e-08,-1.6201550978306405e-07,-3.312530104816031e-08,5mV,1,45
1886.433,0.00497,0.00015799969569309726,-0.00011479105194521677,0.0010717219734880084,-0.004853037357726425,2.520894232210359e-08,-4.7030821065236704e-07,-6.391484057282269e-07,7.71950461759176e-08,-2.0464200577624575e-07,-1.2412309368992623e-07,-6.850414035941868e-07,3.939910596423794e-06,3.222093357210962e-08,4.709883589875209e-08,5.614812331933458e-07,6.137158740322034e-07,-4.592799965162864e-07,6.897948184452788e-08,-2.9367028506153806e-06,3.964217392027082e-06,8.466171813477004e-08,2.7033852341824598e-08,-3.0892423561325027e-07,5.126498751952522e-07,-9.73897175359321e-08,3.3032217069543166e-08,-2.2215847705688584e-07,1.0551359000518014e-06,4.0267676159491066e-08,-9.341019791121839e-08,-2.851240157274221e-07,-1.7557671299187643e-07,-7.308221482586333e-08,6.441468772731739e-08,-1.8970349114020346e-06,1.0993300738759607e-06,5.8830079903484054e-08,-7.381117562600593e-08,-4.991357387815624e-07,-4.4588363757583807e-07,5mV,1,44
1506.696,0.0049746,0.00012942705746143269,-0.00012046558386423881,0.0006156414141857221,-0.004936383150141407,8.326520433901353e-08,-3.8703843221636274e-07,2.9504848037224443e-07,1.6097727815449997e-06,-2.8850288128714824e-07,-2.053136467329384e-08,-1.4142135623730952e-06,2.832846542128606e-06,3.5603202083220176e-08,2.1644671154641692e-09,-6.856606744548979e-07,-5.824724713909104e-07,-3.594181784306088e-07,1.871140440104114e-07,-1.7942834572608643e-06,4.6812678623240656e-06,-8.916397749601935e-09,-4.5014970117508424e-08,4.317653668059722e-07,1.119988640430064e-07,-1.1090837280389527e-07,8.30584418967772e-08,-5.836145593279612e-07,-2.4188520945590663e-07,-1.0183886654878822e-08,-4.7981150482064515e-08,-2.9114867598856603e-07,-7.877480006489254e-07,-1.2051154580501596e-07,5.11863992299224e-08,-1.082534078114089e-07,-2.1460580323577158e-07,-1.0657175320613891e-07,-2.4519767326946193e-08,2.2382282964310367e-07,4.1326756389556666e-07,5mV,1,43
1185.994,0.0049838,0.00010974076273146097,0.00011716759364261092,0.004930558358031383,0.0007262174468024596,-1.105852029078061e-07,2.881614812943566e-07,-9.667460056073992e-07,-9.448880091757083e-07,5.986886395922091e-08,7.252377724542126e-08,3.8051183662601095e-06,9.798664824177502e-07,-1.0036671442453165e-07,-2.9567946268901888e-08,2.061604071034093e-07,1.0123912951290746e-06,-1.7941552941567746e-07,-3.082561301904636e-07,-4.543161069123569e-06,-2.2318057781200406e-06,5.020935443501789e-08,1.0414840987866496e-07,-4.321184782548272e-08,4.0496977630377713e-07,8.756937436463949e-08,1.0881499422673594e-07,2.580939751330899e-06,2.8280890393164356e-07,2.8780527625333385e-08,-4.3282757377383595e-08,-7.999451506826552e-07,-9.260783058835387e-08,8.599600653378216e-08,-1.333066430105865e-07,-2.458892016043755e-07,-7.757687278921489e-07,1.5565674156780942e-08,9.797987548463646e-08,1.8252492100051071e-07,3.9616342425670604e-07,5mV,1,42
948.6607,0.0049714,0.00010859502877506965,9.87043726732228e-05,0.004952788027464935,0.00042970658121837375,-1.2823536156426423e-07,2.7179991426117635e-07,-1.589885403324128e-06,-1.4241572514835308e-06,8.796248154080539e-08,1.859931692767962e-07,4.644807668919134e-06,-6.99335788146742e-07,-6.657184954584842e-08,5.345774774507161e-08,-1.7103145269949619e-06,-5.356334972342444e-08,-2.452853987045029e-07,-2.8058206999807875e-07,-5.283413480678235e-06,-1.2794213322094095e-06,-1.024643798365519e-07,2.038883846271093e-08,-9.98003771355185e-08,-9.447233858782133e-07,7.344540254635028e-08,7.913435281458245e-08,1.0184905330585468e-06,-4.194106645425594e-07,-3.0533246462112634e-08,-1.23143971768852e-07,-1.3279962535138885e-07,-2.996480994984284e-07,-5.420372330213651e-09,-6.781997035444687e-08,-1.0487669671765673e-06,4.308785002227559e-07,5.981396374678785e-08,-8.539230307080068e-08,2.4118970364534896e-06,9.28907948348065e-08,5mV,1,41
752.3148,0.0049938,0.0001342851020190534,-1.4368630764579767e-05,0.0036843334794899904,-0.003371063078337438,1.7495147591769912e-07,5.965567126469316e-08,-1.034617870970459e-06,1.4937630752565817e-06,9.580215232673373e-08,-9.645556318672393e-08,-3.001889257006015e-06,-5.639894735287359e-07,-2.16685470570502e-08,8.182768939849164e-10,2.0992232566475633e-06,7.154044582929027e-07,3.44097273705553e-07,-9.279046301168221e-08,4.175244572037443e-06,-4.218333891515998e-06,2.0958633945825813e-08,4.766456551787515e-08,1.798868602795121e-07,1.7246776334878137e-06,5.160044339593749e-08,4.5083935125761024e-08,4.908233671124109e-07,1.2672679344077658e-06,4.9699972387520623e-08,-1.3612247479579283e-07,-3.7541359673365586e-07,-3.0067572452527463e-07,-1.7899623719152072e-07,8.72607664488254e-08,-6.60804545270976e-07,1.2407514301132702e-06,-5.1546548600958924e-08,-1.3464031269116508e-07,-1.2153397801643787e-06,-7.829003417221534e-07,5mV,1,40
599.564,0.0049865,7.767126049595983e-06,-0.00012405194107006933,-0.0026470796470217895,-0.004225936394268099,-7.54331459995264e-08,-1.5079549293258648e-07,-6.759368513592373e-07,-2.5853591687133144e-06,1.5428152936383616e-07,-1.9855702046783185e-08,4.879036790187178e-06,-1.8771475331811631e-06,-1.1298516751732707e-08,-9.852926430798805e-08,1.01479137022403e-06,1.7942834572608643e-06,1.0138185459727259e-07,-1.3787864077813034e-07,-1.6617009357883867e-06,-3.5101222559838466e-06,7.441729872000427e-08,1.022565788312307e-08,3.832420421994329e-08,-9.581771972446328e-07,-8.235794214457736e-08,5.433876964879968e-09,-2.433994123365569e-06,9.087991573163344e-07,6.875085433479205e-09,-1.4666013360242534e-07,-7.944080626442264e-07,-1.5037067643670175e-06,-1.9551436208547305e-08,-4.868342904976077e-08,-1.1150565706312876e-07,9.461381518677593e-07,-8.72001209937952e-08,-1.2016859901614045e-07,-1.8020174376800924e-06,-4.8572811032678905e-08,5mV,1,39
474.0168,0.0050118,8.764478067372697e-05,7.403297513588594e-05,0.004992272207213784,0.0004420179731914389,-1.610920725210082e-07,1.5566414409192497e-07,-1.252904827914914e-06,6.907978052202182e-07,2.9455958232431468e-08,7.004383222982202e-08,4.434885343254378e-06,-1.7235727791422098e-06,2.540110963843449e-08,2.324825675185131e-08,1.075023278272673e-06,1.6205859910254259e-07,-1.5476225148960845e-07,-1.0024684877657707e-07,-4.890085333643218e-06,1.6926368574652984e-06,5.5390093801359146e-08,-8.40649200114486e-09,1.6108776358906037e-06,-1.0547259990895824e-07,3.388931887668891e-08,2.634542864762221e-08,6.279376696542524e-07,-6.249344545720317e-07,-4.7304924379837606e-08,-1.1570752862489527e-09,5.593821204221328e-07,-3.679387046584722e-07,-8.497330915731727e-09,-3.5162851335236253e-09,-4.5656183385523147e-07,1.086071821728713e-06,5.491266414153675e-08,1.2329865137723655e-08,-8.408200105963163e-07,5.209498724957329e-07,5mV,1,38
377.1552,0.0049763,9.365297860512141e-05,4.746896210452942e-05,0.00492755315421134,-0.0006947401464962022,-6.747485805105401e-08,1.673529506412423e-07,6.838058449794978e-08,2.970447312038817e-07,7.067681433296199e-08,2.8594912095271917e-08,2.5853591687133144e-06,-3.3156678911575456e-06,-4.280522828067009e-08,-4.080260243945868e-08,5.3694529079878e-07,-6.750597074942622e-08,-1.2757167555885994e-07,1.2768127710994383e-07,5.878899037037103e-07,3.942120305115003e-06,-9.277825437116328e-09,1.51220861855644e-08,-6.775188922967075e-07,-4.952873101249547e-07,-8.587768768191141e-09,-7.031041148632935e-08,-1.4374155036307787e-06,-8.208603749012422e-07,3.987779515801433e-08,1.3894670347402573e-08,4.798937059839581e-07,7.296956387678555e-07,4.311762584688962e-08,3.1648276516239624e-08,2.2295960694288327e-06,-1.2772116235182016e-06,-4.646936723243113e-08,-2.2586901989116223e-08,-6.984122403992516e-07,-3.254650100212875e-08,5mV,1,37
298.2954,0.0050016,-8.778620202996427e-05,4.104312923049667e-05,-0.002506777508236577,0.00432802162123887,2.037667401636583e-07,1.1069690368214666e-07,1.1888232758698831e-06,-5.6935166312425575e-08,-2.7839943023833805e-08,3.0820232378383265e-08,1.3600756994385002e-06,-2.0704970436618596e-06,-2.7952571875824677e-09,2.544078495798513e-08,-1.6020388011257718e-06,-4.6136971802556175e-07,8.322900931065153e-08,1.4014547043900603e-07,3.7973843858408812e-06,-8.071042753858652e-07,-3.3205778638694096e-09,-2.0721488009085375e-08,1.2639533713709539e-06,-1.1877184215242792e-06,5.995978242332067e-08,-2.3518526221872955e-09,1.477190260072522e-06,7.668654801189683e-07,7.211247311818326e-08,8.17617737882329e-09,3.5166022267208133e-07,-3.250679253694774e-07,1.046524665282164e-08,1.19339074373461e-08,6.157301339896741e-07,-2.961686921932523e-07,-7.083695192181383e-09,-1.778861900304924e-09,7.132499923189748e-07,-4.3793730415138515e-07,5mV,1,36
236.7424,0.0049956,5.789105314661177e-05,6.759277915536032e-05,0.0048372788201950755,0.0012475252921061682,-1.7759196731825808e-07,-1.870296331384073e-08,-1.1821941497962592e-06,1.3543890141216765e-07,4.028673489695273e-08,5.7798698371862735e-09,4.008411565851241e-06,-4.93851883359146e-07,2.437024738835561e-09,-7.386166746960003e-08,-4.799710457881503e-07,-1.7257824878334177e-06,-1.2887728193906015e-07,-7.260671866114575e-08,-4.950852322651437e-06,-5.2446905455735065e-08,-1.6897211468472493e-08,8.441782153797796e-09,-1.4554290488815062e-07,-1.1490485194281396e-06,2.1522993545560327e-08,-1.6673434269313863e-09,4.627419471228019e-07,-9.328952571959154e-07,-6.04951064508527e-08,-2.7862095353463165e-08,-8.300671261631601e-07,2.0107730371558909e-07,-2.7798146383939606e-08,-1.6942974535467412e-08,-3.375092482135856e-07,-2.4060026385196927e-07,1.663420089150147e-08,-2.2499275990966374e-08,1.3468174472912523e-06,-2.7739644346339875e-07,5mV,1,35
189.0121,0.0049847,4.7327540748292114e-05,6.65022879162492e-05,0.004703834512333027,0.001649600570995332,-1.0504203817047635e-07,-4.7426635134549335e-08,-6.967505394634633e-07,1.1015397825671687e-06,3.9826187411531165e-09,-6.659778047733975e-08,3.851522248775476e-06,-2.7087791330976985e-07,4.506190433010968e-10,-2.627883907621266e-08,1.6164019076186237e-06,-2.537505717296515e-07,-7.144726241378202e-08,-6.353323493039453e-08,-3.89682127694524e-06,5.911877834399037e-07,-3.264877736890131e-09,2.4088321704987845e-08,1.0181207383090733e-06,7.982794722712226e-07,1.5371142452150454e-08,2.8328995751371952e-09,1.2716873517901818e-06,-5.747191560206344e-07,1.2797969826869149e-08,-1.4680188641496634e-08,-8.592540634109805e-07,3.332029679161595e-07,-4.063245487023567e-08,-1.9931749171391107e-08,-3.6837854717345714e-07,-5.593873132375571e-07,-6.4338331243492695e-09,-2.045414640307958e-08,3.7447513345249985e-07,-4.5973110854559647e-07,5mV,1,34
149.6011,0.0049918,-3.6824795338980674e-05,6.518530153628924e-05,0.0005319288101279996,0.004963357064134983,1.0209863990252662e-07,-8.122046145014769e-08,1.7283833149629694e-07,-2.6889072228376653e-08,-9.354995093739386e-08,2.3069049376994342e-08,-5.09890280496237e-06,2.2678560705627531e-07,8.974195994983516e-10,8.903172643085055e-09,7.484087777902192e-07,3.9699173355960536e-08,-1.0103689697348811e-07,4.596967475754482e-08,-1.7235727791422098e-06,3.817271764061753e-06,3.958642296999165e-09,1.4754467999151589e-08,-4.343564712172826e-09,1.2330174496940422e-06,4.070343071339727e-08,3.182666629888084e-08,1.0706038608902572e-06,-7.274949898822815e-07,3.575300928394062e-08,-2.85291180189912e-08,-2.845934646706631e-07,-1.7201256335839253e-07,-7.354645252479921e-09,-2.1769188239391266e-08,7.71241476725602e-07,-6.306709688198421e-07,-6.919108354879795e-08,5.939618517308461e-08,-7.716258555524376e-07,1.804219412390881e-07,5mV,1,33
119.1737,0.0049399,-1.384161524172667e-05,-6.643710150985856e-05,-0.003656486730563388,-0.003321552345402233,-7.428590944122506e-08,-1.68719765952189e-07,-1.0882815304199208e-06,-8.188783766906632e-07,-9.929725961216083e-08,-4.3023348625579226e-08,-4.145413504706135e-06,-2.1224251979052466e-06,1.919582778887121e-09,-2.3692651266740145e-08,1.7053725135070753e-07,1.186613567178675e-06,-2.1931977478672553e-08,1.0189884909121106e-07,2.5555281013820073e-06,2.3621785909013105e-06,4.377662726986857e-08,4.8342526241424665e-08,1.4517786101236305e-06,3.177631808635167e-07,5.080989801457093e-09,-6.606060029450709e-08,-1.081652404346297e-06,-1.6837980227004663e-06,-5.518827005804766e-08,2.322069063592849e-09,-1.4263669601747389e-06,-5.617745720221037e-07,5.61863954738663e-09,6.806292782504518e-08,2.3044433222174288e-07,1.5876756946329202e-06,1.4249129718559242e-08,-4.894055075306973e-08,-2.2530775388359541e-07,3.993352401120659e-07,5mV,1,32
94.69697,0.0050325,1.484371813318948e-05,-2.489347326080329e-05,2.2690592569451156e-07,-0.0025162560536675133,5.909068189798166e-08,3.6216120031443984e-08,1.5123246282627285e-07,-4.933174653121773e-07,-2.4015776968655486e-08,-2.1954174002475737e-08,-4.401187285713457e-07,6.601656080029132e-07,-2.693320011094008e-08,3.991371397278991e-08,-8.291204869598466e-07,1.930699823312588e-07,9.940388910505506e-09,4.197717309427028e-08,3.319102883318028e-07,6.707073547706244e-07,-1.5759045764348552e-08,3.704540160616742e-08,-4.310387041028685e-07,-9.997433645223386e-08,2.1173771184001822e-08,1.5034283410719253e-08,-1.5023433741045422e-07,8.839159592009453e-08,5.7304706945399745e-09,7.152547505290732e-09,-1.8215866178494302e-07,-5.51239454380466e-07,8.421523544516802e-09,5.126529687874198e-09,-3.096818342380309e-07,-6.203891942796514e-07,-1.191329085525713e-08,2.4806333398565498e-08,-5.222034402362551e-07,3.7749326406838627e-07,5mV,1,31
75,0.0050057,1.2253939547093749e-05,-2.2270549044339438e-05,1.6618114212229473e-05,-0.002502776830651145,5.458666581832284e-08,3.0193956741121104e-08,2.0840944860932078e-07,-6.91092138417887e-07,1.4740856193613749e-08,-2.5480161966862456e-08,1.9573113450808054e-07,8.079743481830284e-08,1.0936847101116626e-08,-4.022924932535095e-09,2.450126101665733e-07,-5.227608392536124e-07,-6.5404681415152376e-09,-1.7117574667703209e-09,1.0661844435078412e-06,6.96340417530375e-07,-1.3898283221112697e-08,-2.025983566931821e-08,-9.16063464153246e-07,1.0745015660506788e-07,-1.1584662978700681e-08,-1.0453430235595406e-08,-1.2053960910539427e-06,-2.129709502605814e-07,3.80952121082734e-09,2.4127433548822224e-08,1.8452625416213777e-07,3.043841681362944e-07,-1.5687318620231944e-08,1.8382411922550647e-08,-2.419727139200785e-07,4.5376776770063354e-07,9.274457841070928e-09,-6.2093278261768855e-09,-4.01682392683867e-07,1.846818176539988e-07,5mV,1,30
54.50581,0.0049983,2.9713952770673455e-05,-3.9260999171037446e-05,7.177133829043458e-05,-0.004997790954670077,1.287730941742697e-07,2.7661254930519274e-08,4.35433593718812e-07,-3.966659120130867e-07,2.2866573769618962e-08,-5.5130574564120226e-08,2.9374895069094505e-07,4.2876833890808687e-07,-1.0544712196774861e-08,9.537183365620789e-09,4.845995016127546e-07,-2.096201480012336e-07,-1.0046744399522037e-08,2.4229809352485887e-08,-5.156874512476212e-07,2.3212989801139634e-06,-1.9280028738549686e-08,1.8707183857440936e-08,-7.193623780151596e-07,1.1589922085385757e-06,-1.1998983358302175e-08,5.539324263624412e-08,-3.7859922326833586e-07,2.5279067427419078e-06,4.665360169456059e-10,1.3953470695675615e-10,3.2962567051596296e-07,-2.811240010545975e-07,1.1863207807770902e-08,-7.254682450707055e-10,1.356147942239878e-07,-1.0303240755271383e-07,-8.153468202603747e-09,5.424947532058797e-08,8.736430234955194e-07,4.4211210678168435e-07,5mV,1,29
45.95588,0.0049966,2.6865638267706392e-05,-3.803792541045385e-05,-0.0002595203420932646,-0.004989879092701206,1.179466264416963e-07,4.2587583023129565e-08,8.299333283019075e-08,4.6175376539609364e-07,1.2187858208683174e-08,-5.8304478594193325e-08,-3.162769307978102e-07,2.6104636691541284e-08,-7.1148863352121296e-09,1.3586548567500535e-08,-5.315889569312918e-07,2.621631536879493e-07,-7.566992733433279e-09,2.596288387900029e-08,-4.960770600111924e-07,7.936141143114753e-07,-8.17340529927017e-09,7.1934447937476096e-09,-1.46938446412083e-07,2.234623156701331e-07,-8.677562490567068e-09,5.148167155378507e-08,1.081652404346297e-06,2.557737810073215e-06,-6.502243495720376e-10,9.365568549826815e-09,-3.61377748097972e-07,-9.377829118499982e-09,-3.388787151749617e-10,9.718485544317021e-09,2.583398052249868e-07,6.953914581329358e-08,-2.1809062432724107e-09,4.5677076181198514e-09,5.910051510165754e-08,-7.337608398470709e-07,5mV,1,28
37.5,0.0049991,2.5456948977061315e-05,-3.4334453643989297e-05,-0.0001871291805149462,-0.004995625440152693,1.1322702013357977e-07,4.6925075455818954e-08,5.526340015354873e-07,4.401251367265502e-08,9.971377865191007e-09,-5.5062515536431024e-08,3.824837806620449e-07,4.2822718124961003e-07,-4.340510894761577e-09,1.6126111523588563e-08,-2.6661405941921496e-07,2.1709194648424965e-07,3.4714667169942e-09,-9.785119309900397e-10,-1.2926795843566572e-06,-9.464307172984751e-07,-9.661561238722812e-09,9.641624142056387e-09,-2.743050610043988e-07,8.973842441592923e-07,-1.0986086039882812e-08,2.3184749724065996e-08,-3.8116878301990707e-07,1.4838193861461461e-06,-1.8437963999047612e-09,6.603050406213284e-09,5.206147701727112e-07,3.739698835602552e-07,-1.157063132851151e-08,3.488517934109906e-08,1.9312787669896845e-07,9.460365052679635e-07,-6.033074831840066e-09,8.380344518201795e-09,-4.742325428025178e-07,5.411676021659401e-07,5mV,1,27
30.04808,0.0050011,2.3700230567550987e-05,-3.06983779926066e-05,-0.00012334483428888277,-0.004999598496379485,1.0750284710880975e-07,6.140442367437168e-08,1.2761067691725976e-06,2.7160910591569054e-07,1.6775478616673847e-08,-4.295675905416968e-08,-8.731503689428146e-09,1.2540096822605178e-06,-6.759809350476268e-09,1.7370928817693656e-08,-7.146360320955351e-07,4.902130455718993e-07,-1.812725685997686e-09,1.6182602726279297e-08,5.654636806820754e-07,-3.9944451020684616e-08,-1.1227717685266404e-08,6.365763048116608e-09,-9.841026044642303e-07,-5.023112006562628e-07,4.619899832551838e-09,-4.875658145598321e-09,-8.11213118211732e-07,-1.4208426884467191e-06,-7.1557637362907855e-09,5.8303738341781764e-09,2.806202979584366e-07,2.2780096819988538e-07,-8.664801422875342e-09,2.7021500070240748e-08,5.07670296659615e-07,5.603856596242449e-07,-6.924767418837978e-09,5.166855766634397e-09,-3.4671787772789104e-07,-7.057300221864904e-07,5mV,1,26
23.91582,0.0049979,2.1936883031967034e-05,-2.7344040199352915e-05,-7.643603333757459e-05,-0.004997293770214555,9.760383830811014e-08,6.43512469907928e-08,7.36022255721653e-07,1.1689358976490115e-06,1.975742525274171e-08,-4.37424872705894e-08,-8.758247793717836e-07,-3.9204629502324734e-08,-4.428878250177329e-09,1.1873250933772441e-08,6.209675855295752e-08,-4.4736126977764893e-07,1.3273189778000333e-09,7.58066751566882e-09,-6.553836879097046e-07,-2.2882737788695147e-07,-6.027307492156013e-09,2.533340416413588e-09,-2.013895355536568e-07,-2.005678553768311e-07,-8.60268098729376e-09,1.85565701130482e-08,7.378929950996297e-07,1.0112489862211546e-06,-6.353122409548553e-09,5.071674774469306e-09,-2.3520293988825924e-07,8.06393854041642e-08,-4.838619008516293e-09,1.453669015908959e-08,-1.546820390641176e-07,-3.2658312261903873e-07,-4.860745926495705e-09,2.889512311805943e-09,5.8558782918921e-07,3.650661938453364e-08,5mV,1,25
18.8253,0.0050005,2.0109453944338052e-05,-2.425265774035298e-05,-3.4355445876555775e-05,-0.005000419403158268,8.893232268537656e-08,6.337854427346651e-08,5.7592101657778245e-08,-5.220889773260506e-07,2.6328800589720874e-08,-4.319249077734774e-08,-2.389793320415336e-07,-2.9903081737553947e-07,-1.4872322812197166e-09,1.1856059400154843e-08,2.8702889510467793e-07,-2.627834189175714e-07,-8.272765955424683e-09,2.1349067374475347e-08,3.129733058190197e-07,9.2827840234194e-07,-7.947391874916038e-09,3.4652773229501263e-09,-5.60603536901198e-07,-5.396611332657091e-07,1.465888704971339e-09,5.9863173959341054e-09,-2.029278242590412e-07,-7.311362583490885e-07,-6.310576678408035e-09,3.6314209000246704e-09,-5.310982911164091e-07,-5.1736108461034205e-08,-2.8509860407747324e-09,1.0962078659807184e-08,-5.341992858082158e-09,4.2768668650374054e-07,-1.2305503099403086e-09,6.7412986207700195e-09,5.244371242667628e-07,1.1272298558111525e-07,5mV,1,24
15.02404,0.0049995,1.8487527764991405e-05,-2.165293546514681e-05,-2.3776465517397663e-06,-0.00499947917211016,8.090691483540873e-08,6.278138154821102e-08,1.0904912391111289e-06,1.1881946137472345e-07,2.6743684445038624e-08,-3.908322810682977e-08,6.483612336890456e-07,-4.177584653541432e-07,-4.326904613495465e-09,8.723433833287855e-09,-1.8154668296291297e-08,-1.309497677205441e-07,-6.471274428413097e-09,1.5815570112669652e-08,-2.060970989494062e-07,9.195377891284323e-08,-5.735355255601889e-09,4.0506932368031605e-09,-5.549534222632138e-07,5.446180622872613e-07,-2.854242046531227e-09,8.36198625839524e-09,1.4909479063839828e-07,-1.7113608240602488e-07,-3.666491186662832e-09,4.867045805974339e-09,-3.4758132139898054e-07,5.127716301441377e-07,-6.010726942991534e-09,9.704979804796357e-09,1.0870518275332636e-07,7.307179604938428e-07,-6.641798752967961e-09,3.005041406454023e-09,-4.039525369077795e-07,-1.957200859646245e-07,5mV,1,23
11.95791,0.0050004,1.6883279255174426e-05,-1.9311749106811977e-05,2.3039527668879807e-05,-0.005000397306071356,7.251111561462065e-08,6.099888688681775e-08,-1.1147383725797537e-07,-1.2098243472711236e-07,2.2553281271379493e-08,-3.21091223123345e-08,7.846551818792762e-08,2.2507927000492452e-07,-3.7181608049893476e-09,7.768380059278245e-09,-4.6510843464565107e-07,-3.955850330067824e-07,-1.7691557548787933e-10,9.795894954333072e-09,2.537502402733478e-07,1.9103738179165116e-08,-5.558902282628514e-09,3.773447716443371e-09,-5.252758192005107e-07,-5.0792430267366936e-08,3.5736812119234066e-10,4.159146844221993e-09,-1.70788716199767e-07,-7.739836147259564e-08,-2.108938240908459e-09,7.033320463147916e-09,-4.308966198340238e-08,5.764932206433707e-07,-1.726408940247375e-09,6.8071468349136705e-09,-2.85105454174416e-07,1.9539768946657727e-08,-2.519664529323702e-09,3.152353846062093e-09,2.7706454521797934e-08,-2.9331695264181385e-07,5mV,1,22
9.52744,0.0050001,1.5370733656042578e-05,-1.723130837403968e-05,4.2378898134331886e-05,-0.004999876919674576,6.626531875620405e-08,5.7264490247219754e-08,3.1385332230529333e-07,-3.5599821228922627e-07,2.4860614892565024e-08,-2.9682398130563004e-08,-6.039766934611389e-08,1.079983300886393e-07,-4.1669515353193396e-09,7.902554675862737e-09,-9.599312640037138e-07,7.907582867989581e-08,-3.979625690730875e-09,1.0406140259894865e-08,1.4477171655491902e-07,4.5722574083150485e-07,-3.933804066455642e-09,3.7989002460030495e-09,-6.528009803914207e-07,-1.8667022401978228e-07,-3.972269570497844e-09,5.769986915064846e-09,-2.661050530221952e-07,7.372451085113675e-09,-2.5139966265307535e-09,3.397539807875492e-09,-5.183546801233437e-07,-6.7009648080294e-09,-2.007045258593823e-09,2.917025394720173e-09,-2.636477464721374e-08,-2.2411263293795559e-07,-1.2209844810160693e-09,2.361096938496964e-09,6.370742626652246e-08,-1.3457236414891045e-07,5mV,1,21
7.524077,0.0049992,1.3922269608955758e-05,-1.5307756958343152e-05,5.957816573234905e-05,-0.004998801896396304,6.000773310191988e-08,5.523016613483297e-08,4.814598370188517e-07,1.0747994347822537e-08,2.3303466323501143e-08,-2.680368908454838e-08,4.151274757009564e-10,1.1734216062921635e-07,-2.4951257143078375e-09,7.100473510273726e-09,-4.921150523278565e-07,6.843086641921822e-08,-6.825607846174367e-10,5.827675779866212e-09,2.1695538648713304e-07,3.0020229443818334e-07,-4.354317154664245e-09,3.090193635724068e-09,-3.111755973132875e-07,2.4513657482415003e-07,-3.374699153988821e-09,5.864886169371808e-09,-1.9467489375368316e-07,1.6803652402486748e-09,-4.183149804880239e-09,3.3590986106288925e-09,1.2635324218652788e-07,-2.2813154062009008e-07,-2.7749786909232523e-09,4.082370515745972e-09,-9.142129436097939e-09,-2.2617915250597328e-07,-1.7270320780982958e-09,2.3968699124989296e-09,3.3372092363337864e-07,-8.81376561973009e-08,5mV,1,20
5.98659,0.0050004,1.2619646335488665e-05,-1.3657104566010803e-05,7.230829750239811e-05,-0.004999851508024628,5.422527901041924e-08,5.177919778051276e-08,6.128182903618347e-07,1.0826051202485112e-08,2.308053986218863e-08,-2.5137027352748228e-08,-2.391421875720757e-07,1.503001867294522e-07,-2.3443362980741517e-09,6.13803709952679e-09,-2.9241030916581127e-07,1.2842362874475516e-07,-2.9214669091895015e-09,8.268960837058421e-09,8.417825597022065e-08,5.217621614106209e-07,-4.332752607546746e-09,3.78816327147247e-09,-2.016681798196181e-07,3.117681306988349e-07,-1.3649204857439736e-09,5.167704294771821e-09,4.999565350749117e-07,4.0783554750540473e-07,-3.2853473733511354e-09,3.2854423908248573e-09,-2.471585687620399e-07,-2.9578630210423876e-08,-1.0431845801099685e-09,4.376900377488389e-09,-1.373280918577159e-07,-1.2422219912472692e-07,-1.4673360641640802e-09,2.576288314535906e-09,-1.2180146325350858e-07,6.869120324867288e-08,5mV,1,19
4.76372,0.0050002,1.141314539008912e-05,-1.218212401462949e-05,8.244091670593222e-05,-0.004999500164342726,4.872183378681397e-08,4.878550654275113e-08,6.551917747098731e-07,4.4875404916571725e-08,2.147393801261551e-08,-2.2240253938182977e-08,-4.4205310755962907e-07,2.721805365832369e-07,-3.097498932657201e-09,5.799429073666501e-09,-4.784240287334356e-07,1.3060472170841197e-07,-2.048103855785158e-09,5.941382969698391e-09,-3.1768981853496856e-08,3.22394619794854e-07,-3.6288996224080023e-09,2.988596754374054e-09,-1.4522172372988353e-07,3.6421004221292784e-08,-1.6586813688618512e-09,4.425323933747521e-09,-2.210046776637716e-08,-6.964945447115867e-08,-1.5088664341609883e-09,3.900566733176837e-09,-2.2455291739467876e-07,-2.8217648530421983e-08,-2.287611971116498e-09,3.93606901786413e-09,-1.040310743471618e-07,1.953565888849208e-07,-6.677792697839048e-10,2.1492532711252023e-09,4.247129710325474e-08,-9.825795627488152e-08,5mV,1,18
3.76506,0.005,1.0276250268462624e-05,-1.0831992004301425e-05,9.074721167618295e-05,-0.0049991863857085745,4.3986991537271565e-08,4.4784199190342114e-08,6.73382870053939e-07,-3.107810538264723e-07,2.1110982311541144e-08,-2.047691745114248e-08,-1.5926652168576677e-07,-3.2189765631020137e-07,-1.4741485960590743e-09,4.726945855534371e-09,-1.8410906116123773e-07,-3.723330418472429e-08,-1.3767269592810975e-09,5.983997201808337e-09,-1.9666330011946663e-07,2.1745268142808936e-07,-2.8758165373378362e-09,1.917236068257058e-09,-3.638050026098294e-07,7.668478024494387e-08,-8.293405739454911e-10,4.288020369656278e-09,1.050473304227918e-07,-1.8998257734790302e-07,-8.397810055697104e-10,2.1331047200098546e-09,-2.454705722928261e-07,-2.4239056983358593e-08,2.915096319032749e-11,2.728399136566934e-09,1.947754354991331e-07,-1.8211325227133867e-07,-1.579035733650297e-10,2.1243122891275384e-09,-7.292111601373082e-08,2.7785075957031115e-08,5mV,1,17
3.008665,0.0049999,9.284091066110249e-06,-9.68404833921889e-06,9.713216493942834e-05,-0.004998999665324168,3.92756384911167e-08,4.145838873629193e-08,5.503223147881801e-07,5.8152892577976455e-08,1.821070650870033e-08,-1.7316978779997815e-08,1.5234836571533289e-07,5.33983839210823e-07,-1.8723447313408225e-09,4.192913402732341e-09,-9.348664278339074e-08,1.6454673108884275e-07,-8.066910598606093e-10,4.545196210828171e-09,6.559189898401497e-08,2.540655657035832e-07,-2.3233849451184633e-09,1.5558890351098935e-09,-3.8017673430298926e-07,8.241814565786932e-09,-9.475923611574432e-10,3.3894600080460896e-09,1.5263308668019502e-07,5.667236565778021e-08,-1.37371291662629e-09,2.5343049542573002e-09,4.9220896494723285e-08,1.4077424304708926e-07,-2.1162833125980342e-09,3.7141755953647544e-09,-8.601917532940946e-09,2.9500981047014833e-07,-4.523675857884496e-10,1.7337738993151715e-09,-1.6151158571603406e-07,-5.935125074684891e-08,5mV,1,16
2.38186,0.0050005,8.341650309310054e-06,-8.621178458747862e-06,0.00010257025802849114,-0.004999494640070997,3.519967613057523e-08,3.760850167194795e-08,4.6741835362600536e-07,-1.0153319754553342e-07,1.8014086629356646e-08,-1.6724589025515326e-08,-1.826871136184454e-07,-9.21904166165847e-09,-1.4777360581192505e-09,3.3447067779230548e-09,-4.942922783013037e-07,-2.982735502070625e-07,-1.5302497851658077e-09,3.603243799648732e-09,-2.0333418968735433e-07,3.246369216892573e-07,-2.0317652697223665e-09,1.1441926845792104e-09,-5.261652269487219e-07,-1.4166155157204383e-07,-1.004628146555123e-09,2.655774850721693e-09,1.1483182107056956e-07,1.6344662761692487e-07,-9.336046841712277e-10,2.296143656373252e-09,-2.167562917340552e-07,-4.426856366724874e-08,-1.2428296611373513e-09,2.3816770603925296e-09,-1.773907733419236e-07,9.797256134886855e-08,-5.802359147391043e-10,1.6056339971663673e-09,-1.1317277178521061e-07,-9.472149429129848e-08,5mV,1,15
1.890121,0.0049997,7.4942270262318e-06,-7.682052264984477e-06,0.00010691123075236918,-0.004998598603196713,3.1329835396749644e-08,3.4628134977594295e-08,4.737012183477169e-07,1.998742278186609e-07,1.6156450823918848e-08,-1.4871516268524875e-08,-1.392865566707335e-07,3.3708332686335527e-07,-1.4975118460512163e-09,3.5506041192067763e-09,-9.94691749483368e-08,2.661400769049509e-07,-1.4958136849220227e-09,3.6704587186178956e-09,6.648131778076964e-08,2.8503220233130243e-07,-1.7906087117073857e-09,1.1987316096412596e-09,-4.938065843309762e-07,1.528547204619232e-08,-2.0055990042554273e-10,2.3617377540174143e-09,-2.7026052070144635e-08,-1.5713249551723268e-07,-6.16722403677461e-10,1.7904485078272732e-09,5.7153176171900154e-08,2.112704689372623e-08,-3.3478898632927404e-10,1.946869366660502e-09,6.654032805136834e-08,-1.3075111490920452e-07,-6.493099721156158e-10,1.3178326983886774e-09,-1.1190108443342042e-07,8.482257387894653e-08,5mV,1,14
1.502404,0.0050003,6.731877527765054e-06,-6.853411505781491e-06,0.00010986340156382302,-0.0049990637468762126,2.8270361131250747e-08,3.14094180552635e-08,5.576357876434711e-07,-1.2532539618881248e-07,1.545057043105592e-08,-1.3256362846316785e-08,2.7373329888054877e-08,2.6136589079216148e-08,-8.569239255961017e-10,2.685368374368696e-09,-1.3347668009437498e-07,-3.2144654428089123e-07,-9.76492146760841e-10,3.197069511137378e-09,6.564061201211266e-09,1.5916255489184544e-07,-1.4683503204533444e-09,6.496238612352019e-10,-3.2933045343481753e-07,-2.413876935440812e-08,-5.073635890932753e-10,2.1328715957429323e-09,8.02761866351338e-09,2.461364680069217e-07,-7.378882442259437e-10,1.1154012851871162e-09,-1.3022730346395367e-07,-9.49428850050706e-08,-2.506420640282947e-10,1.8759266691292704e-09,2.4923470056286437e-07,-6.78726166640149e-08,-2.301228196071721e-10,1.2243708595853456e-09,8.423710051266752e-08,-4.433874401528151e-08,5mV,1,13
1.195791,0.0050001,6.044658124799378e-06,-6.118683365954845e-06,0.0001125216811193462,-0.00499887592163746,2.513795543039854e-08,2.8337271110420527e-08,6.545427832672654e-07,-2.725198373527719e-09,1.4073369489260559e-08,-1.2266722711872387e-08,-1.1649274860831602e-07,1.3221460497539154e-07,-1.0260216622199219e-09,1.959814945027944e-09,-2.5974661626324433e-07,4.6193219937290875e-08,-8.959024135109682e-10,2.844143677812407e-09,6.154738077814939e-08,2.6313619891012275e-07,-1.528622334714733e-09,9.222170609165219e-10,-3.941078427467098e-07,6.63964760155707e-08,-8.221256540978278e-10,2.0570443371497855e-09,-6.494157066764901e-08,1.6411760566101015e-08,-4.664456398601356e-10,9.455097107159795e-10,-5.1797041178194265e-08,-1.7457858757605777e-08,-4.4879028838825306e-10,1.9049799190012727e-09,3.221482372757843e-08,9.415129001207573e-09,-3.014175237329131e-10,7.665719203193413e-10,-6.691012280084199e-08,2.6791557783833646e-08,5mV,1,12
0.9486946,0.0050001,5.415996002150713e-06,-5.45135134121004e-06,0.00011456566165871355,-0.004998776484746355,2.2216985705664556e-08,2.7386024664485868e-08,4.612598955036087e-07,4.953895091519231e-08,1.256133212312769e-08,-9.432972398889077e-09,1.3571224237727008e-08,3.423293962671521e-07,-1.3791244932110583e-09,2.8834941701854383e-09,-2.51091629261521e-07,-3.518057319893974e-08,-8.474631683201294e-10,3.2275458134065178e-09,1.2293659060818213e-07,7.66640863230507e-08,-1.5357210238852383e-09,1.0348541993149837e-09,-4.781354407783639e-07,-8.521191350179391e-08,-3.0752714729323404e-10,1.9460097899796225e-09,-7.902085112765855e-08,9.185746875953694e-08,-4.85301857520255e-10,1.6039115292415706e-09,-8.799512998671799e-09,-5.048373396320518e-08,-5.02173425319366e-10,1.6115449679153485e-09,3.294410493548125e-08,-7.728268322261092e-08,-5.933995913543683e-10,1.358524483937272e-09,-6.78368525288477e-09,-5.1265429461263455e-08,5mV,1,11
0.7515633,0.0049998,4.845891159819058e-06,-4.856939703275099e-06,0.00011630912181607664,-0.004998447238151365,1.987342391048667e-08,2.4634230237150767e-08,5.847837161964794e-07,2.3118193298286808e-07,1.1533077329304433e-08,-8.705693187060492e-09,4.3829870200783225e-08,1.7931310941783993e-07,-1.0563683650743228e-09,2.1562558379676406e-09,-4.133214807876322e-07,-5.034486482050621e-08,-7.363358133849354e-10,2.435497830129936e-09,4.4309785782883223e-08,8.919146627213799e-08,-1.313507193625638e-09,8.691177610667946e-10,-4.1834050262340735e-07,-6.4239734041691e-08,-3.681553665956451e-10,1.947615143343785e-09,-9.625105464735262e-08,1.1267039451426448e-08,-5.896213209487064e-10,1.1351163061300736e-09,-2.2391055507814464e-07,5.105962824230779e-08,-6.32393105288335e-10,1.3464915152592992e-09,-5.2236287071832584e-08,4.9917065217888354e-08,-5.676149425784008e-10,9.095005188549239e-10,-9.360738126627834e-08,4.3700602242347555e-08,5mV,1,10
0.5978954,0.0050001,4.342077578223644e-06,-4.337658160841228e-06,0.0001172449334468032,-0.0049986825721269786,1.7571305201812393e-08,2.1916796779963954e-08,3.944162075945679e-07,2.0373116385372983e-09,1.0641127311243993e-08,-8.002602551420215e-09,-4.892153620978188e-08,1.980198402849992e-07,-9.654034970920557e-10,1.8495471667736299e-09,-3.704397634406159e-07,-1.1183357783290404e-07,-7.271212176571637e-10,2.4059584443458683e-09,1.5414519033758864e-07,2.3268928576657564e-07,-1.0050150665469534e-09,5.21484180057267e-10,-4.489926977043677e-07,-3.7865236676235944e-08,-4.93074507841579e-10,1.5391957908021628e-09,-7.387291488683828e-08,1.0051884181937787e-07,-5.105590488316311e-10,7.380614853873343e-10,-3.237994420952895e-08,-5.6256122831617375e-08,-2.3212746733183598e-10,1.2215844169257323e-09,1.1660688006221691e-07,6.445456192065023e-08,-4.034409893457649e-10,8.019278118058415e-10,-1.4877482481991135e-07,6.685746544273051e-08,5mV,1,9
0.4763719,0.0049964,3.8857727334892e-06,-3.878038753069972e-06,0.00011487060145810026,-0.004995089585795075,1.5969686245337954e-08,1.938463634799147e-08,3.9951124340932064e-07,7.552371091023556e-08,9.676778397624815e-09,-7.382286498498242e-09,1.833198637021728e-07,1.927903436963864e-07,-4.702088842466972e-10,1.5951423003005119e-09,-1.6146661814416796e-07,1.0940174922405585e-07,-6.17264997646587e-10,2.043744100537405e-09,6.609063023562061e-08,2.3550578046438927e-07,-1.0861624197850523e-09,3.219895801917556e-10,-4.1113961442593347e-07,-5.384076760106214e-08,-3.2052995711577817e-10,1.3091640111930686e-09,9.662291547445255e-08,9.896182583283545e-08,-1.6388746450082084e-10,7.158667293511033e-10,2.1674093425865127e-08,-1.4856081453316787e-08,-3.2544876866240707e-10,1.0174576047308417e-09,1.2016185940463228e-08,3.011507014084498e-08,-1.9675146749624583e-10,6.435721320425906e-10,1.0223775211318163e-07,-2.3766444488483036e-08,5mV,1,8
0.3780242,0.0050007,3.4780814799613308e-06,-3.462613519122875e-06,0.00011658975481986005,-0.004999367581821253,1.457585724564125e-08,1.730654895497531e-08,5.1226461248494e-07,-1.6477499399664453e-07,8.708777940393417e-09,-6.914911013220845e-09,-7.305391950607242e-08,1.9225835632897812e-07,-6.289213214781437e-10,1.123899824813502e-09,-3.370670855044749e-07,-2.1927712740898518e-08,-5.374339678758406e-10,1.612313946539889e-09,1.0937691209836668e-07,1.7191235306924626e-07,-8.75694738015306e-10,2.169039002746279e-10,-5.530199271584068e-07,6.919782316030614e-09,-1.0134005795737839e-10,9.82217170523457e-10,-1.0443719670751891e-07,-6.904734199843489e-08,-3.667435837128324e-10,6.881275932377623e-10,-1.659733190198866e-07,8.670544455763792e-08,-5.134780740127168e-10,7.946275972026977e-10,-3.305713153503654e-08,-4.9028298285197594e-09,-3.0302033593208086e-10,5.5050958759976e-10,-5.6649307347587456e-08,-2.3996762425367638e-08,5mV,1,7
0.3004808,0.0050005,3.1101649828752054e-06,-3.0924873133455412e-06,0.00011726261111633287,-0.0049990968925065805,1.2783860836875785e-08,1.533912377321485e-08,2.98405359330493e-07,2.933967231255665e-09,7.879148336551116e-09,-6.1633658853997604e-09,4.726712731267448e-08,3.575528528389256e-07,-4.835785057119819e-10,9.959586859614721e-10,-3.1892029481966776e-07,-9.728383934399286e-08,-7.174545155311707e-10,1.5160700844943263e-09,-1.0315515687051042e-07,2.699051995439001e-07,-5.313595891691445e-10,1.447085188863505e-10,-2.909022934694964e-07,-1.5308552453471985e-07,-1.5661730193587753e-10,7.403965950467684e-10,-2.7666591377008542e-08,-1.318966278947267e-08,-3.0516065977038485e-10,4.225708794272904e-10,-2.16937045904996e-08,-7.455686392094097e-08,-2.9428303728161003e-10,6.03431779297887e-10,8.262884138157599e-08,9.354764179181154e-08,-1.3374427581688026e-10,4.098669327052322e-10,7.5623125704253e-08,-7.428136848986462e-08,5mV,1,6
0.238186,0.0050027,2.5820446056765027e-06,-2.9411222679977964e-06,-0.00022365124576323136,-0.004997739026515833,1.296910071645975e-08,1.1974820193763816e-08,3.865739514494708e-07,1.5629501592326484e-07,5.678534806316167e-09,-7.217685298090161e-09,1.5308972298123314e-07,-2.5643768798359493e-08,-4.729521271013974e-10,7.440944320560703e-10,-4.1087853734406714e-07,5.672919936531808e-08,-2.5739714349731745e-10,1.1277646053144248e-09,1.1893668642079203e-07,1.6852409624758253e-07,-8.402959781801964e-10,3.6075328442183665e-10,-4.6917451960834287e-07,1.0928832487693615e-07,-1.1391335565306896e-10,6.510218334386946e-10,1.353360394725919e-07,3.519354418895713e-08,-3.0956449870652775e-10,4.936885858868657e-10,-5.0179302396817465e-08,1.4806959629111234e-08,-2.371316841193801e-10,6.676724303686849e-10,9.503234506143415e-09,1.2966161803900444e-07,-2.6194925388664044e-10,3.2936138935649446e-10,-9.781701995409444e-08,5.272214677031193e-09,5mV,1,5
0.1890121,0.0050006,2.342291212680439e-06,-2.5919882947869385e-06,-0.0001525163035758647,-0.004998273776019106,1.138515942951497e-08,1.114938351216308e-08,4.111317699600796e-07,-2.552230111160379e-07,5.289535478607227e-09,-6.0177814379882145e-09,3.294201676076806e-08,4.2117898392269854e-07,-3.2979228255127997e-10,6.763531604766607e-10,-2.9745507410783904e-07,-9.49701307132332e-08,-2.891432548658603e-10,8.902763846977182e-10,-8.180165903010922e-08,1.530292874485286e-07,-7.344065167266418e-10,3.129156324221792e-10,-3.8571227554533424e-07,2.8379631226030982e-08,-1.3909762657763522e-10,6.933327830307719e-10,1.1690519073552998e-07,2.5008455452550292e-08,-2.5256638884203315e-10,4.2098452955787227e-10,-1.5110507312022474e-08,-1.2349962438270192e-08,-1.72202708791271e-10,4.541649628378782e-10,2.7091967680403367e-08,7.182475799804454e-08,-2.0092162973829348e-10,3.9303304043930625e-10,-2.6839552656606683e-08,2.3496020338853004e-09,5mV,1,4
0.1502404,0.0050001,2.119110634868435e-06,-2.293677621473864e-06,-9.65079222341621e-05,-0.004999143296389096,1.0002925876175383e-08,1.011975759409693e-08,5.649887037989002e-07,1.650509866121764e-07,4.994383583868234e-09,-5.3201355245630745e-09,-1.1715753946806594e-07,2.2267466500715203e-07,-3.7703585436930623e-10,6.601962124682864e-10,-2.4686324119546e-07,-1.1264884985452522e-07,-3.531452573980077e-10,7.400938649560728e-10,-1.2888755708447427e-07,1.837887638864471e-07,-6.908684054129022e-10,1.423300989365688e-10,-4.3914634626177955e-07,4.094085286372411e-08,-8.262958163398755e-11,5.400037485982809e-10,-3.141013621058814e-08,-4.943248715044991e-08,-1.2176135704076315e-10,2.3096935900677391e-10,6.771947280317073e-08,-4.455273220493808e-08,-1.350933029728627e-10,3.35636741068656e-10,-2.882225797396685e-08,-4.451591845814256e-08,-1.8651189839205723e-10,2.278580891695531e-10,-6.980476384652022e-08,1.0716123719369246e-07,5mV,1,3
0.1193355,0.0050004,1.9091883092036785e-06,-2.029617432874512e-06,-5.128733872293678e-05,-0.005000146504134904,8.674499834321055e-09,1.077000746580435e-08,7.330596992793505e-07,-1.2607515034773933e-07,4.457703900054137e-09,-3.502266741586602e-09,-1.3720655787969943e-07,2.138477626692527e-07,-5.545140216899671e-10,1.3139789664312107e-09,-2.8249788743335604e-07,2.707468775843812e-07,-4.2206109963222876e-10,1.3881876134080479e-09,7.543711242662711e-08,2.8325217149509985e-07,-5.250917504665331e-10,5.822242106194531e-10,-4.014681614262544e-07,1.507324057494525e-07,-2.428368205037754e-10,9.140802506028869e-10,1.7987459639627588e-08,1.5460381537644883e-07,-3.154227679032238e-10,5.525242894989689e-10,-1.23397314870299e-07,-2.045571529625034e-09,-1.3671114119113062e-10,6.797068353573071e-10,-9.879197657428575e-08,-4.2270821282244905e-08,-1.9821606241677847e-10,4.383308532692893e-10,-1.0843766437062527e-07,-6.038095289986491e-08,5mV,1,2
0.0946587,0.005001,1.7158387987229819e-06,-1.7987028746432803e-06,-1.5824828792085816e-05,-0.005000992822563637,7.353373565128131e-09,1.1190086346255132e-08,5.341030529947137e-07,2.22783493160194e-07,4.018813769515103e-09,-2.1095392816724676e-09,-1.7035274067499166e-07,1.3750586292192357e-07,-4.816416960441381e-10,1.8340902544786301e-09,-3.320254141546148e-07,-8.28452602507929e-08,-3.496333673750709e-10,1.8577275083484818e-09,1.0345933432039866e-07,1.1267834946555283e-07,-5.500976978997189e-10,1.1147328483080256e-09,-4.913643038000187e-07,-2.1158479999858662e-08,-2.778586040361649e-10,1.2573176161712563e-09,1.6813143101315486e-08,1.0683220052102812e-07,-3.0180698488973856e-10,8.95517924198698e-10,-3.479353167313121e-08,-4.448826395387209e-08,-2.030670359065873e-10,9.293766275614703e-10,1.092817288964929e-07,-2.4260358575141838e-08,-2.8937936223951585e-10,6.806527011625787e-10,-1.8838495796415966e-07,-2.9484982756090487e-08,5mV,1,1
1500059,0.0738116,0.011295367916847735,-0.008774459321530884,0.04609481056072792,-0.05764913423909832,3.5561946821955326e-05,2.1356834500524947e-05,0.00032018016022995993,-0.00010416345799485208,-1.3093628849752773e-05,-6.95837266861387e-06,-0.0001298756283257479,9.5704693124908e-05,-1.639158592575029e-08,-1.6055113583340051e-07,-4.258108647957741e-06,4.805011549031711e-06,-2.0188506272766014e-07,-2.60082712955177e-06,9.006772625363649e-06,-6.549576560740397e-06,4.84781360638041e-07,-2.7442781032219545e-07,2.7091028554209605e-06,-2.724570816259416e-06,9.782575935196816e-07,1.1181125977512282e-06,-2.884774696371993e-06,-1.3744388059313517e-06,-2.432602006890108e-07,-3.667682219647393e-07,-2.284838786709032e-06,8.141256247521786e-08,1.2661630800621616e-06,7.13697568814379e-07,1.1440766748729218e-05,8.954147308028186e-08,8.530621282019121e-07,7.558136220998918e-07,2.9753727527115197e-06,1.8318485050113996e-06,50mV,1,73
1191504,0.0700139,-0.013145888460299841,-0.00552623284448335,-0.06829158848041138,-0.015433743499372373,-4.1569039899004166e-05,2.1040846157682206e-05,-0.00015642196368757477,0.0002731575592810545,-2.7169473212747487e-05,-8.89297262776644e-06,-0.00019992449869138588,0.00011434911020697518,-7.715055369142014e-07,7.839277457781306e-07,1.5191747252054734e-06,3.137786341515305e-06,1.8937203483652227e-06,-6.802456728216582e-07,-2.902452365901657e-06,-1.872728115798747e-06,1.136895121626496e-06,6.212698736785324e-07,1.3998504558802433e-06,2.4174213081815096e-06,-5.315998949893133e-07,6.28043072758823e-07,-3.911184383438091e-06,1.0997720156142022e-05,-1.303728127812697e-06,1.1404140827172447e-07,-7.055599851027021e-06,7.870982358082757e-06,-3.918547132797196e-07,2.488131986300164e-06,1.2319125953484383e-06,1.663468702741353e-05,-2.1423280440869567e-08,-1.8746395138166418e-07,1.5423766664631569e-06,-1.6771688966268425e-06,50mV,1,72
946464.9,0.0675166,-0.006117507800931122,0.012823381476818038,-0.02036543764767104,0.06437184147579486,3.67496652434796e-05,-1.9106246198529638e-05,0.0001589310879064414,-0.00019413506192042103,1.2243995857983313e-05,-4.313903792410742e-05,-8.903689714918798e-05,-0.0003048304188064838,3.524756051791371e-07,6.501377289913423e-07,4.251479521884117e-06,3.697947494736523e-06,-1.5059164730582257e-06,-1.3854873493873919e-06,-7.229061983286845e-06,1.669987343380417e-05,1.1705633481000861e-07,-4.089768620444136e-07,1.12695143251606e-06,-3.685794096934879e-06,2.0660776262794437e-06,1.1987570212912084e-07,4.3917960237758226e-06,3.5565261384992136e-06,2.9015055057274745e-07,9.763436543367917e-08,3.686898951280483e-06,1.5147553078230573e-06,-1.419748882644571e-07,5.329374316601015e-07,-1.710054886223745e-07,3.854836811812288e-06,5.376501878712753e-07,1.2473805561868941e-06,2.6626989729055934e-06,5.6093455126314094e-06,50mV,1,71
751816.4,0.0663978,0.013366638358551518,0.005015806709629495,0.06443028827067732,0.016043888263188713,-2.8104179989128454e-05,2.6415962549045572e-05,-0.00010581632009587563,0.00018329865049873718,7.009969366553576e-05,8.753760980220338e-06,0.00040919164572919905,-0.00013321781272119997,-2.311593939542178e-07,2.1063131069833036e-08,3.690213514317295e-06,1.9611164634470655e-06,3.0239863439180947e-06,3.7189397273029984e-06,3.644693515278411e-05,-4.663590192794402e-06,4.009918587178645e-07,3.370847631740045e-07,2.1014329653387708e-06,8.938094879240906e-07,2.944337394143504e-07,-2.0604207720299513e-07,-1.8804620962179748e-06,-5.339761052304038e-06,4.915109179716803e-07,-4.590879728310204e-07,-7.825156314390142e-07,-1.4329960862483628e-06,4.870836561234105e-07,5.992292448235132e-07,-1.5103358904406413e-06,-5.340179792101022e-07,-3.84065379657777e-08,6.523037959358989e-07,1.1114834716776045e-06,5.7352989080302634e-06,50mV,1,70
597246.1,0.0656339,0.001174876699465324,-0.014261040048404852,-0.0011950833805920752,-0.065623055876561,7.85772410593551e-06,-3.804565939087307e-05,8.713315577190814e-07,-0.00019588736091254895,5.963340844962925e-05,7.69144352692211e-05,0.00045243343510744765,0.0003070080867216693,2.076061090146321e-07,-3.2853650510206655e-07,3.928862052967755e-06,-5.866604217879223e-07,-4.519959127865885e-06,-6.827999855832599e-06,-5.71508007350571e-05,-1.1734658004659879e-05,3.3106264407785547e-07,-6.602733313016096e-07,2.043980539367364e-06,-3.963112537681478e-06,-2.823612169508048e-07,1.7239970432109218e-07,-5.261316393766155e-06,-3.152164915968995e-07,-5.832030010842237e-07,-2.6795557356564734e-07,-1.8660989897251234e-06,-5.680153417932477e-07,-3.6993230383968e-07,-3.1355976250566633e-07,-1.6285553054202674e-06,-1.2528816259736563e-07,-2.73753849171377e-07,4.0572516521986654e-08,8.676323948845647e-08,-8.331823734760252e-07,50mV,1,69
474433.6,0.0641757,0.0038247759347770954,-0.013578173771560854,0.011581978182640864,-0.06312188660898271,1.8259927769796988e-05,-3.0233234313107325e-05,5.972179679727757e-05,-0.00015961941216375268,-4.296778550053881e-06,0.00012331831778458828,0.00012481870998591848,0.0006245586936090917,1.991480070572954e-07,8.336427662818384e-07,6.894291116568839e-06,7.285409554912648e-06,3.9321766160045665e-06,-1.161312402664344e-05,-1.7707500596994997e-05,-7.687907993016178e-05,-3.26946730184177e-07,-5.002418084669466e-07,-2.454986355932045e-06,-2.1754582064942378e-06,4.07731691196918e-08,-4.409367627288309e-07,2.907976637629677e-06,-3.6625921556771955e-06,8.675500832358171e-07,-6.166755578532074e-07,5.511013475872655e-06,-3.30019993031909e-06,-7.805708668198819e-07,-2.9945254027925644e-07,4.3134662700898827e-08,-2.3058310192755076e-06,3.81523662235715e-07,1.0979171861388022e-07,-9.484688421098108e-07,1.2065009453995469e-06,50mV,1,68
376816.4,0.0625733,0.013614788644574171,-0.002370120283937512,0.06042115854950143,-0.016269764685603993,2.4196310168727175e-06,3.335776240247538e-05,3.279428668621735e-05,0.0001556916549651305,5.885448613597844e-05,-0.0001245988439711433,0.00016856762750879932,-0.0006537555745460225,1.5688931707576525e-06,7.807054380791765e-07,5.280098917641423e-06,1.7534038464735172e-06,-5.2867280437150465e-06,-1.705563653308865e-05,-6.265739479354735e-05,-7.986439637198373e-05,5.15156679219993e-07,-2.923391565459544e-07,3.0582368286318184e-06,-3.297990221627882e-06,-1.1159028890600203e-06,-9.913179662536316e-07,-5.546368814931982e-06,-1.0938058021479408e-06,4.7103940325828776e-08,5.949820742335769e-07,-9.641504817787063e-07,-8.569825933618533e-08,-3.173194713583221e-07,-1.7668024151226564e-07,1.998681511197601e-06,3.2943685090829924e-07,7.076858353490787e-07,-4.4867085363349327e-07,1.6186116163098316e-06,-2.3036213105842997e-06,50mV,1,67
299355.5,0.0611281,-0.009194103994223842,-0.009925025910829883,-0.04551462944676436,-0.04080527618697504,-2.3640568432888373e-05,-1.1284982285999057e-05,-0.00011431154515922463,-3.852848073990201e-05,6.371363554794475e-05,-0.00012627932743080697,0.00021254745958991137,-0.0006390565923321071,-1.252904827914914e-06,-1.714733944377378e-06,-5.243638724236492e-06,-5.198339696066728e-06,2.4080300462438756e-05,3.188609641413088e-06,0.0001228211333290665,-2.1450747119901284e-05,4.064274106419325e-07,3.6629998469307236e-07,1.585465985941712e-06,8.219201511895455e-07,-1.1881073302539316e-07,1.2385417214220622e-06,1.0325772049941284e-06,5.2568969763837394e-06,7.851470630339392e-08,3.7674152117163734e-07,3.5598407015360257e-06,3.5521067211167978e-06,1.2921680367946425e-07,1.6268107404085587e-07,3.019566926535679e-06,8.493372222611429e-07,-4.088816235998225e-07,-2.1557045156491845e-07,-1.352341719019272e-06,-5.117097546325777e-07,50mV,1,66
237832,0.0591562,-0.007856397175866439,-0.010476447666177374,-0.03999237960219692,-0.04358974115730965,-1.259865410292219e-05,-1.416975698237105e-05,-6.630230927969488e-05,-5.436988234717188e-05,9.822376103288508e-05,-8.049747791201482e-05,0.00040998935056672515,-0.0004270847618562555,-2.213327089189814e-07,-2.0870698588459196e-06,-2.8494193573126657e-06,-1.250695119223706e-05,1.6949570515910667e-05,1.9998968509777654e-05,0.00010412036867537353,7.682494206722719e-05,1.5260745405937703e-07,-3.1422864132649496e-07,-2.1798776238766536e-06,-1.1059591999495845e-06,-7.856436950622881e-07,2.4328892690199654e-06,7.787288536548911e-08,1.530223268661513e-05,-1.215528710257477e-07,4.5488963680315984e-07,-1.4364498609327208e-07,2.3157747083859434e-06,-4.249259869503799e-07,6.113967847607806e-07,2.4284698516375496e-06,2.9041814629525274e-07,6.703983270101589e-07,-1.5849312364384397e-07,-7.275271411437385e-07,-1.2584290996429339e-06,50mV,1,65
188847.7,0.0569951,0.0024649698197989228,0.01235587340901917,0.017174629346110196,0.05434584071661154,-7.270435463966677e-07,-1.3114621082319248e-05,-1.5272401619283822e-05,-6.153486277841369e-05,-9.24564213488323e-05,-9.282102328288162e-05,-0.0004621848795617484,-0.0003793395861653251,1.0706038608902572e-06,-8.568282452097725e-07,4.605032912477391e-06,-7.435669745914789e-06,2.7161739232328257e-05,-4.26500293907431e-07,0.00012176268286597788,-2.34814694071214e-05,-2.124732133778868e-07,4.499711567128346e-07,-2.658279555523177e-06,-7.08717437851569e-07,-1.986528113395957e-06,2.5997222752061664e-06,-6.65011830619036e-06,1.2067219162686676e-05,1.608701072829764e-07,-1.3289221214555046e-07,-2.3212989801139634e-06,-2.4041630560342617e-06,1.0949106564935447e-06,-2.943385009697593e-07,4.087961078734728e-06,-2.0185688894184725e-06,3.2742524260125804e-07,3.556963660820073e-07,1.3412931755632323e-06,-5.62067800365427e-07,50mV,1,64
150058.6,0.0547023,0.011392075817718452,-0.003944218423517305,0.04906914475035458,-0.024177582887569188,2.295887330165072e-06,1.257876672470132e-05,2.6024844110701764e-05,5.458201438152784e-05,5.75916376189531e-05,-8.944458840271585e-05,0.00022213870016409953,-0.00042483638326295143,-4.863969891476176e-07,-4.92287851547509e-07,7.61442081592702e-07,-4.784019316465236e-06,-1.1783271595866452e-05,-1.7579337492904936e-05,-6.425832874032752e-05,-7.345955573051746e-05,1.8151132762385362e-08,-2.1115611651249227e-07,1.0405003364773238e-06,-3.292465949899862e-06,-1.3379786125264205e-06,-1.7142743249696066e-08,-8.302980407213914e-06,-3.370719468635955e-07,4.4741927463079304e-07,-6.384178760349135e-07,8.687436573853731e-07,2.5714103826000644e-07,1.1898043865287795e-07,1.1307410829214818e-07,1.652862101023555e-06,-1.2893650213198453e-06,-1.0737363439309137e-07,1.6530499262623076e-07,-8.640104613688057e-07,2.5853591687133144e-06,50mV,1,63
119238.3,0.0532375,-0.0052039015328425,0.010443180501831238,-0.01660537524162466,0.05058150252424768,1.1440766748729218e-05,9.793380305842477e-07,4.729329026357839e-05,-1.6813673431401375e-05,9.086764079985378e-05,-1.4970776382933936e-06,0.00040642840501084346,-4.29103330745674e-05,-1.5317336045519537e-07,3.128395079577671e-07,-8.563137145410247e-07,6.71221443497634e-07,-1.5841401607269873e-05,-6.9009202426424624e-06,-7.603718091881155e-05,-2.1208784018214013e-05,-1.8605946053753242e-07,2.5348816882257053e-07,5.963531984764715e-07,2.1312640326700787e-06,-2.449991309435569e-08,2.5256970340506994e-06,1.592095112015336e-06,7.429040619841165e-06,-1.2214971334324296e-07,-2.858494630907457e-08,2.4759785884985203e-06,1.5711028794488602e-06,-1.1227154209550145e-07,-3.934805064492759e-08,-5.058857359205953e-07,3.0173682663879273e-07,-2.571410382600064e-08,4.3948067518675936e-07,-5.86927907024993e-08,-2.9278640158505485e-06,50mV,1,62
94746.09,0.0520737,0.007919194887161878,0.008075674303275425,0.0422730088938492,0.030408353726885558,-5.808219294840127e-06,-8.309609533287538e-06,-4.070504380074185e-05,-1.721915497623804e-05,-6.828994224743643e-05,3.093039740518344e-05,-0.00029161083656133223,0.00016881842944525144,1.4529144003909113e-07,-1.5837479374342978e-07,-3.2128744525512424e-07,2.284838786709032e-06,-9.078588157827909e-06,-8.878609521273588e-06,-4.740267084379318e-05,-3.5178562364030744e-05,-2.0291920639514547e-07,-4.424802442496396e-07,-2.283733932363428e-06,1.9394138095363663e-07,9.933629411619102e-07,-1.8163805441729443e-06,6.091062007314745e-06,-8.45213574387045e-06,-2.7323423617263943e-07,-5.318622978963943e-07,-2.559947518764423e-06,-1.2882601669742414e-06,7.457348093029884e-07,-8.834375572692987e-07,1.4539883188148384e-06,-3.8018038032232975e-06,-3.940154769234173e-07,1.8192288586759113e-08,-7.379816044181471e-08,-3.0548239335582473e-07,50mV,1,61
75292.97,0.0511743,-0.005942206086185866,-0.009223149510115424,-0.03586120767000561,-0.03650731544277137,3.2084495108970986e-07,-1.0986671612685983e-05,-2.4611735402674272e-05,-3.063982071228959e-05,5.6389556090935966e-05,1.9163698624501043e-05,0.0002609102488600344,6.065981813669534e-05,-1.3292823039721716e-07,-2.1227776464414945e-07,1.4871339491829578e-06,9.368619052675026e-07,-6.5407377259755645e-06,7.6201804216306545e-06,-2.9238865402063744e-05,3.8260001133920245e-05,-4.11873348196849e-08,1.0197150431297798e-06,1.425262105829135e-06,7.333304990794581e-07,-1.3346640494896086e-06,-3.972362378262875e-07,-4.7000503861993335e-06,-4.665377847125589e-07,-1.3101440169976193e-07,-5.62273634730013e-07,-1.5368523947351369e-06,-1.478295114418126e-06,-2.9310382623854686e-08,2.9307289031686996e-07,-2.157780536964574e-06,-1.0915960934567328e-06,5.249629244498357e-07,-2.9274364372188e-09,1.0437930233980928e-07,-2.3146698540403393e-06,50mV,1,60
59824.22,0.0507216,-0.0076815970649940874,0.007421636990871273,-0.02692040589761798,0.04298807062632409,1.5976193837433558e-06,1.2448393911920049e-05,3.74147875595332e-05,1.8885275329408838e-05,5.285623189369443e-06,4.413782625253342e-05,4.728776599185037e-05,0.00019655248322860254,5.413956441028728e-07,4.6201528441969815e-07,2.7002640206561284e-06,2.5500038296539873e-06,1.059444831999657e-05,2.2439591759216848e-06,5.152156784420483e-05,5.5607319214248345e-06,5.94511295796915e-07,-5.658339173732873e-07,2.6361824686110976e-06,1.6329747228026832e-06,-3.0290476816753065e-07,-5.329375421455361e-07,-1.7368310312894575e-06,-1.4970776382933936e-06,-3.824343936727964e-07,9.953385312172846e-07,1.0298401493237639e-06,3.4548795387036475e-06,-2.82631353838305e-07,-5.33133101364708e-07,-2.204184419479941e-06,-1.6134342688463314e-07,1.8402332446401885e-07,-3.3975751632145515e-07,-1.3258252147247767e-06,-1.1092737629863966e-06,50mV,1,59
47519.53,0.0502872,0.010336398539037304,4.513330001792261e-05,0.04825692212672727,-0.014144798322703857,-1.6550718097147628e-05,-5.374496568075481e-07,-2.1520352943674335e-05,3.6086752636117214e-05,2.2729063597765087e-05,2.0561339371690077e-05,0.00011763715673949263,7.786681971513174e-05,5.002159548752594e-07,2.44777939103567e-07,1.36559997116652e-06,1.983213550359145e-06,4.945328050923417e-06,1.0845250256448673e-05,2.5701121787439796e-05,4.19137544548326e-05,-6.734647397609484e-08,-9.416640441952358e-07,8.498105418627996e-07,-1.0595553174342175e-06,1.0540310457061975e-06,-1.363649903246529e-07,1.7103145269949619e-06,-3.4471455582844196e-06,-1.7431618466897682e-07,9.183351551732424e-07,3.5686795363008573e-06,3.7553999207079304e-06,1.3325239466221735e-07,6.400075404673686e-07,9.422126043778283e-07,1.5976193837433558e-06,-5.588368748025772e-08,-5.581577208363344e-07,-2.5301164514331157e-06,-3.079930643707752e-07,50mV,1,58
37792.97,0.050023,0.0004094490767917247,-0.009947216910361338,-0.014874212113128149,-0.047760433729443205,2.0784519949502083e-05,5.624813473469864e-06,2.493766743462745e-05,-3.525258760518621e-05,-1.5506630740551867e-05,1.1159028890600205e-05,-5.988862980346377e-05,6.568911511788467e-05,-1.0460826130584879e-07,-7.474763912079641e-07,-2.50359994713862e-06,-1.1081689086407926e-06,1.187386965220598e-05,-1.932390250461362e-06,5.058686106782386e-05,-1.638167538227022e-05,8.870578335035391e-07,7.133760561998082e-07,1.946753356954214e-06,1.539062103426345e-06,4.1232832721636875e-07,-5.014585845577603e-07,3.0991164394191654e-06,-1.1844038584874673e-06,2.2254561801958547e-07,6.962693753959526e-07,1.0385555718581917e-06,3.4383067235195875e-06,-5.1410209574711404e-08,-1.0007228178997164e-06,2.225176652046417e-06,-6.578243111591438e-07,5.18217899155358e-08,1.8518220618712284e-07,-2.928465056614557e-08,3.5761019477946253e-07,50mV,1,57
29941.41,0.0498615,-0.009051858416644711,0.0028757259392814963,-0.03772767126166479,0.03260056152525915,-2.656511788570211e-05,6.4103649131942955e-06,1.5887805489785241e-06,4.247281075370822e-05,-8.319553222397974e-06,5.05880543105171e-07,-3.756615260488095e-05,1.903443066606538e-05,-1.214089085045155e-07,-5.346301790030014e-08,9.889692668857467e-07,-1.633499528616845e-07,-9.987883284259985e-06,6.1396755985213205e-06,-4.306611753729756e-05,2.8300844062645963e-05,-6.662825236019151e-07,6.335198357499819e-07,-3.1167941089488296e-06,3.1631979914641966e-06,-7.466866413217263e-07,-4.6801950487544845e-07,-2.157780536964574e-06,-1.6705397705532186e-06,-4.013932523016224e-07,1.1240533995675409e-07,-2.7632407183555554e-06,3.837256369465038e-07,1.5280135599703052e-06,-6.638901824873787e-07,6.40594549581188e-06,-1.916922289622906e-06,-1.8645046849044167e-07,-8.447429064358179e-07,-2.8427902312390424e-06,6.412371328685912e-07,50mV,1,56
23847.66,0.0498021,-0.0010023614273796816,-0.008911780563291656,-0.027450769129138262,-0.041553704520687185,3.575529633243602e-05,1.0346960946581279e-05,2.0677349077978497e-05,-4.331691947374966e-05,-1.4495689014324224e-06,1.9688504438662934e-06,6.787120245045253e-06,1.9311749106811977e-05,-1.9024475928411488e-07,-1.3950852190876536e-07,-8.333161713372778e-07,-2.0141494720360567e-06,3.2449572130388906e-06,-9.887341538810023e-06,4.642597960227927e-06,-4.3263886465160665e-05,1.1147980347144164e-06,4.789882778477356e-07,1.878252387526767e-06,2.499176110338822e-07,-1.3932213298066196e-06,-2.267554445326403e-07,-9.677419213145265e-06,-2.627343633846266e-06,-1.6745559160994891e-07,-1.087176676074317e-06,3.984194263449948e-07,-2.5245921797050957e-06,-1.140209684663308e-06,1.3026829356017557e-07,-5.632547453889093e-06,4.248164958847305e-06,-4.4719808279080315e-07,5.473740109669359e-07,-5.695999238957129e-07,3.1996581848691278e-06,50mV,1,55
18925.78,0.0497173,0.0038134357097738157,0.007397483770022025,0.04234837100876284,0.026046576595679796,4.4386418480294314e-05,-1.3209638556041192e-05,-1.210699391912842e-05,-4.2612022401254325e-05,2.829531979091794e-06,1.5545300642648008e-06,-5.158564939624986e-06,9.632120184975502e-06,2.3431320068374434e-07,6.402107231815252e-07,-5.935133913519655e-08,2.4903416949913724e-06,8.744922145455506e-06,-2.5732057709116706e-06,3.9012406943276553e-05,-1.8742749118825926e-05,-4.552704800960895e-08,-7.820011007702663e-07,-3.107506703319682e-08,-7.876193956030971e-07,-1.92355141569653e-06,-9.459478959494462e-07,-5.997149387938406e-06,-1.9268659787333422e-06,6.671699426123042e-07,4.784994902852405e-07,3.893506713908428e-06,1.4042698732626593e-06,-3.188256088022495e-07,1.648442683641139e-06,-1.4142135623730952e-06,6.348493069840472e-06,5.316620982889709e-07,-1.322800123526513e-07,5.542269805309792e-07,-3.6283416709634723e-06,50mV,1,54
15058.59,0.0497143,-0.007460459362867106,-0.001497127356738946,-0.04546857911763959,0.020102780624090603,-1.9958088898990306e-05,-5.246621830969622e-05,-4.18286806702211e-05,1.8795782127414915e-05,4.883456207569594e-06,8.149405653174962e-06,-2.572100916566067e-06,2.0742535484369132e-05,-4.194106645425594e-08,-1.2069627745160092e-07,-3.921634095838814e-07,-1.1623067715753875e-06,-3.899030985636447e-06,-8.172607594432645e-06,-2.451782278329793e-05,-3.3786445888569724e-05,-2.9498682949975977e-07,7.562972168469626e-09,-1.645128120604327e-06,2.045085393712968e-06,1.3512368646736681e-06,-1.8550637045212304e-07,5.682265899441272e-06,-6.988599273800904e-07,1.2087106540907548e-06,-3.807468391453209e-07,4.2437455414648894e-06,-1.6329747228026832e-06,-6.414121417969349e-07,1.5202795795510773e-06,-2.8494193573126657e-06,6.705361023470557e-06,-5.066369263901715e-07,2.061038385609144e-07,2.278564318880347e-07,2.698054311964921e-06,50mV,1,53
11863.43,0.0496706,-0.0022627041347492017,0.006410516278239644,0.016817562518697902,0.04673689666367568,-6.923017329554543e-06,6.425169961425389e-05,3.8457770061783357e-05,-6.635755199697507e-06,-1.4506737557780265e-05,4.662160511271191e-07,-2.671537807670425e-05,-8.928327966825767e-06,3.182287664847542e-07,-1.819987893611341e-07,7.621829969168641e-07,-3.1123746915664133e-06,-8.722825058543426e-06,4.7660599090774434e-07,-4.031392536239804e-05,1.0281774540190643e-05,-1.0296190679692083e-07,7.428150107238609e-07,1.2595339539885378e-06,1.1810892954506552e-06,-1.5158601621686613e-06,1.0672892978534454e-06,-3.0350348873741346e-06,4.0691785548594605e-06,1.758928118201537e-06,8.906814243008167e-07,8.112945459770029e-06,3.939742658563263e-07,3.9815956460290875e-07,1.5965145293977518e-06,2.3555494648276867e-06,6.665586267028815e-06,4.7456101599946596e-07,-3.33708770235577e-07,1.7821300594592205e-06,-1.3567611364016881e-06,50mV,1,52
9432.87,0.0497716,0.005477507662987869,-0.0024926906153301264,0.019401385939870827,-0.04583442953709944,-6.789771895474702e-05,-2.2230774287897696e-05,-1.5931999663609401e-06,3.327379347220948e-05,-1.5980613254815974e-05,1.3010764773832476e-05,-2.6825863511264647e-05,2.1916995653746165e-05,1.733952885719159e-07,-3.648826775385315e-07,1.1799844411050513e-06,1.3015184191214893e-06,-7.956056142694265e-06,-4.829318344634999e-06,-4.049070205769468e-05,-1.2373263816418979e-05,6.769888936671213e-07,-2.5199363234927204e-07,2.624029070809454e-06,-3.240537795656475e-06,-4.2962581636571005e-07,-1.6904271487740904e-06,-3.479186334306935e-06,-6.064545503020249e-06,1.3865922037329954e-06,1.4269326455996882e-07,6.412574621885503e-06,-7.080177335944981e-07,7.285714494712035e-07,-1.3899067667698075e-06,2.4284698516375496e-06,-5.845784342590662e-06,5.119723785105277e-07,5.355664325754661e-07,2.780918387885219e-06,2.342291212680439e-06,50mV,1,51
7558.594,0.0500648,-0.005144829390400437,-0.001313219931495781,-0.04283816398871255,0.025910933627669993,1.964320541049317e-05,-7.356672660204105e-05,-3.797605356710002e-05,1.694311816653234e-07,3.585252351484917e-06,2.6507665459730704e-05,2.1301591783244747e-05,3.5512228376403144e-05,4.805316488831099e-09,1.044519796586631e-06,-2.4930021842555866e-07,9.770125331576205e-07,-7.559413432622436e-06,-4.8403668880910395e-06,-4.0191286530036e-05,-9.007877479709254e-06,-6.321822990791938e-07,-1.5000154459983547e-07,-2.567681499183651e-06,4.0366715303031e-07,9.692129243902637e-07,-9.756389782351655e-07,3.372015462783349e-06,-6.104320259461993e-06,1.2586942646858787e-07,-1.3291397777615886e-06,-1.931285396115758e-06,-6.478865882621743e-06,4.369597290263948e-07,1.2374368670764583e-06,3.781916425002426e-06,4.5111202931010524e-06,6.085876925870826e-07,3.7992869450240114e-07,3.6062445840513927e-06,1.36559997116652e-06,50mV,1,50
5960.648,0.0497521,0.0007012090686897135,-0.004481746635468825,-0.031148075808354336,-0.03879521467601772,-2.049725781964505e-05,7.06675887991762e-05,2.4884634426038455e-05,-2.9068717832840727e-06,3.1341403221748116e-05,-5.783912499236838e-06,3.015478965456944e-05,-3.488577596244569e-05,-7.565031616969831e-08,1.320300942996757e-06,-2.3025164562386955e-06,1.194347547597903e-06,-1.3037634831517563e-07,-9.103999807776799e-06,-1.684571420742389e-05,-3.8648909863572844e-05,5.283069870976752e-07,-3.364853796915144e-07,1.2915747300110532e-06,-2.7323047966786438e-06,-1.867203844070727e-06,5.239545238886029e-08,-8.478652248164947e-06,1.764452389929557e-06,-9.052930125359947e-07,-1.002366620195106e-06,-5.258001830729344e-06,-3.893506713908428e-06,-7.466152677310003e-08,1.4981824926389976e-06,1.3545514277104802e-06,6.8788231557303825e-06,-4.600809054314147e-07,6.291543352596315e-08,-1.0389364151511212e-06,1.6749591879356346e-06,50mV,1,49
4746.094,0.0498259,0.001044735906096631,0.0037683410796579895,0.044970742798053895,0.021453387721787277,2.604694119761384e-05,6.46461326156345e-05,1.249258808574421e-05,-1.617617247398788e-05,-1.3754331748423955e-05,3.4232807044193735e-05,2.5334310144699275e-05,4.309705345897447e-05,1.522489288242285e-06,6.851943154356185e-07,3.7981555741741127e-07,1.5556349186104048e-06,7.823473621221787e-06,-4.819374655524563e-06,2.030390830916435e-05,-3.917261082338913e-05,-5.5541679817576e-07,1.2916222387479143e-07,-2.907976637629677e-06,1.5092310360950375e-06,-1.6086679271993955e-06,-3.984710230429345e-09,-6.9451144164666216e-06,2.5732057709116706e-06,1.134685412935288e-06,7.082311914540688e-07,5.832526090443413e-06,1.9876329677415613e-06,1.1092737629863966e-06,1.4097941449906793e-06,6.805902768920521e-06,4.0945902048083525e-06,-3.7951724674409824e-07,-5.085971589701421e-07,-3.2537960478037227e-06,-2.5378504318523436e-06,50mV,1,48
3761.574,0.0498534,-0.003076452562227791,0.0013345524592007026,-0.014482994237893235,0.04770334590540585,-2.829531979091794e-05,-5.721377743275653e-05,-4.924335818356941e-06,1.0794426956550891e-05,3.9665375861528506e-05,1.0896073556346456e-05,3.2764455618886044e-05,-4.037248264271505e-05,2.052819374132196e-06,1.228359383772976e-07,1.04912317221759e-06,1.3490271559824604e-06,7.95495128834866e-06,3.651543612221156e-06,4.150495834695914e-05,-1.2401990029404683e-05,4.155055568580221e-07,-3.8104912729427814e-07,1.3048329821583011e-06,-3.3222970172311697e-06,9.496340215026847e-07,1.2948892930478653e-06,7.426830911149957e-06,3.42504847137234e-06,1.134685412935288e-06,-7.457760203700795e-07,4.280205734869821e-06,-5.693314442897312e-06,7.029242445758291e-07,1.4440446297044026e-06,6.660061995300795e-06,5.707677549390163e-06,6.241818277918062e-07,-2.1406552946077125e-07,2.9245494528137364e-06,-1.8462116115042515e-06,50mV,1,47
2993.223,0.0499194,-0.0003240758766525596,0.002872870995652456,0.03421195844269218,0.03635226018390931,-3.979795838300098e-05,4.068847098555779e-05,7.520743530526296e-06,-2.387590240850202e-06,-3.767553318509574e-05,-2.4357618903185358e-05,-3.54448322613213e-05,3.674635068044279e-05,-1.8561553006146873e-06,1.421947542792323e-06,-2.0660776262794437e-06,6.21799761822684e-07,-5.52161344846438e-07,8.07427555767389e-06,2.9315100351910416e-05,2.9785768303137714e-05,3.96644477838782e-08,-1.6857160498444348e-07,-4.7559272898739095e-07,-3.6150834188162244e-06,1.416423271064303e-06,-1.6510435107706906e-07,5.678951336404461e-06,-5.506594058490239e-06,-1.0915960934567328e-06,-5.323664429342933e-07,-7.959370705731075e-06,-3.999732934966522e-07,-8.6210049966156e-07,-1.242961138804478e-06,-7.125205674800071e-06,-5.326502800156791e-06,-2.3599821404622497e-07,4.1001597755645415e-07,1.8553465472337055e-07,1.8572601549602913e-06,50mV,1,46
2372.685,0.0499173,0.0013759193107544612,0.0020792187638660575,0.04951591470208646,0.006317693045248071,2.0592275293366993e-05,4.514655827006985e-05,-6.0623357943290405e-06,-5.058023194175023e-06,-1.7139605463354552e-05,4.459523595161346e-05,4.651657765861879e-05,1.4923267646072966e-05,2.1367883043980987e-06,2.3981570678115583e-08,1.2738970604813895e-06,-9.924061372986172e-07,-5.856571035566793e-07,-7.001461988092424e-06,-3.824011375569937e-05,-1.710314526994962e-05,2.8088855659354926e-07,1.9190590779273044e-07,4.09679991349956e-06,3.474748134400644e-07,6.424051848827638e-07,1.3291397777615886e-06,9.214485242337199e-06,4.023879526689698e-06,-3.101217872384504e-07,-1.0617650261254254e-06,-4.468030973622498e-06,-2.8947183854824294e-06,-2.6744236872211425e-07,-1.2738970604813895e-06,-5.011619311659656e-06,-4.959691157416269e-06,1.4345782376712678e-07,4.961451190388817e-07,2.0307222872201163e-06,1.7467747203998933e-06,50mV,1,45
1886.433,0.0499688,0.001953379168464801,-0.0009420805742835285,0.013626135498703526,-0.04807501890726703,8.983280107413073e-07,-4.2764492300947674e-05,3.936596033386982e-06,5.678951336404461e-06,-2.4294642205485932e-05,-4.416876217421033e-05,-3.11425294395394e-05,3.34196342458292e-05,1.367809679857728e-06,1.5666834620664446e-06,1.777710642076805e-06,2.1434594149368553e-07,-4.474660099696121e-06,-5.0337163985717355e-06,-3.9648803046344446e-05,1.4291290960387488e-05,3.712454232294303e-07,-2.5691918350740915e-08,-4.859236695459609e-07,-2.152256265236554e-06,-5.641540968262309e-07,-8.403825987608917e-07,-7.143988198675339e-06,-5.804247343467679e-07,7.530160204113879e-07,-6.612849359404446e-07,2.397533929960638e-06,-5.922019292437336e-06,-1.9451756249486915e-07,-1.023568664601812e-06,-5.986100844482368e-06,-4.111163019992411e-06,5.661514525122138e-07,-1.692665583678284e-09,1.950067919991026e-06,-2.4737688798073124e-06,50mV,1,44
1506.696,0.0499673,0.0016008102030934603,-0.001025561158928674,0.008629576456628797,-0.049216443931710506,-1.4451494840500068e-06,-3.6948539025688314e-05,8.277568757265023e-06,2.554423247036403e-06,-2.9741574129313554e-05,-4.377543402717531e-05,-2.216337817281585e-05,4.015814089966788e-05,1.585465985941712e-06,1.1578873541929717e-06,8.518684435669216e-07,7.433320825576035e-07,-5.46239988466608e-06,-2.4649300450424808e-06,-2.6217088766836854e-05,3.208717990503081e-05,-1.0783948517937182e-07,-2.978358069153342e-07,-2.7057882923841484e-06,-2.900242657210449e-06,-7.377217426760611e-07,-1.9277575961902447e-07,-5.079015426741498e-06,4.890085333643218e-06,1.005052079167531e-08,-8.790252109546946e-07,-4.153147485125363e-06,-5.79275133400167e-06,-1.0494776094916597e-06,-3.506091747331083e-07,-6.250161033081719e-06,2.8140640182533387e-06,4.637272562282115e-08,-2.5390690861955445e-07,-1.250695119223706e-06,-2.993050422241184e-06,50mV,1,43
1185.994,0.0499738,0.0009784545890495029,0.0013457700453716197,0.049514964527349235,0.006756565498117574,-7.252711390554498e-07,3.1121537206972926e-05,-8.342755163655657e-06,-2.3124601453491314e-06,-4.826224752467308e-05,2.7123069330232118e-05,4.051169429026116e-05,1.5694455979304546e-05,1.2982038560846772e-06,8.879289006696135e-07,3.26123613696702e-07,-5.35026379771335e-07,2.159990245655782e-06,-5.0304018355349235e-06,-3.9003568108511723e-05,-1.710866954167764e-05,8.591176138992986e-08,2.1151110621373485e-07,3.222860126126811e-06,2.228491215083229e-06,-1.2057021357076752e-07,7.923538069594447e-07,5.89550278814284e-06,4.632654271117491e-06,-2.6347373191270473e-07,-5.514745673852106e-07,-6.6733202474480436e-06,-2.1434174304717224e-06,-2.7196862551975007e-07,-8.218436952688297e-07,-5.224856200361224e-06,-4.181873698111066e-06,1.3788924737984816e-07,3.620798830346034e-07,2.5732057709116706e-06,2.3179844170771514e-06,50mV,1,42
948.6607,0.0499889,0.0009745964376746537,0.0011107829940224915,0.04988706842240521,0.003188600802578323,-2.8173675327466945e-08,2.6534181964025194e-05,-9.737081347807881e-06,-6.5912085773371e-07,-4.8198165972628045e-05,3.030615469991719e-05,3.880027490892059e-05,3.700157203427731e-06,1.1114834716776045e-06,4.437933636393899e-07,1.1821941497962592e-06,-2.4759785884985203e-06,7.30914956023664e-07,-3.7520853576711184e-06,-4.331139520202165e-05,3.821691181444169e-06,4.4107950991028285e-07,1.503538826506486e-07,3.6625921556771955e-06,-4.173115517713464e-07,1.9115538023576166e-07,5.844196666896028e-08,5.492230951997387e-06,-9.65323505637434e-07,-3.1914203908683043e-07,-4.779239716566153e-07,-4.477974662732933e-06,5.565318171813436e-07,-5.120275107423733e-07,-6.403214295869547e-07,-6.0280853096153185e-06,1.1645164802665955e-06,3.091171431819928e-07,2.8139789444687267e-07,1.8307436506657957e-06,-4.748107130815724e-07,50mV,1,41
752.3148,0.0499741,0.001312555914034073,1.1728028878586253e-05,0.03628641086491131,-0.03436143418710895,2.2188789822764745e-05,1.4473591927412147e-06,2.027776745534736e-07,9.447609509259639e-06,5.636856385836949e-05,1.5111092884825641e-05,-3.122428866111409e-05,-2.5333205290353672e-05,-1.3169863799599449e-06,-4.720575265377619e-07,-1.7699766616575768e-06,-2.7451023245637747e-07,2.0671824806250475e-06,2.94775139407142e-06,2.0163591807272645e-05,-3.840915647057678e-05,8.174697978854527e-08,3.456362253235448e-07,1.7025805465757342e-06,2.6428115946847214e-06,-3.4667158433081025e-07,1.98027684750853e-07,3.821691181444169e-06,1.994262093815185e-06,-5.26190086171498e-07,-4.6931726678979486e-07,-3.854836811812288e-06,1.13247570424408e-06,-7.06889787793071e-07,4.462321086364416e-07,-1.2838407495918255e-06,7.885345464575608e-06,-7.418531245305781e-08,-5.750658593142849e-07,-1.1059591999495845e-06,-4.559733884307628e-06,50mV,1,40
599.564,0.0499903,0.00023243815237381982,-0.0011510239989980797,-0.026173071369707993,-0.04259107436286167,-1.5604962777310623e-05,-1.0754652200109148e-05,1.543481520808761e-06,-9.98125415818636e-06,-4.9563765943794575e-05,3.175793331004082e-05,4.011947099757174e-05,-1.1234158986101275e-05,-6.935501078805522e-07,-9.725838349987014e-07,-5.399243095708319e-07,-8.839726382288747e-07,3.030615469991719e-06,2.561052373110027e-06,-6.365065885024532e-06,-3.8919599178245815e-05,9.361043066427221e-08,-1.448786664555735e-07,8.425253532787562e-07,-3.0173572178444713e-06,-1.0646137825701306e-07,-7.253042846858178e-07,-7.604712460792198e-06,-9.364503470237652e-07,2.277498134436839e-07,-2.1201856581467073e-07,-3.7664484641639696e-06,-4.337658160841228e-06,-3.239321351021965e-07,2.750027765236477e-07,-1.425262105829135e-06,6.8412581079798475e-06,-1.022506236663079e-07,9.006400289449182e-08,-2.0914892762283354e-06,2.0970135479563554e-06,50mV,1,39
474.0168,0.0499757,0.0007109295772223373,0.0007721329836970699,0.04976142438622312,0.004623331510149284,-7.064438685791852e-06,1.4325541445101212e-05,-1.0440873565957616e-05,8.717483087782431e-07,-5.904341622907672e-05,5.288937752406255e-06,3.948086518581264e-05,-3.357652356290497e-06,1.1125883260232084e-06,5.050162155506051e-07,6.017141727322111e-07,-2.5567986838794513e-07,3.0228814895724905e-06,-1.6904271487740904e-06,-3.974050595702958e-05,1.1897071593463662e-05,4.592833110793232e-08,4.624603197501075e-08,2.669328098979217e-06,-1.8883761678955363e-07,1.8410176912255672e-07,1.6557512951373095e-07,6.123102783337261e-06,-2.8052251834885066e-06,-3.998472296158188e-07,-1.7716902907476086e-07,-5.254687267692532e-06,2.567681499183651e-06,-5.100447391337525e-07,-1.255672488050652e-07,-6.049077542181794e-06,4.510015438755449e-06,2.3022656543022436e-07,5.27092862657291e-08,1.4672465709620863e-06,-2.382065969122182e-06,50mV,1,38
377.1552,0.0499864,0.0007870065328975906,0.0005207664666743627,0.049511605770138606,-0.006872932072359623,-1.8528407375778755e-06,1.3502424957626247e-05,-9.213380387991594e-06,6.429147437069563e-06,-4.619285533535683e-05,3.725900309680304e-05,2.4886844134729664e-05,-2.9932713931103042e-05,9.99012613858156e-07,-6.363830657866148e-07,1.416693960378976e-07,-1.6130873445818116e-06,5.301828088056416e-07,-3.5112271103294507e-06,1.6915320031196944e-06,3.985430595462679e-05,-1.7061702183446013e-09,1.4722073669738482e-08,-1.3744388059313517e-06,-2.207498982516753e-06,-2.069528086400765e-09,-1.4149063060477886e-07,-5.6093455126314094e-06,-5.294462024134275e-06,8.777677762239628e-08,3.4345480090358427e-07,6.304298896016313e-06,2.2362251955024564e-06,2.655426821602828e-07,4.032043295449365e-07,7.579300810843307e-06,6.780821470420964e-07,-1.3207682963849472e-07,-8.619152155878022e-08,-1.653966955369159e-06,4.859235590605264e-07,50mV,1,37
298.2954,0.0499899,-0.0008033616917755664,0.00027024074380866,-0.02538696750281076,0.04306377524608488,1.174349683942471e-05,6.015662327353347e-07,8.361537687530925e-06,5.80379987745771e-06,-5.847883565847308e-05,8.412360987428707e-06,3.20573488376995e-05,-2.1310430618009577e-05,-6.321202062649708e-07,1.0683941521990493e-06,2.5590625304335944e-08,1.357865990747292e-06,-3.07259993512467e-06,-2.1434174304717224e-06,4.066858360733692e-05,-2.5422698492347594e-06,5.942978379373444e-09,8.254314887853096e-09,6.159964038869646e-08,-2.6560698468319693e-06,1.3149865935944016e-07,3.1632002011728874e-08,6.513116367335465e-06,3.240537795656475e-06,3.2042300721512367e-07,2.4403768669201232e-08,4.15535719381657e-06,-4.040452341873757e-06,-6.870151153971738e-08,4.327173093101446e-07,4.275786317487405e-06,6.726353256037034e-06,1.2336328535645438e-07,9.862636995642316e-08,2.7124174184577725e-06,-8.334730606543535e-07,50mV,1,36
236.7424,0.04994,0.0004337514529776299,0.0006270390916149727,0.04828118472815673,0.01276457008000154,-9.649797854505166e-06,3.4383067235195875e-06,-1.2508056046582664e-05,-1.4926582209109778e-06,-4.48526670141392e-05,-3.7005991451659726e-05,3.7837946773899524e-05,-9.371089506991797e-07,7.712108722602287e-07,1.0184435767488586e-06,2.6151902360446222e-06,-9.423361270936667e-07,2.2108135455535652e-06,3.4670329365052908e-06,-3.9443300138062104e-05,7.539526054401563e-06,-3.562106757798859e-09,-5.9263227001134636e-08,3.085858187271918e-06,-1.3191960886511528e-06,2.1430506188289817e-07,-2.3334081837417829e-07,6.999252279401216e-06,-2.7124174184577725e-06,-2.1245454133944608e-07,-1.0482692302938727e-07,-5.998254242284011e-06,3.1466251762801366e-06,-3.5786055477417636e-07,-1.5170644534053697e-07,-7.068858103174268e-06,3.74435137725189e-06,1.5941534556611961e-07,5.048251862342501e-08,2.4483572298584208e-06,-1.1214271607880403e-06,50mV,1,35
189.0121,0.0499026,0.0003468005208329423,0.0005944469932740009,0.047060309627720884,0.016601110503850627,-9.100685244739989e-06,3.768462613636006e-07,-1.1387733740140228e-05,-1.535747540389533e-06,-3.045641489091933e-05,-4.8221367913885736e-05,3.900025354547491e-05,2.965508613113967e-07,4.026183148000282e-07,1.242961138804478e-06,2.358864027864499e-06,-4.663319503479729e-08,-5.003878702114355e-09,4.682372716669669e-06,-3.9445509846753316e-05,7.131834800873695e-06,1.59953851574167e-08,-1.2405271446811125e-07,2.9808970244395397e-06,-1.0971203651847528e-06,4.4543407234261184e-07,-2.4981021919148946e-07,6.751764905985925e-06,-1.5037067643670175e-06,-1.8422109339188195e-07,-1.1514946669493072e-07,-5.58172415399131e-06,2.6151902360446222e-06,-3.2816903054671867e-07,-1.0443879874632004e-07,-7.688681391058101e-06,3.6007203123233727e-06,9.21029784436736e-08,2.7666259920704863e-08,2.2892582040914476e-06,-1.6583863727515746e-06,50mV,1,34
149.6011,0.04977,-0.0003437069286652511,0.0005135672357584071,0.0055446021528333615,0.049460163751807285,5.6690076472940235e-06,-5.767339684052779e-06,6.370590156752552e-06,-9.053176507879016e-06,1.4922162791727361e-05,5.337109401874589e-05,-3.839810792712074e-05,5.027087272498111e-06,1.136895121626496e-06,-6.898561378614599e-07,-1.539062103426345e-06,-7.380844663577229e-07,3.2781028434070106e-06,4.5774115538372915e-06,-7.153931887785774e-06,4.002113896081299e-05,7.859590204925235e-08,-1.571815510501775e-07,2.388695095195806e-06,-9.334869066979861e-07,5.280618199183857e-07,3.48406095167974e-07,5.941906670658207e-06,3.339974686760833e-06,1.454157361529716e-07,-1.4060829392437954e-07,-4.2836782920780543e-07,-5.431463962989168e-06,2.5333470455396614e-07,2.6727641959940456e-09,5.083434844123915e-06,-4.115582437374828e-06,-5.522425516408399e-08,-1.427064123266815e-07,-3.474766916924519e-06,-1.2297028866572304e-06,50mV,1,33
119.1737,0.0495052,-7.278117516231662e-05,-0.000550606372840435,-0.03660979068332614,-0.03332394281095644,-3.7222542903398105e-06,-6.338549380730037e-06,-9.508376498267858e-06,-5.008304748622844e-06,-3.700488659731412e-05,3.815945938847028e-05,-3.402067500983777e-05,-1.861569086908147e-05,-1.2705824974445776e-06,3.720549500084544e-07,1.1733553150314275e-06,1.7556135551647254e-06,5.056918339829419e-06,3.1830853696850682e-06,3.182532942512266e-05,2.3175424753389095e-05,1.6028232477111507e-07,1.4807456813566758e-07,1.7489844290911012e-06,8.676734954662212e-07,7.561605463644113e-08,-8.478140700602932e-07,-4.820479509870167e-06,-6.1805552093086675e-06,7.996508174849862e-09,-1.6085607563278721e-07,-4.02719408972651e-06,-4.704469803581749e-06,-1.0980816989508627e-07,2.546308091867942e-07,3.124528089368057e-06,7.519638676180692e-06,1.2498720027362309e-08,6.332959922595626e-08,1.6285553054202674e-06,2.568786353529255e-06,50mV,1,32
94.69697,0.0503274,0.00011769239945677282,-0.00018852240184475283,-1.1026446369127726e-06,-0.025163709585194566,3.2051824565971478e-06,4.735475331082434e-07,-5.548958593518078e-07,3.418000605501732e-08,5.307720276281523e-06,-2.524371208835975e-05,-9.837009899096033e-09,-1.2219689062380027e-06,6.590332427841036e-07,-1.0404634343421806e-08,4.4489313565500417e-07,4.992539581965421e-07,-1.2029698309109964e-07,-2.905766928938469e-06,1.676202149074439e-07,-2.2480802826307875e-07,4.469259571654809e-08,-1.623997781244651e-08,-5.909923347061663e-08,1.8187151014052051e-07,-1.0356530090068554e-07,-2.1878856081735914e-07,-3.795892832474316e-08,1.008813003359967e-06,-1.6770694597357383e-09,1.4534447304768013e-08,6.869442942336205e-08,-4.750370977369867e-07,-4.325879308662743e-08,1.577065778352085e-08,2.757654574784182e-08,9.080711687880159e-08,-5.851336235677322e-09,-7.841118145121082e-10,-3.2415310597131734e-08,-3.8993049895141576e-08,50mV,1,31
75,0.0499998,0.00010651458804229734,-0.0001677533498560892,2.0660776262794437e-06,-0.024999903879915318,2.9775824614027276e-06,5.899291333693916e-07,-5.526681415347665e-07,-9.653337807828481e-08,5.728669781956639e-06,-2.324503057716215e-05,-3.7889477180578495e-07,-8.735773951473904e-07,6.709419153481961e-07,3.469385171407082e-08,4.6038429843471756e-07,-2.025795741693068e-08,3.605273417081607e-09,-2.776498970502803e-06,-2.197274660402534e-07,-4.2885407560530567e-07,7.141477969602127e-08,-4.03085336731915e-09,5.697438864169452e-07,-1.9713374709982482e-07,-6.191541880921354e-08,-2.392460438805624e-07,5.24556448536088e-07,-5.602825767138e-07,1.5844616733415581e-09,1.0836722990609302e-08,-3.5902518173987745e-07,1.4319740959786792e-07,-4.524021677294671e-08,1.0030263287248661e-08,-1.8162457519427805e-07,9.54863849547601e-07,-1.742875689414257e-08,2.538917721150197e-08,-8.274766846644571e-08,-1.3905067026794705e-07,50mV,1,30
54.50581,0.0499995,0.0002030335588199155,-0.0002923455647011589,-2.796386348723675e-06,-0.0499995646918746,5.524271728019903e-06,1.5291184143159092e-06,-2.589546566683154e-07,-4.0290038411446084e-07,1.4108989993362832e-05,-4.349259131470069e-05,-2.4587892645896136e-07,-2.111376654449207e-06,1.305937836503905e-06,1.2064434929735753e-07,-1.4318912319027589e-06,8.739201209653968e-07,4.1613698111653477e-07,-5.5761998822632895e-06,3.678382733984568e-07,-2.77542394722453e-07,1.8036658803637337e-07,-4.389226132567948e-09,7.210187756500893e-07,-5.453366595536422e-07,-1.2243332945375952e-07,-5.052330984586471e-07,-3.0211755944628784e-07,1.619865625992092e-08,-2.0759583386921803e-09,1.2291924439495612e-08,4.6694669130586693e-07,2.9589612462619184e-07,-4.956416369135899e-08,6.374022939204344e-10,2.3208802403169792e-07,6.264687658017719e-07,-3.0147066722693665e-08,1.6699950773608358e-09,-5.806100184205257e-07,-2.1005512915709793e-07,50mV,1,29
45.95588,0.0499946,0.0002209995953337818,-0.00028365257070994676,-0.002519388315737301,-0.049931085819534066,5.248058141618908e-06,-1.870781362441793e-07,2.3027451610882354e-07,-4.803742071388612e-07,7.43014547418677e-06,-4.3435138888729294e-05,-1.0016462551617723e-06,-5.293232321247618e-07,1.308147545195113e-06,-3.8390208218549676e-08,-9.24411412132326e-07,6.197893688554231e-07,-9.477563215423309e-07,-5.47344842812212e-06,-6.292239410834045e-07,-7.782929886155504e-07,1.5701913746137372e-07,-6.54296842689934e-08,8.030126682877901e-07,-1.4318912319027589e-06,-3.3080642835510993e-07,-4.5439488302719835e-07,3.44907573882619e-07,5.259506642348057e-07,1.4781879435466026e-09,1.57109293575975e-08,-2.738208033447206e-07,-1.1289920984923907e-07,-5.5460196809587716e-08,7.23370016182969e-09,-4.835003925097478e-07,-1.3002135861393308e-07,-3.115224110923726e-09,2.590703349183001e-08,5.174205257741355e-07,7.026798507945815e-07,50mV,1,28
37.5,0.0500012,0.00020485767334450764,-0.0002542501868647336,-0.0018270810585101186,-0.04996783327506886,4.923230964011337e-06,3.3474987448543963e-07,2.3229639956127886e-07,-1.6790825043534286e-07,1.029171822930108e-05,-4.038684574920791e-05,-8.740687238748806e-07,-1.0052117306204708e-06,1.2882601669742414e-06,8.272093099128209e-08,-5.117869839513353e-07,-7.224465789209133e-07,-2.664542974808406e-07,-5.417100856496317e-06,2.3807931769160463e-07,-5.12917581403192e-07,1.7478729456194238e-07,-4.314119239008135e-08,1.6642144794246358e-07,-8.48905113726577e-08,-2.388394574813802e-07,-5.179518502289365e-07,-4.74301375228249e-07,-3.9442968681758425e-07,4.732967311717913e-09,1.4313697406516338e-08,-6.160015967023889e-07,-2.9722482246221516e-07,-5.4196486506172795e-08,2.3863395457309785e-09,9.134475005191594e-07,5.341619417313344e-07,-6.453287399666664e-09,2.6458344761742938e-08,1.7915500476098404e-07,4.268989253553249e-07,50mV,1,27
30.04808,0.0500004,0.00018722419798866815,-0.00022581786513496078,-0.0012195492752211299,-0.04998555513877234,4.56304844734444e-06,8.216924407089166e-07,-9.347731781271383e-08,-1.0584504630886133e-06,1.2448393911920049e-05,-3.69706361126004e-05,4.4003122410717386e-07,-8.667334853889813e-07,1.2396465757676662e-06,2.1137067922640857e-07,-7.592402173673479e-07,-3.7506689344000533e-07,3.3875298275043197e-07,-5.217122219941996e-06,-7.796345027619827e-07,2.015378070068368e-07,1.9040407928075096e-07,-7.709200745964657e-09,-5.575918144405161e-07,-6.05306717122377e-07,-1.5285659871431072e-07,-5.463388729305395e-07,1.2142945879534373e-07,-6.405220711361164e-07,8.911573955529029e-09,2.57060715349081e-08,6.388087735023882e-07,7.557826861782147e-08,-4.3264902931158624e-08,-1.9141601537588964e-08,-4.6347137196176965e-07,7.343542571160946e-07,-2.01807943894337e-09,3.1403374501993044e-08,4.3385740850937334e-07,4.462668010628936e-08,50mV,1,26
23.91582,0.0499991,0.0001725296351921352,-0.00020001178218468862,-0.0007214533148642153,-0.04999392993471202,4.168615445963819e-06,1.0595553174342175e-06,3.770167403891273e-08,2.2157190988480467e-07,1.3735549224548687e-05,-3.353122453473521e-05,-1.141314539008912e-06,-1.0392882007747617e-06,1.1700407519946155e-06,3.001920192927692e-07,-7.472937587846356e-08,4.204343120937615e-07,8.215563226535381e-07,-4.937594070504189e-06,-6.073479355258803e-07,-6.476259531220462e-07,1.9837670823862927e-07,1.4291832339016835e-08,6.239246177001497e-07,-3.7287132688442116e-07,-6.972164565410044e-08,-5.590656901375518e-07,2.1651709076823193e-07,8.339102515189091e-07,1.717939126833975e-08,2.5264892146164975e-08,-5.963430338164919e-08,-7.873852769672637e-08,-3.5085677259195814e-08,-2.556539043108235e-08,-1.77055891989771e-07,2.1760912880342688e-07,-1.7182285986725233e-09,2.7139156009504112e-08,5.568507886309195e-07,-2.2041954680233974e-07,50mV,1,25
18.8253,0.0499994,0.0001563744549507138,-0.00017633475355839529,-0.00030738705176221144,-0.049998448788985544,3.7664484641639696e-06,1.2595339539885378e-06,1.343328317267835e-08,-5.276595424511513e-07,1.4482430762176977e-05,-3.01426362567678e-05,-1.2274931779660225e-06,-9.879931280714057e-07,1.0904912391111289e-06,3.6912531822565083e-07,-2.757938522351002e-07,-5.890887811541253e-10,1.2009766736715269e-06,-4.599508640749371e-06,-1.1915798874621652e-07,-6.329809982856309e-08,1.9951260899134473e-07,3.466499291856364e-08,7.815946248565186e-07,4.2766425796052476e-07,7.309265569942929e-09,-5.586851783009258e-07,2.546998625833944e-07,5.6047029146711816e-08,2.1839202859272186e-08,2.216019619230051e-08,3.935317716909119e-08,6.063754427308797e-08,-2.4808929806277674e-08,-3.610581137357889e-08,8.872343892279667e-09,-1.0523722173917076e-07,-3.3827579615856563e-10,2.3463062533723636e-08,-6.554319700446075e-08,-1.8111004452553025e-07,50mV,1,24
15.02404,0.0500003,0.00014184230574298463,-0.00015672358892392465,3.8581513748491e-06,-0.050000293895742697,3.411790219225092e-06,1.3810679320049758e-06,-3.9739058597836835e-08,-1.9721572729226859e-07,1.4725498718209854e-05,-2.717057806709309e-05,-1.0968111164534181e-07,-1.1656213346121996e-06,1.009956085665929e-06,4.116374617940625e-07,-1.0639747348166333e-06,-3.287153810206198e-07,1.4606174448884622e-06,-4.262528065340157e-06,-5.559634801059649e-07,-5.846667121212799e-07,1.9349954970082962e-07,5.14520062146056e-08,-1.1871814623123157e-08,-4.5772712373354e-07,6.599722584924324e-08,-5.453910183874459e-07,-3.973340174358734e-07,3.205684060470052e-07,2.3642645559058108e-08,2.3855197438065403e-08,4.3511009236641915e-07,2.066749377721571e-07,-1.5819856947530593e-08,-3.697528754939539e-08,4.3940863868342596e-07,7.511240678299757e-07,-3.9551266504714526e-10,2.167601587242648e-08,4.75561793065714e-07,3.922018585151084e-07,50mV,1,23
11.95791,0.0500006,0.00012839180893960177,-0.00013917518735269662,0.00025287574805880225,-0.049999940342352105,3.074809643815878e-06,1.4374155036307787e-06,3.0411126911293023e-07,1.1371757546302793e-07,1.4590706488046166e-05,-2.4391869387899078e-05,-2.1705990570822713e-07,-6.602012947982761e-07,9.278325936134887e-07,4.408036277801856e-07,-1.3991499782251305e-07,-1.2266358109938336e-07,1.6340795771482872e-06,-3.908974674746883e-06,7.271514906662332e-08,-2.637194515191671e-07,1.8678534984259421e-07,6.47312616429633e-08,2.3329452497709747e-07,-1.3206202459026363e-07,1.1234921335599743e-07,-5.200625639707784e-07,2.6348212880573137e-07,4.654469620171441e-07,2.3277038207554296e-08,2.249718781625318e-08,5.606631990358606e-08,3.144961265635657e-07,-4.173462441977983e-09,-4.567230321042551e-08,3.873630384231012e-07,-1.0986632942783886e-07,-9.958557135364616e-10,1.9765744805964106e-08,-1.2830297865021521e-07,1.6041733797214787e-08,50mV,1,22
9.52744,0.0499999,0.00011605500531658773,-0.00012373042845549857,0.00045035851864640337,-0.04999787426472583,2.7632407183555554e-06,1.4473591927412147e-06,2.6133672263743756e-07,1.057947864846798e-07,1.4195168632319943e-05,-2.1868382062539586e-05,-2.34982079504573e-07,-5.857227319048082e-07,8.467099891127312e-07,4.539497372113545e-07,-4.0330719148451225e-08,-7.310101944682551e-08,1.7368310312894575e-06,-3.5686795363008573e-06,-4.460225177670806e-07,-8.112446065605817e-08,1.7641839103235753e-07,7.460564324029938e-08,-2.8806182343238312e-08,5.8317847331775137e-08,1.5068036710977455e-07,-4.909358412847934e-07,-4.5413855681901825e-08,6.404924610396542e-07,2.494671619171794e-08,2.395399351364931e-08,2.2027801496066784e-08,-1.0779551197641679e-07,5.963235883800092e-10,-4.547961661255217e-08,7.325793086098819e-08,-1.1401566516547189e-07,-9.738292268170663e-10,1.8383052738071095e-08,1.8599250636418883e-07,3.172550583499734e-07,50mV,1,21
7.524077,0.0499995,0.00010421759585778668,-0.00010955846176443632,0.0006141100860627149,-0.04999577504146918,2.4693494624248966e-06,1.4285766688659468e-06,4.436738183991956e-07,-2.9993138415264127e-07,1.3607386120458625e-05,-1.9490735510799823e-05,4.213398507154185e-08,-1.0982252195303568e-06,7.67474807290569e-07,4.575237200485143e-07,-4.731901127274405e-07,-1.5508785206525794e-07,1.7865494768416366e-06,-3.2272795435092273e-06,1.8445675882379927e-07,-7.213802839919709e-07,1.6456993303010045e-07,8.224337979748168e-08,1.7028004125905092e-07,-1.8045022551033556e-08,1.810140326828973e-07,-4.5877253691535045e-07,4.599264467938993e-08,2.2222399491958015e-07,2.3218193665107428e-08,2.308515815335325e-08,1.0361014693857361e-07,5.429004557215854e-08,9.233931783674174e-09,-4.6770738352281524e-08,9.747487970889126e-08,2.300545396086138e-07,2.839329827428611e-10,1.7203753306660318e-08,4.7184462110536397e-07,1.1938183223663586e-07,50mV,1,20
5.98659,0.0499998,9.378556112659389e-05,-9.743489503012384e-05,0.0007388669242052797,-0.04999439397353717,2.211918399899169e-06,1.3843824950417877e-06,3.006152889925701e-07,-5.362252572217498e-07,1.2908013319691305e-05,-1.741471419540994e-05,-8.659346756971096e-08,-8.245537924931617e-07,6.936847896252813e-07,4.507949361129169e-07,-3.9031631408890065e-07,1.6139579698061475e-07,1.7876543311872405e-06,-2.915710618048905e-06,-1.0669708788310422e-07,-1.8326064350924842e-08,1.5304232472980675e-07,8.677453109986855e-08,4.185075566004627e-07,1.1622029152669008e-07,1.9823970629977438e-07,-4.2269550699747457e-07,2.088821052983702e-09,2.9212304703595426e-07,2.3583005521482407e-08,2.3800849652805143e-08,3.598585733727666e-07,-2.759564867947731e-07,1.2340792147201678e-08,-4.445908475060469e-08,8.107300758918339e-08,1.0626618363977522e-07,5.567723439723817e-10,1.5596378059045278e-08,2.3224237218377883e-07,1.0814535305640882e-08,50mV,1,19
4.76372,0.0500005,8.429707200654691e-05,-8.669571079085315e-05,0.0008384761725875521,-0.04999347694443032,1.981003841667937e-06,1.3247203603791728e-06,5.0221739852232106e-08,5.0787347937377155e-08,1.2134615277768519e-05,-1.5548615205684817e-05,-9.496418659685385e-08,-8.166277883886679e-07,6.254693145607385e-07,4.376434128954545e-07,-3.1521903276189435e-07,3.712672993454733e-08,1.757823263855933e-06,-2.626238779500662e-06,3.5548544938743146e-08,-5.034129614096992e-07,1.406243143123908e-07,8.887123528860813e-08,1.5710918309054042e-07,8.63439362157563e-09,2.0907667014863102e-07,-3.870826263901869e-07,5.492930324798155e-08,5.804278279389356e-07,2.222249892884912e-08,2.301999384404953e-08,-2.1768503229696987e-07,-1.4711522310737963e-07,1.7893646457142356e-08,-4.3550121080476294e-08,1.887887822274779e-07,-1.0223518885109981e-08,1.0027691186332096e-09,1.3676130157842104e-08,3.77214840773294e-07,-1.5378810141308941e-07,50mV,1,18
3.76506,0.0500001,7.543503530045738e-05,-7.690780614314749e-05,0.0009200453592148027,-0.04999162078912971,1.765557244275161e-06,1.249590264878102e-06,7.125400129164897e-08,-1.6263820569224644e-07,1.1300450246837513e-05,-1.3826147280888212e-05,-7.955013160192015e-08,-5.490191390875402e-07,5.610902252404366e-07,4.192958701760511e-07,-2.6650213767400527e-07,-1.0785789205276959e-07,1.699265983538922e-06,-2.3522349017908746e-06,1.3001108346851896e-07,-4.2751002029387847e-07,1.2798588545302686e-07,8.897204219910104e-08,1.7353162759816344e-07,1.1308250518517478e-07,2.1511514108909504e-07,-3.522769523677975e-07,-6.80127342921244e-08,4.996584453724677e-07,2.089335915108753e-08,2.2454463098708676e-08,1.4796673435153662e-07,5.631713288858162e-09,2.0748335969683552e-08,-4.096964536797055e-08,-1.657512432964202e-07,5.223209967386274e-08,7.557345145287465e-10,1.2477098027818841e-08,3.690550494892704e-08,8.613556068617537e-08,50mV,1,17
3.008665,0.05,6.779386264626024e-05,-6.864239078368411e-05,0.0009815437617998115,-0.049990361255175725,1.5799417142136922e-06,1.1722504606858234e-06,-7.129259385394092e-08,3.247222164447379e-08,1.0496116283237816e-05,-1.236000556427173e-05,1.73174096731926e-07,-1.320300942996757e-06,5.049358926396797e-07,3.9755962869324575e-07,-2.6042090887036644e-07,-3.753823293556753e-07,1.6241358880378514e-06,-2.112481508794811e-06,-4.125937132301828e-08,-2.235610896486301e-07,1.1626128162291198e-07,8.687606721422954e-08,3.2187909475719517e-07,-8.660632807429379e-08,2.151412156516513e-07,-3.1971556897763343e-07,2.450801167670897e-07,4.679300116734545e-07,1.9977401752951462e-08,2.1395625936599103e-08,-1.7085500746050323e-07,9.448055870415262e-08,2.262758272612136e-08,-3.709861139145171e-08,1.2730750488482601e-07,9.707421532900141e-08,1.4387976764171295e-09,1.0821891425873914e-08,2.949752285291309e-07,2.649291565421689e-08,50mV,1,16
2.38186,0.0499997,6.061009969114316e-05,-6.099900842079577e-05,0.00103264217042965,-0.04998905752704791,1.4097941449906793e-06,1.0882815304199208e-06,-1.3395718124927815e-07,-1.499919323670287e-07,9.66747552403483e-06,-1.0993300738759607e-05,-4.0858066127608004e-08,-1.1755650237226352e-06,4.5109015319406226e-07,3.7363765385853207e-07,-5.958118198471255e-07,-4.262212076997315e-08,1.535747540389533e-06,-1.8859863679459948e-06,1.3568583635841014e-07,-9.365834819724105e-08,1.0553569814063569e-07,8.392596248040199e-08,3.722075303935823e-07,3.1026188276947305e-08,2.1121820932671522e-07,-2.877890348944535e-07,-1.164325340464806e-07,4.2104341829449295e-07,1.8316739380247944e-08,2.0040433693368172e-08,-5.622839098754271e-08,2.3023330504173253e-10,2.3515554163683284e-08,-3.495761359199686e-08,-7.767739243757794e-08,9.54375061985106e-09,9.579925760834826e-10,9.691343692462913e-09,2.991824033917563e-07,7.383415659639449e-08,50mV,1,15
1.890121,0.0500002,5.421299303009612e-05,-5.4296961960362024e-05,0.0010730610569548804,-0.04998871502220077,1.2584290996429339e-06,1.0049006036367488e-06,6.457723389864265e-08,-5.7039519805367875e-08,8.870875540854359e-06,-9.787904647705664e-06,-1.2714022993690158e-07,-7.54642586978986e-07,4.037537736110054e-07,3.4877412215049466e-07,-3.868435359097982e-07,-3.044964213378078e-08,1.4418349210131947e-06,-1.6849028770460702e-06,1.4999381061941623e-07,5.961917792565787e-08,9.508130115748788e-08,7.978899006289626e-08,1.787613451576453e-07,-1.7333485303921136e-07,2.0470398810503416e-07,-2.5879235356494616e-07,-1.706003385338415e-07,7.975250777240442e-07,1.695792321476343e-08,1.9653635235515673e-08,1.0216443397880735e-08,-1.0283134615890081e-07,2.511907346963216e-08,-3.2205056815163294e-08,1.6328045752334604e-07,-1.9074194373963664e-07,1.157035511492511e-09,8.566023024960964e-09,2.683645906443899e-07,-5.662326593066157e-08,50mV,1,14
1.502404,0.0499998,4.850310577201474e-05,-4.839372519179995e-05,0.0011042544096943176,-0.049987632264942086,1.1258465781704561e-06,9.261547618042545e-07,4.7608140606445153e-08,1.0208244273782007e-07,8.115155168461238e-06,-8.722825058543426e-06,1.7447572563648203e-08,-9.383716887307706e-07,3.6164468090787e-07,3.2405090694434893e-07,-3.3561585932152407e-07,-4.685892782614764e-08,1.3435028842544405e-06,-1.5048116187126215e-06,1.883025358299776e-08,-3.321871648308112e-07,8.52923689952408e-08,7.59010739119766e-08,2.119857516406063e-07,1.8732694944280928e-07,1.9568528305273795e-07,-2.3260321761305304e-07,-6.346081172804019e-08,6.37360419940736e-07,1.56120559422094e-08,1.908631462613494e-08,-9.718805952077246e-08,9.063797472703307e-08,2.464067153798564e-08,-2.9382927360187045e-08,-4.9213350339542816e-08,1.2287063080374956e-07,1.3049500967189351e-09,7.89843467400798e-09,2.5418400608943195e-07,-6.513867668290476e-08,50mV,1,13
1.195791,0.0500003,4.340088840401556e-05,-4.317660297185795e-05,0.0011292318518853867,-0.049987554925137886,1.00738221698241e-06,8.50388491170985e-07,1.9750542010168597e-07,4.8615889303614e-08,7.4047338242378785e-06,-7.779279447397628e-06,-5.681233965482478e-09,-1.0650795891622372e-06,3.234804706457136e-07,2.9946845018183315e-07,-3.419530828770393e-07,3.8188826416976436e-08,1.2462757018412902e-06,-1.3435028842544405e-06,-1.0892609837972989e-07,-3.8946358750496344e-07,7.680713181517604e-08,7.08898412993379e-08,1.6650630075620597e-07,3.964772028908576e-09,1.859984725776551e-07,-2.0887624957033847e-07,-3.5673316139992205e-08,6.509274788775801e-07,1.4373182764483656e-08,1.7300262333748825e-08,4.9500170527661604e-08,1.1294163625611025e-07,2.447017041537203e-08,-2.6757793435031986e-08,6.034042684246815e-08,-1.984380276548103e-08,1.1824383226066377e-09,6.870302519017085e-09,6.787767689691777e-08,1.0904506909566452e-07,50mV,1,12
0.9486946,0.0499965,3.87759681133173e-05,-3.844893122701853e-05,0.0011461747932752237,-0.0499833564786246,9.002167592451172e-07,7.961251167827295e-07,-2.324611333442084e-07,2.394651364972957e-07,6.723038693000221e-06,-6.917493057826522e-06,-7.02362315655655e-07,-4.817872053614542e-07,2.885088475006145e-07,2.8473035612408345e-07,-3.740662268591918e-07,-8.342680033560156e-08,1.1457339563913278e-06,-1.189928130215487e-06,-1.7733111120726096e-07,-1.510543603057615e-07,6.796996538040607e-08,7.245818204292274e-08,1.6280194510626496e-07,2.8494270912930854e-08,1.7294715964933894e-07,-1.8180499790891516e-07,-1.788475237966024e-07,6.017084274896139e-07,1.2180941820479695e-08,2.045063296626056e-08,1.0322556923795577e-07,-8.482619780120011e-10,2.217270314349275e-08,-2.024610232980235e-08,1.728100472250495e-07,1.269820147946111e-07,4.307630429436403e-10,9.599701548766791e-09,3.1305175047755766e-07,2.831889738265313e-07,50mV,1,11
0.7515633,0.0500005,3.460293324997107e-05,-3.425269442241461e-05,0.0011629597404936394,-0.049987013546508544,8.04771485920557e-07,7.245671258664309e-07,1.1238346384071115e-07,1.0334115909959286e-07,6.093271716005953e-06,-6.157353268050985e-06,-5.858423876304371e-07,-1.3253214011431812e-07,2.5747625106846266e-07,2.5993996577372496e-07,-3.7710048834852407e-07,-1.7631022579192288e-07,1.0518213370149896e-06,-1.0606601717798214e-06,1.0727072825934181e-07,-2.613463348702443e-07,6.073059510607473e-08,6.662086088461942e-08,2.641959751984261e-07,9.149266795170541e-08,1.6200435075417344e-07,-1.6318245694289095e-07,-6.476374436072405e-08,4.551892733016876e-07,1.1167889822451947e-08,1.839796827173675e-08,-4.680555231271151e-08,7.020122977989676e-08,2.1908786585958327e-08,-1.9036054801953417e-08,1.1353461158339593e-08,-5.7171196346276954e-08,7.432741881898938e-10,8.359664959415127e-09,-1.4728503922029897e-08,2.1896478508548295e-07,50mV,1,10
0.5978954,0.0500007,3.0935921676911456e-05,-3.0586787703700594e-05,0.001175454538288075,-0.0499868478183567,7.208489595371699e-07,6.584518684274468e-07,1.0431628144793603e-07,1.2945147474247055e-07,5.519852310637487e-06,-5.493335806342992e-06,-3.626575008864851e-07,-3.4394159972825735e-07,2.3037461591253528e-07,2.3684331713517747e-07,-3.7969479683743677e-07,-3.316839036763886e-09,9.633966396587008e-07,-9.462200215747683e-07,-7.0587752024162856e-09,-1.6693885123250993e-07,5.428643269844841e-08,6.11143883601072e-08,1.5022914459502988e-07,-2.749295246805342e-09,1.504336531344012e-07,-1.4591181575414777e-07,-7.588182734927618e-08,6.053264940151633e-07,9.97338759524566e-09,1.6681101958472355e-08,1.12626531796744e-07,7.449013071846648e-08,2.07821776582894e-08,-1.7297908993992688e-08,5.833006702083751e-09,-1.1510251038524253e-07,6.304486721255067e-10,7.329945128729599e-09,1.886627183466445e-07,2.8629969123657933e-07,50mV,1,9
0.4763719,0.0499999,2.7674391648688506e-05,-2.7344040199352915e-05,0.0011857760875847072,-0.04998586449798911,6.462496360637273e-07,5.974537438901276e-07,1.6579886251871574e-07,5.9780122058182e-08,4.995046496475596e-06,-4.905553294481674e-06,-4.879893052305021e-07,-5.230120831318028e-07,2.0634027739087366e-07,2.154220696263038e-07,-2.5831671376916366e-07,-7.586928725245358e-08,8.804330163618633e-07,-8.452478248717589e-07,1.0065955606883398e-08,-3.6744538719316e-07,4.8838804716383054e-08,5.578493559884764e-08,2.921712186854226e-07,6.192118614889758e-08,1.394751553075281e-07,-1.3096700344833554e-07,-2.4791881903725e-08,5.965287598319879e-07,9.090157087680727e-09,1.4974577081882815e-08,4.60222326787652e-08,-2.3511455154061093e-08,1.9520157782023257e-08,-1.567085629048244e-08,-1.3632643090799132e-08,3.710229055642257e-08,6.934734309889673e-10,6.291584232207102e-09,1.368872549738199e-07,3.3572910689194846e-08,50mV,1,8
0.3780242,0.0500005,2.4704543167705007e-05,-2.4404022785700724e-05,0.0011941431495439663,-0.04998626224555353,5.774775353798693e-07,5.39144171917401e-07,5.634928415003869e-09,-1.0452048062809054e-07,4.506700875718637e-06,-4.374118354246158e-06,-3.5571570103305534e-07,-6.52531506416528e-07,1.8426296737158033e-07,1.9492624811730804e-07,-2.9483756367766867e-07,9.617868668771557e-08,8.008636161001558e-07,-7.536049077775949e-07,4.007860243532785e-09,-2.053404946935366e-07,4.3790758356948836e-08,5.0557030000492547e-08,2.445168620217008e-07,1.1616681657636285e-07,1.2837203204681547e-07,-1.1704263461612313e-07,-4.1816306301550334e-08,5.945248855053659e-07,8.255279425696807e-09,1.329716511729994e-08,3.285777161691576e-08,-7.312675150453462e-08,1.8457619357855906e-08,-1.4478453286532803e-08,1.3253202962888358e-08,-5.591841305234006e-09,6.872030511213611e-10,5.289497913559476e-09,1.923245371042798e-07,8.968809830048697e-09,50mV,1,7
0.3004808,0.0500004,2.2070570407785117e-05,-2.1803195656148954e-05,0.001200614281446169,-0.049986008129054044,5.170020069480207e-07,4.866842512774747e-07,-8.874788934946489e-08,-2.533443167867729e-07,4.062549428785836e-06,-3.904555257364468e-06,-3.0192211071255045e-07,-8.577916781991391e-07,1.648907827320638e-07,1.7610593822342073e-07,-2.9965185600320345e-07,-1.4874808734474776e-08,7.274899075522917e-07,-6.725900265755336e-07,-1.3862496988858585e-07,-2.3635673928137348e-07,3.909075216492333e-08,4.572710398596746e-08,1.2110916152055313e-07,3.605081172425471e-08,1.1785845906491711e-07,-1.0483603807773849e-07,-1.0738006464538278e-07,5.203055214413766e-07,7.455693021220171e-09,1.1805876915777511e-08,2.2615606105015015e-08,-2.5486382296828205e-07,1.727376792654124e-08,-1.341372725076116e-08,4.415592376671441e-09,-1.2375108923176138e-07,7.1951937781767e-10,4.400740924557833e-09,1.1671670258416995e-07,3.0754162088516145e-08,50mV,1,6
0.238186,0.0499867,1.830854136100356e-05,-2.0748059756097154e-05,-0.0022091209086961,-0.04993782543104225,5.156023774630096e-07,3.720388191350086e-07,6.254629064055341e-08,1.955761234433923e-07,2.8659921724967257e-06,-4.148728067742947e-06,-5.069764481305756e-07,-8.355573683773354e-07,1.8271064701600674e-07,1.1291279955769e-07,-2.384240322474331e-07,8.64699779995028e-08,4.14296183291324e-07,-7.851091665298849e-07,-1.8623435898044154e-07,-1.8238725614904845e-07,4.6815043011540245e-08,2.35339720856245e-08,-4.384981282172138e-08,-7.93507606352559e-08,4.877094456247606e-08,-1.3219118206326473e-07,2.3628370840912904e-07,5.705516454290162e-07,9.61427126302227e-09,5.4568977100249726e-09,4.1694098362383076e-08,-9.036981552881154e-09,3.795754725681115e-09,-1.8528992948581925e-08,4.4240809726087165e-08,-1.0915891328743554e-07,1.2925304290200008e-09,2.502460842308302e-09,1.5908477314591492e-07,2.922291130531322e-09,50mV,1,5
0.1890121,0.0500041,1.6601541397045412e-05,-1.830191223492994e-05,-0.0015024560692477938,-0.04998150032332398,4.520065193883062e-07,3.4869269438522366e-07,4.2268777301705533e-07,-1.38541995327231e-07,2.738933922752268e-06,-3.5951960405953527e-06,-4.865616124451126e-07,-7.51880451114976e-07,1.5799372947963098e-07,1.117789980282312e-07,-2.026259780518222e-07,-5.179607995491358e-08,4.285702385239201e-07,-6.745547890583212e-07,-4.911302956496197e-08,-1.583362343267682e-07,4.035208703149521e-08,2.5474792374742822e-08,2.2290701587603252e-07,-1.4010017141083626e-07,5.840327466977723e-08,-1.1394141895344732e-07,2.964530817018108e-07,5.496120039293914e-07,8.393809378111672e-09,6.229433965558188e-09,7.218265346621602e-09,4.589489821543434e-08,6.596679816056532e-09,-1.6320256529198096e-08,1.0489378881438321e-07,1.1691480296833676e-07,1.3255501059927214e-09,2.6011077625555537e-09,1.752294572710531e-07,1.513623936973159e-08,50mV,1,4
0.1502404,0.050003,1.5009446285030075e-05,-1.6197164706554355e-05,-0.0009434340208568935,-0.04999413985703769,3.982796622702759e-07,3.239142364617977e-07,2.5669346176460225e-07,1.08840240148533e-07,2.572100916566067e-06,-3.130052361096077e-06,-1.6747614190077715e-07,-7.743172807383289e-07,1.372658885580584e-07,1.0756054260273718e-07,-3.2091698759304326e-07,-1.8754372186541682e-08,4.2286278194539903e-07,-5.807517712330668e-07,-1.5746936560720734e-07,-2.2940632156404796e-07,3.4793807886717614e-08,2.5875832405110152e-08,3.671643122476383e-07,2.8729008267197875e-08,6.216030977491666e-08,-9.765884900597776e-08,1.0551631899541379e-07,4.2185824837437585e-07,7.169911396186245e-09,6.512000464446406e-09,-8.57651472182682e-08,1.871707230383409e-08,7.994941491387795e-09,-1.3938842424139818e-08,4.6859557593124636e-08,5.393118888070636e-08,1.0591014432690432e-09,2.6008370732408807e-09,1.4458654296659578e-07,2.988917162134279e-08,50mV,1,3
0.1193355,0.0500022,1.3523417190192724e-05,-1.4344323968976481e-05,-0.0004975402186210758,-0.04999969727439608,3.512803737480627e-07,3.0696521837305985e-07,1.472464798036374e-07,-3.304523225373439e-08,2.3853805321589938e-06,-2.728990233641832e-06,-4.317120023410795e-07,-5.83394693313186e-07,1.1908440544679929e-07,1.0560999959537755e-07,-3.5865991689322083e-07,-8.942379504393158e-08,4.0510412659220254e-07,-4.985676226770529e-07,-1.7433419379481018e-07,-3.394205357460459e-07,2.9639651315931587e-08,2.794030799258847e-08,2.894148280640098e-07,-5.3666244808630535e-08,6.193673144954024e-08,-8.145401661026493e-08,-4.983330620994811e-08,7.036741092201906e-07,5.8142761063627265e-09,8.527556416064416e-09,2.850777223303413e-07,-4.810462900372921e-08,8.11687100725996e-09,-1.0212957582420354e-08,-1.1278087994882489e-07,5.438651040507323e-08,5.474673711591395e-10,4.026209664504576e-09,2.044240180138581e-07,-4.87168729908022e-08,50mV,1,2
0.0946587,0.0500019,1.2150083238606973e-05,-1.2716873517901815e-05,-0.0001421074707859296,-0.05000171915784853,3.100142849106232e-07,2.886931372054612e-07,2.973637026534576e-07,-2.9240113887474273e-07,2.1909261673326936e-06,-2.386485386504598e-06,-1.4222756845329674e-07,-6.835307362474425e-07,1.0368050406330166e-07,1.020785426019801e-07,-2.583115209537393e-07,-2.5389983755174258e-09,3.807258469127544e-07,-4.289412486131739e-07,-1.8585616733794128e-07,-2.79346953325128e-07,2.5214566030722717e-08,2.900008428089181e-08,1.7303002372525924e-07,-6.883206112919394e-08,5.97180955352198e-08,-6.765819758116354e-08,1.3585565247132945e-07,5.438368197794847e-07,4.464729668837833e-09,9.851704461892566e-09,-2.9866024922802386e-08,-7.602459662781511e-08,7.904764384553945e-09,-6.903855840638733e-09,5.619237273587602e-08,1.2349001214989516e-08,-1.6539978912908356e-11,5.280896622478949e-09,1.5208010708022023e-07,-7.646705764759915e-08,50mV,1,1
1500059,0.0743107,-0.0071538446042924714,0.012603548607673216,-0.020678697000280133,0.0713755352696654,4.042883021434086e-05,-1.2710244391828193e-05,0.00015291294628593652,-0.0003175307195092016,1.1918063826030138e-05,-1.0479543468053755e-05,-4.9180381485869986e-05,-0.0001643437693455553,6.99538860375464e-07,-3.220617271805235e-07,4.217229037170394e-06,9.892419449382418e-07,1.196557256289111e-06,-1.0617650261254254e-06,5.722040655883015e-06,3.359862064981705e-06,1.7447318447148716e-07,8.391941069413256e-07,-3.5487921580799857e-06,4.99062707909318e-06,5.099912641834253e-07,2.719608915393309e-07,-3.1577212284730373e-07,-6.267838702611381e-06,-2.643541903407166e-07,1.0584504630886133e-06,-7.843265981968936e-07,5.973947446680722e-06,1.9224465613509264e-06,-8.641159749588108e-07,8.286407592029855e-06,-5.113265911455222e-06,-8.941389554899497e-07,3.386719969268992e-07,-8.021242549084899e-06,1.481609677454938e-06,50mV,2,73
1191504,0.0699373,-0.012634495577893583,-0.006751753857442469,-0.06645878980066276,-0.02178217027795211,-4.422731945452734e-05,1.335879389269773e-05,-0.00020109453944338048,0.00024048480657285363,-1.9353733571944928e-05,-1.3965358928434313e-05,-0.0002058354694403672,6.610895976921418e-05,2.0705567057965222e-07,-2.586395522089491e-08,3.7156251642661867e-06,9.92652961759425e-07,-1.0683941521990493e-06,-3.448972987372048e-07,-1.9659778225677232e-05,-2.3621785909013105e-06,7.529826538101506e-07,1.922743767169894e-07,7.882057418043091e-07,4.5663630103812515e-06,3.851970819639791e-08,-3.6600675634974904e-08,-2.16772422607501e-06,4.581830971219707e-06,5.380565532995884e-07,3.734539165808581e-07,7.596978480372971e-06,-6.307108540617185e-07,1.9464749336591217e-07,3.241788490775699e-07,3.6117688557794123e-06,1.9080834548580743e-06,-6.960250921001397e-08,-1.518768138806291e-08,-1.8771475331811631e-06,9.101908318500571e-07,50mV,2,72
946464.9,0.067581,0.013445745929696764,0.004886753092936876,0.06607463194469626,0.014189058787788752,-3.369916239526701e-05,2.6283380027573096e-05,-0.000125344620654426,0.0002244367972029558,4.272803210754274e-05,2.263846554142556e-06,0.00025713385670676,-0.00017066353620241007,4.1400836873429414e-08,8.350962021734804e-07,5.056918339829419e-06,7.5085901327246525e-06,8.889630443370987e-07,1.6340795771482872e-06,2.04000306372319e-05,-7.50527556968784e-06,-6.524375937971515e-07,-2.287413097334289e-07,-8.553782343666017e-06,-5.040345524645359e-06,2.3996740328280725e-07,-2.227386360737625e-06,1.0125533772615748e-06,-9.25094543574213e-06,4.549101870939881e-08,5.374288855458508e-07,1.3556562820560842e-06,2.905766928938469e-06,3.233061246299773e-07,3.2042300721512367e-07,3.992943605012786e-06,-1.309252399540717e-06,-1.194347547597903e-06,-1.7271613460567314e-07,-4.5740969908004794e-06,3.7044153120756883e-07,50mV,2,71
751816.4,0.0665214,-0.004241617591995256,0.013751558564016487,-0.012300045118935803,0.06537438630899592,2.5034894617040595e-05,-3.111048866351688e-05,8.388827589867344e-05,-0.00020363018016654163,-7.621285275976257e-06,-7.056594219938064e-05,-0.00022377057003255662,-0.0003818641783450302,2.1433566634827141e-07,-1.1789491925832203e-07,5.176242609154649e-06,1.3026232734670932e-06,-2.826217416054982e-06,2.108062091412395e-06,1.611761519367087e-05,2.979350228355694e-05,1.2864261087605387e-07,-1.4716416815488988e-07,2.138998013089306e-06,-8.68476282633737e-07,-5.413700114820548e-07,2.0762676979089493e-07,-2.6284484881918697e-06,7.052285287990208e-06,9.5859383781836e-07,5.449095228636317e-07,3.5333241972415303e-06,2.3721222800117463e-06,3.462400282234174e-07,-2.889364261323632e-08,1.7909688942240526e-06,-9.371912623479273e-07,-3.2956037362413773e-07,-3.652865018018498e-08,7.19295202870947e-07,3.2195455630899994e-06,50mV,2,70
597246.1,0.0656564,0.012340825292832047,0.007430756458639888,0.0592854787676551,0.028213394841191407,-3.4566473056566135e-05,1.861016659735345e-05,-0.0001479676182350131,0.00012597991190314828,7.588029160173578e-05,6.59454413260648e-05,0.0005111244028002767,0.00021848936626056955,5.831205789500417e-07,3.951112714633873e-07,2.907976637629677e-06,4.658065921066382e-06,-9.33095898745077e-07,7.295353244023083e-06,3.128837021315913e-05,4.0983467095834054e-05,7.83889186361469e-07,-2.298732330105002e-07,3.427258180063548e-06,-7.876193956030971e-07,-6.623106827149033e-07,7.028316577816676e-07,-2.0550290828234037e-06,1.3490271559824604e-06,2.7220528532057844e-07,-9.716927699689719e-07,1.172209581075036e-07,-5.027087272498111e-06,-2.719480752289219e-07,-9.075361983138744e-07,1.6031436554713758e-06,-6.359541613296512e-06,8.426283257037664e-08,8.427311876433422e-08,1.998681511197601e-06,-1.0650795891622372e-06,50mV,2,69
474433.6,0.0642908,-0.01046893134206423,0.009639965755683636,-0.04323029889305431,0.04758620924768492,3.570005361515582e-05,2.2351203411568527e-06,0.00017016745660123389,-1.780583263375375e-05,0.00012696765168811823,1.600712975911047e-05,0.0006576468715512397,-7.021570337182418e-05,-1.0540310457061975e-06,5.424966314582672e-07,-7.264417322346172e-06,3.462613519122875e-06,-6.693051841206184e-07,-1.3669257963812447e-05,-4.5207325259078076e-05,-7.015272667412475e-05,2.770517289075703e-07,-7.290140541220523e-07,2.558842664418819e-06,-2.209708691207961e-06,-5.130680625650632e-07,-9.222402628577797e-07,6.821286760828711e-07,-1.8981397657476387e-06,6.298360303908692e-08,-1.218719529607581e-07,-2.495883644388922e-07,-5.226786380902994e-07,-2.953212689101741e-07,2.2352440848435605e-07,-5.195025133029916e-06,-3.3300309976503976e-06,7.12668617962318e-07,-8.867766480725831e-07,2.5743106252572748e-06,-2.671537807670425e-06,50mV,2,68
376816.4,0.0622127,0.006209929971795241,0.012378324049321845,0.03252352003174019,0.05303429022003197,-2.0274077241833043e-05,-2.5914358676141362e-05,-0.00011190627724884477,-0.00010868231226837236,-0.00012564624589077588,5.956711718889301e-05,-0.0005535165591867558,0.0003931568946114484,7.076883765140734e-07,-1.2053960910539427e-06,2.491446549336976e-06,-5.204968822140352e-06,-3.3963222583866363e-06,-1.727550254786384e-05,-5.4446117297018554e-05,-8.493899238134281e-05,-1.9141004916242337e-07,4.7214558342910654e-07,1.5512155012279887e-06,2.1931358760239015e-06,2.3151957647088467e-07,-6.443035456193805e-07,1.6329747228026832e-06,-7.99914546217282e-06,7.62676866809349e-07,1.0141071339277976e-07,1.193242693252299e-06,-2.574497345641682e-07,-1.8525170152546133e-07,2.9282595537062747e-07,-4.578516408182895e-06,-3.741036814215078e-06,2.402658244415549e-07,-5.025827738544122e-07,2.103642674029979e-06,-2.3542965599997717e-08,50mV,2,67
299355.5,0.0610982,-0.012055673434775115,0.006397705492102364,-0.05131049647002064,0.033169627804505934,1.4681304544385694e-05,2.25379237959756e-05,8.136478857331394e-05,9.15427068050178e-05,4.8957200908057984e-05,0.00013921385725479277,0.0003203657757600214,0.0006193758218738635,7.311078635924065e-07,-1.47939996876373e-06,2.954380520145044e-06,-7.948322162275036e-06,2.408692958851238e-05,-4.099009622190768e-06,0.00011494131213621893,-5.266619694625055e-05,7.160848275989256e-07,-5.96986169531068e-08,1.0124298545457363e-06,-2.6914251858912967e-06,9.488494644318714e-07,-3.9588820503921607e-07,-6.36730321507438e-07,-3.3819591518937846e-06,7.182251514372296e-08,-8.178711914692107e-07,2.4174213081815096e-06,8.553669648522766e-07,-9.009353565114981e-07,4.020208095699255e-07,2.6361824686110976e-06,9.172701860695148e-07,1.1755020470249359e-07,-3.775416566887237e-07,-2.4770834428441245e-06,-1.5622640446840285e-06,50mV,2,66
237832,0.0591563,0.00657463355244435,-0.011480795621670451,0.024568535597761156,-0.05381311309679167,2.0329319959113242e-05,5.591197175150519e-07,8.646479623262191e-05,-1.1697092956909343e-05,-0.00012693782062078693,4.455656604951732e-05,-0.0005595490639137535,0.00027050590885160496,-2.3124601453491314e-06,7.344932477927716e-07,-7.788118282162458e-06,4.044871759256173e-06,2.5756364504719995e-05,1.1083898795099135e-05,0.00013508501656527068,2.666565963115207e-05,-9.652051757370198e-08,-2.802930401012687e-07,-2.4163164538359054e-06,-2.8030154747972987e-06,-1.1678310433034073e-06,-1.038208426622803e-06,-9.427722131038766e-06,-4.1064375579562635e-07,4.0065233697746044e-07,4.958943171024295e-07,-1.2948892930478653e-06,-1.2904698756654495e-06,1.4436535112660587e-07,-5.004939362286134e-07,1.357865990747292e-06,-5.825896964369789e-06,-7.858598045722882e-07,-4.228165990337528e-07,-2.558446021708747e-07,-1.2584290996429339e-06,50mV,2,65
188847.7,0.057074,-0.011571957153726236,0.0053623829450302795,-0.04904918003232951,0.0291824515391772,6.8777183013847796e-06,1.233238420563163e-05,4.192590785263425e-05,5.039461641168876e-05,-1.0316025024904367e-05,0.0001386978902753957,1.4295710377769905e-05,0.0006277815537352186,-5.680522439283909e-07,-1.4606174448884622e-06,-2.5080193645210357e-06,-7.596978480372971e-06,2.7408121751397947e-05,1.0279564831499434e-05,0.00013330399136015706,2.7039100399966217e-05,-4.0338729342456853e-07,-8.586966643936234e-07,-2.0251980154920967e-06,-1.2761067691725976e-06,1.4064795819538672e-06,-1.4075844362994714e-06,1.7909688942240526e-06,-7.107528005270407e-06,-5.609674759226399e-07,-5.905724900548369e-07,-1.590990257669732e-06,9.467478104956634e-07,-4.6084491221139986e-07,-2.0085533847755724e-07,-2.824007707363774e-06,-1.6299496316044195e-07,-6.563503249766734e-07,-2.2573787368033906e-07,2.6660765126401047e-08,-1.6749591879356346e-06,50mV,2,64
150058.6,0.0548409,0.003898976847773513,-0.011574200008047812,0.01118920246277865,-0.053687314381001196,1.2411933718515119e-05,-5.037030961608548e-06,4.681488833193187e-05,-4.0498436038113904e-05,-9.410044461509102e-05,6.319545885985648e-05,-0.000393981115953269,0.0003184676359942738,-3.1300413125526213e-07,1.7865008632504299e-07,9.742137161293366e-07,2.7057882923841484e-06,2.0820980142907016e-05,-1.0180127940395077e-05,8.913191462290992e-05,-5.890862399891304e-05,1.5240670202478077e-07,-4.897051440292251e-07,-1.5688931707576525e-06,-2.5400601405435515e-06,-1.7898640398784487e-06,7.112267830413047e-07,-5.4679241563941004e-06,3.389693132313012e-06,1.6777445257409021e-07,-2.4723325691580273e-07,1.6031436554713758e-06,1.6230310336922474e-06,1.9300501689573727e-07,2.0979526741501184e-07,-9.863557339312204e-07,3.255062210883785e-07,-2.446286732814759e-07,-1.3572196509551137e-08,-1.5059164730582257e-06,-5.666056581336916e-08,50mV,2,63
119238.3,0.0533391,0.011447429020433211,0.0028813905275114084,0.053045570782900585,0.005587794223766059,-1.1322547333749593e-05,4.182978552456671e-06,-3.7124210866639355e-05,3.4442729369858496e-05,5.8943979337972366e-05,7.58847110191182e-05,0.00029295433944558666,0.0003151110884923289,5.977423318451994e-07,1.2274931779660225e-06,3.592359879490187e-07,2.7875475139588433e-06,1.1410935681397911e-05,1.419185406928313e-05,5.721488228710213e-05,5.730327063475045e-05,-3.5273303624166285e-07,-2.5533007150212694e-07,-1.4031650189170554e-06,-1.7766057877312008e-06,2.9454941766433514e-07,1.8406873397762317e-06,2.1467319935085345e-06,6.443510543562415e-06,4.815504350751913e-07,8.736004866032137e-08,2.5201727623226794e-06,2.111376654449207e-06,5.099604387471828e-07,3.170788340818495e-08,1.4915533665653738e-06,9.434472791090407e-07,3.899303884659812e-07,1.2307580225572823e-07,-1.6241358880378514e-06,4.668463705312862e-08,50mV,2,62
94746.09,0.0521515,-0.011092903358015807,0.0027446990527276293,-0.047781503301813875,0.020897634937405016,-5.34859988706887e-06,9.806687171580931e-06,8.69299399121212e-06,4.485929614021282e-05,-7.274361011456608e-05,3.087184012486643e-05,-0.00031151589245173356,0.00016372173634898027,2.8044219543792526e-07,-3.464433214230085e-07,-8.783337931052157e-08,-4.53212467906533e-08,-4.70999407530977e-06,1.3448287094691652e-05,-1.2745599730887521e-05,6.053938901302451e-05,2.8651834191157437e-08,1.1216348734050138e-07,-3.220179749484376e-07,-2.365203682099574e-07,4.257489929524203e-07,1.5589494816472164e-06,4.911077566209694e-06,6.442405689216811e-06,-8.192705999833527e-08,7.32849445497382e-07,1.4915533665653738e-06,1.59872423808896e-06,-2.3136003550337947e-07,-3.419286655960015e-08,7.843214053814692e-07,-2.5356407231611352e-06,5.225139043073698e-07,-2.961238351068208e-07,6.028151600876055e-07,-1.5589494816472164e-06,50mV,2,61
75292.97,0.0512553,0.009330582232118918,-0.005961496843060112,0.036703857982310864,-0.035776200176654845,-1.2308077410028343e-06,1.221858420803442e-05,3.000121490053049e-05,3.2976587653242004e-05,2.158553935006497e-05,-5.763693664712286e-05,6.883132087678239e-05,-0.0002646479711112127,-1.9734731544483002e-07,3.747632794658334e-07,-8.909284697324937e-07,-4.2900068977696734e-07,-8.821157095302181e-06,-6.359541613296512e-06,-3.9565938970424144e-05,-2.686453341336079e-05,4.3875401248365563e-07,1.1709743539166508e-07,1.0971203651847528e-06,-2.2417494672304764e-06,-9.411772453705626e-07,1.3545514277104802e-06,-3.1576737197361766e-06,8.533894965445146e-06,-5.570722014417785e-07,-8.23952530758284e-07,-2.679271788089653e-06,-7.329601519028116e-07,-3.4169719861059746e-07,-4.810154646010498e-07,-2.100328110993167e-06,-2.8626776094599136e-06,-5.262183704427455e-08,2.9418415281767847e-07,2.9060331988357595e-07,1.0661844435078412e-06,50mV,2,60
59824.22,0.0507459,0.010034500403664052,-0.003856644353521696,0.041534513200704046,-0.0291552831708188,-9.480755139627758e-06,1.1567824998473677e-05,1.6575024892750916e-05,4.029182827548596e-05,4.122211563448452e-05,-2.1318164598428804e-05,0.00017188550510864806,-0.00011881272176321526,-2.539614884242273e-07,4.2623269818492573e-07,-5.130063012071439e-07,1.2816310409006174e-06,5.888873662069217e-06,-9.129411457725691e-06,2.1265131589839815e-05,-4.4208536930652074e-05,-4.203985148129639e-07,5.53105332399322e-07,-1.1114834716776045e-06,-4.0191805811578436e-07,-6.536621038683845e-07,-8.504383201019718e-07,-5.834735799134622e-06,-1.186613567178675e-06,2.5816998911206742e-08,-3.0408298484168275e-07,1.3987456015346393e-06,-1.821904815900964e-06,1.6573975281122593e-07,-3.6895992153011395e-07,1.3225106516879646e-06,-2.4671397537336887e-06,-5.771976757741279e-07,-1.0034573324050864e-07,-1.0428156692439715e-07,-8.649159999904627e-07,50mV,2,59
47519.53,0.05033,0.009337465474692032,-0.004540261931320703,0.03696206244287851,-0.034160162870970276,-1.2923481280529762e-05,1.5254723949754159e-05,2.177999371489127e-05,4.001892925212178e-05,2.5333205290353672e-05,-1.8093094763610785e-05,0.00010195927357537214,-9.976171828196582e-05,-9.271072567355997e-08,9.164469590966052e-07,-3.576720666228163e-08,4.740929996986681e-06,4.0581300114034205e-06,-1.1133617240651313e-05,1.603475111775057e-05,-5.503389980887987e-05,6.874792647077619e-07,9.369068728393687e-07,5.278233923506044e-07,2.6151902360446222e-06,5.798278920292727e-08,7.038914340699708e-07,-1.7346213225982493e-06,-2.0340368502569284e-06,-8.602084365947132e-07,-4.976333578424102e-07,-1.7036854009213381e-06,-2.027407724183304e-06,-1.5014970556758096e-06,2.3640723112496758e-09,-4.786229025156444e-06,1.2451708474956862e-06,-1.3102467684517605e-07,-1.514240445698006e-07,-3.922868218142853e-07,-1.6329747228026832e-06,50mV,2,58
37792.97,0.0500035,0.004529987890760931,-0.008869845816604258,0.006162059947563257,-0.049622378466828855,1.173797256769669e-05,2.3880321825884435e-05,5.062553096992e-05,-8.916174569024123e-06,-1.5839191898578664e-05,-1.0456341526796072e-05,-7.998482549565457e-05,-3.314894493115623e-05,7.067301363401312e-07,-7.075881662249271e-07,1.7224679247966056e-06,-1.1280562868616643e-06,-4.380747480319783e-06,1.093032404106018e-05,-1.3904591939426096e-05,5.012503195136139e-05,2.4241443468745094e-07,-1.391638073529369e-07,-2.8494193573126657e-06,1.8605747179971034e-06,7.419474790916926e-07,4.290931660856944e-07,2.6947397489281084e-06,2.0174640350728684e-06,-2.2666285773847872e-07,-8.546673710806401e-07,-3.562050410227233e-06,-2.7035785836929405e-06,-7.333228755844734e-07,5.474151115485924e-08,-2.788652368304447e-06,2.4174213081815096e-06,-6.852182907749179e-07,-1.2650582257165578e-06,-1.134685412935288e-06,-3.395620675877177e-10,50mV,2,57
29941.41,0.0498636,-0.0005995503154963456,0.009457078111001464,0.01702826929094804,0.04686592155415531,3.143310613243325e-05,1.568451229019411e-05,3.263187309741357e-05,-4.788880675585894e-05,8.007984296937652e-06,-4.308931947855524e-06,2.9038886765509423e-05,-3.443720509813047e-05,-7.828963642465093e-08,-3.714266193421094e-07,-1.0423319640114661e-06,-3.5974057492865606e-06,-1.1545727911561597e-05,1.8970349114020346e-06,-4.9859866908416436e-05,1.462495697275989e-05,9.03971938194956e-07,1.7858810399625462e-07,2.629553342537474e-06,-2.795281494378071e-06,6.417592870323237e-08,-4.0878649564066606e-07,-1.0387511310773635e-06,1.0706038608902572e-06,1.0960155108391487e-06,1.6326885655271717e-07,6.46450277612889e-06,-1.089386384765525e-06,-9.996243717093169e-08,1.5014970556758096e-06,-7.439907967184526e-07,5.506594058490239e-06,1.871321636216793e-08,4.383352726866717e-07,-2.1513823254491813e-07,3.904757445709713e-07,50mV,2,56
23847.66,0.0497876,-0.0033496090166545,-0.00826269078864712,-0.03786538030730087,-0.03232667918152738,4.474770585130682e-05,-1.3580869616164128e-05,-1.2185438577666301e-05,-5.578299105519938e-05,-6.039162579284343e-07,1.0904912391111289e-06,1.5197271523782752e-05,8.209067787837576e-06,-5.969861695310679e-07,-1.5846229820760164e-07,-4.0722754615901886e-07,1.8893009309828069e-06,-9.080797866519116e-06,-4.775180481700404e-06,-4.2954527248391555e-05,-1.3328962825366422e-05,-5.408503984833173e-07,-2.6057779818744217e-07,-1.6882174400828823e-06,-4.856939703275099e-06,4.606384149342065e-07,2.280419369326616e-06,4.4625067018944775e-06,4.370803791209347e-06,-7.787392392857397e-07,1.5103358904406413e-06,-9.468224986494263e-07,5.808219294840127e-06,1.0051035653800362e-06,-9.366973924554422e-07,2.8107494552165266e-06,-2.8726212985703494e-06,1.1786144217165022e-07,3.8036091352240146e-07,-1.086071821728713e-06,8.936037640449391e-07,50mV,2,55
18925.78,0.0496922,0.0077469668772060934,0.0028202965016168907,0.0486915165835706,-0.009922265984674564,-1.350352981197185e-05,-5.8788194875242205e-05,-5.705025898960714e-05,1.3066007491112675e-05,-7.964994414350201e-07,-4.987312516056369e-06,1.3699089031143755e-05,-5.519852310637487e-06,-1.027844008977561e-07,-2.9832580981760955e-07,1.4009553102258473e-06,-1.7302019052158337e-06,-5.571780464880874e-06,7.861038668972323e-06,-1.8708498634112202e-05,4.066416418995451e-05,5.162371162845591e-07,-3.038566001862685e-07,3.0614088654580474e-07,-3.464823227814083e-06,-3.951936935975694e-07,-9.722073006377197e-07,-2.8317416877830024e-07,-6.341863943766848e-06,9.197911322298793e-07,5.713284685194104e-07,4.428256217180754e-06,-8.975962657082137e-07,2.6142411661617483e-07,1.8850837019456363e-07,1.417528125409907e-06,5.405826922753774e-07,1.7925013272014053e-07,-9.224254364461028e-07,-2.7566115922819317e-06,-3.895716422599635e-06,50mV,2,54
15058.59,0.0497118,-0.007511869340422405,0.0003315745230961738,-0.03914829297924239,0.03063775463466331,-5.505378718710075e-05,-4.7889911610204535e-05,-3.168501292323096e-05,4.259765929476147e-05,9.54262698298158e-06,3.960902828990271e-06,1.502712395455974e-05,1.8964824842292325e-05,-3.9224572123262886e-08,-3.1264405922402976e-07,-1.757823263855933e-06,2.284838786709032e-06,-8.430038656958372e-06,9.008734846681442e-07,-3.60834380730804e-05,1.011715124269565e-05,-7.79346356748649e-07,3.9303790179842695e-07,-2.2678626996888266e-07,2.342291212680439e-06,2.4207690168486896e-07,-1.8760426788355592e-06,-3.299095075973486e-06,-3.5532115754624015e-06,-6.662207622439958e-07,-6.082534741475373e-07,-3.834949433591417e-06,1.1744601693770313e-06,1.2241786149292104e-06,3.9532218815796314e-07,1.0317129879249972e-05,-1.2716873517901818e-06,-2.665768258277681e-07,-2.712329030110124e-07,-2.1378003509786719e-07,-2.342291212680439e-06,50mV,2,53
11863.43,0.0496951,-0.0013521340064022987,0.0065698351700213915,0.02316012252070248,0.0439683084502874,1.588449092674843e-05,8.399986618757943e-05,4.696956794031642e-05,-1.7382673419387427e-05,-1.5065793856655878e-05,6.300984332979502e-06,-2.636624410349339e-05,6.624706656241468e-06,-2.788293290642126e-07,2.058080690525962e-07,-9.016709685348012e-07,-2.0881747131915233e-06,-6.520850347754694e-06,6.018141620504881e-06,-2.0676244223632894e-05,3.541279148529879e-05,7.619719697368538e-07,-4.926994097912464e-08,1.1236368694792482e-06,3.2285147706676125e-07,8.139783476679096e-07,1.4517786101236305e-06,4.2470601045017015e-06,5.534215417130339e-06,1.041055967727728e-06,-1.3423980299088365e-06,4.196236804603918e-06,-3.823900890135377e-06,1.0111590510774226e-06,-6.079010256112896e-07,7.688681391058101e-06,2.8992427640276776e-07,4.564176503631301e-07,-7.701717567481882e-07,1.3888019124242035e-06,-2.2395397585392685e-06,50mV,2,52
9432.87,0.0497296,0.00540717263534672,-0.0024277969953410763,0.019621152517754915,-0.045695173695379517,-8.84060253178481e-05,-2.8954917835243522e-05,-4.543161069123569e-06,4.001450983473936e-05,-1.8883065620717632e-05,1.3157710401797804e-05,-2.767770621172532e-05,2.1998754875320857e-05,2.841027988557804e-07,-7.873003136680867e-07,1.3821727863505798e-06,1.872728115798747e-06,-7.728456147499844e-06,-4.708889220964165e-06,-3.9514010816180764e-05,-1.1792110430631285e-05,5.716963850164966e-07,-3.321456223074165e-07,1.314776671268737e-06,-2.447252375512817e-06,-5.173383246108226e-07,-1.6705397705532186e-06,-2.7168368358401884e-06,-6.618077530167844e-06,1.0949106564935447e-06,-2.233289597506187e-07,4.62712999938947e-06,-1.0938058021479408e-06,5.073828135588888e-07,-1.195452401943507e-06,1.1623067715753875e-06,-6.370590156752552e-06,7.020836713896937e-07,1.6947228224697985e-08,2.4218407255639254e-06,2.103642674029979e-06,50mV,2,51
7558.594,0.0500821,-0.0052386469923030535,0.00015896975780853754,-0.03413581188119316,0.03664651604177401,-3.0535964403802814e-05,-9.427280189300524e-05,-4.172371950738872e-05,2.3347782031303317e-05,2.332347523570003e-05,1.8432285047711206e-05,4.150053892957672e-05,7.5461551804751875e-06,1.3191960886511528e-06,5.640588583816399e-07,-1.3744388059313517e-06,1.4179291875373612e-08,-6.05349695956421e-06,6.815846458030956e-06,-1.5717657920562227e-05,3.970957003535266e-05,1.2770613633271992e-07,6.021772171884537e-07,1.5070213274038296e-06,2.4152115994903016e-06,-1.4142135623730952e-06,-6.495951350222162e-07,-6.864460049237531e-06,-1.4064795819538672e-06,-1.1501533737737438e-06,4.344618743218533e-07,-4.571887282109271e-06,3.990733896321578e-06,4.3781378143554665e-07,-1.3280349234159846e-06,-9.226209956652748e-07,-6.107634822498804e-06,-2.686501954927285e-07,-3.4296015761305734e-07,-2.843895085584646e-06,-1.8362679223938157e-06,50mV,2,50
5960.648,0.0497405,0.0003720817979690525,-0.004469841829894942,-0.033611702125269004,-0.03666566316758333,-1.1351273546735295e-05,9.52837436192329e-05,3.3490344923947856e-05,-6.576093065034893e-06,3.358867696070661e-05,-1.0510479389730667e-05,2.2294855839942725e-05,-4.0442088466488106e-05,4.348875747012145e-07,2.0263028698377005e-06,-2.0373514132937404e-06,4.709828347157929e-07,-3.0681805177422538e-06,-8.928327966825767e-06,-2.9680807140305334e-05,-2.937255277788182e-05,3.5654787732616425e-07,-4.3820489987389043e-07,4.932395730808123e-07,-1.6064582185081878e-06,-1.435205794939571e-06,6.014106692434736e-07,-6.896500825260047e-06,5.248058141618908e-06,-1.2959941473934693e-06,-3.631642975748137e-07,-6.749555197294718e-06,1.69894226121566e-07,8.418385758175288e-07,1.6661203531708028e-06,5.2867280437150465e-06,6.649013451844755e-06,-5.547209609088988e-08,3.8933873896391025e-07,7.809102780748516e-07,2.4671397537336887e-06,50mV,2,49
4746.094,0.0498189,0.001591615605229344,0.003537832002971594,0.04756084179190985,0.014828559531567793,5.863020070382083e-05,6.95594198905354e-05,9.583506593768928e-06,-2.2747846121640354e-05,-1.3214057973423607e-06,4.050727487287874e-05,4.1598870966335475e-05,2.967970228595973e-05,2.4770834428441245e-06,-1.2772116235182016e-06,2.046190248058572e-06,-3.6546140024475895e-07,3.174246534920236e-06,-8.917279423369728e-06,-9.814421152000158e-06,-4.242530201684725e-05,-5.496700087825356e-07,3.9061981757763805e-07,-7.469130259771406e-07,4.260318356648949e-06,-9.638365926591201e-07,1.1379999759720999e-06,-1.821904815900964e-06,7.801376534309707e-06,9.535107344305399e-07,-6.640792230659116e-07,2.4936562580281845e-06,-4.4514581584384375e-06,1.5876756946329202e-06,-8.661610603525237e-07,6.885452281804007e-06,-7.2080697507203696e-06,-5.727306391694163e-07,8.890350808404322e-08,-3.0063086743884313e-06,2.17324849780303e-06,50mV,2,48
3761.574,0.0498828,-0.0029547141861574165,0.0015632893495167491,-0.011310504421382508,0.04858362755672236,-4.959138730243467e-05,-6.712874033020666e-05,-5.810429003531334e-06,1.5167440456451445e-05,4.471235051224749e-05,6.692102771323311e-06,2.512991209076254e-05,-4.61597097049887e-05,2.8008057661060908e-06,-8.316614309838666e-07,2.212298469794057e-09,6.105170997308108e-08,8.902916316876875e-06,1.4097941449906793e-06,3.476755654746606e-05,-2.3070463590556718e-05,1.1607621852002333e-07,-5.154706788250136e-07,-1.6683300618620109e-06,-3.1919242044498994e-06,1.4451494840500068e-06,1.6289331656064638e-07,7.519638676180692e-06,-2.158885391310178e-06,7.245481223716866e-07,-1.147943665082536e-06,4.019487730665921e-07,-5.815953275259354e-06,1.4506737557780264e-06,8.0388605564799e-07,8.439982346068807e-06,1.8451067571586475e-06,2.5609927109753645e-07,-5.199094311584776e-07,2.183487183023742e-08,-3.54989701242559e-06,50mV,2,47
2993.223,0.0499161,5.928758903945521e-05,0.002891586123412642,0.038338445792458126,0.03196529237362378,-3.470789441280344e-05,6.627247821236357e-05,8.493015354657798e-06,-5.335341634921622e-06,-4.7390517445991544e-05,-1.3975302617544751e-05,-2.0411079180687938e-05,4.680163007978462e-05,-1.3026232734670932e-06,3.0924873133455412e-06,-8.93789048118697e-07,1.648442683641139e-06,4.229382434972037e-06,7.485388191466969e-06,4.372019130989511e-05,7.537316345710356e-06,1.3169985333577465e-07,-3.6881529609627437e-07,-1.584361131596108e-06,-1.6849028770460702e-06,6.884477800271184e-07,-1.0024398720382195e-06,-6.244443411843218e-07,-5.557417358388022e-06,-9.067663358058576e-07,6.363662720005615e-07,-3.184190224030672e-06,5.656854249492381e-06,-1.3247203603791728e-06,-6.782237893692029e-08,-6.191603752764707e-06,3.7752872989288017e-06,3.619640942991841e-07,3.8274043832652866e-07,2.563262081801235e-06,4.7419320998781436e-07,50mV,2,46
2372.685,0.0499179,0.0013707784234843659,0.002097005813975936,0.0493957175978282,0.007201309146979618,2.882785958549906e-05,5.863020070382083e-05,-2.1014329653387708e-06,-6.973840629452325e-06,-2.462609850916712e-05,4.6691144645224215e-05,4.7302129098343224e-05,2.005973549878587e-05,3.2394329413108715e-06,1.9678903254399636e-07,2.1986601477519215e-06,-5.329067167092937e-07,7.499201080495709e-07,-7.826788184258599e-06,-3.507028663816155e-05,-2.3069358736211115e-05,-1.3281244166179785e-07,2.2810789673709415e-07,2.3853805321589938e-06,7.640865504689052e-07,2.9237672159370487e-07,1.192137838906695e-06,6.583827045454121e-06,5.368487265289741e-06,-2.7725756327215635e-08,-9.379283106818797e-07,-4.923230964011337e-06,-4.3023028217819e-06,2.8591376561365986e-08,-1.5169650165142654e-06,-3.309038765083922e-06,-7.359434796068115e-06,-1.4046676208270768e-07,4.045469485457145e-07,4.270558146724007e-07,1.7788154964224089e-06,50mV,2,45
1886.433,0.0499663,0.0018291316681755597,-0.0011989868309950941,0.007800209808120749,-0.049353733132695254,-1.6038065680787382e-05,-5.452345710121084e-05,5.3718018283265535e-06,4.385166897702199e-06,-4.0247634101661806e-05,-3.876381471551566e-05,-2.1644096630381978e-05,4.254573114051808e-05,2.910186346320885e-06,7.90002566426565e-07,7.29420309064931e-07,-1.5610597534473203e-07,-6.698731897396935e-06,-1.9478582112998176e-06,-2.4918884910752176e-05,3.466149053028808e-05,9.952382104427037e-08,-2.603978174145433e-07,-8.460651961166368e-07,-2.272685388907388e-06,-1.0263841649307145e-06,-1.1363106536776716e-07,-4.644807668919134e-06,3.878038753069972e-06,-4.5961786097517205e-08,-9.101523829188302e-07,-3.6681164274052155e-06,-4.7663416469355725e-06,-1.4407300666675907e-06,9.276602363355745e-08,-7.768230903941588e-06,3.872514481341952e-06,2.0237385029015535e-08,-3.784753690961937e-07,-9.674431686994753e-07,-2.288153349745844e-06,50mV,2,44
1506.696,0.0499675,0.0015986457934304222,-0.0010698713424591216,0.0081431002494246,-0.04929951792995646,-6.909759077407295e-06,-4.802691354905943e-05,6.9042348056792745e-06,4.219438745861602e-06,-3.1374548852116236e-05,-4.93770455593875e-05,-2.1692710221588556e-05,3.980790207211142e-05,2.4815028602265403e-06,1.4407300666675907e-06,1.3114621082319249e-06,-2.747777176934482e-07,-5.562941630116043e-06,-3.2869416781718427e-06,-2.4884634426038455e-05,3.314342065942821e-05,2.335558230298328e-08,-1.3668396177422877e-07,-2.2063941281711494e-06,-9.768685706363884e-07,-1.0573456087430093e-06,-1.316952129475231e-07,-5.973947446680722e-06,4.756397957825136e-06,-6.932436212850815e-08,-5.846094806661776e-07,-5.01272416600526e-06,-4.083541661352312e-06,-1.2087106540907548e-06,-2.7025665371123675e-07,-5.856832886046702e-06,3.6824795338980676e-06,-6.609434254622183e-08,-2.7022836943998927e-07,-1.6373941401850993e-06,-1.8384776310850238e-06,50mV,2,43
1185.994,0.0499743,0.0010468262905185138,0.0013244087914537125,0.049707772659200594,0.005154552108641752,5.485601825923764e-06,4.0531581668482025e-05,-9.634329893666712e-06,-1.7478795747454972e-06,-5.124645911214943e-05,3.1396645939028315e-05,4.3799740822778595e-05,9.980149303840756e-06,2.2262815063920206e-06,1.0938058021479408e-06,1.248485410532498e-06,9.240202936939822e-08,1.8406873397762317e-06,-4.522168836557092e-06,-4.097683796976043e-05,-7.429040619841165e-06,1.9554397218193524e-07,3.671089590449236e-07,2.616295090390226e-06,1.309252399540717e-06,1.7215917753005417e-07,5.126537421854617e-07,6.890976553532027e-06,9.210568533682031e-07,-3.8146841951843485e-07,-4.929772806591658e-07,-5.580619299645705e-06,-1.4893436578741657e-06,-4.6981754483748434e-07,-8.891628020027839e-07,-6.567254230270061e-06,-2.8891941137544094e-06,1.5047619002670695e-07,4.1944016415358705e-07,2.6516504294495534e-06,1.989842676432769e-06,50mV,2,42
948.6607,0.0499884,0.0009802433482350356,0.0011379392089830918,0.04983280902549259,0.003941125936203959,2.6229242164638497e-06,3.4713418684531467e-05,-9.269727959617398e-06,8.604295179492686e-07,-5.517421631077158e-05,2.7734053783351124e-05,4.335227481280899e-05,5.724250364574223e-06,2.0649727719338396e-06,9.91566447995958e-07,1.6904271487740904e-06,-9.355037078204518e-07,2.5897785860957306e-06,-4.22164845455281e-06,-3.859919141802066e-05,-1.1888232758698831e-06,2.0072938508215837e-07,9.287792328168022e-08,3.794069822804069e-06,9.733287277985077e-07,4.440493583912664e-07,5.669746794851234e-07,8.792430882316478e-06,-1.6519174505580636e-07,-5.096003667159505e-07,-4.592834215647578e-07,-5.6833707537868764e-06,-2.9305234002604175e-08,-7.55702473752724e-07,-7.348483479794488e-07,-5.824792110024186e-06,-6.631955605602975e-07,2.3638016219350026e-07,2.785282562550355e-07,2.2052892738255452e-06,-2.9140599656565725e-08,50mV,2,41
752.3148,0.0499724,0.00133570924170055,-1.4461438529610502e-05,0.03572476920686698,-0.034942543378722817,2.8738366383505137e-05,-2.911291200666489e-06,2.568838281683498e-07,1.0310500753176347e-05,6.086311133628648e-05,1.590990257669732e-05,-3.285505367522557e-05,-2.6116547021386896e-05,-1.939019376534986e-06,-5.459496327445832e-07,-7.078737710732659e-07,2.391853873769888e-08,2.597512566514958e-06,4.452563012784041e-06,1.904658406386702e-05,-3.546471963954217e-05,-2.451869561823096e-07,1.2245266440480757e-07,1.5103358904406413e-06,2.5279067427419078e-06,4.1828835349829485e-07,9.541936449015577e-07,8.389159046171024e-06,3.131157215441681e-06,-5.01936434062234e-07,-3.35561831944024e-08,-4.8260037815981875e-06,6.116473657263637e-06,-5.964524143967066e-07,4.7403632067073857e-07,1.6745548112451436e-07,7.511904695761464e-06,-4.843389769580612e-08,-6.800646976798483e-08,-2.873726152915953e-06,-8.855624131467642e-08,50mV,2,40
599.564,0.0499905,0.00023336623002412718,-0.0011731630703752923,-0.02622177334926222,-0.04256139797513875,-2.1528086924093562e-05,-1.0846355110794278e-05,3.912289237783695e-06,-1.017791823170387e-05,-5.489800272437058e-05,3.203967116816983e-05,4.043103992303207e-05,-1.0633118222092709e-05,-9.444381124861784e-07,-1.6826931683548623e-06,-2.7002640206561284e-06,-1.2164446345099827e-06,3.528904779859114e-06,3.2361183782740594e-06,-3.2758931347158023e-06,-3.9639964211579616e-05,-8.496640381765725e-08,-3.7645768409025167e-08,9.703241868910722e-07,-1.9975766568519967e-06,-9.59021637420978e-08,-9.146972012694722e-07,-6.751764905985925e-06,-3.1123746915664133e-06,1.8496013046365644e-07,-3.0527843724362625e-07,-3.3145630368119414e-06,-5.095588241925558e-06,-6.456341217077914e-07,2.614807956441043e-07,-1.0927009478023368e-06,7.432355182877978e-06,3.670099640955575e-08,-2.0064839925862563e-07,-7.050955043358101e-07,9.033996236439332e-07,50mV,2,39
474.0168,0.0499762,0.0007214533148642153,0.0007896637075987682,0.04974601166810194,0.00479065838622797,-6.029190163960922e-06,1.9222255904818054e-05,-1.192690266079497e-05,1.591207913975816e-07,-6.398874428000014e-05,2.2395397585392685e-06,3.8429043848797654e-05,-2.1887164586414853e-06,1.4329960862483628e-06,9.355678998579313e-07,1.7500892834367052e-06,-7.219295070871705e-08,3.7553999207079304e-06,-1.4694562796532943e-06,-3.967531955063894e-05,1.0725925987123444e-05,6.301190940742129e-09,3.669199184663907e-08,2.157780536964574e-06,-8.818735254576618e-07,1.7466089922480525e-07,1.5454128062048765e-07,7.073277520556683e-06,-1.8937203483652227e-06,-4.0214190160620373e-07,-1.4723167475540628e-07,-6.309823167744333e-06,2.6649086815968013e-06,-5.191762498147348e-07,-9.723178965577145e-08,-6.855621214472699e-06,3.981895061556746e-06,2.125127671634594e-07,5.9593136508731985e-08,2.3566543191732905e-06,-1.0783378413094851e-06,50mV,2,38
377.1552,0.0499885,0.0008075369363476038,0.0005219497656785045,0.04942007963614877,-0.007517043373322868,1.1545727911561598e-06,1.6830246246585436e-05,-9.2984541726031e-06,5.853518323009889e-06,-4.988085914098291e-05,3.98587253720092e-05,2.3166585918624262e-05,-3.197779932481601e-05,1.4142135623730952e-06,-6.859333525073929e-07,1.4458135015117147e-07,-1.1844038584874673e-06,7.69637228215785e-07,-4.023879526689698e-06,3.567574681955253e-06,3.971398945273508e-05,-2.510700846017817e-08,2.535139119288231e-08,-2.1964504390607136e-06,-2.784232950922031e-06,-1.4410803054951472e-08,-5.6281125685458385e-08,-5.494440660688595e-06,-4.194027095912711e-06,1.0021581341800906e-07,3.952482734022422e-07,5.646910560381945e-06,3.187504787067484e-06,3.446901385474041e-07,3.4961104931728966e-07,7.463291104554889e-06,7.931062127688012e-07,-1.571374673617879e-07,-9.122449770494042e-08,-2.5533183926907994e-06,5.826883599300414e-07,50mV,2,37
298.2954,0.0499891,-0.0008161481711172412,0.00028078326397441324,-0.024931712269704642,0.043327990114292614,1.3954310384978276e-05,-2.2892582040914476e-06,8.47644253947374e-06,7.035712472806148e-06,-6.261541032841439e-05,8.411256133083104e-06,3.1471776034529386e-05,-2.338645193339946e-05,-9.53283023949911e-07,1.2650582257165578e-06,4.58398433233929e-07,1.9014543287844506e-06,-3.599615457977769e-06,-2.548898975308383e-06,4.038905545789912e-05,-4.9685299921811e-06,-8.026687271300035e-08,1.651506444741499e-08,-6.258437496984638e-07,-2.1798776238766536e-06,1.7779349275089624e-07,-6.20710485923353e-08,7.851094979861886e-06,2.948856248417024e-06,3.1340353610119794e-07,-1.0386000974883194e-07,4.036032924491341e-06,-4.799487277303692e-06,-1.4669338971822803e-08,4.2066920412763685e-07,4.606137766822995e-06,5.704362986353352e-06,1.8943059211683927e-07,7.652975813171217e-08,3.5686795363008573e-06,-1.5733125881400683e-06,50mV,2,36
236.7424,0.04994,0.0004391641344167439,0.0006396278020287845,0.04829924909670735,0.012695737654270412,-1.0082900757981927e-05,6.257895013500946e-06,-1.0868452197706356e-05,-8.413318896146347e-07,-4.6414931058823226e-05,-4.1046443793533484e-05,3.8057812788674715e-05,-1.1877184215242792e-06,6.607391378937162e-07,1.372229097240144e-06,1.8937203483652227e-06,-1.2352271583852502e-06,2.3489203387540626e-06,4.178559135074254e-06,-3.913283606694739e-05,7.518533821835088e-06,2.615528321474377e-09,-4.165487603311414e-08,3.393007695349824e-06,-1.0635494763790104e-07,1.6869137119550696e-07,-3.0176190683243794e-07,6.667795975720022e-06,-2.431784414674361e-06,-2.4376147310561135e-07,-1.0876403834431668e-07,-5.2381144525084715e-06,2.6019319838973743e-06,-3.695899094779773e-07,-1.0171555375527537e-07,-7.545050326129583e-06,2.9831067331307476e-06,1.1599070279367356e-07,1.9257600195333925e-08,2.209708691207961e-06,-7.21517948843433e-07,50mV,2,35
189.0121,0.0499021,0.0003526065304190912,0.0006044459251017169,0.047152620208296095,0.016335569810428167,-9.787904647705664e-06,2.658279555523177e-06,-1.1361217235845732e-05,-2.0130888118642767e-07,-3.1218764389386075e-05,-5.178562803280417e-05,3.9348282664340166e-05,-1.2838407495918255e-06,2.9694275314778247e-07,1.4517786101236305e-06,1.370019388548936e-06,8.762757809156592e-08,4.820124851625228e-08,5.3751163913633656e-06,-3.919028849291879e-05,8.7150910781242e-06,3.358967132961765e-08,-1.756603504658386e-07,2.998574693969203e-06,-7.610306338343991e-07,5.170524987916148e-07,-3.0738915098546814e-07,6.787120245045253e-06,-1.1888232758698831e-06,-2.2674561132896444e-07,-8.276118083509244e-08,-6.115368802918032e-06,2.8449999399302503e-06,-3.4019095068123555e-07,-8.974760575554119e-08,-6.3363396720388285e-06,3.908974674746883e-06,1.1094637979338404e-07,2.1966703050754888e-08,2.323508688805171e-06,-2.0793358784266912e-06,50mV,2,34
149.6011,0.0497697,-0.0003530484721573327,0.000519091507486427,0.00549271045878338,0.049465676974991844,4.619396018970243e-06,-7.4124678046571056e-06,6.342968798112453e-06,-8.750446417183526e-06,1.3694669613761339e-05,5.691104734206104e-05,-3.834286520984054e-05,3.944330013806211e-06,1.3755436602769556e-06,-5.460631012858768e-07,-1.1225320151336443e-06,-9.871995111949582e-08,3.474766916924519e-06,5.211597948213976e-06,-7.887555173266817e-06,4.076028651802205e-05,1.3649989304025113e-07,-1.6459059380636322e-07,2.575415479602879e-06,-5.59155846252153e-07,6.423675093495786e-07,4.320784825275164e-07,6.241322198316886e-06,3.3675960454009326e-06,1.446253233541265e-07,-1.9404490580581975e-07,-8.704261295828589e-07,-5.782807644891235e-06,2.788086682879498e-07,-5.236780893313328e-08,6.15624841370538e-06,-4.998361059512408e-06,-4.4219640716825394e-08,-1.719122425838117e-07,-3.1444154675889287e-06,-1.2164446345099827e-06,50mV,2,33
119.1737,0.0494748,-7.263422953435129e-05,-0.0005585801066526589,-0.03674039551551998,-0.03313452658194609,-5.106636785381599e-06,-5.562941630116043e-06,-8.780277484514833e-06,-5.856832886046702e-06,-3.9615657415976325e-05,3.924995062758141e-05,-3.545919536781415e-05,-1.9182481148376313e-05,-1.4208426884467191e-06,2.3407996593138736e-07,7.297084550782645e-07,1.4639320079252743e-06,5.514328038909468e-06,3.43057274310036e-06,3.334560900467374e-05,2.2786516023736492e-05,1.5394421733212327e-07,1.2628827675100635e-07,1.47387569703571e-06,4.321286429148068e-07,5.2274062041908783e-08,-9.644377439085634e-07,-5.611555221322618e-06,-5.707677549390163e-06,1.9307760582624346e-08,-1.6877456672773094e-07,-4.356440684716495e-06,-5.051394068101399e-06,-1.14717358160365e-07,2.2809905790232933e-07,4.543161069123569e-06,5.967318320607099e-06,-4.765026870264304e-08,1.0852382091249547e-07,1.6064582185081878e-06,2.782023242230823e-06,50mV,2,32
94.69697,0.0503582,0.00012097050230017983,-0.00018995981734838357,-9.936769407669308e-07,-0.025179111254772284,2.993050422241184e-06,2.872479877214112e-07,-4.292065241415534e-07,-1.212571015174295e-07,6.3175571481635615e-06,-2.6263492649352224e-05,4.10268105318121e-07,-1.9720578360315817e-07,6.964196355869549e-07,5.765262557883043e-08,-8.221209032241419e-07,-3.152525098485662e-08,-4.077156708089067e-08,-3.1753513892658403e-06,4.1977062608835714e-08,-8.84626049088865e-07,7.831293780279971e-08,1.541935829579261e-08,-5.049288215718678e-07,-6.189290187765013e-08,-1.0664595522398967e-07,-2.841151732244511e-07,1.5776259395053062e-07,-1.9127116897118094e-07,-8.90852013811778e-09,-1.4654544972135165e-08,-4.3680029854432406e-08,-2.617817579678468e-07,-3.64228603765934e-08,2.057791218687414e-09,-8.792085062906303e-08,-4.056840646382101e-07,-2.047147051921865e-08,4.55043653498937e-08,-5.984293302772959e-07,3.505412261908537e-07,50mV,2,31
75,0.0499988,0.00010906790643498816,-0.00016883721196912668,2.2892582040914476e-06,-0.024999406695459796,2.826217416054982e-06,4.769330277940431e-07,4.3817904628220327e-07,3.2356013064403167e-07,6.584931899799724e-06,-2.3999646095209667e-05,1.9606623683110226e-07,-8.421704740629482e-07,6.977346332290927e-07,6.20033431180367e-08,-4.6627538180547803e-07,5.874423272083062e-08,1.199938110586659e-07,-2.9875261505131635e-06,-3.0610486829413807e-07,-9.094320178854963e-07,8.729862980724924e-08,-7.945945620577643e-09,-5.166642529745696e-07,-2.577584308683299e-07,-6.872144311211207e-08,-3.033942186426332e-07,-3.5753837924699826e-07,-3.6815216251804284e-07,1.299242419169545e-08,-4.164458983915657e-09,-2.347969059162498e-07,-4.1109133229103054e-07,-4.1388473553302106e-08,6.259067263961632e-09,-5.120236437521638e-07,-4.314393242885845e-07,-1.3889565920325882e-08,3.994403117603328e-08,-6.319456392783654e-08,2.0736944921380374e-07,50mV,2,30
54.50581,0.0499986,0.0002077766985255934,-0.0002939597569000863,-1.2208640518923985e-06,-0.04999861451713738,5.263526102457364e-06,1.2352271583852502e-06,3.442952636042852e-08,-1.3143137372979288e-07,1.580494141386494e-05,-4.46604223580041e-05,1.5191747252054734e-06,4.071110945109922e-07,1.3435028842544405e-06,2.05611073522775e-07,-1.0372848788753124e-07,1.4265525757048006e-07,7.03379665537087e-07,-5.965108611915891e-06,2.3689855985245764e-07,-4.6034463416371035e-08,1.9853536532265798e-07,1.4939199645736576e-08,-4.978752104586628e-07,-4.247356205466323e-08,-9.117176300702473e-08,-5.767947353942861e-07,-3.139019358964999e-07,3.216539254415611e-07,8.207690034468608e-09,7.69681974816782e-09,-4.890774762754876e-07,5.959248464466807e-07,-4.266359700210712e-08,-4.006302398905483e-08,-3.596528494936151e-08,-3.08849657944922e-07,9.524136140653552e-09,7.14647854037033e-08,-6.95989073848473e-07,4.4955175400324335e-07,50mV,2,29
45.95588,0.0499953,0.00022539249621190326,-0.0002852435609676165,-0.002518558570123752,-0.04993187026611945,4.90997271186409e-06,-8.824132468054892e-07,6.363700285053365e-08,2.411880463638305e-07,8.844359036559864e-06,-4.4714560220938696e-05,-8.016905995778402e-07,-4.93895635591232e-07,1.372229097240144e-06,5.6004702176731726e-08,9.641503712932717e-08,-1.4007067179980865e-07,-7.729715681453833e-07,-5.882244535995593e-06,-3.0006993288757997e-07,-1.1700407519946155e-06,1.8906985717299957e-07,-5.512288477787482e-08,-3.376326604439895e-07,4.634867294371735e-07,-3.3689307094504224e-07,-5.229397151721657e-07,1.1015397825671687e-06,7.188116081238762e-07,9.217693739356832e-09,1.1297025198366143e-08,-1.0658132124477183e-07,-5.509420275906294e-07,-5.8536520103857075e-08,3.986316688647853e-09,-2.656815623515252e-07,-8.828356326218136e-08,-3.6104198286234303e-09,2.744454879917251e-08,7.048021655070523e-07,-1.5073980827356803e-07,50mV,2,28
37.5,0.0500007,0.0002086462188955837,-0.00025549314800353806,-0.0018262800391095557,-0.04996735818770024,4.653646503683966e-06,-2.5901575511362725e-07,8.695359484366057e-08,-1.5295658803258787e-07,1.1616438589680253e-05,-4.138673893197951e-05,-1.3954310384978275e-06,-1.7743960790399928e-06,1.3335591951440046e-06,1.6638774988492267e-07,-3.3810598004564627e-07,-1.0435911665091509e-06,-6.974591930407336e-08,-5.7540814319055305e-06,-2.393191852382414e-07,5.4175571613410514e-08,2.0339606153070816e-07,-2.8535747145064825e-08,7.146339328722784e-07,5.138730594412702e-07,-2.3497920688327443e-07,-5.875002215760159e-07,-3.957442425179839e-08,-2.2182149648147663e-08,1.5641080465868415e-08,1.2669751480061808e-08,-2.577892563045723e-07,-8.852511756776077e-07,-5.550714207073243e-08,-1.3026188540497106e-08,1.140209684663308e-06,6.877494015952622e-07,-7.708315757633829e-09,2.1747080103935726e-08,-4.349635886801921e-07,4.599984832972327e-07,50mV,2,27
30.04808,0.05,0.0001904349047169933,-0.00022678903210474668,-0.0012183980169930104,-0.049985168439751385,4.353126121679683e-06,3.243008249973246e-07,-2.5480526568796505e-07,1.389406267751249e-07,1.3651580294282783e-05,-3.7725251630647914e-05,-2.793926942950361e-07,-1.4484640470868184e-06,1.2716873517901818e-06,2.829997122771294e-07,-6.004023791676754e-07,2.400175636700977e-07,5.587940064539679e-07,-5.495545515034199e-06,3.783493052153602e-07,-3.7838278230203205e-07,2.0924836451393787e-07,8.084855642887394e-09,4.987394275277943e-07,5.619880298816744e-08,-1.4214271563955435e-07,-6.059690773025666e-07,-2.9330955011769836e-08,4.035308140040625e-07,2.086280992843158e-08,2.1753510356227144e-08,1.9481090132362696e-07,-1.383201405746337e-08,-4.792584147352358e-08,-2.44002331352953e-08,-5.386072127054374e-07,2.6777039997732407e-07,-4.0229746509806475e-09,3.000926928870994e-08,2.9091720900316203e-07,-3.9909603914624267e-07,50mV,2,26
23.91582,0.0499997,0.00017521664096064406,-0.0002007884947896482,-0.0007219272973784793,-0.0499945376046021,4.010621274542449e-06,6.275787024773657e-07,-3.737241639537929e-08,-4.431671321963016e-08,1.4790685124600487e-05,-3.4098014814030046e-05,-2.4422739018315257e-08,-8.870891008815199e-07,1.191032984561091e-06,3.628679756393227e-07,5.177292220782972e-08,-6.546705044296172e-07,1.0356665987153065e-06,-5.158564939624986e-06,-5.304216783151613e-07,-6.343546636935204e-07,2.127346219160567e-07,3.215774695208453e-08,1.0966309147096502e-07,-2.9252620838666514e-07,-5.31893786245244e-08,-6.1221879639391e-07,-6.770352975496366e-07,3.2845419345331903e-07,2.0866665870097737e-08,2.1465474828328186e-08,-2.1644505426489854e-08,1.2369706185426135e-07,-3.6862747085752166e-08,-3.536164777764078e-08,-1.19927188341626e-07,1.5419590315205187e-07,-3.0419103959668282e-09,2.76312139408623e-08,-2.4385185019108173e-07,-1.5059065293691152e-08,50mV,2,25
18.8253,0.0499996,0.00015859189762234099,-0.00017696231082669838,-0.0003081460866976414,-0.04999866975985466,3.6471241948387397e-06,9.002261505070549e-07,-2.5004621607971044e-07,4.4466741391219727e-07,1.5392830742954656e-05,-3.05602711994061e-05,-1.944224345357126e-07,-1.4561980275060466e-06,1.1026446369127726e-06,4.1905224979284543e-07,-2.789887595462832e-07,1.2117224870368712e-07,1.4031650189170554e-06,-4.7707610643179875e-06,-2.790247777979499e-07,1.1006825260804145e-08,2.1005634449687807e-07,5.216288054911066e-08,4.1950314085128645e-07,4.821394329268328e-08,2.961006331655631e-08,-6.038127330762512e-07,-5.471245348556985e-07,-1.548313048862087e-07,2.6364454239453514e-08,2.484421885407626e-08,2.1125897845206802e-07,-8.598534468934707e-07,-2.8063068358928527e-08,-4.06536349280409e-08,-6.147874722620048e-08,4.333132677441634e-07,-3.4277752518972904e-10,2.512823271215722e-08,1.6602270600913511e-07,-3.125462796144438e-07,50mV,2,24
15.02404,0.0500004,0.0001436885173544889,-0.00015725281415546896,3.412895073570696e-06,-0.05000040438117726,3.3222970172311697e-06,1.079442695655089e-06,-8.515290323119521e-08,-2.478063448648675e-07,1.550110646882385e-05,-2.7479937283862207e-05,7.95346857381686e-08,-9.832122023471081e-07,1.0184924113109343e-06,4.5705117384489943e-07,-8.104908749260106e-07,1.3641006838195354e-07,1.648442683641139e-06,-4.390691169430219e-06,3.6284521563980327e-07,-3.325482312309546e-07,2.0196991554140253e-07,6.78581430720875e-08,6.978616914788371e-07,1.8247984294321006e-07,9.22219602081517e-08,-5.79687575527381e-07,-4.187675288279833e-08,2.3616283734371995e-08,2.662523301064642e-08,2.5223813661595424e-08,8.380236242475927e-08,2.567114708904356e-07,-1.2344979545171515e-08,-4.641099777735287e-08,6.023881338830294e-08,-4.4042875070072214e-07,-3.8248974687551116e-10,2.2779676975337205e-08,5.316460779009595e-08,2.586523685193581e-07,50mV,2,23
11.95791,0.0499995,0.0001299275564799913,-0.00013963591161481346,0.0002526724548592111,-0.04999890177926724,3.0063086743884313e-06,1.186613567178675e-06,6.483910647563769e-07,-4.4066861457915275e-08,1.5246989969334931e-05,-2.4623888800475917e-05,-2.688122776252286e-07,-4.593645178737251e-07,9.358940528607536e-07,4.780669398089365e-07,-1.2510287852360783e-07,-5.850950641510706e-08,1.8020174376800924e-06,-4.0095164201968455e-06,6.39022231361959e-07,-5.656905072792278e-07,1.9201705613989822e-07,7.88436987818844e-08,-1.2646118645609337e-08,-3.417980718123511e-07,1.3817330543210292e-07,-5.484291468669877e-07,1.9619230071193566e-07,6.332214145912344e-07,2.8175122686659685e-08,2.616556940870134e-08,2.523383469051005e-07,7.797064287798814e-08,-3.2703743872595106e-09,-5.135779528455594e-08,1.705064259144652e-07,-3.598869681294486e-07,1.1127407959229017e-09,2.18045656755375e-08,9.054987364151462e-08,1.96071319161092e-07,50mV,2,22
9.52744,0.0499999,0.00011733332179445153,-0.00012413811970902645,0.00045003258661445016,-0.04999788531326929,2.715731981494584e-06,1.2418562844588741e-06,2.5084115878137255e-07,1.5407083364012949e-07,1.474649095077633e-05,-2.2042949049145017e-05,-1.4996806751316368e-07,-7.026880267167391e-07,8.517885625977345e-07,4.847098765618804e-07,-4.99382673727805e-07,8.076752641116734e-08,1.8848815136003908e-06,-3.642704777456324e-06,3.051685042362386e-08,-6.249048444755695e-07,1.803611742500799e-07,8.624336132467596e-08,3.8204073406945767e-07,3.3276434074095477e-08,1.7583237628744918e-07,-5.130710456717963e-07,-3.2359493355591815e-07,6.740306461567666e-08,2.6810771200903696e-08,2.5298822223118477e-08,-1.1517587271379064e-07,-4.447183476975296e-07,2.8312909072099957e-09,-4.95155280030655e-08,-2.1787528821528287e-07,2.067483001007052e-07,1.0915182012253676e-09,1.88324301460586e-08,3.465719264688368e-07,3.326781621019976e-07,50mV,2,21
7.524077,0.0500001,0.00010527273175783848,-0.00010992858797021365,0.0006136162161702299,-0.049996327468641986,2.436203832056777e-06,1.2595339539885378e-06,3.2108934487095747e-07,-1.4451163384196383e-07,1.4060376402156257e-05,-1.9622213177926696e-05,-2.921777373260616e-08,-1.3611805537841042e-06,7.709324489651365e-07,4.810662879009476e-07,-4.300785856765386e-07,4.236165135799701e-08,1.9136077265860943e-06,-3.2836271151350306e-06,9.166115823941e-08,-5.333735176703114e-07,1.6674826385789324e-07,9.280641710843273e-08,2.474712425418458e-07,-2.082453777389986e-07,2.028907011530289e-07,-4.756701792770177e-07,1.808373664730352e-07,1.4025584538813186e-07,2.6976366770222822e-08,2.740692850870469e-08,6.700175942026639e-08,-3.8422348431463295e-07,1.1165669065217283e-08,-4.9958397818957406e-08,-1.095139029886781e-07,-2.894188055396539e-07,1.1413598380370818e-09,1.6867965973944358e-08,2.3051625823964173e-08,3.5481657056660283e-08,50mV,2,20
5.98659,0.0500007,9.466723489438586e-05,-9.777187560553305e-05,0.0007389497882811999,-0.049995222614296383,2.1887164586414853e-06,1.2462757018412902e-06,1.3330377038928795e-07,-1.644593371101055e-08,1.3283663797196658e-05,-1.751636079520551e-05,8.481847486932435e-08,-1.0481064852487652e-06,6.965137691772002e-07,4.7083334792283266e-07,-1.692742923482476e-07,1.084936031461432e-07,1.8970349114020346e-06,-2.957695083181856e-06,-2.4171417800320716e-07,-2.6063701838036657e-07,1.5269274881485765e-07,9.499826030487228e-08,3.0065384840923165e-07,3.767916815589277e-08,2.1903858935576932e-07,-4.3580482477893494e-07,-1.4406438880286335e-07,4.056544545417479e-07,2.495201949257684e-08,2.6318392861785284e-08,1.121584050105116e-09,-2.1088089729500232e-07,1.4229452262664035e-08,-4.71098181509474e-08,-2.4299260496650554e-08,1.8172611130863906e-07,1.3095330325445004e-09,1.589003729556336e-08,-1.4940735393276967e-08,2.6620504234047237e-07,50mV,2,19
4.76372,0.0500002,8.503732441810157e-05,-8.700727971631347e-05,0.0008385435687026339,-0.04999314548812664,1.9633261721382734e-06,1.2098155084363587e-06,-3.628426744748084e-08,-3.333277059717782e-07,1.2445079348883238e-05,-1.562926957291391e-05,-5.63081393742084e-08,-8.376278654209974e-07,6.280346758657965e-07,4.530556890748918e-07,-1.5369816626935727e-07,-4.154490988009618e-08,1.8484213201954594e-06,-2.657174701177573e-06,1.8753079506957323e-07,-1.839930514549493e-07,1.40935662266982e-07,9.552862353639256e-08,1.397451817095937e-07,2.205030737908674e-07,2.2922976583962045e-07,-3.978742912108737e-07,-4.1503754055722426e-08,1.581066455937517e-07,2.3538225774855074e-08,2.506448261641587e-08,-1.1329021780214834e-07,7.717318110841811e-11,2.0170011011020605e-08,-4.634797688547962e-08,1.83834283885486e-07,2.6944569062156337e-07,1.8749068885682783e-09,1.3165831081237995e-08,1.444579379207675e-07,-3.1525250984856616e-09,50mV,2,18
3.76506,0.0499994,7.605596344268681e-05,-7.719396341865891e-05,0.0009201204893103038,-0.04999091368234852,1.7534038464735172e-06,1.1589922085385757e-06,9.107464631004613e-08,-9.882718828228014e-08,1.1555671600672033e-05,-1.3891333687278848e-05,4.1416271688637504e-10,-6.794739320612537e-07,5.621185131798901e-07,4.317969656402565e-07,-4.6827925613209993e-07,1.678719007273725e-07,1.7743960790399928e-06,-2.3754368430485584e-06,3.3547178631485727e-08,-5.596298287664172e-07,1.279026899208029e-07,9.459382837166393e-08,3.9999638495247536e-07,-9.009584479673211e-08,2.31792696465118e-07,-3.6047773374804306e-07,-2.3290870983961254e-08,1.7671504442415218e-07,2.239606049800005e-08,2.4645654431084316e-08,-1.1446070049588119e-07,3.3386411275656894e-08,2.2965933320919125e-08,-4.23827651245415e-08,5.4727369019235516e-08,6.99079682909431e-08,1.5256977852619193e-09,1.285222922378176e-08,1.7191610957402133e-07,8.454451518578837e-08,50mV,2,17
3.008665,0.0500004,6.832308787780455e-05,-6.890534611793785e-05,0.0009814178084044127,-0.04999077005128359,1.5744174424856723e-06,1.0993300738759607e-06,5.719047605460775e-08,3.564307627655302e-08,1.0706038608902573e-05,-1.2414143427206325e-05,-8.435544146162518e-08,-1.199871819325923e-06,5.068882807537964e-07,4.0777323372031267e-07,-1.7730028577101863e-07,-1.434906379411912e-07,1.6893222944284863e-06,-2.1301591783244745e-06,1.6106301485171885e-07,-2.493749065793215e-07,1.1638049540680267e-07,9.129491007238576e-08,3.7107439177673085e-07,-1.3371024630303566e-07,2.2952420952272389e-07,-3.258424282657458e-07,-3.2907545305185213e-07,6.253625856309532e-07,2.0693590436858875e-08,2.3506671134744626e-08,-1.0167953550360867e-07,1.8935336279808154e-07,2.5015206112601935e-08,-3.8325541093701476e-08,-3.405910184397788e-09,1.6824081159336967e-07,2.23946904786115e-09,1.1338192071283345e-08,-5.6657991502743904e-09,8.54648036129592e-08,50mV,2,16
2.38186,0.0499999,6.105867055545838e-05,-6.123765695944623e-05,0.0010326465898470325,-0.04998922325519975,1.4053747276082633e-06,1.0324111453859844e-06,4.1393124990097095e-08,-1.935068417395106e-07,9.837623093257843e-06,-1.1038599766929369e-05,2.443817383352334e-10,-8.983059136543951e-07,4.5325301606101665e-07,3.8241561114892117e-07,-2.937147002062313e-07,-3.338479818831231e-08,1.5887805489785241e-06,-1.8992446200932427e-06,9.99881471315539e-08,-4.030885408095172e-08,1.0439257164049998e-07,8.772823032245044e-08,3.1149931963654946e-07,2.726656781263916e-08,2.237597424599697e-07,-2.9339738603817383e-07,-1.9330597921947982e-07,3.13487726002333e-07,1.901330585097743e-08,2.2634819522085068e-08,6.318682994741732e-08,-1.6683168036098633e-07,2.5225183680983968e-08,-3.643363270646304e-08,4.9686669941199554e-09,1.6448883672113312e-07,2.0253140251983847e-09,1.0469065029440048e-08,3.1418875608461867e-07,4.042074268053104e-08,50mV,2,15
1.890121,0.0499999,5.4597482342366304e-05,-5.4511303703409196e-05,0.001072515258908152,-0.04998842776007091,1.2551145366061218e-06,9.610027517480806e-07,-5.785802905022167e-08,-1.5405702296080946e-08,9.011192042746066e-06,-9.827679404147407e-06,9.447798439352735e-08,-5.122982000570464e-07,4.0526123688014744e-07,3.554110926899723e-07,-5.06576490857467e-07,6.019282935043891e-08,1.4849242404917499e-06,-1.694846566156506e-06,2.520244577855144e-07,-2.1848273713449595e-07,9.479077970731131e-08,8.342414868517211e-08,3.155894904239754e-07,-1.4200958069090908e-07,2.1431876207678368e-07,-2.6258797018383407e-07,-3.1602933293896034e-07,4.362324034106836e-07,1.7251825519237548e-08,2.1180223533380148e-08,4.052878638698765e-09,-2.237572012949748e-08,2.7028703720574083e-08,-3.3987275262970163e-08,-9.912896819823843e-08,-8.03977537587806e-08,1.8377672097408004e-09,8.985250062711283e-09,7.020444490604247e-08,-3.2385081782236e-08,50mV,2,14
1.502404,0.0500005,4.8834562075695944e-05,-4.858265528489824e-05,0.001104337273770238,-0.04998829517754944,1.1225320151336443e-06,8.911670077857097e-07,-5.4040536315290794e-08,-6.870408585034263e-08,8.231164874749656e-06,-8.75707554325715e-06,-6.033272600767928e-08,-8.514450633816861e-07,3.6295768981218574e-07,3.289265186860647e-07,-1.5557089438515602e-07,-2.4400873950815752e-08,1.3799630776593717e-06,-1.5114407447862452e-06,2.9715532712387666e-08,-2.5018067685357045e-07,8.516454839599787e-08,7.81354540007219e-08,2.8620058580177864e-07,2.0469282907614353e-07,2.0448754713873033e-07,-2.3541816551478288e-07,-9.709031305681687e-08,4.575398509219601e-07,1.5832717452113427e-08,2.010286901243825e-08,6.961793297667859e-08,-5.439424438549245e-08,2.6154797078831702e-08,-3.0519225860466915e-08,3.711516210954885e-08,-5.045647720649913e-08,1.7333419012660402e-09,8.438325064550401e-09,3.4511462358698514e-07,9.467734431164814e-08,50mV,2,13
1.195791,0.05,4.368594082518139e-05,-4.333901656066174e-05,0.0011290716480052742,-0.04998723451737766,1.0049170659664983e-06,8.237596231895416e-07,1.1780874061936492e-07,9.397764005457715e-09,7.49975129795982e-06,-7.809110514728936e-06,-2.0691413873798036e-08,-1.12695143251606e-06,3.2455549392398626e-07,3.0331500058605343e-07,-2.7286256317077826e-07,9.0414816246308e-09,1.2750019148269937e-06,-1.3490271559824604e-06,8.774848230260535e-08,-3.2882498257170375e-07,7.626684699163225e-08,7.321413443472844e-08,3.125398714592393e-07,-1.1496042611639785e-07,1.9287541748099792e-07,-2.1116340855117325e-07,-9.99611555398908e-08,4.862849569169735e-07,1.447374660702053e-08,1.8173660742492226e-08,1.2283394963947551e-08,2.6821543530773334e-08,2.543306202610936e-08,-2.7569739845072897e-08,-6.1063288846623e-08,1.1272685257132485e-07,2.0731453795282723e-09,7.480573236228826e-09,2.4259773002338667e-07,-3.596657762894587e-08,50mV,2,12
0.9486946,0.0499964,3.902124577804138e-05,-3.858703802021902e-05,0.0011461770029839152,-0.049983279138820405,8.979603152150902e-07,7.757424323587234e-07,-1.212828446236821e-07,8.732467122417514e-08,6.801483351538104e-06,-6.942904707775414e-06,-4.1775139428633135e-07,-5.14565803115964e-07,2.8948410243147914e-07,2.880518797432727e-07,-1.0333104968233059e-07,-6.81194963675401e-08,1.1700407519946155e-06,-1.195452401943507e-06,9.706456995056429e-08,-9.136019591566748e-08,6.734208770434279e-08,7.409190806668044e-08,4.382034635632412e-07,9.96820251380174e-08,1.7876410729350932e-07,-1.834986291352915e-07,2.996892000800848e-10,4.766820048867219e-07,1.2124229646919842e-08,2.1323655724526455e-08,1.0106599883695132e-07,-5.981952116414625e-08,2.3091864619231065e-08,-2.0832437482470927e-08,-1.324909290472271e-07,1.1402726613610074e-07,4.874773157267493e-10,9.774164679063733e-09,6.37553437994913e-08,1.698028546671846e-07,50mV,2,11
0.7515633,0.0500003,3.481396042998143e-05,-3.436759927435742e-05,0.0011626061871030462,-0.04998674838146559,8.013694184195732e-07,7.077287036976881e-07,-1.3514313190384945e-08,-1.703081045594293e-07,6.1584581223965875e-06,-6.179450354963063e-06,-5.356488547096482e-07,-3.2849153753020045e-07,2.5822180678087626e-07,2.6226855679251995e-07,-2.110840800091589e-07,2.714921018404911e-08,1.0717087152358612e-06,-1.0639747348166333e-06,1.2834673088230113e-07,-2.1538881351050113e-07,6.021569983539291e-08,6.763032210602396e-08,1.1848789458560768e-07,1.4546501265678552e-08,1.671164013258485e-07,-1.641266654666441e-07,-6.586475381320533e-08,5.42503702526079e-07,1.098238698753373e-08,1.909917513071777e-08,-1.2428230320112775e-07,2.0656688301715704e-09,2.2802591654465034e-08,-1.934541401872253e-08,1.1644656569666978e-07,-4.2631125332889814e-08,8.202866240395701e-10,8.66162496663173e-09,2.817734344389435e-07,8.067813264606454e-09,50mV,2,10
0.5978954,0.0500007,3.1117117789590514e-05,-3.068180517742254e-05,0.001175476635374987,-0.04998689201253052,7.170122423366254e-07,6.446393108550096e-07,2.4335278748317243e-09,-1.3949681045270194e-07,5.573990173572082e-06,-5.513223184563863e-06,-4.004144618368519e-07,-2.4035752735224e-07,2.309391964831389e-07,2.3847330875124705e-07,-3.211304454526139e-07,-2.6560112895516524e-07,9.800064674633382e-07,-9.496458434441827e-07,5.227711143990265e-08,-2.8288447596888286e-07,5.414101176948002e-08,6.173276428879828e-08,2.5339812319340383e-07,1.3098479160329973e-07,1.5472015653904095e-07,-1.4686685185048787e-07,-1.8913349678330637e-07,8.004666419337802e-07,9.801717536734406e-09,1.711458051242662e-08,9.469792774810674e-08,-1.42187793696855e-07,2.1440195760900766e-08,-1.746766986419474e-08,-4.478489524857985e-08,-1.6825683198138092e-08,8.931992768690135e-10,7.526415852736628e-09,1.3356495795658874e-07,-8.211678558656238e-08,50mV,2,9
0.4763719,0.0500002,2.7827966402727458e-05,-2.7419170294853986e-05,0.0011861196972861902,-0.04998610756594514,6.419694303288576e-07,5.857875868548951e-07,6.934010630293302e-09,-2.1829855791508376e-07,5.0414503789909635e-06,-4.923230964011337e-06,-4.67050989556092e-07,-8.19450691241686e-07,2.06401265350751e-07,2.1636384747049665e-07,-1.2997893220706188e-07,-8.381040576439526e-08,8.940606213168465e-07,-8.480500669485143e-07,9.131774741170938e-08,-3.0546460520086054e-07,4.859748243021624e-08,5.616750246455647e-08,3.956308844621249e-07,1.258778233616145e-07,1.4294848591380334e-07,-1.3179420789688923e-07,-1.2617944859796436e-07,4.4153161630850406e-07,9.071988862821616e-09,1.5242769425734726e-08,8.569824828764188e-08,1.3986991976521242e-07,1.9962574607633456e-08,-1.618857998828901e-08,-6.136555489849335e-08,1.9695685991909359e-07,9.025644642440911e-10,6.39329601840906e-09,5.933717490248591e-08,-6.696832652776841e-08,50mV,2,8
0.3780242,0.0500001,2.483381112614067e-05,-2.4460370357326526e-05,0.001194545316525766,-0.049985875546532575,5.745483455388041e-07,5.312331938320073e-07,1.5505249672619862e-07,-2.661796306905235e-07,4.544265923469172e-06,-4.388481460739011e-06,-3.696944286990714e-07,-6.721772529920159e-07,1.8465264949927487e-07,1.9580582266184337e-07,-3.4141413492725374e-07,-1.5395637072992492e-07,8.119739209141148e-07,-7.559319520003058e-07,-8.357857417705718e-08,-3.0372854756761303e-07,4.336377634654673e-08,5.094309925447695e-08,2.3146941608359426e-07,-8.253544804374209e-08,1.313111655769912e-07,-1.177691868337923e-07,-1.366518105127717e-07,4.07999839346596e-07,8.232369165986364e-09,1.3634919090751075e-08,4.421123277525535e-08,-1.4817897687132714e-08,1.9126487130141102e-08,-1.4740436348962419e-08,2.1595626670240333e-09,4.6480769329277765e-08,7.175900811593764e-10,5.507492305073215e-09,2.299156594173714e-07,1.343154855135575e-07,50mV,2,7
0.3004808,0.0500005,2.2177741279308703e-05,-2.1845180121281905e-05,0.0012008043163936127,-0.0499861186144886,5.145974019502483e-07,4.807362679079157e-07,3.344943216753014e-08,-1.5380920413109047e-07,4.0945902048083525e-06,-3.915603800820507e-06,-3.634137736860511e-07,-6.035639198776212e-07,1.6518832000733497e-07,1.7690496888616153e-07,-3.8405631985214304e-07,-1.2919536950515955e-07,7.365666174577322e-07,-6.743686211010869e-07,-5.530360580318526e-08,-2.0183423942776236e-07,3.8990906477711095e-08,4.601835464001213e-08,3.037098755291723e-07,9.368374879864647e-08,1.2018583474393188e-07,-1.0517153814832462e-07,-7.073309561332706e-08,6.440448992170746e-07,7.311354849510467e-09,1.209334896796021e-08,3.6070743296649414e-08,-2.0766024687756673e-09,1.771583119876085e-08,-1.3273631719738575e-08,1.0104542644903619e-08,1.5329809851081405e-08,7.753091084843776e-10,4.705413349192895e-09,2.3028865824444728e-07,-6.691365833474793e-08,50mV,2,6
0.238186,0.0499862,1.8393615145615068e-05,-2.078120538646527e-05,-0.0022091651028699243,-0.04993737244076056,5.12689097524521e-07,3.677322073812788e-07,-1.8234482974217728e-07,1.42618576406206e-07,2.8902989681000136e-06,-4.163091174235799e-06,-5.439321687095104e-07,-6.670702847503307e-07,1.8319324739416656e-07,1.1322260071619735e-07,-3.20361356342639e-07,-9.372427485604323e-08,4.2114097693320973e-07,-7.891210031442075e-07,-1.7727200149977117e-07,-4.7002083803707547e-07,4.67721525658439e-08,2.3783138837645112e-08,1.734698662402442e-07,-2.9391412641561284e-08,5.04304468381167e-08,-1.33477674463286e-07,3.492344044708733e-07,5.20906120263647e-07,9.566601217426842e-09,5.631210580130913e-09,7.37364101324389e-08,-1.1923256641454477e-08,3.995501342822859e-09,-1.8875784630580104e-08,-7.29698290418285e-08,2.990255140746805e-07,1.397778853982236e-09,2.6208437757310773e-09,2.8116764280124887e-08,2.5999642383078538e-08,50mV,2,5
0.1890121,0.0500043,1.667004236647286e-05,-1.8322904467496414e-05,-0.0015019599896466177,-0.049981732342736555,4.4978797186233344e-07,3.4543779348307426e-07,3.529901358478849e-08,4.91503183991261e-08,2.7610310096643475e-06,-3.605139729705789e-06,-5.154038351371046e-07,-4.4867085363349327e-07,1.582500556878111e-07,1.1208460074022526e-07,-3.762553852595716e-07,1.5742682871490159e-07,4.3459191567833087e-07,-6.772278736620754e-07,-1.4244632961372633e-07,-3.22776899398433e-07,4.033060866301666e-08,2.5679356156831398e-08,2.8809784168404983e-07,-2.643605984959211e-07,5.982069230975259e-08,-1.1474851505291102e-07,2.333254608987744e-07,5.350751038479761e-07,8.366015662193657e-09,6.383488226383133e-09,-7.088101351311652e-08,1.229934906069807e-07,6.823697553010818e-09,-1.664463071652397e-08,-4.1220778760726336e-08,1.8930839522621547e-07,1.3555148606998469e-09,2.747043553649001e-09,1.1648523559876592e-07,1.2422308300820339e-08,50mV,2,4
0.1502404,0.0500033,1.5062479293619068e-05,-1.6208213250010394e-05,-0.0009432141548421182,-0.04999439397353717,3.9686754793115944e-07,3.2153051321115716e-07,-4.542929049710991e-09,-1.3278868729336736e-07,2.5897785860957306e-06,-3.136681487169701e-06,-6.473442152639173e-07,-7.042389107616633e-07,1.3753834563968432e-07,1.0787002335348432e-07,-2.8620964560741257e-07,4.7563117791861795e-08,4.2778059912311686e-07,-5.827640424527152e-07,-1.3044330248851925e-07,-1.608404971865142e-07,3.4770418120221173e-08,2.585438718226198e-08,1.3866993746045192e-07,-9.718034763744014e-08,6.330670664391535e-08,-9.830506726417809e-08,8.231806795124452e-11,6.072873895077412e-07,7.197083079107683e-09,6.51962727399411e-09,4.3160394758607946e-08,-6.577729354320732e-08,8.185261491252847e-09,-1.4292064358429412e-08,5.4185868855911544e-08,6.539398642508692e-08,1.1542214474742578e-09,2.7032725390392083e-09,1.6980672165739416e-07,1.4021596014625557e-07,50mV,2,3
0.1193355,0.0500021,1.3563191946634465e-05,-1.4347638532013292e-05,-0.0004977125758989899,-0.04999960888604842,3.4976396115872127e-07,3.049179232706557e-07,2.222587978314667e-08,-2.459422346129645e-07,2.399743638651846e-06,-2.733409651024248e-06,-3.1816446396184003e-07,-8.519946179331897e-07,1.1921124272567462e-07,1.0558948245017969e-07,-1.8881187368330105e-07,6.050120524684043e-08,4.092050144667808e-07,-4.997942319715424e-07,-2.237610682851844e-07,-3.5376972107414303e-07,2.956534986118972e-08,2.792702764335431e-08,3.18123252894749e-07,-1.1339705721736823e-07,6.298418861189009e-08,-8.183056201979021e-08,-2.0254874873306446e-07,6.074944392121075e-07,5.747774923300823e-09,8.418267538760308e-09,7.4315199129927e-08,3.3259065763782577e-08,8.456091122427714e-09,-1.0370529699481703e-08,-5.348102702613348e-09,1.2867343631229622e-08,5.284755878708144e-10,4.071025871325311e-09,5.8124265801881856e-08,7.94112072165039e-08,50mV,2,2
0.0946587,0.050002,1.217659974290147e-05,-1.2715768663556212e-05,-0.00014218591544446749,-0.050001818594739636,3.088017072663228e-07,2.865050836594271e-07,2.1567585466948905e-07,-4.0148915365882093e-07,2.201974710788733e-06,-2.388695095195806e-06,-2.944182714535119e-07,-7.859614511720838e-07,1.0351669835802242e-07,1.0193985023597643e-07,-3.24901644790464e-07,1.176698604281225e-07,3.840527843182371e-07,-4.296615031610731e-07,-1.0082162715279063e-07,-4.2430726851684167e-07,2.5106632809700665e-08,2.895887321380078e-08,2.659645155494344e-07,-3.623282542914951e-08,6.050003410123409e-08,-6.793384769184827e-08,-1.7950480164680224e-08,6.389335115580069e-07,4.4735928103982676e-09,9.841083497068275e-09,-7.409913381410069e-08,6.624674615465444e-08,8.03352742455367e-09,-7.018560713944992e-09,6.356240308511848e-08,1.9225382642616112e-07,4.0073785270381016e-11,5.232020075938121e-09,1.114689758988547e-07,-1.1371470284172937e-07,50mV,2,1
1500059,0.0009926,-6.562834812887645e-05,0.00017579337492904936,-0.00022163930599988652,0.0009674911193780745,-3.291871538261927e-07,-4.2113976159342965e-07,-3.3443941041432493e-06,-2.660489264214385e-06,-1.0139833902410899e-08,-7.744940574336255e-08,1.1302659955528722e-06,1.868308698416331e-06,6.67890528616507e-08,8.675891950796516e-08,3.693528077354107e-06,1.6683300618620109e-06,-2.1424727800062307e-08,1.820457456708223e-08,2.7737843433756544e-07,-1.087176676074317e-06,-5.4288288853749034e-08,3.879837455944615e-08,-1.1435242477001199e-06,8.851947176205473e-07,2.327269612997607e-08,-2.0724636843970346e-08,3.596212506593308e-07,-9.622754334687817e-07,1.0570394536038424e-08,2.009646085723375e-08,-2.53369176009549e-07,-1.4595125905428584e-06,7.013997665497647e-09,-3.128332102879971e-08,-7.613476165461528e-07,-4.392213658718461e-07,2.7685882133882788e-08,3.6451586589579104e-08,-2.1831921869134657e-06,1.5081261817494336e-06,1mV,2,73
1191504,0.0011842,-0.00018372070485875793,0.0001539371462643114,-0.0008440998812066764,0.0008305355844056963,4.328540902781304e-07,1.1644148336668e-08,3.2361183782740594e-06,2.6560698468319693e-06,1.0878846667389799e-07,-1.26918706640608e-07,-2.790862076995655e-06,2.0152543263816605e-06,1.2249928925819206e-07,-6.527216518494064e-08,8.948899249886567e-07,2.685029184084595e-07,6.4727405701297135e-09,-5.777699903251507e-09,1.478295114418126e-06,3.0509779355812e-07,1.0735642076238685e-07,3.87602349874359e-09,2.3080407279667155e-06,-1.875295797297931e-07,-1.5583197146702223e-08,-8.934083153112017e-09,4.913693861300084e-07,5.516899034971688e-07,-8.82153937490576e-09,5.8670914586456346e-09,1.2020815280171308e-06,-6.52368871856855e-07,1.5648471941440507e-08,-1.8085184006496262e-07,-8.025285211135464e-07,-7.291581271287191e-07,1.3131337528568238e-08,9.104892530088048e-08,7.004817430740024e-07,-1.5677883164120485e-06,1mV,2,72
946464.9,0.0011922,-0.00019504214733816191,0.00015726165299023378,-0.0008782199931076185,0.0008062254742393719,1.821489390667017e-07,3.8018844575905263e-07,2.820693144326963e-06,3.5377436146239457e-06,-5.007110401075246e-08,-1.8041409677323432e-07,-8.638697029251758e-07,1.1578873541929717e-06,-1.9604922207417994e-08,-1.4274629756855781e-09,-1.7456698660542891e-06,-2.2811596217381706e-07,-6.604482297445187e-08,-6.44524847944805e-09,-2.5314577446086786e-07,-2.7230770531841596e-07,2.5786814290484842e-08,-2.9116723754157224e-08,8.551753831087489e-07,-1.460126889559014e-07,-4.222089291436706e-08,6.07061999221238e-08,-1.8409215688974995e-07,-1.1700407519946155e-06,-1.4775692251130642e-08,-2.3868301010604263e-08,1.1170077434056245e-06,8.749413378370386e-07,2.0802341250096675e-08,-1.7481579980405894e-08,1.1170077434056245e-06,1.017145151921905e-06,6.105902410884897e-08,-7.053268608357796e-08,4.2322705242314464e-07,-1.362285408129708e-06,1mV,2,71
751816.4,0.001211,0.00023952910756390618,0.00010532134534904506,0.0011352146381668324,0.00042179913866688607,-2.7312794918459234e-07,-2.46237672664979e-07,-3.291361095554258e-06,-3.841578559665041e-06,1.2113534656854394e-07,-2.0344754774321332e-07,-1.6252407423834553e-06,-1.9787941329767293e-06,3.287786891746229e-08,-1.2667552819914054e-07,6.580052863009537e-07,1.5463596663790593e-07,7.742025968572552e-08,1.3305948709347492e-08,3.74650031895409e-07,-6.543872197754044e-07,1.4362090026853792e-08,5.36424020518524e-08,-5.222879615936939e-07,2.0553505954379745e-07,-4.586556433255856e-08,-6.697765149844531e-08,-1.0518213370149896e-06,-9.522609231947927e-07,-2.4148934014387677e-08,1.7734127586724052e-07,7.793642553890479e-07,-2.3039571863053633e-07,4.345734646107593e-08,4.273449550546452e-08,8.926025450369528e-07,3.4471974864386625e-08,-8.356570262393089e-08,4.853719052857663e-08,5.373465738971034e-07,-1.4948679296021859e-06,1mV,2,70
597246.1,0.0012301,-6.370811127621672e-05,-0.00026167259835850116,-0.0003543124255287037,-0.0011779448799830662,1.7762920090970493e-07,-3.3117876426957845e-07,1.7114193813405658e-06,-2.347815484408459e-06,-7.78172669977314e-08,-3.272097960038653e-07,-4.090170787425936e-06,7.464035776383826e-07,3.3441709235654374e-11,9.72358776168502e-08,1.204291236708339e-06,-1.1203223064424363e-06,-3.740103212293043e-08,-9.400306275306949e-08,1.8462116115042515e-06,2.5190679079770757e-06,-1.807846649207499e-08,-2.8883356419278747e-08,-7.622779039051515e-07,3.1524599120792714e-07,-3.5932492872383987e-08,7.185145127903433e-09,-2.8947183854824294e-06,-1.250695119223706e-06,6.65802022447012e-08,4.158911510246379e-08,-5.899749848247342e-07,1.0328756261528763e-06,-4.592055293333927e-08,-6.037580427861439e-08,5.393312237581117e-07,3.748584074249899e-07,-5.393297874474625e-08,1.3733969282834473e-07,-8.889296777358615e-07,5.204134657109421e-07,1mV,2,69
474433.6,0.0012414,0.000223376137031176,0.00015777099084355722,0.0010591233193850862,0.0006475407688520001,-2.0102636993025674e-07,-2.420922591602729e-07,-4.4078628156695957e-07,-2.0539242284778e-06,-4.6064482308941096e-08,1.6542221767229934e-07,-2.0804407327722954e-06,-9.084789705269784e-07,1.5948914983640596e-07,2.9649252500194886e-08,2.878707941160282e-07,1.2694776430989737e-06,-8.42409785514206e-09,-3.535642181658607e-08,8.125371756595038e-07,3.179770806648256e-06,-1.5251033736239843e-08,-9.564050108742842e-09,-1.5202795795510773e-06,2.161095100001386e-06,-3.771494333960343e-08,3.2404692946870477e-08,3.986461424567127e-07,7.564194137375863e-08,2.1779883229456705e-08,-1.6142054571795629e-09,-1.146838810736932e-06,-1.543481520808761e-06,3.080857616503714e-08,2.0512637392135855e-08,2.0152543263816605e-06,-1.5100353700586373e-07,-4.390495610211047e-08,-5.295159187226351e-08,4.2577473605867287e-07,9.271907837241273e-08,1mV,2,68
376816.4,0.0012472,0.0002429154861331824,0.00013206986905611742,0.0011358057352417305,0.0005152444046550339,-2.7510519652148523e-07,-2.435707752455601e-07,-3.4509341038354955e-07,-2.790862076995655e-06,2.5378117619502472e-08,4.5480390010594093e-07,-1.5147553078230573e-06,-1.7556135551647254e-06,2.5317306436320428e-08,4.3416389510484395e-08,-3.569575573175142e-07,1.5832562772505041e-06,5.593974778975367e-08,-2.484368852399037e-07,2.086169402554252e-07,1.1766698780682394e-06,-1.0467787817816528e-07,-1.3447071754911488e-07,-5.999039793723735e-07,-1.0093597957756064e-06,2.1181383630443032e-08,6.026968301871912e-08,1.7036854009213381e-06,1.8804620962179748e-06,2.5141579352652115e-08,1.2559641695978913e-07,6.34286383694962e-07,2.4535191093610826e-07,-5.37343369819501e-08,-7.037102379572919e-08,3.375269258831152e-07,-2.7068931467297525e-06,4.646661614511058e-08,-5.0421353886852385e-08,-4.7478883696552946e-07,-1.3534465733648763e-06,1mV,2,67
299355.5,0.0012572,-0.00026672841184398495,-8.171834196390722e-05,-0.0012288687216262994,-0.00026524127789480205,-2.7808598306049023e-07,-1.0066535655414841e-07,-1.2694776430989737e-06,-9.352387637483759e-07,1.574543395881071e-07,-5.341186314409868e-07,3.637180505728304e-06,2.0837552958091075e-06,1.3727097088804817e-07,2.7145508921991335e-08,2.944864409666357e-07,3.5632657500073976e-07,-2.6191456146018844e-08,1.914420899384459e-07,4.011642159957787e-07,-1.0529261913605935e-06,-1.771176533476903e-07,-2.2607319697422986e-10,-3.377539734511369e-06,-7.020052267311558e-07,4.044550246641602e-08,-8.915256435062927e-08,-1.8384776310850238e-06,-1.2727922061357855e-06,-1.117747995817179e-07,1.432733130914109e-07,-1.539062103426345e-06,5.93491404750488e-07,-8.390933442250064e-08,-1.896113462877801e-08,-1.0710449187450224e-07,-8.625660852827976e-07,-7.91097587568493e-08,-1.3468649560281133e-08,3.2324635200988014e-08,-1.7595490463437666e-07,1mV,2,66
237832,0.0012657,2.8449999399302503e-06,0.00028019216689951506,0.00013674561264671346,0.0012583075656649174,7.834396211282427e-08,-1.8228096916100136e-07,5.361375317867089e-07,2.6946237392218204e-07,7.237008095740429e-07,-1.5747190677220222e-07,8.311757370135391e-07,2.399743638651846e-06,5.191231063207112e-08,-2.6080351993024904e-08,2.277104806289804e-06,2.4638251906968766e-06,2.2474958146819628e-07,-1.691335339046177e-07,-2.5798348969852948e-06,-6.300227507752763e-07,7.052499629733256e-08,1.814502291785417e-08,-6.526890586462111e-08,-1.3291397777615886e-06,3.201883361521174e-08,-8.530322971345809e-08,-7.213262566144708e-07,-2.3212989801139634e-06,1.9713407855612848e-08,3.7330277250637945e-08,-5.433006339655632e-07,7.755943818764125e-07,6.28617376047668e-08,1.859970362670058e-08,1.3965358928434316e-06,-1.0960155108391487e-06,3.5185500849321135e-08,6.439635819372382e-08,-8.10177096291859e-08,1.512979806889672e-08,1mV,2,65
188847.7,0.0012782,-0.00019558573567619907,0.00020238500931904594,-0.000776236412736643,0.0010154893067141483,9.904277851073785e-08,2.0251792329682213e-07,5.524441875589127e-07,1.1589922085385757e-06,-9.304255762771866e-07,3.6877739959222017e-07,-3.170931971883424e-06,-1.5239057115133494e-07,-2.8143534900918868e-08,-1.408273865411128e-07,8.619612880140139e-07,-1.1081689086407926e-06,-9.719537365654035e-08,-2.6933454227439564e-07,1.2882601669742414e-06,-7.111671209066422e-08,8.785299047515604e-08,-5.204561130886825e-08,1.3600756994385002e-06,2.6959484595821996e-07,4.660654594798132e-08,1.4287810669198836e-08,-7.287866750977272e-07,-4.807813459652163e-07,-4.64007115833953e-08,5.938484936749872e-08,2.3465084417176094e-07,-1.9960729500876299e-07,-7.028179575877821e-08,1.5595416835764605e-11,6.660001228311787e-07,9.963038424590388e-07,-6.591314643354279e-08,-3.112073066330063e-08,1.1214271607880403e-06,9.91260624313095e-07,1mV,2,64
150058.6,0.0012905,-0.00015269528997985252,0.00023787403575419142,-0.0005399843031617983,0.0011721377655425718,6.311850575468516e-08,2.496982974462798e-07,-1.13247570424408e-06,-1.5036924012605246e-07,-1.4959727839477899e-06,3.0993926530055663e-07,-8.749341562837921e-06,-3.6670115730596114e-06,-1.5000828421134364e-07,-9.90911490339884e-08,-9.770049096626358e-07,-2.1202154892140387e-06,1.0314437349209733e-07,-3.6032205977074746e-07,3.0140426548076593e-06,1.0617650261254254e-06,5.626101733636839e-08,-1.1084395979554656e-07,-1.0783378413094851e-06,9.412180144959155e-07,5.758727344428796e-09,2.2138806212169617e-07,9.881813952518965e-07,9.912584146044036e-07,6.1379210898205e-08,1.9905530977769924e-08,-5.723086952948303e-07,7.38780856051757e-07,-6.103741315784897e-08,1.7422967457371602e-08,4.4357471296439496e-07,1.4396252123219866e-06,-1.2498267037080614e-07,6.380276414800462e-08,-5.759738286155023e-07,-8.157007051072716e-07,1mV,2,63
119238.3,0.0013189,0.00017268431480051976,0.00022927495438235563,0.0009556713875888031,0.0009090067594478734,2.3301079838114638e-07,-3.276257736649852e-07,1.7445650117086852e-06,-5.794887017451723e-07,1.5722077337944643e-06,9.55728177102167e-07,3.211811582670772e-06,6.33965423507564e-06,3.8394693927192824e-07,-2.9690463567285915e-07,1.5655786077208406e-06,-1.0209531429094636e-06,2.3183412850307814e-08,6.028944886296198e-07,-3.1002212937647696e-06,1.7909688942240526e-06,-1.987404262892021e-07,9.200353050402577e-08,5.274084090583955e-07,8.266996406031938e-07,-8.670046166453926e-08,1.7723786150049198e-07,-6.584234736707648e-07,-7.469525797627133e-07,-1.2830098991239312e-07,4.6976583765411e-08,-4.777849809799383e-07,7.764421366157945e-07,-1.1157835647906952e-07,4.851631982998818e-08,1.4020601645714512e-06,3.4501264553088595e-07,-3.245033447988737e-08,2.2343292654454002e-08,-5.526033970701142e-07,5.1917459253321646e-08,1mV,2,62
94746.09,0.0013168,-0.00022823970586052471,-0.0001698647265105384,-0.0011925477398689141,-0.0005583072076292947,1.6439293536393467e-08,-1.2152491821080391e-07,3.28767861602036e-07,1.8314872176403872e-07,3.88130912193296e-07,-7.455206885308105e-07,2.7477727575170996e-06,-1.0067062670937695e-06,-1.0461951977163049e-07,7.718171058396617e-08,7.34403202163605e-07,7.871465179431786e-07,2.2375300284846148e-07,3.273230435742897e-07,-1.2385417214220622e-06,-8.252605678180447e-07,1.9063223170311816e-07,4.6483343639903024e-08,2.0682873349706517e-06,6.531950819364977e-07,-1.2921072698056345e-07,8.723142151740615e-08,-1.0938058021479408e-06,-7.529338192480749e-08,3.166383286542573e-08,-5.471016643707446e-08,4.287613783257096e-08,9.363956567336578e-07,4.545612740916463e-08,3.9782777684292384e-09,-2.624617958175661e-07,2.174406385157223e-07,-5.318552268285824e-08,2.1940982041589227e-08,6.15275486426458e-07,4.0628853045069e-07,1mV,2,61
75292.97,0.0013044,2.440512764004633e-05,0.00027531975923540154,0.0004335216432737443,0.0012303017177125476,1.731392938200395e-07,-1.0608376113877252e-07,-7.996325873882838e-07,-1.994262093815185e-06,1.537192689873583e-07,8.380324630823576e-08,-4.765329600354999e-07,-5.396593654987561e-08,-5.3530148850339034e-08,-3.328438902538382e-08,-4.3096478934714756e-07,2.538187412427752e-07,1.9085408645571544e-08,-1.101853119259582e-07,7.888019212091971e-07,-2.0174640350728684e-06,-3.8416028664606436e-08,2.2312378829864003e-08,5.512679596225826e-07,2.18429704125907e-06,5.41296317697203e-08,-8.252869738369045e-09,2.0848601501547112e-06,5.071454908454531e-07,2.6141174224750407e-08,2.0706450941441706e-08,1.6611076290047975e-07,9.419797010817749e-07,2.9394948175467214e-09,-1.108440702809811e-08,4.902976774147725e-07,1.2263883236204185e-06,-2.8062416494864627e-08,-3.037464462080118e-08,5.667893954113656e-07,1.5860570830166103e-07,1mV,2,60
59824.22,0.0013142,-0.00020820317230299654,0.00017255615169642968,-0.0007132343033872673,0.0011038224116451864,1.9709706593555077e-08,3.4700845442078494e-08,1.3291397777615886e-06,-2.856437392115942e-08,-6.57814698926337e-08,-1.8381671670139089e-07,-1.1070640542951884e-06,1.8638892810339152e-06,-4.808533824685497e-09,2.546216388957257e-08,-9.541011685928306e-07,-1.4573028818516505e-06,3.558246396715319e-08,6.755916948616706e-08,-8.449692910912321e-08,9.165859497732821e-07,1.0608900919691416e-08,3.63656068244042e-08,1.182351039113335e-07,-3.091506202686645e-07,1.4541673052188263e-08,-8.1320285040273e-08,9.277637611877576e-07,-1.1015397825671687e-06,3.833127528775516e-08,8.642754054408815e-09,-6.821017176368383e-08,-1.4329960862483628e-06,-2.8109450144356988e-08,-8.144152070761613e-08,-9.69520736810949e-07,-1.0529261913605935e-06,-1.423487709750095e-08,8.411234035996192e-09,1.6771688966268425e-06,-6.764591160084043e-07,1mV,2,59
47519.53,0.001337,-0.00025740012660405056,6.488367629993937e-05,-0.0010953802195904263,0.0007666473818711461,2.4248934381208296e-08,-4.6850729806903256e-08,5.664003761962784e-07,1.5527888138161287e-07,-6.4812623116973574e-09,-1.0575461398067365e-07,6.768320043500454e-07,3.2132578370091673e-07,-3.2886553072618744e-08,-2.950266042562015e-10,2.7875475139588433e-06,-2.978769074969906e-07,-9.293743073673445e-10,-1.8692312517949103e-08,3.0393371901959165e-07,-6.167682551328035e-07,-4.981562854041845e-08,-1.770483789802209e-08,-1.4396252123219866e-06,4.831969995064448e-07,-7.211498113754778e-08,3.74531149567822e-08,-9.395142186095596e-07,-4.442989449879383e-07,-1.2514939289155776e-07,1.8942539930141496e-07,-5.000058115787256e-07,2.6947397489281084e-06,-8.464001879542239e-08,-3.756245134282317e-09,-2.687005768508881e-06,-1.6263455967290595e-06,2.733136752000884e-08,-4.596516695181476e-08,-2.9820018787851435e-06,-1.0869715046223382e-07,1mV,2,58
37792.97,0.0013623,0.00016975866049336041,-0.00019373510464731238,0.00038867671024002436,-0.001305709131654365,7.142056913279223e-08,1.196755025216974e-08,-6.952897010477056e-07,-2.966571482994438e-07,6.358828982243597e-08,1.0182149823847531e-07,-4.873805304860743e-07,-9.853883234662096e-08,4.032941542032341e-08,-9.850305716291032e-08,2.946171452357207e-07,-2.4748737341529166e-06,-7.563508022827244e-08,2.7686522949403237e-08,-2.7026162555579195e-07,1.802732278441698e-07,-3.644173128881632e-08,-2.00261258295926e-08,1.4031650189170554e-06,6.990142755321712e-07,1.0556929676128549e-08,-2.0558776109608277e-08,1.4716659883445022e-06,8.991088113073455e-07,-9.047994740998134e-09,9.283129842829574e-08,-9.026475492908805e-07,-2.049504811095384e-06,2.9556367395359958e-08,1.4714836873774775e-08,-1.3479223016368563e-06,8.52823148206958e-07,5.660878129019071e-08,7.699850363637811e-08,-7.59012727857588e-07,4.848986961695441e-07,1mV,2,57
29941.41,0.0014011,0.00020652268884333285,-0.0001371963932197199,0.0006475230911824705,-0.0012424418572620443,4.2407624347317586e-08,8.415420329111686e-08,-1.5003922013302055e-06,7.593078344532988e-07,-4.133107637004798e-08,1.2536881696459472e-07,-7.723197040814768e-07,-7.72620555919785e-07,5.1834009604598174e-08,8.509669929063433e-09,-8.956534898269037e-07,1.038832227386331e-06,-2.8687520986520445e-08,4.2786666727663946e-08,7.255733167189725e-07,7.399501234057098e-07,3.584758481592432e-08,-5.4964117208411526e-08,8.220423480801694e-07,-3.483605751689351e-06,-3.4930511514899195e-08,-3.316774955211841e-08,-4.679185211882602e-07,1.758928118201537e-06,-1.6971026787302297e-08,-1.0980387201168188e-07,2.925024540182347e-07,4.0587918191564375e-07,1.0774630176386359e-07,-8.130839680751431e-09,-1.2285980323116264e-06,-1.4429397753587987e-06,1.2248028576344767e-09,1.1927499282141596e-07,8.678703805106079e-08,3.0410033105490876e-07,1mV,2,56
23847.66,0.0013975,-5.5607319214248345e-06,-0.00022771490004636283,-0.0007912171328086874,-0.0011519896416961376,9.123976679199665e-08,-1.5156170942126284e-08,-3.7730775902375937e-06,1.3965358928434316e-06,-9.994378722957791e-08,-7.581350315654401e-08,-1.6219261793466434e-06,9.20157391445447e-07,5.016614358156132e-08,-2.1120053165718555e-08,-3.499370918346774e-07,-2.316879562731547e-06,2.4790920680444325e-08,7.82680807163682e-08,9.02768088899986e-07,-9.195636427201194e-07,3.748366417943815e-08,3.256435544835371e-08,4.02660078294292e-07,-7.462178516228865e-07,-1.2198763121074286e-07,1.810772303514658e-08,4.7239472808404024e-07,1.1667261889578036e-06,8.584231024576519e-08,-6.227547979190242e-08,2.038456267639344e-06,-5.17160774517484e-07,-1.8705979566204225e-08,1.042881408077535e-07,-7.981316427597808e-07,4.1284948701119014e-07,9.813559365610589e-08,-2.4888678192943364e-08,-1.6119824902362076e-06,1.0882815304199208e-06,1mV,2,55
18925.78,0.0013591,0.00019423118424848857,-4.8156181507495094e-05,0.0008547959761264685,-0.0010565755252641236,-1.3669467886138112e-07,9.443778979243428e-08,1.249590264878102e-06,3.0196254838159956e-08,-6.326273344096031e-09,-1.162152091967003e-07,-3.472652225707033e-07,-1.7721863703487847e-06,9.418858989478332e-08,3.03843673390425e-08,1.2882601669742414e-06,-1.1534679368105557e-06,-8.29708269471708e-09,9.484744768669734e-09,8.059614140507725e-07,4.671742913010614e-08,4.268802533168842e-09,3.407228275632093e-08,8.113300118014969e-07,1.25732424529733e-06,7.561122642295084e-08,5.754482494032985e-08,8.177412605981677e-07,1.3744388059313517e-06,-4.240225475519795e-08,2.0329507784351995e-08,-8.587935601197327e-07,-1.0927009478023368e-06,7.027454791427104e-08,-6.185110523775592e-09,-1.8760426788355592e-06,-3.847290656631813e-07,1.4487711965948966e-08,-9.730189266400003e-08,9.568818660098467e-07,4.91756527092708e-07,1mV,2,54
15058.59,0.001221,-0.00012743390022196312,-9.600521350691229e-05,-0.001218466517962438,7.810988767116461e-05,5.124138783070311e-09,-1.543785355753802e-09,-1.0927009478023368e-06,5.444904516103441e-07,-1.4173082593951318e-07,-2.648005514963406e-08,7.393448841951878e-08,7.68403437368049e-07,-8.117638881030155e-08,-1.374466427289992e-08,-6.431407969060668e-07,8.507063577662154e-07,2.987036700038061e-08,-1.1046780108504221e-08,-6.509095802371812e-07,-3.0445631512506234e-07,-9.217051818982036e-09,1.2455067232167499e-08,4.2745201544073425e-07,3.9017224108223386e-07,-2.064623637960629e-08,-1.0033238660001373e-08,-1.910679862570244e-08,3.255923997273356e-07,-3.5723156119522397e-09,7.576179597316976e-08,8.400146822638057e-07,1.0728135695814652e-06,-3.8659759533246676e-08,7.776950414437094e-08,6.539449465808591e-07,1.142419393354516e-06,2.7777684481459024e-08,2.5312323543221756e-08,2.2461688846128927e-06,-6.200069146760725e-07,1mV,2,53
11863.43,0.0010283,7.94920604575152e-05,8.595103896191607e-05,0.0010263400812423249,6.285295401271925e-05,-6.125181014361341e-09,-4.4980078817274246e-08,-1.12695143251606e-06,-6.080784652191937e-07,1.4475558568147322e-07,6.704838427365088e-08,-1.2937844387022613e-06,-1.2948892930478653e-06,-5.171907160702499e-08,-6.156893648643213e-08,1.256219390951726e-06,-1.636289285839495e-06,1.0077242798878089e-07,2.0651550729008644e-08,-6.765838540640229e-07,1.948963065645422e-06,-1.2494168027458422e-07,-7.932705046099923e-08,-1.5744174424856723e-06,-1.0133966020981396e-06,5.287263898072665e-08,9.10678956499945e-08,-4.137608813608789e-08,2.1445532207390034e-07,-6.112760241808062e-08,1.0773939642420357e-07,-8.277584225225862e-07,3.0180886314212607e-07,-6.339054299165978e-08,1.1318116867823721e-07,1.1877184215242792e-06,3.0505028482125905e-06,-8.059792022057367e-08,2.6552135847141263e-08,-5.838203936925473e-07,-6.059054376922597e-07,1mV,2,52
9432.87,0.0009848,9.582401739423324e-05,-1.6816987994438187e-05,0.0005576155688089466,-0.000811740907132627,-7.96609042986104e-08,1.0226963820959576e-07,-1.9023580996391545e-07,4.446571387667831e-07,-1.0223755323939941e-07,-8.419414377571044e-08,-7.297577315820785e-07,-8.701354424045304e-07,-3.4611252803193466e-08,3.480256938167825e-08,7.299008102198341e-07,7.835007195735546e-08,7.834947533600884e-09,-5.4753465678878676e-08,-1.8901837096049444e-07,-4.923154729061491e-07,-7.422220353965752e-08,-4.896238267493887e-08,-4.429375434632851e-07,2.167067942593721e-07,-1.4888718850685929e-08,5.3796761252476734e-08,-6.945297822287992e-07,7.606343225806311e-07,4.9856066209467556e-08,6.589556820090422e-08,-9.68585035665657e-07,-1.866163071277168e-07,6.934533226398772e-09,-1.1766533052530552e-08,-4.862014299284457e-07,6.258799889209995e-07,2.5339547154297436e-08,-3.1056825887950904e-08,1.1963395999830272e-07,-6.256675254303399e-07,1mV,2,51
7558.594,0.0009291,-6.38373792346524e-05,4.778495044737216e-05,-0.00010576991621336028,0.0009230361999283528,-4.580728326582795e-08,-3.333242809233068e-08,-1.286210662163146e-07,6.329925992562597e-08,3.48700649336512e-08,-1.316704642101816e-07,-4.2087415460874645e-07,-7.148161233538684e-07,4.392648971330629e-08,2.168295435771687e-08,7.023868434221273e-07,1.709527870700892e-07,8.519903090012418e-08,4.1665725702787973e-08,7.254410656538037e-07,2.511979162495681e-07,2.3596749909541718e-08,1.090636969399314e-07,3.848845186696078e-07,1.6230310336922474e-06,-8.65650065217682e-09,5.390673845403815e-08,1.13247570424408e-06,4.2274809806432536e-07,-5.078478467529535e-09,-5.365515207100067e-08,1.7317774275126648e-07,-9.598483999277935e-07,-3.3350072616229977e-09,-3.730432422205971e-08,1.9588006887386794e-07,-2.353329812447368e-08,5.4469153510124403e-08,-1.76583898213329e-08,-3.8909335081375157e-07,-1.0849669673831089e-06,1mV,2,50
5960.648,0.0009521,2.3130125725219332e-05,-6.639953646210803e-05,-0.00044270850715744136,-0.0008428624443395998,-2.1999903923840288e-08,9.736482516752562e-08,4.976904788120779e-07,5.429127196048217e-07,1.0020133982608165e-07,5.63086918013812e-09,1.0634014258966994e-07,1.06820544307682e-07,2.9225043674200238e-08,6.311632919162433e-08,8.037115991468192e-07,-1.838008067988142e-08,7.19427674906985e-08,-1.669027224954087e-08,5.47035704566312e-07,4.426859681287911e-07,-1.917821641060228e-08,-7.88728558880649e-08,1.350980538465488e-08,-8.024783607262559e-07,6.306045670736712e-08,4.2598145430673537e-08,2.756201691319713e-07,1.0171618352225235e-07,-3.262632672859863e-08,-4.4726128045937165e-08,9.246421057196881e-07,6.527845180616712e-07,-1.8433544581665196e-08,-3.970143830736902e-08,-6.698149639156801e-07,-4.4012778837697956e-07,1.890421253289249e-08,-5.942282321135713e-08,7.578560558431753e-07,-5.514803126278077e-07,1mV,2,49
4746.094,0.0009516,3.401073132072733e-05,5.0642103785104053e-05,0.0009378456675768285,0.00016113085290853893,4.0722113800381435e-08,5.208788303613106e-08,-8.220071032265446e-07,-3.390315165309587e-07,5.511194671985334e-08,1.2102795472615124e-07,2.0702926456079227e-07,-5.998306170438254e-07,7.542489273756473e-08,3.5225540770805825e-08,5.356642121850521e-07,3.0825701407394004e-08,-1.7217961733544785e-07,1.0764669914460737e-07,-3.7029281781265057e-07,6.592692396723247e-07,6.014528746794757e-08,-2.910369752142255e-08,1.0318823620961783e-06,3.699515283052935e-07,-5.438266551195052e-08,-9.458977355621558e-08,-2.100384458564793e-07,-1.0783378413094851e-06,-9.409341774145299e-09,-7.997274943765712e-08,-3.2825421481676473e-07,-5.001591653618955e-07,-7.017856921726843e-09,-9.276379182777934e-09,1.517524072813141e-07,1.7238047985547866e-07,1.6540188835234025e-08,2.1317645316886373e-08,2.988326065059381e-07,6.324020546085344e-08,1mV,2,48
3761.574,0.000994,-5.1244249403458226e-05,2.15667568261897e-05,-0.0003696400698652677,0.0009227334698376573,-6.065411708827203e-08,1.475468897002071e-08,-6.925092246015586e-07,1.1001713099747035e-07,1.4300063503891584e-07,-1.1285070674346706e-09,-3.831714420067488e-08,-5.688468551737492e-07,1.0000700699523335e-07,2.453668264697739e-08,6.678927383251983e-07,-2.5633979788857444e-07,4.387753361725258e-08,-4.32715431057757e-08,-4.425780238592256e-07,-3.5353946942851916e-07,2.2193076657625686e-08,-9.662312539677822e-08,1.6683300618620109e-06,-9.28052680599133e-07,1.270776951809404e-08,7.695036513254015e-08,-1.056861130112462e-07,3.868225436772317e-08,-6.81276943867845e-08,-2.5076503431696043e-08,2.691864917920847e-08,-1.8318982234569522e-07,2.548765287932565e-08,3.468381963661273e-08,-4.391155208255373e-09,7.031927241818109e-07,-5.7730860315042646e-08,-4.8608862429975964e-08,-8.337721447257085e-07,-1.0470659334260754e-06,1mV,2,47
2993.223,0.0012443,3.0966857598588364e-05,5.315012314962509e-05,0.001195787172810225,0.00034390911701049666,9.290474914519148e-08,-3.600940178338148e-08,4.4087047146809456e-07,-2.5853591687133144e-06,7.779331375551871e-10,1.2373186476614788e-08,-4.27754193104257e-08,1.852040823031658e-07,-5.010816082550402e-09,1.7397191205488663e-08,-4.638244834106247e-07,2.734747629636774e-07,2.4514298297935454e-08,9.688817995428862e-09,6.162542768912286e-07,-5.30261916376787e-07,3.457103610501348e-09,1.9076790781675834e-08,6.599864006280562e-07,1.206120875504659e-07,1.7511654115693236e-08,1.8032029463929254e-08,6.2040808728896135e-09,1.9942068510979047e-07,3.5036069299078196e-09,-1.2193890713410172e-08,-3.461861113313519e-09,4.1273248293599064e-07,7.642341590094778e-09,2.2357876731815976e-08,1.748134796099332e-07,4.662662115144095e-07,1.379541023299351e-09,1.2108485472494985e-08,-1.0258310748453051e-07,1.4055813353708912e-08,1mV,2,46
2372.685,0.0009253,3.0349244019395744e-05,2.7094343117246416e-05,0.0009252514328912888,-7.039027035842961e-06,5.0362487247318597e-08,-2.2515904048867713e-08,-7.228523919220536e-08,-8.610177424028681e-07,3.643249470648707e-08,5.964341843000042e-10,3.2484087780145574e-07,-8.887741142440005e-07,-4.8366623114702295e-09,2.253031134953439e-08,-6.847023237955209e-08,-7.496986952387119e-07,-1.0557654460579266e-09,2.19701170506828e-08,-5.767449064632994e-07,8.640310116596338e-07,-1.3788317068094732e-08,7.585300169939937e-09,1.0584504630886133e-06,3.806245317692625e-08,4.971169489212749e-09,1.7076816590893875e-08,1.2727922061357855e-06,-4.775036850635476e-07,-1.912942604270041e-08,-9.941313673592777e-09,-7.324781039518246e-07,7.413717394921984e-07,4.8278654611705295e-09,-1.105729390245699e-08,-4.572489427727626e-07,1.3570163577555227e-07,5.6127871339179665e-09,-1.8795229700242115e-08,8.361830473932511e-07,-3.012259419893854e-07,1mV,2,45
1886.433,0.0009451,2.1132549068367338e-05,-3.0801129446747773e-05,-0.00010124443281376636,-0.0009396366364710526,-4.652784717294395e-08,6.337250072019606e-09,-1.320300942996757e-06,3.1490713238013037e-07,2.8550563241839373e-10,2.798850173914372e-08,1.2087106540907548e-06,5.039408608160287e-09,1.1793027459738137e-09,9.728242513043049e-10,-4.922324983447943e-07,1.0466584631434167e-06,1.0173836899751207e-08,2.212342663967881e-08,-2.9859915078271194e-07,1.4937630752565817e-06,1.1947773359383428e-09,1.4765549688237998e-08,2.5837328231165857e-07,4.179931364171495e-07,3.0821337232728865e-09,5.447381599546286e-09,3.5120579607973447e-07,3.0377937086751075e-08,2.150077492467023e-09,-6.663041787470889e-09,-6.529263813596468e-07,2.319179869479095e-07,7.2546813458527104e-09,-1.9374084988990956e-09,5.129020029569189e-07,-2.402748842471889e-07,1.0518584601210018e-08,4.6058726017800504e-09,-7.516720755853952e-07,4.607927630862873e-07,1mV,2,44
1506.696,0.0009743,2.3879216971538832e-05,-2.5542022761672823e-05,6.564381608971491e-05,-0.0009720795794753678,1.7795447002905074e-09,-2.573853215558195e-08,9.5192482650286e-07,8.48593765771986e-07,-5.101791999076125e-09,5.08633398192678e-08,2.9787558167177592e-08,1.71252423568617e-06,2.1116164078422027e-08,-1.5559840525836156e-09,6.391213367967596e-07,2.0112878992809424e-07,-4.326985267862694e-09,3.613089156722409e-08,-3.968117527867064e-08,-9.17117826655256e-07,5.878941021502237e-09,3.344573090547237e-08,1.6815518538158535e-07,1.4115751701957927e-07,6.6854692258323036e-09,-4.941778153910992e-09,-1.2910554484686193e-07,6.578764602842562e-07,-2.905344874578448e-08,-1.128617552869231e-09,-1.4195754205123113e-07,1.6998935408072252e-07,-2.004191419819128e-09,1.7078805328715965e-08,1.1889426001392082e-07,2.8379730662922087e-07,-2.0715532844162572e-08,9.955340904364566e-09,-4.70566857054673e-07,8.184685862138787e-07,1mV,2,43
1185.994,0.0009438,2.490010238687691e-05,1.802238408549213e-05,0.0009433235354223329,-3.124638574802618e-05,-1.2621579830593474e-08,5.149662023308109e-09,-2.7960493681482656e-08,3.489604005931635e-07,6.836941442051573e-08,-2.8726411859485705e-08,1.2830430447542993e-07,-1.2308077410028343e-06,1.1336877294612076e-08,7.302512700182598e-09,1.737640889524785e-07,-7.822468203767286e-07,-5.665117455143152e-08,3.633679222307085e-08,9.41491576431887e-07,1.6175067619642276e-06,1.2290112478368824e-08,-8.628689258589276e-09,2.616331550583631e-07,-4.966878234934424e-07,-8.85506176060573e-09,-1.0055104832355223e-08,9.391841986165277e-07,-3.733980109509706e-07,1.2961543512735818e-08,2.9527188192092557e-09,7.055076150067204e-08,-3.0230151769483087e-07,7.165288685604238e-09,-1.6316820432183267e-08,-1.9831704610396665e-07,-1.2181019160283886e-07,-1.2451609038065756e-08,-1.5571916583833607e-08,2.427739542915105e-09,-1.7992033736618387e-07,1mV,2,42
948.6607,0.0009898,2.278209660635408e-05,1.8909582125012126e-05,0.000988592732524765,4.934279507467378e-05,-8.10039652411266e-09,-7.316742119299631e-09,-5.132594233377218e-07,5.883632233053672e-07,3.615394987741685e-08,2.5027083296817176e-08,-2.978036556538771e-07,-1.8561553006146873e-06,-8.100652850320839e-09,-3.376386266574558e-08,1.2109203627819627e-06,-1.764452389929557e-06,-6.677857884245439e-08,3.818553395102654e-08,-4.754956122904123e-07,-7.857015894299978e-07,2.1309347860750886e-09,1.326856043829225e-09,-2.3526017134336152e-07,1.309252399540717e-06,-1.2488234959622528e-08,1.4624724953347315e-10,-8.90136178681261e-07,-3.121317382639732e-07,-1.821009883881025e-08,2.471237658501534e-08,-1.1777747324138434e-06,4.720516708097301e-07,-1.4693457942187338e-09,-9.134331374126666e-09,1.314776671268737e-06,4.822604144776764e-07,4.4753307462839024e-08,-4.319295481617289e-08,-5.486609453086955e-07,-1.0157046428261065e-06,1mV,2,41
752.3148,0.0009763,2.6006061586826494e-05,-6.3252911285827886e-06,0.0006328009070272974,-0.0007434443357591169,3.5658135441283606e-08,1.717768979264752e-08,8.382529920097401e-07,1.3943261841522235e-06,-5.3148145460346456e-08,-1.906728903430364e-08,-1.5070213274038296e-06,-1.5976193837433558e-06,7.603367853053598e-09,3.4541326571660186e-09,-1.7511941377823093e-06,1.1556776455017636e-06,-6.815297345421191e-09,-9.27913247980718e-08,-7.922055355062648e-07,-1.0301425479581556e-06,8.256545588776871e-09,2.9375171282680906e-08,-7.278139613318574e-08,2.3136765899836413e-07,-3.97457540151712e-09,-6.299423173789163e-09,1.3888019124242035e-06,1.531328123007117e-06,-8.694213750409666e-09,2.0065469692839555e-08,1.699110199076192e-07,9.444579998643993e-07,-1.9363058542621828e-08,1.9739139913321964e-08,-4.4716548958760787e-07,-1.1690607461900647e-07,-1.619714260946744e-08,9.898802192936972e-09,-1.9478902520758403e-07,5.164546621052085e-07,1mV,2,40
599.564,0.0009972,2.0727067523530675e-06,-2.509345189735761e-05,-0.000507940212576246,-0.0008581690964435973,-9.499612793598527e-09,-8.784741096071075e-09,-2.1952616157848433e-07,2.489144032880738e-07,4.046483741746409e-08,4.3127757361238806e-09,-2.196718918666695e-07,-1.480504823109334e-06,-1.1469824418018604e-08,6.269406490927794e-09,-8.716583736345109e-07,-1.9797885018877727e-07,3.877791265696557e-09,-5.459879711903757e-08,-1.5351940083623853e-07,-1.1589922085385757e-06,-4.391812596591007e-08,7.0074469840825615e-09,-1.6230310336922474e-06,-7.729358813500202e-07,-1.3515727403947318e-08,-1.967155597300137e-08,-8.018294797690828e-09,-1.6152970532730197e-06,2.5884163006876006e-09,3.688285543484216e-09,-6.913129988015732e-07,4.3704204067514226e-07,-8.298246106343001e-09,-4.488445367366222e-09,-9.279397644850123e-07,1.5790666695719738e-07,8.440093936357713e-09,1.8806046224285577e-08,-1.261491755888948e-07,-6.79068229545548e-07,1mV,2,39
474.0168,0.0009883,1.831627534142279e-05,1.3828356989579422e-05,0.000987612726720214,3.68049079607598e-05,-2.2578438804828898e-08,3.161909731297222e-09,-1.025130155248454e-07,-1.2779883361231612e-08,1.1077689513676838e-08,-1.247914200835821e-09,6.026109830045379e-07,-2.8766308149905464e-07,-9.7916655718981e-09,8.747118595894567e-09,-9.329248672923776e-07,2.2373024284894206e-07,-3.2798661909425946e-08,3.849615270174964e-09,-1.3114621082319249e-06,2.4163164538359054e-06,3.47739315570402e-08,-2.5023205258064104e-09,1.1045412298824365e-07,-4.130039456487056e-07,4.556907666891572e-08,-1.4047736868442547e-09,5.302453435616028e-07,-4.919619195155558e-07,5.171829820898307e-09,-4.271608863206676e-08,-1.419227391393446e-07,-1.8395824854306278e-06,1.210774522008343e-09,-1.5550217244485945e-08,-4.09378145142737e-08,-1.0551359000518014e-06,4.6822014642461014e-09,-1.2796577710393686e-08,1.0453915266653126e-06,-1.8551531977232247e-07,1mV,2,38
377.1552,0.0010142,1.9516147160748713e-05,9.494013391775005e-06,0.0010019570506891906,-0.00015728043551410905,-2.0690110145670222e-08,2.502681813177423e-09,-1.1225320151336443e-06,7.42296723550338e-08,7.455653246463728e-10,6.499449319080344e-09,2.20346847386399e-07,-7.894522384770196e-07,-1.6761977296570565e-08,2.4570292316170666e-08,1.958369795543894e-07,-1.924738029263709e-07,-1.7364741633358272e-08,3.685407397913918e-08,8.98249897539073e-07,1.7732912246943889e-06,6.541784023040852e-09,-2.444398536738122e-08,1.4959727839477899e-06,9.795425391236189e-07,1.251732577454228e-09,-2.8584703241118538e-08,-1.9452021414529858e-07,-4.1822150981038577e-07,1.0355174433786498e-08,1.8893296571957926e-08,2.6035406518245736e-07,-3.8591424291971073e-07,9.425799684477415e-09,-7.070680007990168e-09,6.768345455150404e-08,6.241834850733247e-07,3.3430262944633913e-09,-6.285049018752854e-08,-2.741397747942965e-07,-2.2718468044590746e-07,1mV,2,37
298.2954,0.0009785,-1.7182694782833106e-05,8.618968750056652e-06,-0.00046608832996476723,0.0008603169332914516,1.713963860898492e-08,3.604915444273631e-08,-1.7409145729508096e-08,8.787884406684318e-07,3.9660580793668587e-08,-1.480742366793639e-08,8.700149027954251e-07,-1.6274504510746634e-06,-8.311241403155995e-09,-4.271154768070633e-09,8.054747257115339e-07,1.8611890170132593e-07,3.915674511498626e-08,1.588822533443657e-09,2.558842664418819e-06,6.440893143617679e-07,-6.758332160216196e-09,-3.1467146694821305e-08,-1.627630542332997e-08,-4.531925805283121e-07,1.9115460683771973e-08,1.6953647428445945e-08,-2.9797722827157144e-07,-7.947390770061692e-07,7.376952261717666e-09,1.821452930473612e-08,2.7598432912428233e-07,2.021112264122053e-07,-9.627758220019059e-09,2.125753019194206e-08,3.034481355346987e-07,6.91818469664687e-07,-1.6195916221143823e-08,2.8215703986773717e-08,-6.817837405561734e-07,-3.517268453891213e-07,1mV,2,36
236.7424,0.0010043,1.1797634702359305e-05,1.3787477378792074e-05,0.0009728817037302763,0.00024924519667914757,4.108668258880038e-09,7.519120499492604e-09,-9.346265639554768e-07,6.502998111238424e-08,2.089358012195665e-08,2.4721281711040905e-08,1.1600970628841796e-06,2.1454912420784208e-07,3.7031557781217e-08,1.9685819642603114e-08,-5.827946469180885e-07,-1.0046663745154808e-07,-3.981835399422083e-08,-1.6504391554436453e-08,-1.656176664060367e-06,-9.674046092828137e-08,1.2039940308893713e-08,-1.438960090005933e-08,1.1788795867594473e-06,-9.59291111395871e-07,-1.7222381150927202e-08,9.735336782796171e-09,3.680154920354916e-07,-1.3755436602769556e-06,-1.2115766462632515e-08,-1.782765350707943e-08,5.793197695157295e-07,-8.477115395770213e-07,2.2489365447486306e-08,-2.5363014260598065e-08,2.5899189025976223e-07,2.5390491988173236e-07,3.058585962605029e-08,1.3399795037463093e-09,1.0317424875360248e-06,5.142718013745987e-07,1mV,2,35
189.0121,0.0009994,9.810001734617743e-06,1.3404092920867492e-05,0.0009482191450277042,0.00031576405741058085,-1.4944889645616437e-08,1.0358470214299435e-08,2.7402011906866755e-07,-9.400723910249588e-08,9.208117966743483e-09,5.915867463441013e-09,1.2385417214220622e-06,-9.53870916947207e-07,1.7681536519873304e-08,4.0436542097673175e-10,2.5313638319893025e-07,-1.7524879222210117e-07,-2.5737924485691866e-08,-1.1858711050584294e-08,-1.3291397777615886e-06,2.68383925595438e-07,9.534680870527996e-09,-3.641759022136487e-08,-9.759594964808253e-08,-5.814832952952912e-07,1.552760087603143e-08,-1.0396796506694091e-08,1.5059639817950864e-07,1.6230034123336074e-07,-6.327247825628854e-10,-5.141162378827377e-09,-6.375426104223261e-07,1.2128019297325263e-07,6.900920242642463e-09,7.708888072184853e-09,3.4026685417477856e-07,5.232817780775647e-07,-3.624596214731874e-08,-6.396833762023684e-10,-9.238866063181641e-07,1.3786991242880007e-08,1mV,2,34
149.6011,0.0009962,-7.425726056804354e-06,1.3186436614783508e-05,0.00010914745594787164,0.0009902036101606556,1.6294005189946545e-08,-1.1924129476387505e-08,2.8148561988191366e-07,-4.0962563251615226e-07,6.22505763749525e-09,-2.5857116172495624e-08,-7.932291830574667e-07,-7.072493073971306e-07,-1.4612173807981252e-08,2.2686106860808005e-09,1.9124796702992326e-08,2.9956214183034035e-08,-3.991603416691568e-08,-2.8172581521664796e-09,5.224496017844557e-08,1.197662110634715e-06,-1.9582571004006426e-08,-1.858262257851754e-08,-9.294604860063016e-07,-3.387221573141896e-07,1.6785057703850233e-08,8.886818589061425e-09,-2.2085165533690544e-07,-5.655149459237114e-07,1.2261982886729747e-08,4.2780877290892977e-10,-1.0783378413094851e-06,2.167280074628077e-08,6.010733572117607e-09,1.6519782175470718e-09,4.231671693176129e-07,-2.494195426948839e-07,-1.3658143129095673e-09,-2.181665278207841e-09,-4.6003173941303537e-07,-3.626144115670066e-08,1mV,2,33
119.1737,0.0009847,-2.9013475115560527e-06,-1.3370947290499373e-05,-0.0007376305921925487,-0.0006523490949640687,-4.3697320824941117e-10,1.5790379433589882e-08,-1.233960995305188e-07,2.8448032758567324e-07,-1.6979003835677556e-09,4.36141584383475e-09,-6.637068871514431e-07,-3.9934242166531237e-07,7.804058015806489e-09,3.39046542550059e-09,-8.273918318507147e-07,3.4019481767144517e-07,3.966842525952237e-09,8.642407130144296e-09,7.243468179099175e-07,-2.9797656535896415e-07,-1.1350997333148897e-08,3.0838528766346466e-09,4.808184690712287e-07,4.397533532392544e-07,1.090608574642632e-08,1.1762478237082186e-09,-4.074115044075619e-07,-6.978810264298851e-07,3.0471142599346234e-08,1.8001502338360216e-09,3.671893924412836e-07,1.0971203651847528e-06,2.6983890828316388e-08,1.2653852626028564e-08,1.196557256289111e-06,9.481176089133432e-07,-2.2546895213261905e-08,-8.816459254624673e-09,3.290553447027622e-07,-1.321552742970326e-07,1mV,2,32
94.69697,0.0009993,3.261530028222951e-06,-5.008304748622844e-06,1.2231842460181669e-05,-0.0004995223273170893,-1.870781362441793e-08,2.9648501199239874e-10,-7.820240817406548e-07,4.532957739241915e-07,9.240524449554392e-09,-8.420120379497884e-09,-4.906096882819711e-07,-3.9272246588275697e-07,1.8615514092386172e-09,-4.0075707716942375e-09,6.435550068002338e-07,-5.499420239224233e-07,-1.9629781430194082e-08,1.51648882429131e-08,6.079035667762846e-07,7.376271671440774e-07,1.2084653764260308e-08,1.3103042208777318e-08,-2.509150735370935e-07,2.7658901590763137e-07,-8.131321397246116e-09,-1.4560311944998602e-08,3.9235488084197454e-08,-6.801193879699557e-07,4.927025033834141e-10,-1.1731155616384315e-08,-5.3746192069078434e-08,-3.4776108120101033e-07,-1.984681901784453e-09,-5.88908910866661e-09,-2.003086565473524e-08,3.299053091508353e-07,8.334974779353914e-09,-2.9275071478969184e-10,5.289150989294957e-07,-2.675961644470224e-07,1mV,2,31
75,0.0009985,2.5212776166682836e-06,-4.470240682313705e-06,3.20297274790594e-06,-0.0004992461137306883,-3.1585023604953795e-08,5.614898510572415e-09,-1.3269300690703807e-06,3.9315380101928077e-07,-2.582859988183558e-09,1.2849853786938713e-08,5.780035565338114e-07,6.445952271666199e-07,-1.287134320396071e-09,-2.7535655088511014e-10,4.7072208909023033e-08,2.6470354528479654e-07,1.4561891886712814e-08,1.120572003524543e-08,-2.4220031391527295e-07,2.426588284686986e-07,1.9757756709045393e-08,1.0116462918438339e-08,9.946616974451675e-07,4.974738168749049e-07,-6.238221977023122e-09,-3.8082163778451827e-10,-2.4610939907545435e-07,9.432213363953646e-08,-8.791665218254974e-09,-1.285749937901029e-08,-6.991979023244106e-07,5.40920556734263e-07,4.327275844555587e-10,-1.4439275151437687e-09,1.6872904672869205e-07,7.859115117556624e-07,3.8065270555507545e-09,3.5220060693251625e-09,-9.74587046412716e-08,2.5610744701969387e-07,1mV,2,30
54.50581,0.0010008,6.038028998725754e-06,-7.915176531906917e-06,1.520721521289319e-05,-0.0010007129846960406,1.4951739742559182e-08,7.872058486215377e-09,2.3045836387193207e-07,1.556685635093074e-07,-1.6719981782894157e-08,1.822029664442017e-08,4.4781359714673915e-07,1.1457339563913278e-06,3.580313652560067e-11,1.9381575901454147e-08,5.557053861308318e-07,-4.140481434907359e-07,-1.3925241667145435e-08,4.1271856177123605e-09,-7.043352540606e-08,2.91522669184553e-07,-7.019499840138755e-09,-4.2887771948830166e-09,5.402442753893189e-07,1.367809679857728e-06,1.320822434247882e-08,-5.807898887079901e-09,-3.456193210520571e-07,-9.648171508908438e-07,1.7950005077311616e-08,1.6248076394799786e-08,4.930416936675146e-07,8.263907233281629e-08,1.2325898710622938e-08,-2.5624312313333404e-08,1.8539455919234796e-06,-1.2672679344077658e-06,1.2649565791167623e-08,7.761735465243782e-09,6.966252489806717e-07,-9.185266264313356e-07,1mV,2,29
45.95588,0.0009994,5.448036778173228e-06,-7.662164886763606e-06,-5.2038639677947485e-05,-0.0009980094061123475,-1.8753631934130125e-09,3.925874526817242e-09,-3.063532395510298e-07,-1.3048329821583011e-06,-1.5433312606177587e-08,2.372516713013127e-08,4.05752455122203e-08,1.4915533665653738e-06,-3.668058974979244e-09,4.694542687286498e-09,-2.807656967903181e-09,3.2117640739339107e-07,-2.781540420881794e-09,1.3515097636970325e-08,8.396297510097972e-07,7.587104397086307e-07,-3.7061930227177654e-09,3.712449812876921e-09,6.575726253392152e-07,-6.160997077682786e-07,-6.805410003882382e-10,4.628680110036353e-09,3.047439087112231e-07,-4.159378863634569e-07,-3.427132226668149e-09,5.846456094032789e-09,3.1976617130666213e-07,4.204780643258474e-07,-8.119363558663642e-10,-3.999747298073016e-09,-7.669880084658958e-07,-1.1545727911561598e-06,5.283967012705382e-09,2.3655914859748814e-09,6.056593866294937e-07,8.566600863783715e-08,1mV,2,28
37.5,0.0010002,5.161879502661798e-06,-6.913073640444106e-06,-3.673309242829554e-05,-0.0009995385245266635,-5.985042394019279e-10,5.30926154809364e-09,-6.64508127522875e-07,-6.826902735467415e-07,-4.6456760844347795e-09,1.4968798693655307e-08,7.489250762259199e-07,4.4178628523516575e-09,-2.548765287932565e-09,1.0424635521640276e-09,-7.3782758772237e-07,1.7151858298047296e-07,-4.7690220235780074e-09,1.1773250566951824e-08,1.4998508227008597e-07,-4.050590485349019e-07,1.1801766857611865e-09,4.172082478900324e-09,3.988280014819991e-07,1.756718409510329e-06,2.6336910220617607e-09,-7.776948204728402e-09,2.512036614921652e-07,-5.978855209683896e-07,1.4607334545947507e-09,3.273587303696527e-09,5.94660340648137e-07,9.976125424314067e-08,5.56509609608997e-09,-2.146927552727706e-08,1.771365463570001e-08,-1.435205794939571e-06,-4.470011977464165e-09,1.960668997437096e-09,5.90537245201212e-08,5.305953614182902e-07,1mV,2,27
30.04808,0.0009994,4.797277568612483e-06,-6.17282122888944e-06,-2.541054509454595e-05,-0.0009990313963820314,-3.0364634640430005e-09,5.993906640434059e-09,-5.010613894205156e-07,2.7289095792746028e-08,-1.16276860069185e-08,2.2335370848796023e-08,3.302197506975942e-07,1.819695107209756e-06,-3.4597055424852454e-09,1.4433618297188193e-09,-9.294904275590674e-07,1.0971213595536637e-07,-6.712952477679204e-09,9.767725587937553e-09,-3.7738763999294653e-07,7.185405873528994e-07,2.3670863539044836e-09,3.3198630231078044e-09,3.97374344619488e-08,-1.6326421616446565e-07,3.652366728708631e-09,7.2569794428915665e-09,4.146838766811964e-07,-3.8938856789489694e-07,2.3781647284278545e-09,3.6182974401075864e-09,-5.617090541594094e-07,-2.764578696968082e-07,-3.868176823181111e-09,-1.0518666360431593e-09,-5.848495655154774e-07,1.364260887699648e-07,4.448426438114101e-09,4.814498933297412e-09,-3.7062493702893913e-07,3.1127149867048596e-07,1mV,2,26
23.91582,0.0010006,4.4437241780192104e-06,-5.504384349799031e-06,-1.5061374439273463e-05,-0.001000494223535611,1.272805464387933e-10,2.2715827442704754e-09,-5.7043132679078e-07,-2.6285169891612973e-07,-2.001920944138912e-09,7.137339185223493e-09,4.026278165474004e-08,5.813859576274434e-07,-2.206188625262867e-09,2.8765965645058325e-09,-6.75185439918792e-07,-3.201707689680223e-07,-6.678787066750091e-09,9.919320442989184e-09,1.979732154316147e-07,1.2131300714731706e-06,1.6376637246454268e-09,2.11476634758152e-09,9.64678381185036e-07,-3.221811619352833e-07,4.254523395606256e-09,-5.154621714465525e-09,1.7819168225705192e-07,-7.562576630613899e-07,3.269746829991208e-09,3.907396942741361e-09,8.63414723905656e-07,5.077475259783727e-07,5.268476954780015e-10,2.771351454106634e-09,3.1043390859108357e-07,-1.0419362051848706e-07,-2.9202007461094393e-09,-5.194368849548628e-10,5.463530150661632e-07,-5.665242303684206e-07,1mV,2,25
18.8253,0.0009992,4.063654283131441e-06,-4.872407664113554e-06,-7.031293055423732e-06,-0.0009991595594861214,5.443472624871538e-10,2.9181921209091316e-09,-4.867488852566925e-07,-4.042884126288431e-07,-5.818115475213701e-09,8.76397977806283e-09,-8.648499297005956e-07,5.244117126168139e-07,-4.6480780377821217e-10,7.423773779175672e-11,5.992084735618158e-07,-7.868161664938431e-08,-3.562704483999831e-09,6.7828963868820085e-09,-1.3021758074571234e-07,-1.4570520799151983e-07,2.2138154348105712e-09,3.6791064135809386e-09,5.029809633605679e-07,-5.818220436376533e-08,2.0857108880008263e-09,-6.759050315540838e-09,8.934388092911405e-08,-4.4213674503359133e-07,1.952340605379933e-10,3.3277041743985554e-09,-6.837313777966041e-07,1.1599998357017665e-07,-1.806169480310872e-09,2.338825284598279e-09,-3.1722323854482003e-07,-1.7295831867822955e-07,-8.48302194710181e-11,-1.6446198876053491e-09,3.47542761982319e-07,3.130105394104666e-07,1mV,2,24
15.02404,0.0009993,3.73330283379585e-06,-4.349811558642871e-06,-4.736106202913774e-07,-0.0009992656255032994,-7.076620809806481e-10,3.1848089424642105e-09,-1.0326037214984231e-06,4.137202227209606e-07,-3.3420164575915093e-09,5.851062231799611e-09,-3.314698933896451e-07,1.4863384540541228e-07,-1.8551907627709752e-09,1.7105620143683772e-09,-3.183533940549383e-07,6.174588995842406e-08,-2.234802143105319e-09,5.644729577903722e-09,-1.4201355816655325e-08,2.72680925116361e-07,2.070181055319017e-09,1.4237506650843486e-09,-2.353185076528094e-07,-5.541636723769761e-07,-1.3142905353566712e-09,3.063049574161269e-10,-4.271063065159948e-08,-3.2090295594285407e-07,1.8127157423085758e-10,1.6442950604277416e-09,-5.791166972870074e-07,-5.736864486637984e-08,1.621932808472717e-09,1.1850004798340934e-09,-3.0241752740111934e-07,-5.818904341216462e-07,-1.460874875950988e-09,1.3452651269356789e-09,1.4723090135736435e-07,4.809791148930794e-07,1mV,2,23
11.95791,0.0009985,3.3841688605849926e-06,-3.8912970052172194e-06,1.5981055196554216e-07,-0.000998507695422215,6.455718079226993e-11,2.8010311563925938e-09,-3.819120185381948e-07,6.329416654709275e-08,-2.048109380056886e-09,5.771356934453394e-09,-2.0274276115615255e-08,4.6554175851999696e-07,-7.688328942521853e-10,5.512091813713965e-10,-4.126587891511389e-07,-2.882578245932933e-07,-4.704806784157159e-09,7.222517930997832e-09,1.1618935560501317e-07,5.636672980015579e-07,1.5147751952012783e-09,1.8305624545531167e-09,-6.945611600922143e-08,-3.7399098627825626e-07,-7.25618947203446e-10,1.6577543960658895e-10,-2.1303193822045873e-07,6.310324771617237e-07,2.6873803141320404e-09,1.8945920784439045e-09,7.090619314365284e-07,2.2727074859943e-07,2.5770617125778285e-10,2.97004183049398e-09,-2.0157227846241967e-07,-1.2004065688291954e-07,-5.677605623811514e-10,-6.469787294463914e-11,6.790042584789376e-08,-2.7704554172323493e-07,1mV,2,22
9.52744,0.0010002,3.088067895963126e-06,-3.475871771270123e-06,4.8525202858926824e-06,-0.0010002014371340258,-8.46578842901908e-10,3.6226958652574356e-09,-6.406914453072975e-07,-1.5338438763520572e-07,-1.7562532658308297e-09,4.645995387340658e-09,2.4730385710848683e-07,3.776496009582892e-07,-1.341321901776218e-09,5.677994532541167e-10,-1.5766757647680867e-07,-4.03545508566859e-07,-2.198220415722371e-09,3.409009300837207e-09,-2.2619771405897943e-07,3.2869494121522614e-07,2.5201871254291723e-11,2.810740616381762e-09,8.288954281296472e-08,-3.832288944327202e-08,-1.2461663212610753e-09,4.30402197514366e-09,3.9475186234476236e-07,6.949568084333752e-07,1.8037222279353594e-11,1.7094107561402579e-09,2.0904297209109011e-07,-2.0117618817952063e-07,-5.833633154497708e-09,5.3985459326162445e-09,-4.948589580951639e-07,5.733916735243913e-07,-5.793566716508726e-10,1.3360981504302024e-10,1.945581106493528e-07,-2.1414375314844e-07,1mV,2,21
7.524077,0.0009992,2.7974912030692787e-06,-3.0847533329263137e-06,8.887448356038421e-06,-0.0009992070682229824,5.463419665227072e-10,3.549343480398442e-09,-4.361028039959443e-07,-2.2165687318398164e-08,-7.519865171321541e-10,2.727561656972966e-09,6.147246060497398e-08,6.437517813591859e-07,-3.385521202304012e-10,-1.7983460066896503e-10,5.787872297211483e-08,-3.4698138548931764e-07,-5.758168288129919e-09,6.157963147649757e-09,-3.3778800296498145e-07,1.2208640518923985e-06,7.834585141375525e-10,1.1249947354699957e-09,4.6217294713481584e-07,-2.1639003251848745e-07,6.490887802756259e-11,4.26134366148167e-10,-2.249702208810134e-07,3.8584320078528836e-07,-4.9464207518712194e-11,2.811888560046844e-09,-7.561309362679491e-08,4.5312430052975384e-07,-2.585226586191842e-09,3.1899034258517907e-09,-3.583858025300765e-07,5.390817476468743e-07,-9.95511551407806e-10,-4.0005085427171365e-10,-2.344243490309121e-07,-3.264955076694323e-07,1mV,2,20
5.98659,0.0010012,2.5389552861979473e-06,-2.7532970292451196e-06,1.2164446345099826e-05,-0.0010011173613865317,2.764166586297172e-10,2.639980957851284e-09,-6.50932782178439e-07,-2.0433242558860754e-08,-2.1606255369045042e-09,3.606959424812998e-09,2.1453420867417644e-07,-1.6822379683644735e-07,-1.356934598533948e-09,1.8455310212273597e-10,2.2952995476532104e-09,-3.78807046370744e-07,1.5885562635463666e-10,1.3568329519341524e-09,9.435414126992862e-08,3.045942009473937e-08,7.437666217717295e-10,1.8635732926910725e-09,-2.490972566822712e-07,2.9360951807252984e-07,-1.8245233207000456e-09,4.405444289507069e-09,4.537942842049281e-07,5.022093330855981e-07,5.558654795255099e-10,1.334046435910416e-09,2.5610512682556816e-07,-6.223517470537478e-08,-1.2970470735848298e-10,1.9632521468971182e-09,2.1798080180528806e-07,8.90165346835985e-08,1.0866346345323636e-09,-4.777427755439362e-10,3.1712347019741196e-08,-8.162220858729621e-09,1mV,2,19
4.76372,0.0009999,2.293677621473864e-06,-2.451671792895233e-06,1.4469172510029729e-05,-0.000999766124521858,2.4424109037703805e-10,2.6820869569622523e-09,-4.6137259064686035e-07,5.871306477974113e-08,-2.03270439591613e-09,1.8175185441489161e-09,-6.698647928466668e-08,5.363228158604667e-07,-6.241407272101498e-10,3.1926766102592564e-10,-3.2588662243956996e-07,8.623351707245664e-08,-4.252492673319036e-09,4.531935748972231e-09,-9.512968272928187e-08,4.823259323403706e-07,4.452355300167068e-10,1.0333155791532955e-09,5.595118303223067e-08,-1.9915629346488743e-07,-3.420791467578728e-10,6.586374839575083e-10,1.0570551425355502e-07,-2.576007681532123e-07,6.092687248057129e-10,7.207905127422874e-10,-1.5309038589384051e-07,-2.4856957824681075e-07,-3.4260527839724937e-09,3.9138017833828274e-09,-1.793280249515056e-07,4.793525483254812e-07,-2.068135969925304e-09,1.030838606195886e-09,-2.0244433999740487e-07,-3.362679443562995e-08,1mV,2,18
3.76506,0.0009998,2.0649727719338396e-06,-2.1798776238766536e-06,1.5952991896175874e-05,-0.0009996335420003855,6.61674618068139e-11,1.7987581173605608e-09,-5.058262947568019e-07,6.426681402170175e-08,-2.49009089305492e-10,1.3646310139054253e-09,-7.175468813544633e-08,-9.523315233874768e-09,-1.0333470675021453e-09,2.8456484894311194e-10,4.725706208958604e-08,9.002402926426786e-08,-2.4838440465848753e-09,4.373923899881332e-09,1.86597414118407e-07,4.0500225902153785e-07,5.153445044587456e-10,1.5404232839801291e-09,1.9044562180414564e-07,7.770344490304728e-08,8.692358699963397e-10,-1.9599397935689973e-10,2.802775721404303e-07,-1.0765781397932416e-08,2.5378471172893065e-10,5.683860204261979e-10,5.095830205027246e-08,2.695391612992015e-07,-1.997381097632825e-09,2.378008943965124e-09,-2.577446201890099e-08,3.0956516161913514e-07,-3.666254747832873e-10,1.3495508569422766e-10,-2.044379391786127e-07,-4.5060434873830026e-08,1mV,2,17
3.008665,0.0009999,1.867203844070727e-06,-1.948963065645422e-06,1.7663306423170837e-05,-0.0009997804876283507,1.2551443676734533e-10,2.0205598369492508e-09,-4.346371042210661e-07,-2.7515955535528893e-08,-2.862491993929852e-10,1.2205546926756293e-09,-4.923948014481634e-08,2.4594322898187555e-08,-9.854026865727026e-10,4.812464896447156e-10,-2.3629652471953803e-07,6.117486808698555e-09,-2.1177505591689962e-09,3.2670841310183018e-09,5.5487122109990085e-08,6.512611448899525e-07,4.5135509726613816e-10,1.5832584869591954e-09,8.004571401864081e-08,1.1443573078767053e-07,4.943078567475767e-10,1.764187224886612e-10,4.660923074404114e-08,-1.8608111568270623e-07,-3.4485012145664755e-10,3.9280068957042577e-10,1.9141170644394179e-07,-2.269192944320934e-08,-2.3936227455771996e-09,3.1859590958379842e-09,5.3652445177853946e-09,2.7483925808049836e-07,4.375910427994729e-11,5.22045667035703e-10,1.312254288797723e-07,7.709681357604996e-08,1mV,2,16
2.38186,0.0010003,1.6771688966268425e-06,-1.7346213225982493e-06,1.877368504050284e-05,-0.0010001583478145473,-1.7571725046463724e-10,1.8028206667893465e-09,-6.566283063300275e-07,9.30217642689344e-08,-5.026106161839215e-10,1.6407440585609706e-09,-1.2211568382939835e-07,5.40743890524401e-08,-8.099894920239755e-10,5.929881435960654e-10,-2.1543201331541425e-08,7.13648292310565e-08,-2.655873182758452e-09,3.0672391818397997e-09,-1.0536221391128894e-07,2.9165094277407765e-07,3.8311763560011786e-10,1.1629243851545801e-09,1.813289161713944e-07,7.78790946469114e-08,3.67414230300614e-10,1.5835954675346046e-10,1.0801126793302632e-07,-1.1544612008672537e-07,1.812238445231275e-10,8.481883947125838e-10,1.1063005999423762e-07,6.575583727181569e-08,-2.5240452768040217e-09,1.977101496119264e-09,-8.375012491129912e-08,2.7069064049819e-07,-2.6002238790790704e-10,4.909830185653507e-10,-1.5300210803162676e-07,8.224619717606297e-08,1mV,2,15
1.890121,0.0010003,1.5070213274038296e-06,-1.545691229499969e-06,1.997908113155678e-05,-0.0010000622254864799,-3.070599043904781e-11,1.294402052281454e-09,-4.4550975486528574e-07,-1.2450448941002873e-07,-3.448752016502927e-10,1.504896692497233e-09,-3.359990228085795e-08,2.5531427208498484e-07,-7.373004617140823e-10,4.672303074163834e-10,-1.3137734635229284e-07,1.582394490860933e-07,-2.1782203423582475e-09,2.5869943531448085e-09,-1.0010030089617615e-07,5.648840740923715e-07,8.989721408247943e-11,9.99039793275058e-10,1.3612987731990835e-07,7.985287274115909e-08,5.593737235291062e-10,-3.560142326772375e-10,4.5133708814030484e-08,1.776636723652878e-08,1.572604376504536e-11,8.764457075140131e-10,2.0448323820678248e-08,-3.5640623499905786e-08,-1.538370464605997e-09,1.7797479934900987e-09,-4.0720125062559346e-08,1.9934798569384976e-07,-6.07334456302864e-10,5.625540467629272e-10,-3.534883146723177e-08,1.6132773795292554e-07,1mV,2,14
1.502404,0.0010004,1.3534465733648763e-06,-1.3788582233137677e-06,2.0879537423224027e-05,-0.0010002213245122469,-6.770993791016817e-11,1.4584917051275203e-09,-4.303802109128885e-07,-5.7223025063629234e-08,-4.32985126003519e-10,9.184698369179715e-10,-5.725512108236903e-08,2.286835258511538e-07,-4.705429922008079e-10,3.250575397386287e-10,-2.3319111061034895e-07,-5.7674391209438835e-08,-1.8348901690248477e-09,2.087960371448476e-09,-1.3891908211538562e-07,6.693616421776788e-07,5.207569649269904e-10,9.194109518495569e-10,2.2863447031820902e-07,2.0268884426408704e-07,9.820865767398068e-11,-1.5229400688152917e-10,-8.262511802243132e-08,-1.317421692572113e-07,1.8747024905143412e-10,9.938277533851057e-10,2.2538686145474065e-07,-2.3248422480003153e-10,-1.0108583097245491e-09,1.3156815469777865e-09,-1.8601195180067143e-08,4.840078521106836e-07,-9.695133342868334e-11,3.988951766262119e-10,2.9187346043928226e-09,-1.1123750891345069e-07,1mV,2,13
1.195791,0.0009998,1.2153397801643787e-06,-1.2297028866572304e-06,2.1656250028183627e-05,-0.0009995550973418478,1.3470770880624693e-10,1.3702635613593143e-09,-4.821589888487499e-07,3.5914417455289907e-09,-4.1082926084025325e-10,9.190330916633603e-10,7.15257070723199e-08,3.090920629883475e-07,-4.678336683745179e-10,3.4776980955034065e-10,-9.673684805457124e-08,2.98615723597896e-08,-1.7242577888364843e-09,1.7302019052158337e-09,-5.488268944314052e-08,5.381798550445578e-07,8.616416536518307e-11,8.037830832229798e-10,2.7983253681002096e-08,1.4018701296240074e-07,-1.2682711421535742e-10,3.568807699404947e-10,1.902766895747028e-08,-2.8471919709519285e-08,6.192821302253563e-11,5.142090456477685e-10,3.5883304756917696e-08,-7.58083324382066e-08,-1.5345487734245527e-09,1.7339584099908872e-09,-1.0966364389813782e-07,2.7304331734171906e-07,-3.696174203511829e-10,6.518119147812361e-10,1.083971714588589e-08,5.533899428787496e-08,1mV,2,12
0.9486946,0.0010001,1.0882815304199208e-06,-1.0960155108391487e-06,2.1997650020975254e-05,-0.000999816947821756,9.086187346016974e-11,1.6670053415016316e-09,-2.7714000676978405e-07,4.713062255827512e-08,-2.3032754911741254e-10,1.5472104042251745e-09,2.835255124602023e-07,1.6437227458767188e-07,-2.2852884624276927e-10,3.9606619707429287e-10,-1.1972035960812894e-07,-1.2193360383324283e-07,-1.373932782641065e-09,1.7310349653924189e-09,-1.6835527450357423e-07,5.823264096464216e-07,7.736034343456342e-11,8.23848232508059e-10,6.448835941508227e-08,-2.612107692420387e-08,-1.8874392514104641e-10,3.9447752701074895e-10,-8.34336283354574e-08,-1.6574472465578115e-07,1.9314654873740917e-11,5.988477386179761e-10,-7.610633375230291e-08,-6.819674778338474e-08,-1.3343425368750377e-09,1.2552084492254982e-09,-1.5229290202718358e-07,3.519752166460131e-07,-4.2963520762764775e-10,6.24011238280845e-11,-1.9329437824885095e-07,-1.150682599005288e-07,1mV,2,11
0.7515633,0.001,9.73983353998278e-07,-9.768921040339498e-07,2.2142385940249376e-05,-0.0009997826973370421,-2.0504273644739632e-10,1.089886220871476e-09,-4.835223791112253e-07,-4.795718619130837e-08,-3.960113962987509e-10,8.130731405025562e-10,9.297794574558775e-08,1.1108360270310805e-07,-3.254274449735369e-10,3.916802567785488e-10,-2.5099097703063644e-07,2.8986759737483826e-08,-1.3833373028308464e-09,1.3498425384895162e-09,-1.4326834124685568e-07,5.600606114757682e-07,1.0950201475591941e-10,5.28568174664976e-10,2.430191214708e-07,-3.247008927558677e-08,-5.083960754792422e-11,2.27174736756797e-10,1.7467437844782166e-08,-2.659591017631409e-09,4.3113482643093605e-10,6.479903340852264e-10,2.354449029899465e-07,1.5862957315552606e-08,-1.227318610979417e-09,1.0734344977236946e-09,7.203358651790714e-08,2.653623699310802e-07,-7.6869224629399e-11,2.864080774478831e-10,9.480828060014568e-08,6.853470063061809e-08,1mV,2,10
0.5978954,0.0010001,8.727464341940618e-07,-8.722322349816177e-07,2.2575488843726135e-05,-0.0009998235769478293,-1.5703935629589825e-10,9.164026544373465e-10,-5.159234481358421e-07,-9.79667940091845e-08,-8.218241393469125e-11,7.992824590461619e-10,2.1290664773766723e-07,1.8046889754877626e-07,-2.335883057475936e-10,1.027931734412602e-10,-1.612899519343059e-07,8.649049514470066e-08,-1.0469641763408453e-09,1.2879077184379936e-09,-4.094460936849917e-09,4.6732134741446126e-07,9.943207393941142e-11,5.9957561666086e-10,2.2023437321401652e-07,7.251987710958127e-08,1.8440803474715815e-10,6.010621981828702e-10,-3.4325692149028664e-08,-2.2286425801285767e-09,2.735527656804771e-10,4.66476686267247e-10,8.219205931312838e-08,3.1723240883588854e-08,-1.238952727238627e-09,1.0668238227176422e-09,-9.08151602184376e-09,4.5648040608996047e-07,-2.2131271105532598e-10,1.363273147914678e-10,-1.5110253195522983e-08,5.470197946637353e-08,1mV,2,9
0.4763719,0.0010005,7.824697799836715e-07,-7.797803435356024e-07,2.2916888836517766e-05,-0.0010002467361621956,1.76604006562419e-12,9.42998045332118e-10,-4.3171995729236793e-07,6.885985926452934e-08,-3.175870670808274e-10,5.454605137257844e-10,3.893912195453264e-08,1.3500414122717248e-07,-3.998900979644283e-10,1.6603287066911465e-10,-1.8555189045116193e-07,2.68440715108802e-08,-8.715723054809884e-10,1.19831176498993e-09,-3.453312855241581e-08,4.748701542453659e-07,-4.593840737956423e-11,3.497663918382816e-10,1.1154896735347644e-08,-8.894447608317821e-08,-3.445284983566422e-11,3.741712985074588e-10,1.4268785077367537e-08,1.801223047405603e-08,2.0489269722726333e-10,2.6849396908826015e-10,9.020840735746225e-08,-1.1414449118216932e-08,-1.1138876347336388e-09,6.745091585738477e-10,-1.2222174984657635e-07,6.005420327569597e-08,7.905101365129354e-12,1.1176231472761257e-10,-2.9748567857321226e-08,-4.1419089067218795e-08,1mV,2,8
0.3780242,0.0010004,6.993999801842216e-07,-6.955323270620003e-07,2.3391976205127477e-05,-0.0010001384604363265,-1.5246293911097202e-10,7.007894450092531e-10,-7.143502062763272e-07,-2.113844899057286e-08,-4.971818038713618e-10,6.295363938923414e-10,-1.0264621676475142e-07,3.8851230791339844e-07,-3.027861068108128e-10,-1.4499368179295088e-10,-2.3165193802148804e-07,-1.5412475053219496e-07,-7.413148394933998e-10,9.122608869519808e-10,-3.0987043287482554e-08,5.843365816428134e-07,5.396471016155199e-11,4.76009921988291e-10,8.503377783565219e-08,6.024896699973906e-08,-8.556125739733044e-11,2.730082934589634e-10,-1.3363666300361843e-07,3.283532097661308e-08,8.390699213128797e-11,3.9155850182966316e-10,8.407089727345832e-08,2.253589086397969e-08,-8.570200479241693e-10,8.053544070732977e-10,-3.9055242146255616e-08,2.2705718025442478e-07,-1.113063413391818e-10,1.3267433486859736e-10,-5.6101122815472585e-08,-9.506406542969645e-09,1mV,2,7
0.3004808,0.0009995,6.254208114549666e-07,-6.209215131033635e-07,2.366487522849166e-05,-0.0009991706080295774,-1.2327865351358112e-10,5.084598255749835e-10,-4.899608073247978e-07,1.7530745998785272e-07,-3.283150922912075e-10,5.700960034968892e-10,-2.7075881001131373e-08,3.5784155127943193e-07,-2.2216742637708522e-10,1.6655380949306696e-10,-4.188564696028044e-08,1.1215387510769464e-07,-6.747705671120176e-10,6.666511030116085e-10,-1.8526584366108507e-07,4.1903479309418486e-07,3.9615944678106186e-11,2.54637880254606e-10,-1.730599652780251e-08,1.922840994352307e-08,-2.144068189681283e-10,1.503429445926271e-10,-5.5977522759829866e-08,1.257295519084344e-07,-2.150399005081594e-12,2.6359150938594617e-10,2.8096291329100843e-08,-3.407549788246664e-08,-5.742984274858285e-10,7.861591096145124e-10,-6.064140021475413e-08,2.66051578071868e-07,-5.6978664428012e-11,7.670498803092496e-11,3.7656408156373334e-08,-2.993505622231572e-08,1mV,2,6
0.238186,0.0010014,5.19481079128687e-07,-5.910877941216265e-07,-4.482394080115349e-05,-0.0010004124643140362,7.530351343915668e-11,5.331695615581129e-10,-4.919050195167572e-07,1.7511654115693236e-07,-3.02045633428389e-10,5.105589383461966e-10,1.844302423195048e-08,2.4962427220512434e-08,-2.6142290127639465e-10,6.085992935577114e-12,-2.3881835476337915e-07,-1.7083346280076397e-07,-4.6394104554408586e-10,8.411085985513881e-10,8.787517595041576e-08,2.801072036003381e-07,2.6100272516876146e-10,1.5929745760744368e-10,1.741443798182354e-07,-1.43909156767306e-07,-9.782744977911694e-11,1.9356838212656075e-10,3.723388975752746e-08,-1.158486185248289e-08,6.516323759500753e-11,3.701351550975329e-10,1.1178452229995921e-07,3.3496255894696844e-08,-2.9691270110958203e-10,7.112257886723938e-10,3.0198265673068955e-08,2.8369775925268195e-07,-6.85954676196263e-11,1.0535697690169079e-10,2.386901916592891e-08,-4.833530049400442e-08,1mV,2,5
0.1890121,0.0009996,4.707793205453326e-07,-5.20301654451167e-07,-3.0321622660755645e-05,-0.0009991010022058044,-1.793931008724617e-10,3.158004071185512e-10,-7.266907664041164e-07,-2.1667707367747538e-08,-2.489016974630993e-10,5.452535745068528e-10,8.812903833340519e-08,3.624016166200433e-07,-2.231610218900869e-10,1.4378242997386522e-10,-3.384011971267917e-08,1.42968925719197e-07,-2.7515745613203233e-10,6.232284489769846e-10,9.998968287909429e-08,2.756491163158261e-07,8.331412728943687e-11,1.6231525676702637e-10,1.6114355873351337e-07,9.561234939870242e-10,-1.7803158886237388e-10,2.607994319691703e-10,-8.536359895490189e-08,2.8809010770363055e-08,1.845995060052513e-10,1.8238449401318445e-10,2.8098512086335506e-08,-9.717652484140435e-08,-1.5616641087743656e-10,1.5250149852763358e-10,-6.615431404010123e-08,1.6401242352730866e-07,-1.0257100932944616e-10,4.01438109388054e-11,4.77635273216109e-08,-5.601624790464329e-08,1mV,2,4
0.1502404,0.001,4.2596764362741527e-07,-4.606162073618598e-07,-1.911287532460326e-05,-0.0009997893264631157,1.2484743619890419e-11,3.820958663013033e-10,-7.292791086795628e-07,-7.777734861022473e-08,-2.623046855296212e-10,4.660441357909431e-10,-1.2784048662114538e-07,4.5464413816756665e-07,-2.796467003090904e-10,-3.07825236995678e-11,-3.7390458666842995e-07,2.768458945429843e-08,-3.3822552528584064e-10,5.274170269222912e-10,1.0948768479505693e-07,4.369322181531892e-07,1.4950800616365415e-10,2.1981242933943032e-10,1.6148087076522626e-07,2.436743000977432e-08,-7.701870037381575e-11,2.8972175660121856e-10,6.396692340667446e-09,4.6197617257586374e-08,7.327307841406643e-11,2.347150362092405e-10,1.0863516813344544e-07,-7.883526874322746e-08,-1.6204920784060494e-10,2.982996247696187e-10,7.187950353086921e-08,1.8187360936377716e-07,-6.862498932774085e-11,7.908084471862485e-11,-4.4859097266430606e-08,7.129969806738315e-08,1mV,2,3
0.1193355,0.001,3.8398152121294566e-07,-4.076406511988402e-07,-1.0132619203534106e-05,-0.0009999649983040667,-1.08215809618028e-10,6.077038091105994e-10,-5.450994473256411e-07,-1.0162750791247417e-07,-2.8293132179313645e-10,5.706635671742259e-10,-8.037351325443805e-08,3.2925985324213344e-07,-1.220678436362337e-10,2.4304298632466506e-10,-1.8561276792560472e-08,1.412250236200957e-07,-3.551468115305038e-10,6.402099497834832e-10,9.119619133660604e-09,3.061337049925583e-07,-2.5710579340638168e-11,3.4615572783684776e-10,1.1836017342325587e-07,1.109618477542225e-07,-1.6429261458935384e-10,3.3074499845349437e-10,5.260301032622545e-08,2.1492753682121145e-07,6.141887516921219e-12,1.9280735845330872e-10,-2.106192677859633e-08,1.6091408048593142e-09,-1.9288591359728117e-10,2.6586662545441383e-10,1.5153077349958592e-08,2.517954214796707e-07,1.6492249205178265e-12,1.0210656170818462e-10,1.2044945299079301e-07,4.7821333300972894e-08,1mV,2,2
0.0946587,0.0009967,3.428778459643099e-07,-3.6135090013737384e-07,-6.5219552021002975e-06,-0.0009967156216736453,4.506165021361019e-12,9.12985671402697e-10,-3.472778179102432e-07,-1.1454047097963379e-07,-2.322597183970048e-10,7.2375306918459e-10,-1.7129971133460881e-07,1.6220742298289546e-07,-2.064957303973001e-10,3.6063716423011374e-10,-1.1536303503993594e-07,3.2233617299997156e-08,-2.7094619330832816e-10,5.985710830898369e-10,1.1978565649995411e-08,2.688456442264659e-07,3.7274935096466646e-11,3.467610775328042e-10,7.119591909870056e-08,9.214126164674878e-08,-1.492495807322174e-10,3.8556676622801823e-10,5.2574107336544457e-08,1.1035737089319911e-07,-2.41040658794127e-12,3.3822685111105536e-10,-5.2846000942454136e-08,7.938765172185561e-08,-2.385197126337624e-10,3.4213416850428385e-10,-4.741388511540107e-08,2.3132059220324139e-07,5.972317786520957e-12,1.9168913537012293e-10,8.11697154900541e-09,-4.896953108255493e-08,1mV,2,1
1500059,0.0009914,7.875512260899734e-05,0.00017084804687812595,0.0005270906529485998,0.0008396384793591276,-4.14395951638732e-07,2.734184153920516e-07,7.047358742463159e-08,2.04839995674978e-06,2.284824423602539e-08,1.6816833314829804e-07,2.8416853768934382e-06,2.0738116066986716e-06,1.0876193912106005e-08,-1.3090921956606044e-07,-8.112501308323096e-07,-1.481609677454938e-06,-5.880075706915173e-08,-1.0972729455698806e-07,-7.454979285312909e-07,6.367417015071977e-07,1.6057002884271037e-08,-4.613120446287212e-08,1.0993300738759607e-06,-1.026305388815873e-06,7.05325976952303e-08,1.8299293730130858e-09,1.8716232614531431e-06,3.007880882122226e-07,4.195752878400544e-08,-8.675444484786545e-08,-9.168198474382465e-07,1.3821727863505798e-06,-2.276223132522012e-08,5.585638652937785e-08,8.189570423200703e-07,-5.887607498989154e-08,-6.680987936606534e-08,1.6034574341055273e-08,-1.6804834596636546e-06,-1.5125455991318494e-06,1mV,1,73
1191504,0.001185,-0.00010149412989587287,-0.0002173038575477365,-0.0005850910866754264,-0.0010304379860101701,-2.7871442421226973e-07,-1.753264634825971e-07,-1.4020601645714512e-06,-5.054708631138211e-06,-5.198925268869898e-08,-1.8441422193149352e-07,-6.763933771748407e-07,3.5708892449920652e-06,8.351248179010315e-08,1.1386728322685728e-08,1.2990258677178066e-07,4.321023473813814e-07,6.748127725480197e-08,1.8913857911329617e-09,1.3534465733648763e-06,2.9853164418219555e-06,1.0186036701435367e-07,5.942158577449006e-08,1.9080834548580743e-06,-6.691837606280365e-07,-9.395225050171516e-08,6.840720043913539e-08,-3.6360756513826997e-06,1.2449686591504405e-07,-1.3946631647276325e-07,1.3106179995118834e-09,-2.038456267639344e-06,9.584700941316526e-07,-1.1737917324979411e-08,-8.067332652966116e-09,-4.670799367399468e-07,-2.4975619181398943e-07,4.003592191195717e-08,-5.152251801894204e-08,1.1147980347144164e-06,-6.486201010622207e-07,1mV,1,72
946464.9,0.0011946,0.00017308206236493716,-0.0001818800175189817,0.0007654950187886812,-0.0009170600427729808,3.7488127790994394e-07,2.5428951967943714e-07,1.412003853681887e-06,2.8693067355335378e-06,-7.369235958967968e-08,1.5487748779785497e-07,-1.8163805441729443e-06,-1.7191533617597937e-06,-1.5560735457856094e-07,7.559048830688385e-08,2.0194395146428084e-07,5.212341515188568e-07,-1.4836868036246734e-08,3.585376095171625e-08,6.201264599162668e-07,-1.4031650189170554e-06,-3.856658716628189e-08,-1.3875744192462375e-08,6.381353647787425e-07,-8.519496503613236e-07,2.051014042131479e-08,-3.3618485930951005e-08,-3.7994361003606684e-07,-1.1083677824230012e-07,4.914806449626107e-09,-1.3987964248345373e-08,-1.1379999759720999e-06,-1.9721650069031055e-06,-3.661479567351172e-08,3.4813628973677744e-08,-9.452519481971502e-07,-2.3212669393379408e-07,2.6097399895577573e-09,6.534984749398005e-08,-4.285788563878158e-07,-2.8229028530181703e-06,1mV,1,71
751816.4,0.0012113,0.0001396988883125129,-0.00022099186135336258,0.0005842922769835547,-0.0010610247737138706,3.1372604308467977e-07,2.443415216370534e-07,1.4970776382933936e-06,2.121320343559643e-06,1.305661622917504e-07,2.0994873168361623e-07,2.666013535942405e-06,-3.3222970172311697e-06,7.635740085379794e-08,-3.4279763353881904e-09,-3.2869416781718427e-06,1.2672679344077658e-06,-6.033079251257448e-08,-3.6293592418157736e-08,-3.1547756867876575e-09,1.2761067691725976e-06,-8.2208742613747e-09,-9.646504283700922e-08,3.744532573364569e-07,2.5197949021364835e-07,2.985436870945626e-08,1.6105406553151943e-08,-4.924467296024068e-07,8.293750454010738e-07,1.3824291125587598e-08,-2.998025581359438e-08,-4.971896483372156e-07,3.051607702558194e-06,1.992515319094785e-09,-1.7705136208695404e-08,1.1722504606858234e-06,5.477404911533728e-07,2.0174353088598828e-08,-5.898235092939519e-08,1.2263883236204185e-06,-1.0095032058696658e-06,1mV,1,70
597246.1,0.0012304,5.224745714926664e-05,0.00026426237694459687,0.0003014683470328109,0.0011929465922876773,1.7797678808683195e-07,-2.3960092309637045e-07,7.473035919883116e-07,-1.87880702440826e-07,-4.181883641800177e-07,-2.164869282445969e-08,-2.537531128946464e-07,-1.8845566864227834e-07,-5.445212770465865e-09,1.322754824498343e-07,8.774950981714677e-07,-3.859682702972107e-07,4.78132899613369e-08,8.166209382917252e-08,1.7268873421790217e-06,-2.2494834476497043e-06,6.498126808428657e-08,-1.7894530340618837e-09,-8.633487641012234e-07,-8.209453382004192e-07,-1.6253313404397948e-08,-2.0644468612653322e-08,-1.9867722862063354e-07,1.3943261841522235e-06,3.11683167399658e-08,-3.6196641449330985e-08,-7.220452958225898e-07,1.0393825553358762e-06,-6.237950182854104e-08,-2.1960593206223694e-08,2.061658208897028e-06,4.6246926907030684e-07,-4.490965540128545e-08,3.7222553951941566e-08,-1.4230523971379268e-06,7.201827323667706e-07,1mV,1,69
474433.6,0.0012397,2.8422378040662403e-05,-0.0002719864136747143,4.938146497676992e-05,-0.001238740595204271,3.073347921516644e-07,-1.1433872457612651e-07,3.2096018739795636e-06,-1.2051961124173885e-07,7.425668604378382e-09,2.06018985747172e-07,6.907530586192212e-07,-3.887982442180407e-06,-3.700680904387547e-08,1.1753882470273386e-08,-5.997888535495616e-07,1.9025591831300548e-06,6.894515402000996e-08,9.632724540302548e-08,8.007361159086731e-08,2.403058201688658e-06,-1.2360348069118867e-07,-9.367466689592562e-08,-1.1755650237226352e-06,-1.975929245658578e-07,9.017541640670252e-08,3.95223193208597e-09,1.1103786173320005e-06,-2.84578659622432e-07,8.296438564633593e-09,1.6928898691104415e-08,1.1147980347144164e-06,9.637844435340077e-07,-2.1174876038347424e-08,7.846262346954213e-09,2.37111354799421e-07,2.009730054653641e-06,3.1983787635369186e-08,-5.9596837770789757e-08,-5.119773503550829e-07,-1.763347535583953e-06,1mV,1,68
376816.4,0.0012484,-0.000244983773468153,-0.00012880391961051207,-0.0011438601234211834,-0.0004999841564335517,-2.819554039496645e-07,-2.4792158117311403e-07,1.3258252147247767e-06,-1.821904815900964e-06,2.2707728860351476e-07,-1.6277178258262995e-07,8.932725287121271e-07,2.3014116018930914e-06,7.873272721141194e-08,2.9291003478632793e-08,-3.883503362663329e-07,-4.252500407299456e-08,-3.6062677859926506e-08,7.152635893638381e-08,-4.5202983181499845e-07,-3.5268740575718935e-07,-1.8282654623686063e-08,4.127639712848404e-09,-9.088854464407261e-07,3.5543164298080057e-06,-6.283087902289408e-08,-6.859732377492692e-09,-3.097577377315739e-07,-4.1959904220848487e-07,-1.8569640539956695e-08,8.141304861112992e-08,7.071899767187716e-07,-2.9741938731247604e-07,-3.637350653297527e-08,2.019525693281766e-09,-2.110271800103603e-06,-2.062763063242632e-06,-1.0206540588381086e-07,7.56283516653077e-08,-1.3457125929456484e-06,3.612650529547205e-07,1mV,1,67
299355.5,0.0012592,0.00023574940084759497,0.00014906473860019784,0.0011165845841912582,0.0005820936168358028,-1.1486529815724137e-07,-1.33437457765106e-07,9.086692264452914e-07,-1.5876756946329202e-06,-4.1481557531919245e-07,2.403579692939783e-07,-2.16772422607501e-06,-4.36859408251814e-06,1.1202582248903912e-07,-3.412823258038232e-08,1.939019376534986e-06,-2.915710618048905e-06,1.44910707231596e-07,4.590655442878047e-08,5.924032337055026e-07,7.140320082247934e-07,5.7693063247879536e-08,-6.404121381287287e-08,-1.525803851279097e-06,-2.616295090390226e-06,2.9769880497647926e-08,-6.071440898991164e-08,-1.341938410501065e-07,-5.055327349571749e-07,-3.6400674901333673e-08,-1.6770539917749e-08,1.1181125977512282e-06,1.7024402300738422e-07,2.676483135721348e-08,-1.1266111373776141e-07,9.240622781591151e-07,-8.820536167159951e-07,6.587711713333264e-08,-3.897263218683481e-08,1.2882601669742414e-06,-1.2186543432011906e-06,1mV,1,66
237832,0.0012648,0.0001679511187839523,0.00022375620692606374,0.0008543739217664477,0.0009326594812785633,-1.0750160967194268e-07,-1.1960368698923315e-07,-1.4798220231237508e-07,3.656034845136036e-07,-3.643083742496866e-07,-6.992240873724015e-07,1.5147553078230573e-06,-1.592095112015336e-06,-9.814806746166774e-08,-1.0704564733205537e-09,-1.1379999759720999e-06,-2.78281321308793e-07,-2.3973140639458623e-07,4.933971253104954e-08,6.851847032028117e-07,-8.265564514800035e-07,-1.0713214637877271e-07,6.10176252165192e-08,-4.996157979947274e-07,-3.716944360354838e-07,-1.3357070319918586e-08,-2.2974783204227415e-08,-4.953361446870304e-07,-3.8629817980480806e-07,2.9668267043482728e-08,2.794762212835637e-08,2.749526161363573e-07,1.009205337138091e-06,3.146093741339901e-08,7.89066865281273e-08,-8.570623638456059e-07,-1.3583764334549612e-08,7.39029669250387e-08,3.9188542823052744e-08,-2.5136596459553443e-08,-5.562914008757402e-07,1mV,1,65
188847.7,0.0012763,3.5190715761832386e-05,0.00027871718634813375,0.0003070125061390517,0.0012387969427758968,2.247029566148118e-07,-1.9501861394060053e-07,3.4581941017404596e-06,-7.688546598827937e-07,1.0949106564935447e-06,6.837302729422585e-08,3.418419345298716e-06,3.2537960478037227e-06,1.2484069658739602e-07,8.743786355188225e-08,5.564131558246258e-07,6.401129435719392e-08,2.1431158052353723e-07,3.349220107924847e-08,-1.333166971851315e-07,1.757823263855933e-06,7.56239322479253e-08,-8.256422949944508e-08,4.3274736134834507e-07,9.464384512788943e-07,1.327878034098909e-07,8.002890918404417e-08,-4.263757768226814e-07,-2.5400910764652286e-07,7.659471251869023e-08,2.4036227822592613e-08,-3.269699321254346e-08,1.2584290996429339e-06,-1.9666296866316295e-08,1.883829692263376e-08,-8.895625383050234e-08,-1.821904815900964e-06,-3.3503448496486724e-08,2.515684843970836e-08,6.242314357519239e-08,2.4848174232633524e-06,1mV,1,64
150058.6,0.0012927,8.221110700204659e-05,-0.0002707467670989467,0.00020004603266940231,-0.0012771276545879356,1.229522795398897e-07,2.5156936828056013e-07,-8.847568638433845e-08,1.5026019100214136e-06,7.106261842190345e-07,-1.1711456063402194e-06,6.670005684411231e-06,-9.828982027420875e-07,-2.305143799872542e-07,2.08338516960333e-07,-6.838200976005562e-07,1.3921164754610156e-06,2.3178673025165172e-07,1.6000677409732145e-07,-2.504933506333764e-07,8.751523650170491e-07,-4.937702346230058e-08,-3.3303127355085265e-08,8.404199428377731e-07,1.3431846862029065e-07,-1.1806197323537735e-07,8.757315296650146e-08,-1.2827358952462216e-06,-1.819695107209756e-06,1.2042393085540953e-08,-7.717105978807454e-08,1.2783164778638055e-06,-1.5688931707576525e-06,-8.086279800138877e-08,-7.11414718765492e-08,1.5103358904406413e-06,2.5167653915208374e-07,1.0083142721083613e-07,5.0640877396780435e-08,-5.7826319730502836e-08,3.0464005240273625e-07,1mV,1,63
119238.3,0.0013184,-0.0002635486410373367,-0.00011326082867655526,-0.0012802322952990828,-0.0003147763176256109,-1.6884085798846717e-08,-5.580135373442331e-07,-1.6119824902362076e-06,-2.138998013089306e-06,-9.121960320018938e-07,1.472770842690106e-06,-4.944223196577813e-06,1.8716232614531431e-06,-4.403348380813458e-07,-1.9268151554334444e-07,-3.3941125496954284e-06,1.194347547597903e-06,-1.015994777577262e-07,5.475714484384953e-07,-1.2219689062380027e-06,-1.3689145342033319e-06,2.538809445424328e-07,-1.5715636037109772e-07,1.3335591951440046e-06,-2.40637276472547e-06,-6.56155428670109e-08,2.357068639552892e-07,-4.981199356962141e-07,-1.192137838906695e-06,-7.217880857309333e-08,-9.166712445287627e-08,2.3445009213716467e-06,-7.16195534004355e-07,6.000118131565044e-08,1.5999859817516395e-07,1.5733125881400683e-06,-1.3048329821583011e-06,-7.805521947814414e-08,-1.533007501612435e-08,-1.593651851788292e-07,9.037232354817606e-07,1mV,1,62
94746.09,0.0013152,0.0002066243354431284,-0.0001954896133481315,0.0007544232733913836,-0.0010773103267680733,-3.135662811463054e-10,1.0797042146786934e-07,5.7364634245105296e-08,-1.13247570424408e-06,-4.7482319793567777e-07,-6.052177763475559e-07,8.566151188065054e-07,-2.5466892666171752e-06,-1.9712336146897612e-07,-3.7024674538643886e-08,-2.006644196466369e-07,-1.8904057853284108e-06,-3.4709098704040157e-07,-5.7791185362312626e-08,-2.115796071831623e-06,2.8100666552309433e-07,-2.7158579348899833e-08,-1.3928169531161283e-07,-1.817485398518548e-06,-4.78165824272868e-07,-2.1317126035343937e-08,4.397595404235899e-08,-1.8716232614531431e-06,5.868443800364654e-07,2.483349071838045e-09,-5.772023161623794e-08,9.871847061467271e-07,-1.9246562700421343e-06,4.9020939955255875e-08,9.446749932578758e-08,-1.0982252195303568e-06,-1.1534679368105557e-06,-5.476344251361948e-08,2.5027525238555417e-09,-7.802788538163389e-08,1.6445359186750832e-07,1mV,1,61
75292.97,0.0013018,-3.535312935063617e-05,0.00027387129518831473,0.00015769144133067373,0.0012922188600945404,7.208341544889388e-08,3.4165212055329687e-12,-8.119591158658837e-07,1.1869295555215179e-07,1.5984259274156468e-07,1.6869811080701514e-07,8.294744822921782e-07,-1.1114834716776045e-06,2.6264730086219302e-08,-1.0009089858569507e-07,1.2784346972787852e-07,-8.492922546892768e-07,-1.907848120882461e-08,2.5564948489344107e-08,-2.5522135383451952e-06,2.8334067032818275e-07,1.2756184235518405e-09,-2.3678464936942587e-08,1.6208213250010393e-06,4.138177813596775e-07,4.959669060329357e-08,3.806623177878821e-08,1.2639533713709539e-06,1.1446291020457238e-06,-1.028070725089279e-07,1.4356830920168718e-08,-4.802509053938919e-07,2.675957225052841e-06,-3.35255455833988e-08,4.636026286580274e-08,1.3534465733648763e-06,2.9248543926131233e-07,2.0028899014000066e-08,-4.9673732096812537e-08,1.9533824830278376e-06,-5.951574146182242e-07,1mV,1,60
59824.22,0.0013174,0.00023525774066380118,0.00013560650781639576,0.001285496926255886,0.00028813496479006213,-5.019409639650509e-08,-3.117587394368973e-08,9.948150512283375e-07,-1.803630525024674e-07,5.295366899843325e-08,-9.302697918144566e-08,1.2915747300110532e-06,-1.1225320151336443e-06,9.889100466928225e-09,2.8815827721675435e-08,2.171038789111822e-06,1.1624017890491096e-07,-5.261379370463856e-08,-4.015241775415765e-08,3.3675673191879475e-07,1.4230523971379268e-06,1.3656916740772053e-08,2.2821562003579052e-08,1.25179997356931e-06,-1.417528125409907e-06,-2.3077512561281674e-08,5.409036524627753e-08,3.088792680413842e-08,6.039534915198812e-07,4.24612539772532e-08,-8.828935269895233e-09,-5.463682620561326e-07,1.4705611339988982e-06,2.201629996232905e-08,3.847082944014839e-08,-2.701177735199943e-07,6.472579261395256e-07,1.942480885199763e-08,2.6899038014574e-08,-1.7865494768416366e-06,1.1280562868616643e-06,1mV,1,59
47519.53,0.0013377,0.00014328856008138024,-0.00022333194285735182,0.0002751485068118329,-0.0013090723082823834,5.122369911262999e-10,8.260618081894766e-08,1.1170077434056245e-06,-2.92338493633347e-07,2.449373695856377e-07,-2.4765663710103818e-08,3.5130777413583366e-07,-6.072924718377309e-07,1.0701363970166322e-07,1.5897671839091485e-09,3.5361393661141293e-07,-6.246797856453699e-07,-9.570006378519993e-08,1.8265286313373167e-08,-1.139104830317704e-06,-2.962164219009824e-09,3.7971457373022305e-08,2.0818914065280735e-08,1.981003841667937e-06,6.740720781947268e-07,6.52941407378747e-08,4.347872539266336e-08,-9.334355309709156e-07,7.971732921004039e-08,1.5357298627200034e-08,-3.329122807378311e-08,4.209153656758375e-09,9.728117664501996e-07,1.4970632751869008e-08,8.205406300536244e-08,1.7335164682526454e-06,-9.424389890332425e-07,4.397006516869691e-08,-6.876774755773633e-09,-4.726781232236876e-07,-1.6458860506854115e-07,1mV,1,58
37792.97,0.0013611,0.00024955787045895353,-6.32838472075048e-05,0.0010587642417227649,-0.0008553185722319391,8.900318804310361e-09,7.224310004746402e-08,-2.428247775914083e-07,4.2082377325058687e-07,-7.434271000313255e-08,4.966834040760598e-08,-1.0595553174342175e-06,1.3755436602769556e-06,1.5218396338870703e-08,-7.052086414207999e-08,7.890865316886247e-07,-1.8031222920256964e-06,4.801080477270052e-08,7.618601584770787e-08,1.1302659955528722e-06,1.4440446297044026e-06,-2.374185043074989e-08,5.305206732645274e-08,5.095175026400303e-07,1.8760426788355592e-06,-2.3328767488015473e-08,-7.78751503168976e-08,2.2759999519441997e-06,-3.3074046855067736e-07,5.459970309960097e-08,4.019404866590001e-08,-9.932179842717668e-07,-8.364095425340999e-08,1.0244837049708411e-07,-1.112355201756286e-08,1.4194848224559717e-07,-1.2168092364440319e-07,-9.326701983657157e-09,-2.6862865083298928e-08,-2.47910532629658e-07,-3.954593005822526e-07,1mV,1,57
29941.41,0.0014011,0.00021028140332707762,0.00013103351567994088,0.0013990969452165414,7.483399453644881e-05,-1.5918962382331274e-07,-7.707841775119566e-08,6.884748489585858e-08,1.3589708450928963e-06,2.793958983726383e-08,1.3146253062233892e-08,-1.2794213322094095e-06,1.3015184191214893e-06,-1.0698230603242189e-07,4.5822143556776323e-08,-8.521477507454903e-07,2.9676387722922922e-06,-8.928617438664315e-08,-3.2028799401409086e-08,1.5037067643670175e-06,9.989104148311877e-09,3.889593319816298e-08,2.139143853862926e-08,1.005598761097736e-06,-1.8152756898273403e-06,4.430126735587862e-08,-1.3566407072780174e-08,-5.883890768970542e-07,-1.1125883260232084e-06,-4.711263552952869e-08,-2.300637098996823e-08,-3.446078268986566e-07,3.039601250384516e-07,8.317018686529159e-09,7.666143467262125e-08,3.9487461166255895e-07,-8.680157793424892e-07,4.4744369191183094e-08,1.8762404477634222e-08,-1.1205675841071605e-07,7.009961632573156e-07,1mV,1,56
23847.66,0.0013957,0.00010635327930783916,-0.00020124700934307386,-0.00012433478378254395,-0.0013901200036585092,-3.4092777804431886e-08,-4.545919890424542e-08,1.186613567178675e-06,-1.6486636545102598e-07,6.737877991716029e-08,4.058501242463544e-08,-1.544586375154365e-06,8.17499407981915e-07,9.045059143001864e-09,-3.513985931630423e-08,1.5385218296513448e-07,2.121320343559643e-06,-1.2288223177437841e-09,9.390489644446257e-08,9.475387757216813e-07,1.3854873493873919e-06,-7.544789580504021e-08,-1.9179067148448394e-08,1.1247417238248522e-06,1.1236368694792482e-06,5.736760630329497e-08,-8.928826256135634e-08,-6.33850076713883e-07,6.630900469702924e-07,9.593172964438616e-08,-3.9125610319527136e-08,3.5388484689695494e-06,6.760942931034857e-07,-1.0321753694686323e-08,9.559554456410578e-08,-1.191032984561091e-06,-1.0595553174342175e-06,1.1832978992875175e-08,8.417391389264243e-08,1.1844038584874673e-06,-5.427642271807725e-07,1mV,1,55
18925.78,0.0013585,0.00018762084069873998,6.943457134948216e-05,0.0013012609880589635,-0.00039032846748670224,-4.572447443262493e-08,-4.710073624822653e-08,1.7025949096822268e-07,6.246726040921236e-07,5.433973087208035e-08,3.280262833652666e-08,5.046959182758145e-07,1.6771688966268425e-06,-1.3036320054846296e-08,-1.1404240264063551e-07,-3.2934945692956197e-07,-1.878252387526767e-06,3.921185524974498e-08,9.344354241536872e-08,-1.5777320055224843e-06,-3.250997451746308e-07,3.0369573339354856e-08,5.78110727405335e-08,-1.708104818303754e-06,1.6793786053180507e-06,5.696280976815259e-08,3.383143555752272e-08,-7.994448726349657e-07,-4.2295547922499517e-07,-1.4967019878158884e-08,-9.147531068993597e-08,-5.479760460998556e-07,-8.043620269000761e-07,6.050337076135783e-08,4.16992469836336e-09,-1.1523630824649517e-06,-8.888152148256569e-07,2.588947735627836e-08,-2.5243027078665474e-08,-1.0529261913605935e-06,-1.1909622738829724e-07,1mV,1,54
15058.59,0.0012179,-0.00015189316572494403,4.927981837697435e-05,-0.0006333179788610402,0.0010402535120165159,4.1328977146791334e-08,-7.084985662057049e-08,-5.653978313630774e-07,-1.2319125953484383e-06,6.669531701896966e-09,6.755660622408525e-08,-2.0036091615789948e-07,-1.5085747526137488e-09,3.849848394441886e-08,1.0209292780555986e-07,-1.206447912390958e-07,-6.668638979585719e-07,-3.7704414077689826e-08,3.9193371036543034e-08,-4.0702944577485204e-07,2.433994123365569e-06,8.383885576379457e-08,7.505253472600929e-09,1.0204314306874694e-06,1.3998504558802433e-06,-4.183044843717407e-08,2.7044215875586365e-08,-7.206677634244909e-07,-1.1203223064424363e-06,-1.0953978972599561e-07,-5.184407482768663e-08,1.568171700869973e-07,1.3932213298066196e-06,4.328241487253645e-08,-1.3947924326860683e-08,5.69603680400488e-07,-2.49106095517036e-07,6.981327122498138e-08,1.2262822576032404e-07,1.823009670246568e-06,-7.681093251412493e-07,1mV,1,53
11863.43,0.0010668,6.108629191409848e-05,0.00010558098612026199,0.0010235779453783148,0.0003005756247215629,2.2488028573728123e-08,-1.0498978960847275e-07,-2.2992018932018835e-06,-1.4506737557780264e-06,-4.9536829594848743e-08,9.52111325916398e-08,-2.8946377311152e-08,3.2967616235955704e-07,-2.8447646059546364e-08,1.126848681061919e-07,3.5849905010050087e-07,1.8434936698140658e-07,5.982738772708694e-08,-4.9554463070204586e-08,-2.9462023882788835e-07,-3.3333455606872097e-06,-9.381880619385311e-08,4.678937724509187e-08,-1.3346640494896086e-06,1.4241572514835308e-06,1.197550520345809e-09,-1.4002272112120943e-08,7.26935381156233e-07,-3.244013667427745e-07,-4.127905982745694e-08,7.714407924495489e-08,3.306889823381722e-07,3.0708244341912846e-07,5.864664093648342e-08,1.1953905301001532e-07,3.467712421927837e-07,1.7235727791422098e-06,-5.0417729964598796e-08,-5.410740210028674e-08,-4.2318440504540435e-07,-4.589120800192002e-08,1mV,1,52
9432.87,0.0009456,8.600296711615946e-05,-3.6904344851864164e-05,0.0003445289402983805,-0.0008805921153876301,-3.3596709251799155e-08,1.2451089756523321e-08,-5.858732130666795e-08,4.89787345192538e-07,-1.0472989472075632e-07,8.373154126120606e-08,-1.0938058021479408e-06,3.595396019231907e-07,-4.815036997363723e-08,-1.4346456337863496e-08,-6.39369045141044e-07,-1.0935569889493108e-07,-4.3785543444437594e-08,-1.438132554101076e-07,-1.146838810736932e-06,-4.746216725030396e-08,3.5554290181340286e-08,-1.004907564219126e-08,1.2734286022388534e-07,4.748119284213526e-07,5.721904758798506e-08,-6.280829580006993e-08,4.5510055349773566e-07,-2.364952880163122e-07,-4.295928917062111e-08,2.522196855483826e-09,4.38102479876053e-08,-2.1814288393778818e-09,1.2743710429956538e-08,-1.3762772835624369e-08,6.240030623586875e-07,-3.8199709232280637e-07,4.183605004870628e-08,1.826889918708329e-08,1.6727494792444265e-06,1.381580584421336e-07,1mV,1,51
7558.594,0.0009308,-7.511683724892343e-05,2.7117545058504097e-05,-0.0003722828814599525,0.0008531232266472241,2.0723410455646728e-08,5.8843537029413506e-08,6.871670328696943e-07,1.1512582281193478e-06,3.9438637652723655e-08,-1.2563044647363374e-07,-8.827237108766039e-07,-6.625199421279608e-07,-1.1151416444158993e-07,2.2599287406330445e-10,-3.9266888044699516e-07,-4.768788899311085e-07,7.097899199648468e-08,4.48116990150042e-08,-3.991790137075975e-07,2.343149684506973e-07,2.7610553164599507e-08,-6.235847645034419e-08,-1.8966305347115438e-07,4.0034098902286924e-07,2.762703759143592e-08,-6.533829071752503e-08,-2.447229173571559e-07,-7.224116655235922e-07,-5.5097406836665195e-08,5.5634830087453876e-08,1.9612788770358692e-07,6.371904933423821e-07,-4.6289452750792985e-09,4.149304801711352e-08,3.807017610880202e-07,2.9372132933230496e-07,-4.581307270259892e-08,-2.2382758051678977e-08,-1.638926573162452e-07,1.0628902097909883e-07,1mV,1,50
5960.648,0.0009524,1.8293073400165106e-05,-6.805571312616839e-05,-0.0005020844845445449,-0.0008092560897093637,-1.0361143961815797e-08,1.438025383229552e-08,-5.305625472442258e-07,-1.4009553102258473e-06,2.000472480091825e-07,5.446135323844444e-09,1.3501320103280642e-06,7.584567651508801e-07,-8.11738365967632e-08,1.7403201613128748e-08,-8.243954668654367e-07,5.374854540883457e-08,-7.807725027379547e-08,-2.5613086993182073e-08,-1.3164461061849446e-09,4.4650721736849703e-07,2.5636775070351823e-09,2.3913312776644172e-08,1.8596223335511928e-07,-1.5667895280836225e-07,-4.2686268613278914e-08,-2.8740023665023542e-08,-1.2462757018412902e-06,-1.8108562724449243e-06,1.039892556101807e-08,-4.007443713444493e-08,4.7359515233053893e-07,-5.883028982580972e-07,7.834672424868829e-08,-6.323780792692348e-09,3.472520748039906e-07,1.0230784407286673e-07,-2.2823650178292247e-08,5.122168827772099e-08,3.4142253182028033e-07,1.594304820706544e-06,1mV,1,49
4746.094,0.0009869,2.296881699076115e-05,5.9072142442062424e-05,0.000912009753559225,0.0003770536425242704,-3.1625991604088786e-08,2.1806001986186786e-08,-5.26102360736457e-07,1.1686596840626103e-08,-8.933520782250106e-09,2.460233309219318e-08,9.244022418412574e-07,3.7331172182657884e-07,-1.4221574651179878e-08,2.487661318348937e-08,-3.694281588017809e-07,-2.273065458802276e-07,-2.0906738937212795e-08,-1.0487997813506317e-07,-1.2374368670764583e-06,-2.0449870616762091e-07,-1.219041042222152e-08,1.3937881200859144e-08,8.167540732403705e-07,-5.226117944023904e-07,1.0480681468029728e-08,7.046414091997668e-08,1.0783378413094851e-06,1.310357253886321e-06,2.995196049380346e-08,-6.620157970900617e-08,4.5173328890863834e-08,-9.491479960760535e-07,5.797270188275191e-08,-2.2329901819785284e-08,4.434972626747681e-07,5.558167554488687e-07,-4.4906208255727167e-08,-3.4739990431543243e-09,1.6661203531708028e-06,-2.8281531208684806e-07,1mV,1,48
3761.574,0.0009585,-4.713861065519383e-05,2.6042521780231427e-05,-0.0002600230508205144,0.0009225533785793238,2.7278555482288966e-08,-7.573490381839776e-08,7.642038860004083e-07,1.5281837075395282e-07,1.2813437787707603e-07,9.692800995344765e-08,-1.322269793440623e-07,-2.9807677564811036e-07,8.857070385806038e-09,1.0365272802505318e-08,2.456390625805307e-08,1.6656839357042892e-07,5.419245378781134e-08,-5.693479066194807e-08,-1.015727844767364e-07,-8.623083227639683e-08,1.030643820374756e-08,-5.194859404878076e-08,3.4974794077071e-07,-3.0370799727678474e-07,1.1592076551359684e-07,-5.1404806836961395e-08,5.486647018134704e-07,-1.133580558589684e-06,5.2926058688336605e-08,2.56261242744602e-09,1.133580558589684e-06,8.149544864822508e-07,2.5402402318018848e-08,-1.1919864738613474e-07,5.996453329700676e-07,-5.565547981517322e-07,-1.445469891810232e-09,1.7193378724355096e-08,-4.594497021437711e-07,3.5992188152676974e-07,1mV,1,47
2993.223,0.0012441,3.4807331303907804e-05,5.0878542615063304e-05,0.0012174025432276213,0.000256559332447046,7.761205135157893e-08,-5.025850940485381e-08,4.3150163807367655e-07,-1.1159028890600203e-06,6.9978469046736085e-09,5.7156313958241666e-08,5.777709846940617e-07,7.286884535464029e-07,3.362210985320459e-09,9.615030297957701e-09,8.994727503287876e-08,-1.2297028866572304e-06,1.2898611009210215e-08,-9.289723613564138e-10,5.994362945278794e-07,-3.4585675425092735e-07,-2.2912613050200278e-08,1.3226852186745702e-08,5.551054502211689e-07,-6.453958046254446e-07,-6.410615715130748e-09,1.7720814091859526e-09,-1.413413647826878e-07,-1.102727721959562e-07,-3.596163893002102e-09,-8.233535892175322e-09,-2.4413380902007987e-07,-2.837426163391135e-07,-4.567322023953236e-09,6.906371593983673e-09,3.0619347761265547e-07,-1.4506737557780264e-06,-1.1861185924318444e-08,-1.5621668175016154e-08,-1.6727494792444265e-06,1.357865990747292e-06,1mV,1,46
2372.685,0.000925,3.43355584983349e-05,2.202416652526975e-05,0.0009124605341322313,-0.0001519097385401281,3.008881880159343e-08,-5.7114053279522313e-08,-2.541637872549074e-07,-1.0617650261254254e-06,1.8130339403601098e-08,-2.330580861471382e-08,-6.934848109887269e-08,-2.043776141313427e-07,-1.5502399148408203e-08,1.0600179199487217e-08,4.70765399380578e-07,-2.9029528649202153e-07,4.897035972331413e-09,1.7952247931633192e-08,5.682499023708195e-07,7.295917824593686e-07,1.3651237789435647e-08,6.086220535572308e-09,5.7215556248252954e-08,1.2020815280171308e-06,1.5257718105030748e-08,-5.5979003264652975e-09,2.2503595971457686e-07,-2.341877997155183e-07,-3.7040330324721096e-09,7.508300660886103e-09,7.391499878886233e-07,-3.116992982731038e-07,1.0271530330698203e-08,1.08834086109828e-08,2.4523424394830147e-07,-9.705799606720796e-07,-1.8605150558624408e-08,1.2732463012718289e-08,-5.896755692970755e-08,-1.9145192314212178e-07,1mV,1,45
1886.433,0.0009447,2.3299168440096745e-05,-2.9273115886777465e-05,-3.51122711032945e-05,-0.0009440118596796442,-2.606974539130711e-08,-3.718844709829277e-09,4.298031454881796e-07,9.299583333744308e-07,1.4426480938115592e-08,6.144468456672551e-08,1.9505993549312612e-07,7.091650143469732e-07,5.006329269052904e-09,9.660997763006553e-09,5.290556364022565e-07,5.646678540969368e-07,2.097267664455844e-08,3.1559899217134756e-08,6.789671353729253e-07,5.18642384194939e-08,-1.8623899936869304e-08,1.903158014185372e-08,-3.6513734646519325e-07,2.489243469771842e-07,-1.389027302710707e-09,-3.302610722501198e-09,-5.264305024771014e-08,1.2860504582830334e-06,-4.1887768280624e-09,9.34734066283304e-09,1.354543693730061e-07,-3.9237300045324245e-07,1.0414963626698858e-09,-1.4775570717152626e-08,-3.825463154180061e-07,2.2528908184515473e-07,-1.4896872675756486e-08,1.9792029290846026e-08,2.5900735822060066e-07,-5.102660414591769e-07,1mV,1,44
1506.696,0.0009744,2.274674126729475e-05,-2.664245768989439e-05,2.193025390589341e-05,-0.0009741920609841626,-2.113098017519658e-09,-8.051988435814366e-09,3.8450765285232224e-07,-2.7449277575771695e-07,-3.190627105448161e-08,4.945210936362783e-08,-3.4147788502299505e-07,1.0661844435078412e-06,8.099929170724469e-09,1.2942727843230182e-08,-1.0904912391111289e-06,3.987448059497752e-07,2.7415590566774227e-08,1.6469898001766697e-08,-3.722320581600547e-09,7.345803103152053e-07,-2.624310808667583e-08,-8.627139147942394e-09,-1.3225106516879646e-06,3.4426311234282817e-07,-1.257139734621614e-09,-1.0123651100810839e-08,5.895182380382614e-07,-4.933364688069217e-07,-2.128291974480404e-11,7.938387311999366e-09,-1.5018229877077626e-08,7.421565175338808e-07,1.5519082449026824e-08,-1.231862876902886e-08,-2.664120920448385e-07,-2.8311693732319793e-07,6.18048670833924e-09,1.564243943671351e-09,1.3831616309898953e-07,3.0068599967068875e-08,1mV,1,43
1185.994,0.0009782,2.5523240237797554e-05,1.9147125809316983e-05,0.0009780248007090627,-1.6493265671176223e-05,6.425230728414397e-09,4.0458318776825026e-08,-6.612038396314772e-08,-2.631734325015696e-08,6.243865573020467e-08,1.4089036323881223e-08,1.1689358976490115e-06,-7.655388815062016e-07,-2.8602314619387465e-10,9.563847920397597e-09,-1.5291184143159092e-06,1.0617650261254254e-06,-1.887718779559902e-08,4.6097992541243265e-08,1.4676730447394895e-08,9.617020140634133e-07,1.2773773516700423e-09,1.0453580495786407e-08,-6.724583279375376e-07,2.2796835363324438e-07,7.795697582973302e-10,-1.4934857568158353e-08,8.707212361785697e-07,-1.0584504630886133e-06,-1.9655966478184896e-08,2.812645385273583e-08,1.8010164396429752e-07,-3.5792286855926845e-08,2.321671316028432e-08,7.142488911328353e-09,5.294736028011984e-07,-2.0645706049520396e-07,5.476985066882398e-09,1.110566442570753e-08,4.810525877070621e-08,2.901286744567045e-07,1mV,1,42
948.6607,0.0009567,2.2372195644135002e-05,1.792736661177019e-05,0.0009562193953442227,3.010949062639968e-05,-2.4098022326142243e-08,4.919910876702797e-09,-9.374425062261176e-07,-3.625095608896088e-07,4.8279107601987e-08,-9.050969008896501e-10,1.0739184239270691e-06,-1.4123596167811716e-07,3.944028388569861e-08,-1.514262542784918e-08,2.5020641995982306e-07,2.5644553244944875e-07,-1.836800462188397e-08,3.1993267285654466e-08,4.319537444718977e-07,1.0570411108853609e-07,7.451533244608972e-09,-2.282525221709337e-08,-1.3932213298066196e-06,-2.5234873253594915e-06,1.7969693581750277e-09,-1.8467728775118185e-08,-1.2650582257165578e-06,-5.289300144631613e-07,1.6516666486216114e-09,7.364713790131411e-09,-4.975047527965818e-07,-6.90970272983567e-08,-1.3613551207707094e-08,7.14089129194461e-09,1.6234276764023193e-07,-7.098937762733336e-07,1.3816148349060498e-08,2.9202814004766684e-09,-3.9001988166797504e-07,4.2655222206167435e-07,1mV,1,41
752.3148,0.0010075,2.7161739232328257e-05,-5.483392117232555e-06,0.0006821050321998752,-0.0007414147183262424,7.879035641407864e-09,-1.1601500958927685e-09,6.885822408009785e-07,6.818778741464189e-07,-4.5044502874166414e-08,2.965343989816472e-08,-2.3688077169749346e-06,1.1844038584874673e-06,3.216344800050785e-08,1.8704421721576924e-08,3.199124540220201e-07,-9.403457319900612e-07,3.9871442245527107e-08,-6.787779843089579e-08,-4.656615247310604e-07,-1.6849028770460702e-06,4.3839880181154396e-08,9.101010071917596e-10,3.3414750789621636e-07,-1.2551145366061218e-06,3.309899446619147e-08,-5.412168786697541e-08,-1.1170077434056245e-06,-4.493698949779569e-07,-6.932836170123925e-09,-1.2040106037045553e-08,-4.859222332353116e-07,-1.3446077386000444e-06,-6.560646096429004e-09,-3.323219570609749e-09,1.1799844411050513e-06,-8.175970771060663e-07,5.968260761363899e-09,-7.541913644642414e-09,1.939019376534986e-06,1.1059591999495845e-06,1mV,1,40
599.564,0.0009644,1.1059591999495845e-06,-2.4391869387899078e-05,-0.0005216083656857128,-0.0008111752217076777,2.9162707792021258e-08,1.4422647093536347e-09,-1.2751643284157974e-07,-3.3935877438812663e-07,2.5649712914738844e-08,9.323907807017125e-09,-2.94506217859422e-07,-1.946753356954214e-06,2.0219221223573805e-08,5.217831536431874e-10,3.782385988099307e-08,7.776034490184589e-07,2.9175137403409303e-08,-7.225638039669818e-08,1.5191747252054734e-06,-2.2494834476497043e-06,3.771537423279822e-09,1.335092732975703e-08,-1.370019388548936e-06,-4.798591240429407e-07,4.351693125593435e-09,-1.2635500995348085e-08,-1.2783164778638055e-06,9.24361141259601e-07,-2.2766540257167974e-08,-1.0119485799927912e-08,1.3556562820560842e-06,-1.1440667311838114e-07,-9.467580856410776e-09,-1.226319822650991e-08,6.691183532507768e-07,5.43777710071995e-07,-3.978681040265384e-09,2.5751900893163757e-08,2.1579551039511795e-08,4.880509561029868e-07,1mV,1,39
474.0168,0.0009883,1.813286952005253e-05,1.4154289021532597e-05,0.0009869807500345288,5.1706078519920684e-05,-4.211546771270953e-09,3.121972561266675e-08,-1.1225320151336443e-06,7.042001303741326e-07,2.4474589832754447e-08,2.6262896028005594e-08,1.086071821728713e-06,1.8953345405641503e-07,-2.1320540035271857e-08,2.867751100614927e-08,-2.0978985362871838e-07,-5.571776045463492e-07,-6.700955969194635e-08,1.4482430762176979e-09,-8.7019212143246e-09,1.5456116799870854e-07,1.6384371226873492e-08,-1.840033266003634e-08,4.5325224266297474e-07,-1.8007722668325966e-07,1.0981302020566348e-08,-5.231261041002691e-09,5.228985041050746e-07,-5.539001646155495e-07,-4.313861807945609e-09,1.0329992593541493e-08,3.412122780383119e-07,2.6050255760650655e-07,-1.0712000402951452e-08,3.741484280225048e-08,-6.413530320894451e-07,1.069499006544653e-06,-1.6958365156501674e-08,-2.005675239205274e-08,3.3027101593923024e-07,-7.089966345447031e-07,1mV,1,38
377.1552,0.0010138,1.9628842304000317e-05,9.296244463911893e-06,0.0009998600371412343,-0.00016760198481074144,-1.8218164275533155e-08,-1.4666223282568198e-08,-5.055514069956156e-07,3.3837810567096857e-07,3.4498745485180616e-08,-1.201068376582212e-08,-1.673211308360889e-07,-1.5092310360950375e-06,1.518813437834461e-08,-3.836433252977563e-09,3.850957668204873e-07,-7.017782896485687e-07,3.0199834566239718e-09,6.251384106842302e-08,3.8092074321931895e-07,9.979895187341267e-07,1.1766820314660411e-08,6.191620325579891e-09,1.9020619986745328e-07,-3.569235278036696e-07,-5.903468787974645e-09,-4.226699848620911e-09,4.0341126876386816e-07,-5.175607317905927e-07,-1.918909922590648e-08,2.1888866062107088e-08,-4.908948511885714e-07,1.1357902672808922e-06,4.8332483115423126e-08,1.954824317948851e-08,1.1048543456039805e-06,1.2087106540907548e-06,-4.9235093873064295e-09,9.612583045582188e-10,-7.408858245510018e-07,2.656751541963207e-07,1mV,1,37
298.2954,0.0009777,-1.7245671480532532e-05,8.61565418701984e-06,-0.00046862397068792835,0.0008580928614937508,6.4654043372749034e-09,1.3755116195009333e-09,2.5423858589410477e-07,6.688736280132255e-07,3.9697781239485075e-08,3.941751283763571e-08,-2.0574663915098062e-07,2.4682390838075647e-08,-1.3973645336026345e-08,2.8739935276675898e-08,-3.366226026012384e-07,-5.7423290962313414e-08,4.783028262117229e-08,2.3011718485000955e-08,1.6318698684570795e-06,-7.499883880481292e-08,1.4199886360375673e-08,-2.1235587784638363e-08,1.1147980347144164e-06,-5.778505342069452e-07,-6.908709465778971e-09,-7.403803536878879e-11,-2.1848616218296734e-07,3.350887333132364e-07,2.4567839539523423e-08,-3.3569176281506706e-08,-7.465314092861689e-07,-2.673209452295324e-07,-1.2992832987803322e-09,-1.1477934048915336e-08,-5.646666387571565e-09,9.640345825578524e-08,6.727934302605593e-10,-7.925838376341995e-09,-4.7339661000463393e-07,2.119067545548956e-07,1mV,1,36
236.7424,0.0010052,1.1860611400058731e-05,1.3783057961409657e-05,0.0009742638765166269,0.0002474928976870197,-1.14076211183611e-08,8.843986700645396e-09,2.753526838949005e-07,3.5079843628251025e-07,2.6124413584327593e-08,1.876283537082901e-09,1.0012886138101003e-06,-4.862567831311606e-07,1.0879318440195371e-08,6.62282619414525e-10,-6.207367814567785e-07,1.4067127062207897e-07,4.463906552350358e-09,-1.74685095534974e-08,-1.197662110634715e-06,2.1088089729500232e-07,1.1744435965618474e-08,-6.403164577423994e-09,1.699737756344495e-07,-1.2065009453995469e-06,3.1039800082485142e-09,1.8784954554828e-08,8.115061255841862e-07,2.3183335510503621e-07,-1.3624820722032255e-08,1.6976617350291052e-08,-1.6256141831522697e-07,-5.220406951911477e-07,4.039151928308981e-09,-1.619059082319801e-08,-2.1512674205972384e-08,6.548376688921071e-07,-1.309695446133304e-08,1.0811993035791649e-08,-8.700453967753638e-07,6.619330434995759e-07,1mV,1,35
189.0121,0.0010014,9.743710473881505e-06,1.349248126851581e-05,0.0009482290887168146,0.0003220595174718323,-2.7583086485567792e-08,1.875475888556264e-08,-8.220848849724751e-07,6.114644018467316e-07,5.518787231048325e-09,9.830135495357685e-10,9.644230493457668e-07,6.308071973606551e-08,-2.9730172032466923e-09,2.255592187326549e-08,3.602933335577618e-07,-6.967839060647004e-08,-1.3692923943895285e-08,3.3315302849973823e-09,-5.727991401388438e-07,5.057132681572466e-07,1.8298431943741284e-08,2.2073597708692072e-08,5.079082822856581e-07,6.726517879334529e-07,1.1873714972597595e-08,1.3751061379560967e-08,-1.394852094820731e-07,-1.1127087551468792e-07,-5.248329935787926e-10,-9.439507612343324e-09,-1.5985209448893687e-07,5.109366880469586e-07,-1.3260925894764129e-08,-3.607133991799604e-09,-4.392370548035537e-07,-2.4632650295436555e-07,6.2300460548656525e-09,-4.742705497920066e-09,-3.949081992346653e-08,-4.787291895036915e-07,1mV,1,34
149.6011,0.0009956,-7.366063922141738e-06,1.3211848264732398e-05,0.00011356576847594195,0.0009891042800867797,1.470937889330749e-08,1.8624176150455708e-08,5.221740511106622e-07,1.1566930066453739e-07,-7.299353921608516e-09,1.4461979908239846e-08,-4.998531207081631e-07,5.302424709403043e-07,-4.589735099208158e-09,4.720647080910083e-09,1.797212426131061e-07,-9.120184819085553e-07,-9.324782851658845e-09,-4.671049064481574e-09,1.9023161151740216e-07,2.0187953845593213e-07,-9.958411294590997e-09,5.43845327157946e-09,7.91540413190211e-07,-7.270737089203027e-07,-8.17299097889057e-09,4.294731254951476e-08,2.6934260771111855e-07,5.055322930154367e-07,-6.459391719926127e-09,2.7340858218837574e-08,-5.583985790836761e-07,-4.2989495888429925e-07,1.715149369611325e-08,7.119738855498023e-09,4.448606529372434e-07,-3.8754456599208396e-08,-2.5457954394515813e-08,1.2019887202521002e-08,-2.832768097470068e-07,-2.6335120356577725e-07,1mV,1,33
119.1737,0.0009836,-2.8494193573126657e-06,-1.3380890979609807e-05,-0.0007337006252852353,-0.0006551598444192852,4.511134656207545e-09,-8.40076664592594e-09,-3.219549982507382e-07,1.8009125833344884e-06,-4.2171760041618056e-08,-2.324357216942595e-09,-1.194347547597903e-06,-6.004498879045364e-07,-2.6549108546234306e-08,2.8506866252470735e-08,5.02787171908349e-07,-2.0258222581973628e-07,1.3149711256335633e-08,3.612351114019546e-08,-1.2384113486092809e-07,7.93182116262344e-07,-1.7463548757485638e-08,2.1370788810909922e-08,-1.3576306567716784e-07,8.168724031407847e-07,5.137100934252937e-09,-1.744571640834759e-09,1.1181125977512282e-06,-4.999729974046612e-07,1.3425317172846545e-08,8.719696111036676e-09,4.901423348937806e-07,-3.6424462415394525e-07,6.490213841605441e-09,-1.2746141109516865e-09,-9.118418156986933e-07,-6.455756749129089e-07,-8.449084136167894e-09,2.4493593327498837e-08,1.12695143251606e-06,2.3148477355899813e-07,1mV,1,32
94.69697,0.0010065,3.313458182466338e-06,-5.039240670299755e-06,1.2352271583852503e-05,-0.0005031175233576846,5.608822916525938e-10,-1.180704806138385e-09,-2.020230590354261e-07,-4.1371569281814364e-07,4.6457556339476625e-09,2.6311730590081293e-10,3.602725622960644e-07,3.501312147432e-08,9.991289550207482e-09,-3.354599643733593e-09,-3.0246426273993836e-07,-6.576706259196703e-07,-7.635172190246155e-09,1.790616445687805e-08,-4.2537787237773193e-07,7.71820309917264e-07,6.257369102832439e-09,4.521640716179894e-09,3.2549826613709017e-07,3.1307870892359035e-07,-1.3371311892433422e-09,9.874761667230975e-09,-3.28630638692312e-07,8.04210772340163e-07,1.8336372641969327e-08,1.54102874416152e-08,3.3116197048352527e-07,-2.196469221584589e-07,2.7713967531348044e-09,-1.5683794134869463e-09,-5.187591672992694e-07,-3.270249538718457e-07,-4.17212114880242e-09,-1.0761525498993149e-08,2.1119975825914362e-07,4.031929495451768e-07,1mV,1,31
75,0.0009994,2.5113339275578478e-06,-4.4846037888065575e-06,3.2758931347158023e-06,-0.0004997035234297683,-2.3833089302609867e-08,6.6162600447693255e-09,-1.9790405154957988e-07,1.8291228293407946e-07,-1.0187811097514408e-08,2.103712279853752e-08,-4.909342944887096e-07,6.23003390146785e-07,-1.2839965340545555e-08,-7.41030781441145e-09,-2.2878185788791258e-07,-4.7150940829690775e-07,-4.841754585149118e-09,1.3183210440094345e-08,1.9532764170106596e-07,-3.152605752852891e-08,1.0220056271590859e-08,-1.2726728818664603e-08,1.3697321264190787e-07,2.482049763127614e-07,6.13817741602868e-09,-4.001433305804406e-09,1.2869045106921854e-07,-7.837061119964025e-07,1.4514802994503174e-08,4.894316925786881e-10,-9.429601488280638e-08,1.366878287644384e-07,-2.1356922888872594e-09,-1.1251958189608955e-09,-2.197144287589753e-07,3.322373252181016e-07,-1.108929048430568e-08,3.0166523207719757e-09,-1.3772484505322227e-08,3.4960077417187554e-08,1mV,1,30
54.50581,0.0010001,6.039133853071358e-06,-7.907442551487688e-06,1.4686828816113715e-05,-0.000999980466264905,1.6249833113209295e-08,5.22081574801935e-09,-1.0672892978534454e-06,-8.15244179291668e-07,-1.2479606047183362e-08,1.643761415778815e-10,-5.712510182297835e-07,1.3169863799599449e-06,-3.5262984284578345e-08,4.9981124672846476e-09,-5.10614623005215e-07,4.185326367941079e-07,-1.3079442519955219e-08,1.0224108877330536e-08,-7.128029682507434e-09,-1.9721904185530542e-07,5.468092094254632e-10,-1.6365677091345875e-08,1.1634116259209915e-06,-5.91497363627542e-07,1.7299466838619992e-08,2.732959975305587e-08,-1.1490485194281396e-06,9.481250114374587e-07,6.352292663935004e-09,-8.802830876271648e-09,3.663873786718096e-07,2.1402277159759636e-07,-1.1988111591541432e-08,-2.6656224175040612e-08,-5.2527725551116e-07,-2.2052892738255452e-06,8.89536021800729e-09,-2.8068128591831394e-08,5.907505925753482e-07,-1.3705972273716868e-07,1mV,1,29
45.95588,0.001,5.46239988466608e-06,-7.667689158491624e-06,-5.183755618704756e-05,-0.0009986259148371947,8.398412201315458e-10,2.3196129723825716e-09,-3.08344739508981e-07,1.6345922295646475e-07,-7.749811877146023e-09,1.544352146033097e-08,-5.044543971158655e-07,8.319857057343015e-07,-2.491915007579512e-09,7.908367314574959e-10,5.415352976921572e-07,-6.651005504229879e-08,-7.638820419295338e-09,1.5304508686567074e-08,-2.8056074630920856e-07,2.895127181590303e-07,3.603113426835951e-09,2.6617996214682717e-09,7.847837869251045e-08,5.441503774427672e-07,-4.1335396350539295e-10,-8.418258699925542e-10,-1.0433640084556948e-06,5.605489570965251e-07,-1.5943700071129347e-09,1.6709772928740778e-09,-1.0999751983283589e-07,1.105299601905259e-07,1.3526809093033725e-09,-2.0949331072235828e-08,-3.1737626087168614e-07,-1.2772116235182016e-06,7.857194880703967e-10,-5.215355557843375e-09,-2.654483275991682e-07,-4.649725375611417e-08,1mV,1,28
37.5,0.0010004,5.166298920044213e-06,-6.916388203480919e-06,-3.702477397553499e-05,-0.0009996777361742097,-3.4931616369244794e-09,1.7113552997885209e-09,-1.4484640470868184e-06,4.408341217601242e-07,-5.246531232913283e-09,1.4618173167077882e-08,6.061183431246576e-07,5.038163437312791e-10,-2.3029517688508633e-09,2.9470984251531684e-09,-1.0672980262027756e-07,-7.255515510883641e-07,-7.374296191870833e-09,1.1536126727298299e-08,2.6644634252955227e-07,1.0411360696677842e-06,1.7102095658321297e-09,6.548260679214783e-09,-9.706538754278005e-08,-3.3810421227869334e-07,3.843495481954664e-09,-7.631377015569005e-09,2.0886365423079858e-07,-2.672472514446806e-07,-3.6224980963295726e-09,3.2463537489317343e-09,3.1561048265654186e-07,7.642068691071414e-07,7.292915935336681e-09,-2.1327710539974823e-08,-2.005298483873423e-07,-3.6357419853703276e-07,-4.7618272120794345e-09,-2.045914034472171e-09,2.705081185602962e-09,-3.1944421675035314e-07,1mV,1,27
30.04808,0.0009994,4.805011549031711e-06,-6.175030937580647e-06,-2.493877228897305e-05,-0.000999054598323289,-4.6433050670091124e-10,2.7278610725006246e-09,-5.72607337424447e-07,1.373333951585748e-07,-1.2000938950493894e-08,2.3954247630148798e-08,-9.717258051139055e-07,2.0108349089992446e-06,-2.3917102427049592e-09,2.810711890168776e-09,-9.083011994627707e-07,7.427103810173321e-07,-7.755655451779924e-09,1.097635006338935e-08,-7.642863081345903e-07,1.25732424529733e-06,7.52639486050406e-12,3.0620331081633133e-09,-6.810108949414235e-08,7.244584081988235e-07,2.3091709939622686e-09,1.8316573652096106e-10,4.518093028876159e-07,-3.564860054828104e-07,-6.194958090557961e-10,1.5388333985768047e-09,3.9347575557558976e-07,2.3675559170013653e-07,3.0927259618841922e-09,-1.3765766990900955e-09,4.964601130128133e-07,-1.333254255344618e-07,-2.5603817265222455e-10,-8.069120307297303e-10,-1.4672465709620863e-06,5.430293922237174e-07,1mV,1,26
23.91582,0.0010008,4.4470387410560225e-06,-5.506594058490239e-06,-1.54602268580365e-05,-0.0010006886779004372,-3.6757609146224497e-09,6.277716100461081e-09,3.560165528713633e-07,3.7706535398033386e-07,-2.0542744673053562e-09,6.63116784445456e-09,-2.65823867591239e-07,1.9908768201002543e-07,-1.8739821254810076e-09,2.070083828136604e-09,1.2285085391096325e-07,-7.245999400404955e-07,-8.724585091515975e-09,1.272567920703628e-08,4.536959521681693e-07,1.71252423568617e-06,-1.1409676147443923e-10,1.2857963417835444e-09,1.8591516655999656e-07,-4.1475094133997457e-07,2.41555631404613e-09,-1.545727689693374e-09,5.746154101975823e-07,-1.0518213370149896e-06,1.877629249675846e-10,5.455089063461218e-09,5.70947293770177e-07,-3.8831343413118976e-07,4.862413151703221e-10,1.1812594430198783e-09,-1.713863319153042e-07,1.899910847263642e-07,-3.171094385472228e-09,2.253190233979206e-09,-6.776851728757209e-08,1.9134508372690184e-07,1mV,1,25
18.8253,0.000999,4.065863991822648e-06,-4.873512518459158e-06,-6.329710545965204e-06,-0.0009989883070625528,-1.410320055659187e-09,3.1608336031646036e-09,-3.618582492528752e-07,8.432870398646155e-07,-5.875598837106785e-09,8.323750564056923e-09,6.1823439684942e-07,6.760757315504796e-07,-2.8313019557534516e-09,-7.882115975323409e-10,-5.655169346615335e-07,-1.0389153124331203e-07,-3.011954480094467e-09,5.9766874854578215e-09,-2.947698361062831e-07,2.187222695566229e-07,8.043897587441509e-10,1.6734941510733639e-09,7.401736354398255e-07,-1.9018145113011175e-07,-1.609231402915654e-09,1.5795528054840396e-09,-2.435385134986685e-07,1.1562300726745657e-07,5.343991539593355e-10,-5.47507698342754e-10,4.812461581884119e-07,-9.100433337949191e-08,-2.1279605181767227e-09,5.0919831021958525e-09,-2.784186547039516e-07,1.6875556323298656e-07,1.3825804776041076e-09,6.112809960253614e-10,1.493684630598044e-07,-2.3622150510947156e-07,1mV,1,24
15.02404,0.0009994,3.735512542487058e-06,-4.352021267334079e-06,-2.0349715570333091e-07,-0.0009994479264703242,-9.29560143868275e-10,4.483084614081352e-09,3.6971984034902037e-09,-4.0478040426894057e-07,-4.555123327123422e-09,8.113022799574222e-09,-2.1202663125139364e-07,4.5956515942288675e-07,-1.8018583386543253e-09,3.0423390794529227e-09,5.134368629456258e-08,-6.864292111376999e-08,-3.1715319077930872e-09,4.4720758453817535e-09,-1.4573481808798203e-07,-5.354611399563301e-07,7.515091095694186e-10,1.4499368179295086e-09,-4.489914823645875e-07,2.5919684074087173e-07,2.02836894746398e-09,-3.987583956582261e-10,-5.981674797973877e-08,-2.100472846912441e-07,1.6541238446862346e-09,1.976905936900092e-09,2.4636749305058747e-07,-4.177981296251504e-07,6.06598291852388e-10,-8.180710596203304e-10,5.924301921515353e-07,3.9825237236793945e-07,-2.4865995533228118e-09,4.18204605538898e-09,5.077666399585517e-08,5.136549611934481e-07,1mV,1,23
11.95791,0.0009982,3.3841688605849926e-06,-3.890192150871616e-06,-1.7415542836169146e-07,-0.0009982381109618877,-4.856988316866305e-10,3.317572660049367e-09,-4.0277542508797304e-07,7.821836227081602e-07,-2.2606513153750695e-09,3.698182828712137e-09,1.4929300150799963e-07,-4.267263471065416e-08,-1.3494149598577673e-09,4.2774027193950235e-10,-4.556420426125161e-07,-8.297899182078482e-07,-5.1358568682597865e-09,5.152748986349726e-09,-4.254089187848434e-07,3.847237623623224e-07,1.4343561619478013e-09,3.4382614244914176e-09,7.765769288459582e-08,9.288890553387553e-08,-1.946688170547823e-09,2.5048484325491526e-09,2.54611253264877e-08,8.4803857646332e-07,1.131591820767597e-09,2.441544697963427e-09,2.4206165469489964e-07,-1.8221279964787759e-07,-3.4798879168163935e-09,4.241225368702567e-09,7.472307820869364e-07,4.7400372746754324e-07,9.010270594221832e-10,2.138461053877343e-09,-4.275305705847067e-07,-6.596479837419977e-08,1mV,1,22
9.52744,0.0009998,3.0902776046543337e-06,-3.474766916924519e-06,4.453667867129646e-06,-0.0009997838021913877,3.254035801196719e-10,4.527240118003415e-09,-1.8436262523355383e-07,5.648736884615228e-07,-1.4839917434240602e-09,3.9197083347144254e-09,1.1234424151144219e-07,1.0060324164283855e-07,-5.790702934044921e-10,1.7328358779757536e-09,-2.295205635033834e-07,1.4015928111832607e-07,-3.1973766606454556e-09,3.5992331783741896e-09,-2.708136107868557e-07,4.079189640084978e-07,1.8015898590483438e-09,2.4039453997281776e-09,2.830953926634587e-07,-3.880434077291241e-07,-7.498109484402252e-10,2.9544125609210666e-09,4.810457376101193e-07,1.0109690161299786e-07,6.118989410608576e-10,2.191555934309688e-09,7.620964868216033e-08,1.8218429440576104e-07,-6.128524303611139e-09,5.8502954628837625e-09,-4.69194848928302e-07,1.1863064176705972e-07,-8.486037094610963e-10,-1.1170917123358903e-09,1.2048502930072145e-07,-1.8409922795756182e-08,1mV,1,21
7.524077,0.0010004,2.7997009117604866e-06,-3.086963041617522e-06,8.825576512684598e-06,-0.001000388157518433,-3.979620166459147e-10,2.6521266216725086e-09,-5.720429778247125e-07,8.890662377329783e-08,-3.2006680217410098e-09,4.105222218176099e-09,-4.0101804376585534e-07,1.1236368694792482e-06,-1.4862898404629165e-09,7.583697026284466e-10,-6.554548405295615e-08,4.482799561660186e-08,-3.1825296279492294e-09,6.3716176712939646e-09,1.2091978948571662e-07,8.711197571410291e-07,-1.175509781005355e-10,1.9185121750262304e-09,4.3415284656138786e-08,1.735624530344058e-08,-2.409911613194439e-09,2.464700235338595e-09,-1.8208099052444706e-07,1.8311270351237204e-07,-2.930495778901777e-10,7.182884595912326e-10,1.0758476100999282e-07,-8.558722147445213e-08,-8.883332773601045e-10,2.005770256678996e-09,-1.5923138731757657e-08,-4.2848417037039756e-08,-1.5419314101618786e-10,1.5688743882337772e-09,2.258400727073074e-07,4.39193744513206e-10,1mV,1,20
5.98659,0.0009995,2.5378504318523436e-06,-2.7499824662083075e-06,1.2037388095355367e-05,-0.0009993904740443526,2.0072065673282814e-11,2.481352600035538e-09,-8.325733777607282e-07,2.7451023245637747e-07,-8.250648981134382e-10,1.8712984342755355e-09,-6.142462041180933e-08,3.32666008704196e-07,-1.7853385564788546e-09,4.330484341575221e-10,-3.4704535655592807e-07,-3.167749991368085e-07,-3.707956370253349e-09,5.765553134575938e-09,-9.771611360671043e-08,7.22961882987703e-07,4.74733152306511e-10,1.1500539368826395e-09,-6.971332610087805e-08,7.551709283270539e-08,1.7549871027507678e-11,8.597889233996874e-10,-1.4917323529693615e-07,8.357624293438796e-08,1.1674001501086218e-09,6.107333197262454e-10,-1.3993963607442002e-07,-4.313777839015343e-07,-2.4276290574805445e-09,3.341851834294014e-09,4.0158472355971565e-08,4.783985065980522e-07,-5.688961316775632e-10,1.097108985184993e-09,3.380860926674254e-07,4.419264912516229e-07,1mV,1,19
4.76372,0.0010008,2.296992184510676e-06,-2.454986355932045e-06,1.4369735618925372e-05,-0.0010007372914916438,7.378178650041286e-11,2.509361762550945e-09,-6.01351007108811e-07,-7.574098051729857e-08,-1.2692909227145667e-09,2.659581073942299e-09,-8.725808165276559e-08,4.950655658577919e-07,-3.036534174721119e-10,1.5175947834912597e-10,-1.4259128650386958e-07,-1.1892154991625725e-07,-1.4928968694496281e-09,2.289573087579945e-09,-3.0934872065283134e-07,2.9284661614689027e-07,6.917952677234294e-10,2.0726459853640592e-09,3.7457854781924843e-08,-9.351716990895977e-08,-1.7645584559467349e-09,3.728738680494161e-09,6.787466064455426e-08,1.601508471039882e-07,-8.582201407143644e-10,1.682021416912735e-10,1.6840410906564993e-08,-1.5198210649976517e-07,-3.58968502711948e-10,1.865337745081002e-09,2.621645899985986e-07,-6.127321117228777e-08,2.420680628501041e-10,2.0443506655731413e-09,8.767893172154958e-08,1.272472903229906e-07,1mV,1,18
3.76506,0.0010001,2.0660776262794437e-06,-2.1798776238766536e-06,1.6298811306349924e-05,-0.0009999672080127579,-6.170740788156668e-10,2.30081387569212e-09,-6.711217856356605e-07,2.163500367911766e-07,-6.34031051855693e-10,2.5930279627261517e-09,1.543706911095264e-07,-4.848450002483478e-08,-7.360443528085651e-10,-3.3947975593897024e-10,-2.53298796787734e-07,-2.8612203065780622e-08,-2.3034367999085836e-09,4.5652040181727126e-09,6.827420912155503e-08,4.5751222956332e-07,7.763541902098844e-10,1.3658817090246492e-09,2.654457864341733e-07,-1.3618534100805768e-07,-3.0816774184281525e-10,4.585744365311837e-10,-2.1420253139962614e-07,-3.639348229954379e-07,4.378925575503882e-11,1.022615064816121e-09,-2.1377174869027514e-09,-3.543199385382538e-08,-1.8570126675868762e-09,1.549362660490411e-09,4.9010576421494115e-08,9.571853694985843e-08,5.826952100269842e-10,8.358783285647334e-10,-9.490170708360994e-08,9.45175823732738e-08,1mV,1,17
3.008665,0.0009998,1.867203844070727e-06,-1.948963065645422e-06,1.7411399632373133e-05,-0.0009996335420003855,-9.375839275823549e-11,2.5589951343185123e-09,-1.384747096975837e-07,1.5401967888392803e-07,-5.001813729342421e-10,1.3289066534946661e-09,2.0163602855816103e-07,-8.529064542246165e-08,-3.0998898374610887e-10,1.4391401812642665e-10,2.6017110130282534e-08,-2.0933421169659133e-07,-1.7488474271522464e-09,3.2597644709786756e-09,2.3153327666477016e-08,5.346243232749696e-07,3.1871876938702956e-10,1.2961698192344203e-09,-9.224715088723144e-08,-2.3434910844997648e-07,-5.935930513502836e-10,3.5950214736087474e-10,-1.0727535759904989e-07,-2.3519001309241566e-07,5.506778569165955e-10,1.3173255702440451e-09,1.0949168436778801e-07,9.229168756590274e-08,-2.2020189049625575e-09,2.280349763502843e-09,-1.495609286868086e-07,3.5865571844670754e-07,-5.366602383776142e-10,-9.417290096307574e-11,-3.1494558131135745e-08,3.367082288130227e-07,1mV,1,16
2.38186,0.0010004,1.6782737509724465e-06,-1.7346213225982493e-06,1.9068681150779102e-05,-0.0010002169050948642,2.4836098174636075e-10,1.5149110922857877e-09,-3.783234516236731e-07,-2.3870764835794965e-07,-4.753160734592517e-10,1.3846918542585567e-09,-1.034633228445863e-08,1.6361091945811617e-07,-1.0482566349543329e-09,3.5965505920230635e-10,-1.6581112640195195e-07,-2.6319066822936104e-08,-2.401603108515497e-09,3.2104294098844206e-09,-2.1759034627955162e-07,4.90414681489972e-07,1.3252838360954307e-10,1.236098888463932e-09,3.033949920406752e-07,-1.7388153496941624e-07,-4.921550480551673e-10,3.027716332188854e-10,-9.43614554056965e-08,-1.234348799180495e-07,4.1304482525949296e-10,7.014024182001942e-10,3.3753222918397416e-10,1.7645319394424404e-07,-1.975058620434242e-09,2.2792106586725253e-09,-1.6181508920477146e-07,3.0162203227228444e-07,-4.6476758708003223e-10,7.544934316423295e-10,-1.792870348552837e-10,1.8130737151165514e-08,1mV,1,15
1.890121,0.0009998,1.5070213274038296e-06,-1.544586375154365e-06,1.983765977531947e-05,-0.0009995860332635245,3.119434710834823e-10,1.4237782864429888e-09,-3.3293769238778e-07,-1.45328673630538e-07,-3.738930961832357e-10,1.5755930075093949e-09,-6.446635071651784e-08,3.4517108164404554e-07,-5.227630489623036e-10,1.0816617956082345e-10,-2.180434470466838e-07,3.484808938071714e-08,-1.869078781895217e-09,2.3734613634786184e-09,7.711594965331582e-08,5.259107789929293e-07,1.9163168294415154e-10,4.135290829191711e-10,6.96263298697052e-08,-1.1173182074767391e-07,2.5507341383764316e-10,4.77110246431078e-10,-7.047554301682332e-08,3.958720741657702e-08,2.594056582121909e-10,1.0793324311913979e-09,3.2505643488428316e-08,-9.103060681583037e-08,-1.3782825941997081e-09,1.21770195875528e-09,1.957287038285202e-08,1.8799096690451728e-07,-4.3398744986585093e-10,1.8744892536256397e-10,-1.6711927394714704e-07,-1.8417678873262322e-07,1mV,1,14
1.502404,0.0010002,1.3545514277104802e-06,-1.3788582233137677e-06,2.093919955788664e-05,-0.0010000290798561117,1.2495427561412411e-11,1.198253207709613e-09,-5.091969843943705e-07,1.7941718669719585e-07,-2.2786438683932304e-10,1.1080418503910482e-09,8.066111788914222e-08,2.2691774763600954e-07,-3.3238603861301996e-10,6.516794427451981e-11,-1.9268306233942828e-07,-3.4761015809740085e-09,-2.1085791632461377e-09,2.170863117270871e-09,-2.3807125225488174e-08,7.903223112741828e-07,3.690609052173021e-10,8.65841315504906e-10,2.9895071543548316e-07,8.813615359539087e-08,4.020517454916024e-10,1.3436354667759129e-10,1.719314670494252e-07,-1.3349568358911936e-07,4.319312054432474e-10,8.181406654441034e-10,1.7194516724331068e-07,-6.723064104650171e-08,-1.4899303355316815e-09,1.2125489180873831e-09,-5.004133923468189e-08,3.12276805639551e-07,-2.3059260367492294e-10,2.6156984690436e-10,-4.978351042459175e-08,6.61333107589913e-08,1mV,1,13
1.195791,0.0010001,1.2153397801643787e-06,-1.2308077410028343e-06,2.1382246150473837e-05,-0.0009998291012195573,-8.310312220651342e-11,1.1148223415100196e-09,-4.624384436340645e-07,2.731641884071281e-07,-1.1320746421166258e-10,1.1368321449287965e-09,1.1207465705111483e-07,1.8848748844743172e-07,-4.220309371085937e-10,1.2719260003288322e-10,-1.3495121870401805e-07,-1.7117309502660264e-08,-1.816753984941758e-09,1.9597320809520236e-09,-1.6950995778016497e-08,6.226288445236253e-07,2.458576027700912e-10,8.810762625618739e-10,1.4703114369167917e-07,1.1823377808611878e-07,1.1289843645119715e-10,4.0569931162817944e-10,-2.6479546916635083e-09,6.618046594246167e-08,1.8183052004429865e-10,5.195328967974958e-10,2.4173704848816117e-08,1.1929200757833827e-07,-1.6519097165776442e-09,1.6913099273962279e-09,-2.0020778334559876e-07,4.563426307530637e-07,3.892949867318243e-11,6.133471841370754e-10,1.6424930429900615e-07,2.6058210711939e-07,1mV,1,12
0.9486946,0.0010003,1.089386384765525e-06,-1.0960155108391487e-06,2.211586943595488e-05,-0.0010000423381082589,-3.6172434090618805e-11,1.1603578085097422e-09,-4.3430310675239e-07,-5.281571688484113e-08,-4.5903107283222183e-10,1.1446534088413272e-09,-1.0919516355851481e-07,3.426198624746113e-07,-3.8796242190559133e-10,8.60985370170542e-11,-8.58521544979845e-08,4.952574790576233e-08,-1.5705117823739623e-09,1.6885897759973509e-09,-8.746787139590886e-08,7.685691655198895e-07,4.5809017887150544e-11,7.42693587231279e-10,1.8118705287341884e-07,-7.204871197389847e-09,-2.887801997278948e-10,6.582587398878353e-10,3.896002579875147e-08,-1.6857337275139645e-07,9.272086823645262e-11,8.473085991971795e-10,1.5407083364012949e-07,2.901157476608609e-08,-1.397173393800845e-09,1.3983832093092814e-09,-2.925564813957347e-07,2.2187905939288257e-07,-2.0514581935784116e-10,3.221496735864336e-10,-9.898929251186717e-08,-3.74161686274652e-08,1mV,1,11
0.7515633,0.001,9.745158937928592e-07,-9.7671234423192e-07,2.2478261661312982e-05,-0.000999718615784997,8.234820837779258e-11,1.249765936719053e-09,-4.827373800986736e-07,-1.5614807029529953e-07,-4.868506423419226e-10,9.036255663576093e-10,4.729977575858708e-08,2.901546385338262e-07,-4.968678042663412e-10,2.0014093965768973e-10,-2.0724040222623723e-07,-1.2162534947081932e-07,-1.1365426730902483e-09,1.4279170708216213e-09,-1.2935380561831916e-07,5.18128405953364e-07,1.9918943909525557e-10,5.421324714659561e-10,8.457867728215444e-08,-5.482345820167269e-08,-1.7013397951456209e-10,5.070651679345276e-10,-5.019548851298056e-08,1.6372074198006921e-07,5.776684542107897e-12,4.112813672384744e-10,1.4109895973926227e-07,-4.869979194261917e-08,-1.378595267979514e-09,1.0529812131070046e-09,-1.5122329253520434e-07,3.8290263094446337e-07,-2.029576553263725e-10,-6.054339963429905e-11,-1.5081328108755073e-07,1.3883080425317186e-07,1mV,1,10
0.5978954,0.0010005,8.734849188386635e-07,-8.722790808058713e-07,2.3021849999350143e-05,-0.0010002533652882695,9.826141446898325e-11,1.0065164531171946e-09,-3.7404379831597605e-07,6.428944143869971e-08,-5.416153996322134e-10,5.973503295233791e-10,-2.5465942491434536e-08,2.7718475337078103e-07,-6.398894315378235e-10,1.2961477221475082e-10,-2.188536367383152e-07,-1.1795601770363393e-07,-9.012054933989983e-10,1.261444247152087e-09,-6.7262063104090685e-09,5.962780683809704e-07,2.7140117232784786e-10,6.403562324988412e-10,1.11802420940358e-07,3.3931557458321353e-09,1.1737762645371025e-10,5.448293104381408e-10,-5.948890454976771e-08,1.1445672302023701e-07,3.0721182186299867e-10,4.863584297309561e-10,-2.0756025755928957e-08,-6.979805738064241e-08,-1.0999855839592076e-09,9.463355893393185e-10,-8.695015874664574e-08,2.6535419400892275e-07,-3.631059612653658e-11,1.240718284482902e-10,-2.3481756669251256e-09,1.2582633714910933e-07,1mV,1,9
0.4763719,0.0009998,7.823841537718873e-07,-7.793065819922073e-07,2.327928106187587e-05,-0.0009995573070505387,-6.595519718993647e-11,8.292708576362834e-10,-4.947494670295146e-07,3.113741396391925e-08,-4.484913148023326e-10,8.548901097167139e-10,-4.2186951788870107e-08,2.010462573084776e-07,-2.3812527963238175e-10,2.2084082776431853e-10,-6.290642896304648e-08,-1.4665924971894887e-08,-8.208795993668556e-10,8.499431243842721e-10,1.3057257044695492e-08,3.360043261094384e-07,4.202321237485159e-11,5.304381406449107e-10,1.1081225047582771e-07,-4.413163906819804e-08,-2.315949275372549e-11,4.107273932695886e-10,6.035196152183625e-08,1.392051289054625e-07,-2.37649197894861e-11,4.228827798090544e-10,5.1228792491163226e-08,-6.414574408251046e-09,-9.160096577466151e-10,9.744920289389942e-10,-4.002812164027721e-08,2.7554238738604074e-07,-2.3406935932966955e-11,1.6964850651510368e-10,-3.920616524986512e-08,2.7276080608554816e-08,1mV,1,8
0.3780242,0.0010003,6.994302531932912e-07,-6.954995128879358e-07,2.3261603392346206e-05,-0.000999980466264905,-8.781277377697606e-11,4.618143114142328e-10,-6.341314831157083e-07,3.567111747984445e-08,-3.5927554173459134e-10,5.355072123825418e-10,-1.7903236592862197e-08,1.7640723200346693e-07,-3.7035855664621404e-10,-1.5536848506904135e-10,-2.7440505032267595e-07,-2.1296597841602615e-08,-8.145125447440092e-10,6.431362670032499e-10,-1.3353645271447214e-07,3.108172930490081e-07,2.4897837435468425e-10,5.083177413061389e-10,1.5948020051620658e-07,4.414857648531614e-08,-8.272253303008322e-11,4.449566647798764e-10,-1.8470391474091092e-08,8.63852798653688e-08,1.1632061230127092e-10,4.038721035114195e-10,8.761417620835374e-08,3.798756614938121e-08,-8.071080318906403e-10,8.551232339836364e-10,2.402785302665294e-08,3.148169762655291e-07,-5.4788699483959987e-11,-7.58894839898912e-11,8.552353766997152e-08,6.516159136203259e-08,1mV,1,7
0.3004808,0.001,6.255716240731415e-07,-6.210874622260732e-07,2.3774255808706455e-05,-0.0009997451322892915,-6.649405675137444e-11,5.688059755629619e-10,-4.422801551276507e-07,1.0660043522495078e-07,-3.0282190409161036e-10,6.483937164068064e-10,1.3097948830244084e-07,2.3673283170061706e-07,-2.8022321330662655e-10,-1.2071970036372774e-10,-2.521314076861689e-07,7.56101547142356e-08,-7.11330528864357e-10,7.602489493848842e-10,-9.7979234669116e-08,5.550393799313018e-07,1.897167493923507e-10,4.038622703077437e-10,1.4553936935424467e-07,8.249788299599156e-09,-5.833082937033597e-11,2.6695059805288594e-10,-2.5144661896276355e-08,-3.2658522184229535e-08,1.2699847712436058e-10,2.966096395625829e-10,6.508283734427794e-08,6.794848701192752e-08,-5.689011035221184e-10,6.681663002611698e-10,-8.841701861858687e-08,3.758178629387124e-07,4.868542883612632e-12,1.061162659536202e-11,9.428052482488103e-08,-5.082986273259599e-08,1mV,1,6
0.238186,0.0010009,5.194699200997964e-07,-5.908438422821172e-07,-4.450574274961955e-05,-0.000999869980830345,-4.888704265711213e-11,3.5846479961578717e-10,-4.947801819803225e-07,1.7244489286382737e-09,-1.9204810254700968e-10,5.404058050946461e-10,-1.1341948576058399e-07,4.0166935540258884e-07,-4.264862622572418e-10,5.239115450545589e-11,-2.0348036191727774e-07,1.1806672410906346e-08,-3.288119452904256e-10,8.431247367612462e-10,2.777069075345135e-08,3.176111529055616e-07,2.6979526653651253e-10,9.326631272979039e-11,1.5925492071513793e-07,-3.026707600171317e-07,-2.018322506899403e-11,3.117313390491263e-10,1.0181941006376214e-07,1.2146625044505233e-07,1.1540181542746665e-10,6.478829422428337e-11,1.4333894143953978e-07,9.961772261510327e-10,-2.930804033264201e-10,4.148683873569123e-10,-1.1111575396456515e-08,2.135333211224938e-07,-1.1819223556272405e-10,2.219403788090636e-10,-5.537973026759738e-08,8.699459598842594e-08,1mV,1,5
0.1890121,0.001,4.7088472364990326e-07,-5.204328006619902e-07,-3.0246492565254573e-05,-0.0009994965400615308,-2.90511064545718e-11,5.491871874335066e-10,-2.631975183263038e-07,2.071589744609662e-07,-3.05877931211551e-10,5.82388612946079e-10,-2.986574870921598e-07,5.039364413986463e-07,-3.819207468875251e-10,9.670670762802318e-12,-2.2794095324547338e-07,5.8455247018194445e-08,-3.050495114232171e-10,5.774582004288213e-10,-3.845621221715605e-08,2.7966669817274586e-07,-2.127538463816702e-11,1.6806425586894216e-10,4.0844310691005234e-08,7.128300371822107e-08,-2.3115221240097136e-10,3.32806988118695e-10,-9.079297474317786e-08,1.1344765954639688e-07,1.5083129021338405e-10,1.6985257311273675e-10,8.626458557665502e-08,-5.460912750716897e-08,-2.3283402168584975e-10,3.2836790432892734e-10,-9.376543068041698e-10,2.0200261923003242e-07,-4.6499872260913255e-11,1.305614114180643e-10,7.114001346881301e-08,2.111365605905751e-08,1mV,1,4
0.1502404,0.0009999,4.2596587586046235e-07,-4.6058991182843445e-07,-1.9098512218110408e-05,-0.0009997462371436371,2.0679625077930443e-10,3.4402545817308873e-10,-2.7487384002151573e-07,-3.3618209717364605e-08,-4.332331658041071e-10,5.261369426774745e-10,9.703852853363841e-08,4.4360874247823954e-07,-7.341000301311712e-11,9.00682786808093e-11,9.197379887358557e-08,-2.549007251034252e-08,-3.4045324310288197e-10,5.760745913318214e-10,8.369994242692179e-08,3.351406614674798e-07,9.273029264402062e-11,1.8750704070114277e-10,-1.9211063730297086e-08,1.4485005072802233e-07,3.259511459333532e-13,3.0235145711125223e-10,1.2601593015481498e-07,7.547875438691293e-08,8.309745430372046e-11,2.2099738562509061e-10,7.069224914817008e-09,1.8169141888218707e-08,-1.0914530148189772e-10,2.410757931623172e-10,3.124862860234775e-08,1.1532580144848909e-07,5.1345796566362687e-11,-4.9446308878313405e-11,-2.4700245284300607e-09,-1.4449539248308347e-07,1mV,1,3
0.1193355,0.001,3.838479443225621e-07,-4.076073950830375e-07,-1.0564617252665263e-05,-0.000999905336169404,1.0708533370014945e-10,6.4667246382179e-10,-4.829191286385255e-07,-2.0133738642854427e-07,-2.121835205684694e-10,4.5374953760393107e-10,-3.381081897543375e-08,3.149733131554321e-07,-1.8033642551273836e-10,1.4990608518437529e-10,-1.6539061883801506e-07,3.365470305639991e-08,-2.978967948752115e-10,5.630800679168693e-10,-1.1807821459425773e-08,4.6239822693588446e-07,2.5342552358117477e-11,2.2265157355132888e-10,5.56558112714769e-08,6.871407373362689e-09,-2.0988929051982276e-10,2.9548732851831834e-10,-8.765062535321521e-08,2.401039632799239e-07,9.310585473317832e-11,2.0365923783583103e-10,4.099503492083253e-08,-1.5289471618923404e-08,-1.7557660250644184e-10,2.9107487171827974e-10,-4.0251534237501784e-08,1.5778601686265744e-07,-8.347460738313586e-11,1.2894158446197433e-10,-1.3702491982528214e-07,3.895289948822233e-08,1mV,1,2
0.0946587,0.0009973,3.42874310430404e-07,-3.613737706223279e-07,-6.5330037455563375e-06,-0.0009972349032160792,-7.59821260267701e-11,8.136931847613092e-10,-4.228117376746321e-07,3.849152336204156e-08,-1.8672668207684264e-10,7.66428510225282e-10,-5.300609433713216e-08,2.3578685540991095e-07,-2.2989610349545418e-10,2.8829141216539963e-10,-1.4314415561840979e-08,-1.4438115054374803e-07,-3.1046440257102224e-10,6.63616178609669e-10,3.640102845472426e-08,3.3311734170437523e-07,-1.0474087697295163e-11,4.096092806718374e-10,1.5018472945033662e-07,-9.292616122240929e-08,-9.272338730436059e-11,4.495444619645623e-10,1.1215542190377848e-07,1.8085161909409348e-07,4.4299842093772785e-11,2.998215616306882e-10,1.8299293730130856e-07,1.1432082593572772e-07,-2.848072539865375e-10,4.073126199436304e-10,-2.5588857537382976e-08,3.4180834695776524e-07,-2.0221850776916344e-11,1.103305560782313e-10,-5.0984155641959595e-08,1.918935334240597e-08,1mV,1,1
1500059,0.106304,-0.008977111705601564,0.018971752279039265,-0.02208782823266345,0.10398397440640872,7.791985272372073e-05,-3.508796430769121e-05,0.00020044267537947414,-0.0006346415943670737,2.913611394792257e-05,-1.0001141536407233e-05,-1.4396252123219866e-06,-0.00029971604804068303,2.0876885772794575e-07,7.831199867660595e-07,1.0888339575927229e-05,6.315347439472353e-06,-3.033728949537631e-07,-1.5876756946329202e-06,3.2659494456053664e-05,-5.3563338674880985e-06,-2.4101701491113105e-07,-4.189630880471552e-07,-2.6671183902880093e-06,2.228491215083229e-06,2.545891561779649e-07,-1.0551359000518014e-06,-1.8948252027108267e-06,-4.2028659306775415e-06,2.1334737413612866e-06,-4.6578659424298275e-07,9.028869712275729e-06,2.279314514981012e-06,1.7556135551647254e-06,-5.60184797104214e-07,1.3602966703076208e-05,-7.79364255389048e-06,-2.717833414459923e-07,8.692376377632926e-07,-2.0174640350728684e-06,2.8803552789895773e-06,100mV,2,73
1191504,0.1498798,0.01174977241210774,-0.02874089649995657,0.03183684200740385,-0.14645949205326367,0.0001428322552366458,-0.0001283752361244177,0.0003411458762921411,-0.0012668138392717225,-9.060358061125443e-05,0.00016422886449361248,0.0004700348696872647,0.0012119688695559408,-3.8051183662601095e-06,4.331029034767604e-06,3.6316562340002843e-06,2.5312213057787197e-05,-3.0063086743884313e-06,-6.061230939983438e-06,-5.3352311494870615e-05,3.085416245533676e-05,1.755432359052046e-07,-3.599615457977769e-06,-1.3854873493873919e-06,-1.4837089007115855e-05,4.632860878880119e-07,-5.157228065866805e-07,-4.1244212721396596e-06,-1.4545407459876404e-05,-3.2634999835211625e-07,1.720447146198496e-08,-1.0393364829096646e-05,-8.001355170864028e-06,-1.2628485170253497e-06,2.839972852657752e-08,-5.72314551022862e-06,3.2195455630899994e-06,-3.062644092616433e-07,1.71804850741419e-06,-2.687005768508881e-06,6.552891123777209e-06,100mV,2,72
946464.9,0.1428418,-0.030558702306235346,0.0005549495552730041,-0.14111906808835228,0.022117559863103653,2.163415294127154e-05,0.00017890685447496138,0.0005154786337763019,0.0009607481933068535,-0.00019849150260513752,0.0003616873282856103,0.00035115917122634997,0.0026306968667851737,4.1100581656468075e-06,2.1268446152876624e-06,4.07183020528891e-05,-3.386710025579881e-05,1.9564760751955288e-05,-6.864460049237531e-06,3.2844005131769534e-05,-0.00014602307458675011,2.0231208893223606e-07,2.9837210321469034e-07,-2.5356407231611352e-06,5.772863955780798e-06,6.350702778531681e-06,-3.4537746843580433e-06,1.4476906490448956e-05,-1.142750849658197e-05,-1.0877304290723335e-07,1.2948892930478653e-06,-2.2450640302672885e-06,5.244743578582096e-06,-2.2715805345617843e-06,2.4755101302559843e-07,-1.0941372584516219e-05,2.557737810073215e-06,6.299801033975359e-07,1.1136931803688124e-06,-6.91471876856471e-08,4.776285336046008e-06,100mV,2,71
751816.4,0.1365729,0.016421394895994684,-0.024923304328134593,0.06170063512442812,-0.12184079606821209,0.0001408125814928817,-9.047210294412756e-05,0.0006082278415267193,-0.0006815901700748236,-0.0004023724847081313,0.0004903741333354884,-0.0009574513079395711,0.0036043862190420868,-5.481182408541347e-06,3.309038765083922e-06,-1.897697824009397e-05,5.955496379109136e-05,-1.4419454064477551e-05,-2.1926939342856597e-05,-0.00019242916681080848,-4.459192138857665e-06,8.254855161628096e-07,-8.759980205331744e-07,-4.388481460739011e-06,-7.530046404116281e-07,-4.1153901927186923e-07,1.5655786077208406e-06,2.1217622852978843e-05,-4.745349414369096e-06,-1.696163552536466e-07,1.0153007080773535e-06,-3.705681475155751e-06,-2.3971019319115065e-07,-4.984360345244915e-08,-1.307042690849509e-06,-5.4458270694820205e-06,3.7973843858408812e-06,4.732053597174098e-07,-7.196040096605434e-07,-2.006415491616829e-06,-4.99062707909318e-06,100mV,2,70
597246.1,0.134077,-0.02969649607201291,-0.0005617709260027631,-0.1336336798968853,0.010893289323395535,2.8360506197308577e-05,0.00016337591693880622,0.0003070865313802072,0.0007787587952076569,-0.0005291887713509018,0.0007414942678391259,-0.001554292520580496,0.004649085664945313,9.606708535026612e-06,6.689893062632103e-06,8.24663283558811e-05,3.3256115802679814e-06,3.922785354066933e-05,-1.4976300654661956e-05,0.00014271403582166617,-0.0002486651481477055,-5.81371484035516e-09,-1.0486087520342769e-06,-7.561623141313643e-06,-2.562157227455631e-06,4.326609617385188e-06,-5.287832898060651e-06,-2.149715100241665e-05,-3.2881570179520066e-05,1.0904912391111289e-06,-4.4873648198162215e-08,5.22375134601562e-06,1.4573028818516505e-06,-2.046190248058572e-06,-9.003745324456695e-07,1.5323512181311465e-07,1.2146768675570163e-05,-3.1515473023898025e-07,5.491849777248154e-07,-2.006415491616829e-06,2.8825649876807852e-06,100mV,2,69
474433.6,0.1303172,-0.026599644584002234,0.011796640333448261,-0.11363526381428045,0.06379358280839265,0.00013441105541445224,7.767678476768785e-05,0.0007039546317385394,0.0002599921148988375,0.0006560647201283349,0.0009787230686554844,0.0042846218376892,0.004099622816352578,8.560411469739641e-06,-1.3479223016368562e-05,1.8419026795563958e-05,-9.127864661641845e-05,-4.263522434251201e-05,-3.873066908514754e-05,-0.0003386025015885607,-9.111512817326907e-05,8.287371025019221e-08,1.3346640494896086e-06,6.898710533951255e-06,8.309609533287538e-06,-7.972628957878324e-06,1.2252834692748144e-05,2.6951816906663503e-05,8.682166418625199e-05,6.353308025078615e-07,1.0082933903612296e-07,1.314776671268737e-06,-1.8848815136003908e-06,2.5201727623226794e-06,-3.986314478939162e-06,-2.007851802266114e-05,-2.4030582016886575e-05,1.3505308627468273e-07,-3.0440195629125863e-07,6.935296680751585e-07,-5.243661926177749e-07,100mV,2,68
376816.4,0.1248914,-0.02383809429279545,0.014694839010119342,-0.09974408480660998,0.0751596724519025,0.00012563188278428303,4.590669805984539e-05,0.0006212297674657869,0.00011569150823688402,0.0010689123288871373,0.0009052049556446501,0.00578149176336562,0.003439687791451593,3.62502710792666e-06,-1.8506310288866675e-05,-7.5085901327246525e-06,-9.971420954510485e-05,-5.5021746411078237e-05,-3.0927082842146626e-05,-0.0003387461326534892,-6.276456566507092e-05,8.107917267643185e-07,3.527329257562283e-07,6.419203747959127e-06,2.6265636066782696e-07,1.1783271595866452e-05,2.5833704308912273e-05,0.0001453004998447251,9.469485625302597e-05,6.701101809968255e-07,-4.971960564924201e-07,1.133580558589684e-06,-5.717621238500599e-06,-5.674531919022045e-06,-5.150830959205758e-06,-5.0932680477997904e-05,8.786906610588457e-06,-2.858597382361598e-07,3.3589881251943323e-07,8.054822387210841e-07,2.1831921869134657e-06,100mV,2,67
299355.5,0.1195465,0.0020041858955474,0.026765582658168495,0.02050419630493544,0.117775042561824,-1.7618007395001074e-05,-0.00010199904833181388,-0.0001723904235445891,-0.0004603574504741193,-0.001176162749923607,-0.001038746490689112,-0.006071459681515038,-0.004062896353050356,1.4159813293260614e-05,1.2828463806807818e-05,8.15216778903897e-05,4.763800481940683e-05,3.935601664475939e-05,-6.270932294779073e-05,0.00011872985768729495,-0.0003520596275180172,2.5883886793289607e-07,-1.082757258691901e-06,-3.385330062502222e-07,-3.4526698300124396e-06,4.4684729153607394e-05,-3.3189824541943576e-06,0.0002257117991177828,-0.00011328624032650415,-3.663257277993249e-07,-8.133334441863805e-07,-5.192815424338709e-06,-6.076720997908805e-07,8.148300798829357e-06,3.42504847137234e-06,5.519299883464685e-05,-1.652420159285313e-05,-2.584067593983303e-07,-4.2996798975654367e-07,-2.011939763344849e-06,-2.217649279389817e-07,100mV,2,66
237832,0.114764,-0.025028011374467484,0.006009149210986012,-0.10809475072738017,0.03855274334133148,2.1983286914482403e-05,7.248286448900354e-05,0.00019413285221172983,0.00030741025370346913,-0.0006895959446630701,0.0015275417871647321,-0.002338753469065815,0.00727952289095927,1.6288867617239487e-05,2.6527552837951576e-06,7.894626241078682e-05,-2.0307222872201163e-06,0.00010128752213324492,5.4326793027693326e-05,0.0005206084725029413,0.00017204791869745187,2.168829080420614e-06,1.6694349162076144e-06,1.081099977173495e-05,3.7642387554727617e-06,-5.1127134842824197e-05,-3.349918375871269e-05,-0.0003027046790455418,-9.546935914929436e-05,-1.312566962577529e-06,-5.847542165854518e-08,-7.188182372499497e-06,2.1235300522508508e-06,5.138677561404113e-06,7.164980431241814e-06,4.428366702615314e-05,2.0031009285800168e-05,2.4045817958312457e-07,-2.1984071361067778e-08,-9.46431490696517e-07,7.411353006622391e-07,100mV,2,65
188847.7,0.1101048,-0.019575356305129632,0.01491771022871458,-0.07885903416020139,0.0768395924358499,5.075148436531885e-05,4.623263009179857e-05,0.00030023643443746246,0.00014228756204426305,0.0009706498979521563,0.0013796758155295147,0.004979455896804779,0.0057416805467304715,6.346283361149264e-06,-1.8032327774602568e-05,1.655624236887565e-05,-8.78458641646269e-05,8.692883505777559e-05,-0.0001437769057021372,0.00030968514880106774,-0.0007179973304711659,-1.8811736224165438e-07,-8.117076510168243e-08,-4.463611556240081e-06,7.239256474333733e-07,3.144415467588929e-05,5.7078985202592845e-05,0.0002098041062497767,0.00024107590364775175,6.089581502491636e-07,-4.234493491174802e-07,2.1566756826189703e-06,-2.5798348969852948e-06,-2.956590228836252e-06,-7.009195968511653e-06,-2.319862669464678e-05,-2.609886935185723e-05,-3.302755458420472e-08,-2.0528072207343945e-07,-3.476806478046504e-07,-1.3689145342033319e-06,100mV,2,64
150058.6,0.1072624,-0.02361030647236228,0.0032798297307491896,-0.10311555889076399,0.029536601551117102,-2.5808292658963382e-05,5.194693676726235e-05,-5.940801816312604e-06,0.00027519712040303946,-0.0015084609526161514,0.0006776579934588191,-0.006429350730269154,0.0036669950002444275,2.5709960622204627e-06,1.7604749142853826e-05,2.5276857718727867e-05,7.683599061068322e-05,-8.771659620619123e-05,0.00018097735151862324,-0.00030457961687003175,0.0008714439214060292,2.056133937169008e-06,5.749402373751898e-07,1.1555671600672033e-05,6.26687416476767e-07,2.9234445984681323e-06,-5.902352885085585e-05,-3.148171972363982e-05,-0.0002777493339413847,-1.9688504438662934e-06,-1.6176526027378472e-07,-6.9826794642171565e-06,2.3542965599997716e-07,-4.450353304092834e-06,-2.911291200666489e-06,-2.1586644204410573e-05,-1.3153290984415389e-05,2.98176654480953e-07,5.134382992562751e-07,9.423772276753232e-07,3.2394329413108715e-06,100mV,2,63
119238.3,0.1040719,0.02274141586934894,-0.002873994632521935,0.09966548546846371,-0.029962622338238543,-3.132704011525527e-05,4.0961370008921976e-05,-8.007902537716077e-07,0.00024157971722934716,0.0015422264062721546,-0.00021925171575903633,0.006749176232254175,-0.0016275973967026288,-4.618291164624639e-06,1.0640852202511937e-05,-8.196914390035932e-06,5.36793483811694e-05,0.00018953002900794365,-0.00013978506695147002,0.0007898305406049544,-0.0007139624024010202,-3.053999712216427e-08,1.878252387526767e-06,3.5885669145217285e-06,7.493122171886197e-06,-9.332704657316824e-06,5.01283465143982e-05,-1.2524628861766725e-05,0.00023292097372284876,-1.2750019148269937e-06,-8.952502179907582e-07,-6.883242573112798e-06,-3.000784402660411e-06,-1.4396252123219866e-06,8.061017305526642e-06,-3.634343239768793e-07,4.071056807246987e-05,-6.097917628529218e-07,-2.2684029734638272e-07,-3.1024310024559775e-06,-7.024818608958494e-08,100mV,2,62
94746.09,0.1024793,-0.015082642885426338,0.01639886691588782,-0.05319501338168699,0.08759163717970342,2.3347782031303317e-05,5.2181165888530405e-05,0.0002139738265500861,6.417546466440721e-05,0.000551462634958278,0.001250960284266651,0.0030039409715258017,0.005295881761968376,1.401397251964089e-05,-3.473662062578915e-06,5.569349785320545e-05,-2.8895255700580904e-05,0.00020246787339496625,-0.00010725594530819762,0.0008594286303975859,-0.0005652092327262827,-1.5722077337944643e-06,-3.7200445816486026e-06,-8.625597876130277e-06,-1.583477248119625e-05,5.930195214594805e-05,-7.884240610230005e-06,0.00026094449934474815,-6.40053170951842e-05,-2.4512000200896597e-07,-2.3594164550373006e-07,-3.616188273161828e-06,-1.9532023917695045e-07,4.913287274900902e-06,-1.048064832239936e-05,1.614855111534778e-05,-5.265183383975769e-05,-1.3229669565326991e-07,-1.6767678344993883e-07,8.03218502652376e-08,-1.6605960814427828e-06,100mV,2,61
75292.97,0.1013104,0.01669808356976429,-0.013756176855181112,0.06098876642101202,-0.08089607621427836,-9.491803683083797e-06,6.381417729339471e-05,0.00016624301396564854,0.00010800945597189955,0.000259960074122815,-0.0010865060294865353,0.0006127345424024379,-0.0049485188702735215,1.016686968824783e-05,1.1067325979915073e-05,5.036036592697504e-05,3.492223615585062e-05,-0.0001598182859459614,-0.0001222653915932277,-0.0007644376731799381,-0.0004771545510903367,3.304619347701506e-06,-1.8528407375778755e-06,1.3452706512074069e-05,-1.0409937644280705e-05,-4.043656419476008e-05,-5.996044533592803e-05,-0.00020718560145069524,-0.0002491568083314993,4.67463652654175e-07,4.0267941324534007e-07,2.4936562580281845e-06,1.8583650093058952e-06,-1.1797634702359305e-05,-4.6481222319559464e-06,-5.6358620169259044e-05,-1.418853950624632e-05,5.82853093712971e-07,-5.272267710039782e-07,1.5545300642648008e-06,-2.1699339347662178e-06,100mV,2,60
59824.22,0.1008584,0.011011641320896633,0.017910407097565167,0.07453468949422469,0.0679484428177537,4.9751591182547244e-05,-6.962018687954363e-05,-0.00012529490220887382,-0.00015730916172709475,-0.000577032279078591,-0.000656675704581454,-0.002943160724265436,-0.0025872009609074365,-4.114477583029223e-06,1.5930894809263796e-05,-2.5522135383451952e-06,6.64492549076602e-05,0.00016110875582162683,1.816049087869263e-05,0.0007228299633788378,8.337230891927637e-06,-2.8129591639077345e-06,-3.2880465325174464e-06,-1.2863819145867146e-05,-1.2004242464987248e-05,-6.129842394845445e-05,-4.742587278505087e-05,-0.00029119430647303954,-0.00018576358054377966,-9.84997425998735e-07,1.704790255266942e-06,-2.734514505369852e-06,8.173712448778248e-06,1.2004242464987248e-05,5.307720276281523e-06,5.557085902084341e-05,1.700039381580845e-05,-2.3700274761724813e-07,-3.7881754248702725e-07,-1.3832776406961837e-06,-4.608166279401524e-07,100mV,2,59
47519.53,0.1001934,-0.015517977594681221,-0.012978094230832966,-0.0936128944894629,-0.035712118624609816,1.3848244367800292e-05,-0.00011754434897446189,-0.00020293743649184794,-7.361423533890202e-05,0.0006403680544403391,3.377539734511368e-05,0.002884080847842954,-0.00029259747149195655,1.0427615313810368e-05,1.258208128773813e-05,5.066862028939855e-05,3.8251162299155415e-05,-2.7283273210344698e-05,0.00011828460138601657,-6.160336374784115e-05,0.0005391689206547426,-3.046083430830174e-06,2.1865067499502778e-06,-1.1246312383902918e-05,1.0472914341980133e-05,1.6238044317341703e-05,-6.662492674861125e-05,4.534653690662418e-05,-0.00030176002858005037,3.747665940288702e-06,-1.6893222944284863e-06,1.4469172510029729e-05,-9.136040583799315e-06,6.387162971936612e-06,1.11579240362546e-05,3.298542648800684e-05,4.703254463801585e-05,-5.199081053332628e-07,-3.857245394285705e-07,-3.037244596065343e-06,2.3452411737832016e-07,100mV,2,58
37792.97,0.099832,0.012333831564824371,-0.014893602306893499,0.029631431199600294,-0.0953331527055683,-3.713967882747781e-05,0.0001536576181148736,0.00021109347127109654,8.353361765373456e-05,8.659958846278561e-05,-0.00043997399265207157,2.2450640302672885e-06,-0.002051954273179588,6.742926071221094e-06,1.621815693912083e-05,4.253799716009885e-05,5.6682342492521015e-05,-8.894298452981164e-05,-1.7253405460951762e-05,-0.00040614887686140564,-3.136129059996899e-05,3.185295078376276e-06,-8.807930883930955e-07,1.2083791977870735e-05,-3.429467888754756e-06,-4.5681307773342184e-05,-2.2543448067703618e-05,-0.00021275627706123052,-7.965447404631898e-05,3.0991164394191654e-06,-1.3766485146225598e-06,1.520721521289319e-05,-7.100898879196783e-06,-1.0846355110794278e-05,2.274895097598596e-06,-4.251590007318678e-05,1.5031543371942155e-05,1.2462757018412902e-06,-1.1159028890600203e-06,2.8659921724967257e-06,-3.6802698252068597e-06,100mV,2,57
29941.41,0.0995914,-0.015363286937753207,0.009890104779528378,-0.05149159314580858,0.08524706996707104,-0.00017235727791422095,0.0001185199353616302,0.00011470597816060527,0.00020609952962896653,-0.00027851168343985143,8.331375163895936e-05,-0.0011576597541977773,0.0007033248647615451,-1.505253560450863e-05,7.534001782673544e-06,-4.74634378328014e-05,4.194137581347271e-05,-2.4781882971897287e-06,6.885562767238567e-05,2.9647661509937213e-05,0.00031146285944314456,3.19249983356396e-07,2.2914679127826555e-06,2.1809824782222578e-06,1.0016609497245689e-05,-3.0013368298332135e-05,1.3989665724037604e-05,-0.00012566613326899675,7.670230323486514e-05,-1.1766698780682394e-06,2.501390238447412e-06,-4.975159118254724e-06,1.2127986151694895e-05,-7.213594022448389e-06,5.288937752406255e-06,-2.9073137250223144e-05,2.4923304328134594e-05,-9.31573078000531e-07,9.16148648423292e-07,-1.5302232686615131e-06,7.183762955117081e-06,100mV,2,56
23847.66,0.0994814,0.012377683233801395,-0.011753296897470218,0.0282575558693852,-0.09538376608314042,-0.0001761966467651948,0.00020223032971066138,0.0001742509982625862,0.00015908134809744355,0.00014028998538741103,-0.00010551359000518013,0.00043329183356985863,-0.0007140662587095071,-1.0803265791315723e-05,1.4081368634722732e-05,-1.756718409510329e-05,6.232041421813813e-05,-4.636963203065346e-05,-2.6491092644546644e-05,-0.00022841648255582131,-8.9095454429505e-05,2.0727067523530675e-06,1.9589067547558576e-06,9.826574549801804e-06,2.820693144326963e-06,-1.3390834668720246e-06,-1.830743650665796e-05,-2.238213933324544e-05,-7.724147215551988e-05,1.2982038560846772e-06,-5.82685929250481e-07,4.556419321270816e-06,-1.4232799971331215e-07,-5.955164922805455e-06,-4.481289225769745e-06,-2.8032364456664194e-05,-1.8222362722046452e-05,1.7534038464735172e-06,5.372539871029417e-07,8.759285251948358e-06,1.7500892834367052e-06,100mV,2,55
18925.78,0.0993624,0.014357062939581293,0.006303561958167795,0.09775900405240676,-0.017778476440156597,1.420290261273917e-05,-0.00033282963763277994,-0.0002390297133996932,-1.7046797698323817e-05,-9.879165616652552e-05,-1.4269193873475408e-05,-0.000397030513947136,0.00023464344164764536,1.050826968103946e-05,1.3718976409364628e-05,5.0076418360154814e-05,1.7489844290911013e-05,-3.3941125496954285e-05,4.133260106904491e-06,-0.00016079497718747533,4.3342331123698555e-05,-4.063529434590387e-07,2.04287568502176e-06,6.57309780490396e-07,6.2589998678465495e-06,5.78170279054563e-06,3.160808191514655e-07,2.7228030493064495e-05,-4.760817375207552e-06,2.435791721385867e-07,6.143808858628225e-07,1.1645164802665955e-06,4.602823203786183e-06,1.6606645824122103e-07,4.867988246731138e-06,3.515646527711866e-06,2.02343024853913e-05,8.651653656162654e-07,-6.466084927551795e-07,9.182271004182422e-07,-3.005203820042827e-06,100mV,2,54
15058.59,0.0994021,-0.013360141814999366,-0.004850179099534347,-0.09456973149838632,0.030616198926380577,1.714954915246499e-05,-0.00039380654896666365,-0.00023319276789186735,-5.261316393766155e-06,5.834514828265501e-05,4.570892913198229e-05,0.00019825285406648707,-0.00011507720922072821,1.0841935693411861e-05,1.2933424969640197e-05,4.153257970559923e-05,8.544943508901187e-06,1.212688129734929e-05,-1.6155180241421405e-05,6.048193658705311e-05,-7.96036507464212e-05,-8.443158802312419e-07,1.9843184047047493e-06,2.154465973927762e-06,9.25646970747015e-06,5.300460278376559e-07,1.4363106492851747e-06,4.963005720453081e-06,7.859933814626718e-06,2.4483572298584208e-06,-1.8401172349339002e-07,1.1477226942134151e-05,1.5655786077208406e-06,-3.2825222607894264e-06,-1.1048543456039805e-06,-1.4584077361972544e-05,-3.7134154555749784e-06,-1.3987456015346393e-06,-2.2949250020300507e-07,-4.483498934460953e-06,-3.8710085648688936e-07,100mV,2,53
11863.43,0.0994095,0.004422815914383,0.01182404072121924,0.08788436833857119,0.046460528397666304,0.000416942198963611,0.00015388963752745044,5.8536288084444493e-05,-0.00019758994145912466,6.761929565965482e-05,5.973726475811602e-05,9.803704064847802e-05,-6.488588600863057e-05,1.200711508628582e-07,-1.9617793760544278e-05,-2.14827878959238e-05,-1.8928364648887395e-05,1.5170755019488257e-05,-1.1718085189475818e-05,5.777062402294093e-05,-3.2164519709223084e-05,-9.208614046344659e-07,3.1156892546032254e-06,3.750980503325514e-06,5.555207649696814e-06,-3.0946970220367496e-06,5.065853296922318e-07,-1.2765487109108392e-05,2.805399750475112e-07,2.2561125737233285e-06,1.0252509158284286e-06,1.2200906538504757e-05,6.746240634257905e-06,1.0211452770801641e-06,2.743353340134684e-06,7.047865870607792e-06,1.1490485194281398e-05,-6.271608465638582e-08,-1.1645164802665955e-06,-1.2761067691725976e-06,-5.009409602968448e-06,100mV,2,52
9432.87,0.0994946,0.010830986586846926,-0.0025359412435431395,0.05287875987380129,-0.08427936119138688,-0.0003424286121873873,-0.0003269363445533283,-0.00010946123458202317,0.00014008006306174628,-0.00011819621303836824,1.4689038524804921e-05,-3.8926228304319446e-05,9.05947417764896e-05,1.696724818544033e-05,-1.6536354990654777e-05,-8.66537263257202e-06,-1.9757005408090382e-05,-1.0440873565957616e-05,-2.3854910175935548e-05,-3.342847308059403e-05,-6.346946273756627e-05,4.048186322292985e-06,-1.1512582281193478e-06,5.335341634921622e-06,-6.6147629671310315e-06,1.364495116820916e-06,-4.21612418282479e-06,5.166298920044213e-06,-1.3468174472912524e-05,1.140209684663308e-06,2.5190679079770757e-06,5.990520261864782e-06,9.541522128635975e-06,3.2537960478037227e-06,7.599423523039792e-07,1.5692246270613336e-05,1.7743960790399928e-06,-9.405071512099539e-07,1.0311109527920775e-06,-2.3157747083859434e-06,5.220436782978808e-06,100mV,2,51
7558.594,0.0996179,-0.009751352751390047,0.0001709275963910094,-0.06634474673510952,0.0743108018096315,-0.00011067436465349633,-0.0004691377279586342,-0.00013288635641751876,5.14585911465054e-05,0.00010587708708488386,0.00010389829295190713,0.00010828014528657253,-2.0782310240810877e-05,2.6535286818370804e-05,1.0861823071632732e-05,7.107528005270407e-06,-1.452993949903795e-05,-1.8068787968007497e-05,2.8881997448433656e-05,-1.8095304472301994e-05,7.811099252551022e-05,1.5202795795510773e-06,5.0635474659030434e-06,7.257788196272548e-06,3.3554426475992893e-06,-4.964110574798685e-06,-3.5874222854196834e-07,-1.2805261865550135e-05,9.931880427190009e-07,-2.8659921724967257e-06,1.4020601645714512e-06,-1.064195705685754e-05,9.589030865496947e-06,1.8213899537759124e-07,-3.4383067235195875e-06,-1.4628271535796703e-06,-1.3618434663914664e-05,-8.458490866066366e-07,-9.085085806234406e-07,-6.119788220300448e-06,-3.4913397321085783e-06,100mV,2,50
5960.648,0.0996766,0.0028557987863041838,-0.00789977375747485,-0.049002963975052896,-0.08679939032264462,-0.00028844211429814,0.0003700499708274868,9.404630675215643e-05,4.809651937283248e-05,0.00014943375995162957,9.703162319397838e-05,0.00010692227929582523,-5.833851915658138e-05,-1.975369084505357e-05,2.8412434351551964e-05,9.59234542853376e-06,1.0545834728789995e-05,3.1899354666278125e-05,-2.6539706235753216e-05,2.58966810066117e-05,-8.595545837929848e-05,5.597192114829765e-06,4.108953311301204e-06,9.11504835123284e-06,-3.640495068765116e-06,-3.4261533257179438e-06,-6.517535784717881e-06,-1.3468174472912524e-05,-1.0685046376336096e-05,1.7279921965246256e-06,-2.337871795298023e-06,2.8914038224456173e-06,-1.2410828864169515e-05,-3.768658172855178e-06,1.8049265191720677e-07,-1.55707122925969e-05,5.35412415879689e-06,-6.726209624972105e-07,-1.2904698756654495e-06,-3.750980503325514e-06,-3.6592775926403835e-06,100mV,2,49
4746.094,0.0998,0.003358092088320047,0.006427799514767927,0.09773495137330296,0.020196936311422973,0.00032822681442899374,0.0002950524578478886,3.386820511014442e-05,-6.953400824058652e-05,1.2502531774854643e-05,0.00020391302287901627,0.00012176268286597788,3.614199535339741e-05,2.652313342056916e-05,-2.818593921070315e-05,-7.2942483896774795e-06,-9.339333783390448e-06,2.2859436410546356e-06,-4.8098729081523696e-05,-6.602609569329389e-05,-6.716409566926598e-05,-5.111056202764015e-06,5.80379987745771e-06,6.418098893613523e-06,7.159456159513795e-06,-6.110883094274881e-07,8.667582341263227e-06,1.0325968714014802e-05,1.616180936749503e-05,8.404365156529573e-07,-3.1145844002576216e-06,-3.823900890135377e-06,-1.2210850227615193e-05,1.027334560638803e-06,-3.4891300234173703e-06,-1.0413235634502333e-06,-1.591542684842534e-05,-6.834201403274475e-07,1.480504823109334e-06,-9.653440559282623e-07,7.647801780270753e-06,100mV,2,48
3761.574,0.0998211,-0.0058903740542705476,0.002006897208111512,-0.03339550422692122,0.09406907780021932,-0.00014725388232775293,-0.0003724298270879178,-3.7491022509379876e-05,3.555089827849928e-05,0.00017549395940139067,0.00014341119891374228,9.42043009235778e-05,-8.356565842975706e-05,4.0278570023338714e-05,6.082223172549913e-06,2.681481496780861e-06,-9.25094543574213e-06,2.683470234602948e-05,4.537415826526427e-05,9.613779602838476e-05,-4.798382422958088e-06,7.517428967489483e-06,3.30572420204711e-06,2.715731981494584e-06,-8.749341562837921e-06,1.364495116820916e-06,9.404520189781082e-06,1.585465985941712e-05,1.0120465805732463e-05,2.666013535942405e-06,2.930496883756123e-07,9.702830863094157e-06,-7.975943520915136e-06,-6.158884596173991e-07,3.980790207211141e-06,5.663483375566005e-06,1.4573028818516505e-05,1.3324543407984007e-06,6.108257960349725e-07,6.846782379707868e-06,2.2693034297554945e-07,100mV,2,47
2993.223,0.100012,-0.0006291714605019884,0.00532836779429217,0.07121803828269957,0.07021677508053942,-0.00021965277788649058,0.0002839796075962455,4.7956202870940776e-05,1.6550718097147628e-05,-0.00018575695141770604,-0.00016324222956298813,-9.028759226841168e-05,0.00010685377832639779,-2.5768517902521637e-05,3.239543426745432e-05,8.26872992250019e-06,1.0065223088452264e-05,-2.09281510144306e-05,5.3785414398347384e-05,8.664930690833778e-05,5.7969497805149655e-05,8.326182348471598e-06,2.5964077121693543e-06,7.702089903396351e-07,-9.64537843712275e-06,1.0500535700620232e-05,1.0072412375679109e-06,8.899601753840063e-06,-1.751636079520551e-05,-2.214128108590377e-06,-9.644950858491e-07,-1.347259389029494e-05,4.963005720453081e-06,-2.052819374132196e-06,-3.3587572106361013e-06,-1.5410508412484323e-05,-5.568465901844062e-06,3.734409897850145e-08,1.1379999759720999e-06,2.59530285782375e-06,5.097797950616766e-06,100mV,2,46
2372.685,0.0998604,0.0020410361025363292,0.004126292895401113,0.09784962420583321,0.019938621365420763,0.00010662175891382094,0.0002908506967715567,1.9033325811719772e-05,-2.2294855839942725e-05,-0.00019337050271326308,0.0001744123069970444,0.00010420544245998503,7.805685466257563e-05,3.787661667599566e-05,9.971310469075924e-06,5.681161045095668e-06,-8.992409518870798e-06,4.749547860882392e-05,-3.673088271960434e-05,-6.50858646451849e-05,-7.781599641523396e-05,-7.887555173266817e-06,-2.6229242164638497e-06,1.4086892906450754e-06,7.322974602663183e-06,-9.65090270885077e-06,5.284518335023839e-06,7.847780416825074e-06,1.784450253584989e-05,1.0225164013230586e-06,-1.8163805441729443e-06,-3.963112537681478e-06,-1.4258145330019369e-05,2.346710630062855e-06,-2.74224848578908e-06,-2.2439591759216848e-06,-1.688106954648322e-05,-5.270704341140753e-07,8.24978719474481e-07,2.238331047885178e-07,6.0358192900345456e-06,100mV,2,45
1886.433,0.0999294,0.003464533755975535,-0.00195168542675299,0.015085858011572048,-0.09878415420551886,-8.476994966646541e-05,-0.0002510262218842612,-6.642384325771131e-06,1.484371813318948e-05,-0.00016152528590991956,-0.0002164166595082165,-6.2064088009958e-05,9.877066393395906e-05,3.3810752684173015e-05,1.1770013343719204e-05,5.00719989427724e-06,-5.739718325412679e-06,-3.7302092416281594e-05,-4.970187273699506e-05,-5.856722400612141e-05,7.509253045332014e-05,7.570461976078474e-06,2.454986355932045e-06,-1.8793572418723708e-06,-4.903343585790466e-06,-6.255685304809738e-06,-9.428826985384371e-06,-1.5214949193312417e-05,1.2540096822605179e-05,4.2558956247034965e-07,-1.4617222992340661e-06,-7.548364889166396e-06,-9.518320187378292e-06,-2.6350776142654935e-06,-1.366704825512124e-06,-1.3182017197401093e-05,9.026660003584522e-06,-6.385310131199034e-08,-8.627384425607118e-07,-2.668223244633613e-06,-4.843681451127851e-06,100mV,2,44
1506.696,0.0999312,0.00303865770477337,-0.0016405595478852545,0.01762449289000977,-0.09836477359301452,-3.769983998069903e-05,-0.0002211244438748351,1.3280349234159846e-06,1.0514898807113083e-05,-9.590025234407992e-05,-0.0002582431304697464,-6.504719474308875e-05,8.287512446375458e-05,2.540391596847233e-05,1.9491840365145425e-05,5.2226464916700166e-06,-3.470347499542103e-06,-1.8564867569183686e-05,-6.0036680285774706e-05,-6.43942258248368e-05,6.960250921001396e-05,5.2491629959645115e-06,4.209495056751166e-06,-3.7101008925381667e-06,-5.9396969619669994e-06,-1.761137826892745e-06,-1.149932402904623e-05,-1.4830459881042232e-05,7.792537699544875e-06,7.832014145313304e-07,-1.3423980299088365e-06,-5.37069697398095e-06,-1.1314813353330366e-05,-1.8130659811361322e-06,-2.095908693610751e-06,-1.3977512326235957e-05,6.8412581079798475e-06,2.0465879956229895e-07,-1.1446291020457238e-06,-2.0649727719338396e-06,-6.635755199697507e-06,100mV,2,43
1185.994,0.0999476,0.0017295412023171624,0.0024296255292830513,0.09974073709794282,0.006426664829354991,5.456544156634379e-05,0.00017766720789919372,-8.592452245762157e-06,-5.566256193152854e-06,-0.0002426370628380902,0.0001330885447627643,9.300663881294309e-05,2.489236840645768e-05,2.6040312071540218e-05,1.0791112393514079e-05,5.519852310637487e-06,-3.0648659547054425e-06,5.178894259584099e-05,-3.837932540324547e-05,-8.486275743149615e-05,-9.20675126191797e-06,-6.2810969547586294e-06,-1.2065009453995469e-06,4.279100880524217e-06,2.5709960622204627e-06,-8.207962933491971e-06,8.172607594432645e-06,1.8667619023324857e-05,3.1134795459120175e-06,-8.086220138004215e-07,-1.140209684663308e-06,-1.337315699919058e-05,7.326307948223871e-08,-3.1470196092815175e-07,-2.399743638651846e-06,-1.689211808993926e-05,-1.2418562844588741e-06,6.057708664329652e-07,6.242538642951397e-07,5.390584352201821e-06,2.6296505697198867e-07,100mV,2,42
948.6607,0.0999729,0.0014686475262723122,0.002154630597225257,0.09951547939396106,0.009552004986667067,2.3559914065659283e-05,0.0001529913909444744,-1.485808123968233e-05,-3.4780814799613308e-06,-0.0002672311205712348,6.943788591251897e-05,8.411477103952224e-05,3.133919351305691e-05,1.9212312215707618e-05,1.5198376378128358e-05,4.671324173213629e-06,-4.4437363314170115e-07,6.199448218618496e-05,-2.1522562652365544e-05,-8.058918082269995e-05,-2.1764525754052816e-05,-4.982893098673952e-06,-3.062656246014234e-06,5.547473669277586e-06,7.77658691735739e-07,-1.1969991980273526e-05,4.735405725258661e-06,1.4331065716829233e-05,6.997042570710009e-06,-4.1838933718548307e-07,-1.1435242477001199e-06,-1.4476906490448956e-05,-1.819695107209756e-06,9.085110113030009e-07,-2.094803839265147e-06,-1.5154182204304197e-05,-5.243638724236492e-06,1.5387814704225617e-07,5.981976423210227e-07,5.232590180780452e-06,8.735592755361227e-07,100mV,2,41
752.3148,0.0999754,0.0022725859520162837,0.00013982042229052937,0.06941210966063603,-0.07195168366526752,0.00012102353530876883,-3.837159142282624e-05,3.0328251786829267e-06,1.6052428787280233e-05,0.00025732499650854947,9.026880974453643e-05,-6.135587637442585e-05,-4.7966146560051206e-05,-2.0075203459624328e-05,-6.457873650055266e-06,-2.657174701177573e-06,2.778708679194011e-06,-3.745456231597494e-06,6.480523164140148e-05,2.5010587821437308e-05,-8.255250699483822e-05,-3.4025403786436957e-07,-5.281203771987028e-06,3.077019352507086e-06,4.131050398213283e-06,-1.3496900685898227e-05,2.6450213033759293e-06,1.2102574501746004e-05,2.673747516361633e-06,-9.017057714466878e-07,-8.029614030461541e-07,-9.022240586202105e-06,9.192388155425117e-06,-1.760032972547141e-06,-6.976083483773901e-07,3.085858187271918e-06,1.5300022977923925e-05,-1.6294347694793682e-07,-8.62334507811959e-07,-4.442619323673606e-06,-3.0969067307279575e-06,100mV,2,40
599.564,0.0999788,0.0006204563694238642,-0.001900216891917374,-0.05121342396721587,-0.08586593203167418,-9.957168333452194e-05,-2.963882267517238e-05,5.794961042692878e-06,-1.7961617096483914e-05,-0.0002533000121275142,8.272817883578925e-05,7.367279261921902e-05,-1.5147553078230574e-05,-2.112481508794811e-06,-1.7802518070716938e-05,-2.3102504366579234e-06,-8.148666505617752e-07,3.4316775974459637e-06,6.53101500773425e-05,-4.480184371424141e-06,-8.495446034218127e-05,-4.543161069123569e-06,-1.5273031386260818e-07,4.229382434972037e-06,-4.081331952661104e-06,1.3935527861103006e-05,3.2814174064438223e-06,-1.1494904611663813e-05,-3.6415999231107197e-06,7.026861484643514e-07,1.7070065930842236e-08,-6.2921454982146694e-06,-9.611127952409027e-06,2.2422300788708144e-07,-1.888196076637203e-06,-5.210493093868373e-06,1.3611805537841042e-05,-6.017805744783819e-07,-5.34722765797163e-07,-5.747452305831906e-06,1.3589708450928963e-06,100mV,2,39
474.0168,0.0999493,0.0010727671656989496,0.0013832665921527276,0.09970543700160074,0.006977944058491899,6.720562714411723e-07,8.407057686569809e-05,-2.0967925770872344e-05,1.1832990041418631e-06,-0.0002572918508781814,-1.0864032780323941e-05,7.537868772883157e-05,-5.129838726639282e-06,1.1120358988504064e-05,1.1006558990906856e-05,2.8284271247461903e-06,-8.577543341222577e-07,6.639732675341683e-05,-2.9886310048587676e-06,-7.475665473225653e-05,2.6909832441530552e-05,-3.879143607415576e-06,-2.290363058437052e-06,4.1840834068022745e-06,-2.399743638651846e-06,-1.4206217175775982e-05,1.8981397657476387e-06,1.2541201676950784e-05,-6.899815388296858e-06,3.441666585584569e-08,-2.961861488919129e-07,-9.075273594791096e-06,7.775964884360815e-06,1.534642686043929e-06,-6.813081007603909e-07,-1.0891654138964041e-05,1.0584504630886134e-05,3.9181913696979117e-07,3.282175336524906e-08,3.86919991830514e-06,-4.55752417561642e-06,100mV,2,38
377.1552,0.0999722,0.0011889370758674804,0.0009823381520743008,0.09897536029856911,-0.014082771799741649,2.4798455787081344e-05,6.33965423507564e-05,-1.816270058738384e-05,1.1761174508954372e-05,-0.0002184915759692608,0.0001176857703306992,4.901354847968379e-05,-5.621830366736734e-05,1.3682516215959695e-05,-4.02697532856608e-07,1.4959252752109286e-07,-4.0945902048083525e-06,3.678833514557574e-05,-5.542059882984127e-05,2.565471790492443e-06,7.797730514969214e-05,-3.2747882803701985e-06,2.7024737293473363e-06,-2.2329106324656448e-06,-4.097904767845164e-06,-1.37112424289454e-06,1.518511812598111e-05,-9.876292995353982e-06,-1.0767910452256396e-05,-7.0613473033328515e-09,-2.0927885849387655e-07,1.1359007527154526e-05,5.823687255678582e-06,-8.123816121676428e-07,-2.0517145197865917e-06,1.4234943388761686e-05,1.7379358856350614e-06,-1.7720769897685702e-07,-1.9657424885921092e-07,-6.25347559611853e-06,2.172785563832222e-07,100mV,2,37
298.2954,0.0999441,-0.001324139206993385,0.0002955960461859258,-0.05032862346162584,0.0863473281185973,4.6630377656216005e-05,-2.857153337731894e-05,1.6024807428640134e-05,1.3673677381194863e-05,-0.00023711831538179832,-7.322974602663183e-06,6.216573460975357e-05,-4.1760179700793654e-05,-1.071929686104982e-05,5.481182408541347e-06,1.1799844411050513e-06,2.660489264214385e-06,-4.1341439903809746e-05,-5.150830959205758e-05,7.744255564641982e-05,-7.44119401764281e-06,-3.949854285534231e-06,-8.394527533436314e-07,2.3481226339165366e-07,-4.6812678623240656e-06,2.745563048825892e-06,-1.582372393774021e-05,1.184072402183786e-05,7.003671696783633e-06,-1.7163834919153648e-07,-5.456202756641587e-07,7.9383784731646e-06,-9.97572988645834e-06,2.675957225052841e-06,-1.1755650237226352e-06,7.155036742131379e-06,1.3216267682114815e-05,2.1472148148575633e-07,-3.138826009454518e-08,5.594982406138557e-06,-2.0196737437640763e-06,100mV,2,36
236.7424,0.099872,0.0005706815763000593,0.001051915249634366,0.09657437922305018,0.02545208761794066,-2.235451797460534e-05,3.76921060002798e-05,-2.2108135455535652e-05,-1.2639533713709539e-06,-0.00014546622799656568,-0.0001722014934514908,7.404844309672438e-05,-2.5389552861979473e-06,-2.320649325758748e-07,1.0707143463248176e-05,3.655963029603572e-06,-1.3015184191214893e-06,2.2983180097254005e-05,6.103325890550949e-05,-7.709452652755455e-05,1.5161916184723425e-05,7.291995591666794e-07,-3.832739724900208e-06,5.113265911455222e-06,-7.675336960271896e-07,-7.692716319128246e-07,-1.676174527715799e-05,1.3443867677309237e-05,-4.417207673724715e-06,-5.041294594528233e-07,7.43499357505528e-07,-1.1525840533340726e-05,4.721042618765809e-06,-1.3854873493873919e-06,3.4725572082333108e-06,-1.3660419129047615e-05,6.24795132439051e-06,3.715670463294357e-07,-1.4420835132409555e-07,4.828213490289395e-06,-2.38979994954141e-06,100mV,2,35
189.0121,0.0998306,0.00043378680831668927,0.0009678999154859479,0.0941400867890113,0.03322335687133266,-2.4126704344954122e-05,2.5728743146079896e-05,-2.200869856443129e-05,-2.2086038368623573e-06,-8.09073788742339e-05,-0.00019768385407850102,7.625373237054992e-05,-3.1455203219345324e-06,-3.243852358693287e-06,9.000143499290025e-06,2.840580522547834e-06,4.911918360366698e-07,-8.275359048573814e-06,6.376666855653374e-05,-7.730444885321931e-05,1.4369735618925372e-05,2.342291212680439e-06,-2.884774696371993e-06,5.681161045095668e-06,-1.6716446248988226e-06,1.001439978855448e-05,-1.4363106492851748e-05,1.3675887089886073e-05,-4.685687279706481e-06,-1.1004349282215647e-06,4.32541526983759e-07,-1.184072402183786e-05,5.231485326434848e-06,-4.008411565851241e-06,1.931285396115758e-06,-1.4637110370561534e-05,6.787120245045253e-06,5.15464823096982e-07,-4.192016261003711e-08,5.35412415879689e-06,-2.6936348945825046e-06,100mV,2,34
149.6011,0.0995321,-0.0006055319969234457,0.0007124730587431462,0.00993418515335494,0.09903513291866628,-1.8152756898273403e-06,-2.7843434363565912e-05,1.277874536125564e-05,-1.6888803526902447e-05,1.4463648238301711e-05,0.0001999311278174595,-7.701055759728865e-05,8.097477498931573e-06,8.49632991769461e-06,1.3357689038352125e-06,-2.0760213153898796e-06,-2.062763063242632e-06,2.598175479122321e-05,5.719830947191808e-05,-1.7340688954254476e-05,7.759723525480436e-05,3.1422057588977203e-06,-1.2683727887533697e-06,5.1232096005656575e-06,-1.5876756946329202e-06,1.3290292923270283e-05,1.1884918195662018e-05,1.3010764773832476e-05,6.553995978122813e-06,7.741486799651898e-07,-1.1501533737737438e-06,-1.4263669601747389e-06,-1.2638428859363933e-05,4.6293397080806785e-06,1.310357253886321e-06,1.2438450222809612e-05,-9.602289117644195e-06,-4.611304065743039e-08,-5.756235897879458e-07,-5.0038853312404285e-06,-2.50912421886664e-06,100mV,2,33
119.1737,0.0989728,-3.364391967798681e-05,-0.0008261857728470535,-0.0737126889096388,-0.06604587258608019,-2.19280441972022e-05,-2.0130446176904526e-06,-1.8961510279255516e-05,-1.0556883272246034e-05,-0.00014704175029339695,0.00011576000920631146,-7.137027616298033e-05,-3.342515851755722e-05,-7.173819266006646e-06,-2.4892368406457682e-06,3.0239863439180947e-06,1.652862101023555e-06,4.8230206748650566e-05,3.6487814763571455e-05,6.685473645249687e-05,4.448143595401626e-05,4.274143399075492e-07,3.1156892546032254e-06,3.83605428793702e-06,2.903557220247261e-06,5.303300858899107e-06,-1.6810358868364567e-05,-1.1766698780682393e-05,-1.0609916280835026e-05,8.11368681703593e-07,-8.881081080444704e-07,-9.172500777204246e-06,-9.111733788196028e-06,-4.565258156035648e-06,5.302971612304117e-07,9.37579397679538e-06,1.2372158962073374e-05,-3.6102739878498104e-07,2.7100972243320038e-08,2.8693067355335378e-06,5.525376582365506e-06,100mV,2,32
94.69697,0.1006919,0.0001769424234484775,-0.0002502948083074714,-5.665693084257212e-06,-0.050345969674851825,2.5709960622204627e-06,-3.2551086147663e-07,2.639219713207163e-07,-5.315844270284749e-07,2.8935030457022646e-05,-7.982020219815957e-05,3.3775099034440376e-07,-8.546108025381452e-07,2.673747516361633e-06,1.0463477781014328e-06,-3.488331213725499e-07,1.5795804268426798e-07,5.067966883285458e-06,-2.754843825328965e-05,-5.432787578495202e-07,6.178588568573492e-07,1.310357253886321e-06,2.1441046498746877e-07,-6.943220696118256e-07,-1.2572546394735567e-07,5.022977214332465e-08,-8.36264254187653e-06,-3.164306160372837e-07,-1.0288421343933796e-06,4.7506714977518715e-07,5.545215346995172e-09,-3.6208640167524244e-07,-4.06785162479039e-07,-4.265987364296243e-07,-2.2163378172815852e-06,-2.5708966253293585e-07,1.6440232662587232e-06,1.5105557564554167e-07,-2.7040525662072045e-08,4.631780331330118e-07,-7.964274049316866e-09,100mV,2,31
75,0.0999987,0.00015662967630454831,-0.00022081397980372038,3.925547489930943e-06,-0.049999376866635845,2.4483572298584208e-06,6.201187259358477e-08,-5.802807718255358e-07,-3.800754191594973e-07,2.7568325631510523e-05,-7.132718684350179e-05,3.51230544817076e-07,-2.0251980154920967e-06,2.454986355932045e-06,9.757642687179572e-07,1.3479587618302612e-07,2.948220957168302e-07,5.433673671680377e-06,-2.498849073452523e-05,4.0366715303031e-08,-2.0568708750175254e-07,1.2396465757676662e-06,2.195485901217001e-07,2.1044613711000716e-07,1.1071259261385425e-07,4.0886383544485833e-07,-7.784803719125646e-06,3.004609408404892e-09,-2.660622951590203e-07,4.836494373609696e-07,2.2513031427569144e-08,-1.5068323973107312e-07,-8.585775610951672e-08,-2.7624982562353097e-07,-2.159990245655782e-06,3.3269871239282587e-07,-6.33025965857497e-08,1.2705891265706513e-07,2.522599022465626e-09,-4.3075000566236217e-07,2.1438715256077657e-07,100mV,2,30
54.50581,0.1,0.00029425033359298014,-0.0003813636793264716,-5.150830959205758e-06,-0.10000002431576915,4.7928581512300675e-06,6.823160593798854e-07,1.1081689086407926e-06,-2.1812034490913783e-07,6.159452491307631e-05,-0.00012970216619348807,2.946646539725816e-06,-2.3445009213716467e-06,4.474660099696121e-06,2.0318271415657204e-06,9.282905557397416e-08,2.806286948514632e-07,1.46271666814511e-05,-4.741482424159483e-05,1.1147980347144164e-06,-1.4462543383956107e-06,2.3411863583348347e-06,4.83286934650177e-07,-4.2903151521320975e-07,-5.605424384558861e-07,2.095908693610751e-06,-1.549005792536781e-05,-4.171983042009219e-07,8.323925131043529e-07,8.473685927881458e-07,5.057110584485554e-08,-2.2788217499428727e-07,4.994391317848653e-08,-1.9959878763030184e-07,-4.491232914880182e-06,-5.657876239762065e-07,-2.1899693634694003e-07,2.75206290694108e-07,3.2269160464295234e-08,-3.307539477736937e-07,-2.6678774252234387e-07,100mV,2,29
45.95588,0.0999889,0.00033830087635221083,-0.000371380215459594,-0.00503680667617639,-0.09986193961965556,3.5918814775585406e-06,-7.633438673777902e-06,-4.52883221311543e-07,-1.8771475331811631e-06,4.038132147747989e-05,-0.000130790447723908,-2.6151902360446222e-06,-1.9600116091014618e-06,4.801696985994899e-06,2.0517145197865917e-06,7.587667872802566e-07,1.2430793582194577e-07,3.187504787067484e-06,-4.8240150437760995e-05,-1.6826931683548623e-06,-6.414328025731977e-07,2.5080193645210357e-06,1.8216440702754015e-07,-5.749918340731296e-07,3.910056327151229e-07,-3.168722263192216e-06,-1.5001712304610848e-05,-1.8406320970589512e-07,8.50551346701527e-07,9.180863419746123e-07,-2.804750096119897e-07,1.2014318736619157e-07,3.5337086865538e-07,-2.2030795651343373e-06,-3.860361083540308e-06,-6.827461791766291e-07,-1.0956020743430237e-07,2.5325791717694666e-07,-1.9640852070737034e-07,-4.549308478702509e-07,2.542496344375608e-07,100mV,2,28
37.5,0.1000013,0.0003076334342812811,-0.00033020229399893363,-0.0036525888044320973,-0.09993455064724865,3.739931959869474e-06,-5.793856188347274e-06,7.658666917905423e-08,-6.918641001491604e-07,4.623704950918099e-05,-0.00011838845769450334,-2.0970135479563554e-06,-1.5655786077208406e-06,4.319980491311564e-06,2.0936989849195433e-06,7.47653830815868e-08,-2.160643214574034e-07,8.003564879555235e-06,-4.4922272837912244e-05,-1.0471270318713873e-06,2.625663150386602e-07,2.334557232261211e-06,3.8510372177177563e-07,-8.805153280106107e-07,4.573462804406103e-07,-8.41955358921859e-07,-1.4800628813710924e-05,-4.73503891361592e-07,1.1744601693770313e-06,9.093972149736098e-07,-1.4365260958825677e-07,-5.975057825298055e-07,6.666013845660564e-07,-1.4241572514835308e-06,-4.194027095912711e-06,1.5890479237301602e-07,1.3865922037329954e-06,2.777881143289154e-07,-1.2785937963045523e-07,-9.860470376270587e-07,4.057509083261192e-07,100mV,2,27
30.04808,0.1000017,0.0002755296815610663,-0.00029109155501889835,-0.0024372998475676163,-0.09997200520956462,3.73330283379585e-06,-3.978580498519935e-06,2.7489085477843807e-07,-3.4323029450055755e-07,4.968088050442859e-05,-0.00010565832592445427,-1.9036640374756583e-06,-2.8173785812901507e-06,3.864780500922724e-06,2.1367883043980987e-06,4.6475753290548725e-07,1.0584504630886133e-06,1.1658423054813204e-05,-4.09392729220099e-05,-3.2477569139506513e-07,-1.6075630728537918e-06,2.163304808692594e-06,5.912854525640551e-07,-7.100654706386405e-07,-4.594377697168386e-09,1.1600970628841796e-06,-1.4075844362994713e-05,-3.717690137038121e-07,1.1877184215242792e-06,9.045581739107334e-07,1.7264608684016186e-08,-1.3060792578601425e-07,9.297825510480452e-08,-6.25936667948929e-07,-4.289044569634652e-06,7.604131307406411e-08,1.9960066588268935e-07,3.0741323681020227e-07,-5.197438134920716e-08,6.80152975542062e-09,5.747653389322807e-07,100mV,2,26
23.91582,0.0999953,0.00025046274616800316,-0.0002561593751739373,-0.0014417144918895239,-0.09998494305395166,3.6007203123233727e-06,-3.0737047894702738e-06,-5.618208654191845e-07,-5.64507208275086e-07,5.061779698950077e-05,-9.372589899193129e-05,-1.1700407519946155e-06,-2.9908407135499755e-06,3.4338873061371717e-06,2.124634906596455e-06,-8.854235329555218e-07,-6.025940787330502e-08,1.3963149219743107e-05,-3.680159339772299e-05,-5.309722272355758e-07,-9.274829072131051e-07,1.9732698612487093e-06,7.319644571665533e-07,-2.5418787307964157e-07,1.396191178287603e-07,2.6450213033759293e-06,-1.3040595841163783e-05,-5.6717156452951e-08,8.46057351650783e-07,8.676738269225249e-07,1.2848262796681042e-07,-7.922086290984324e-08,7.948580698191908e-08,4.169216486727827e-08,-4.178559135074254e-06,8.329558783351764e-08,8.582300844034748e-07,3.1988958353706607e-07,-2.476134372961251e-09,-2.0399445064428728e-07,-5.490101897673409e-07,100mV,2,25
18.8253,0.1000013,0.00022351755838741327,-0.00022460142050045078,-0.0006142669753797907,-0.09999942769442252,3.3709106084377447e-06,-2.0881747131915233e-06,4.878425805734059e-07,-6.179901135536069e-08,5.0164806707803134e-05,-8.260112058604479e-05,-1.4241572514835308e-06,-2.124634906596455e-06,3.042768867793363e-06,2.0517145197865917e-06,-5.364103203246385e-07,6.372575580011603e-08,1.5364104529968954e-05,-3.276114105584923e-05,5.505020745902099e-08,-1.932390250461362e-06,1.7788154964224089e-06,8.195617291034193e-07,3.4094081532559695e-07,4.501743394269912e-07,3.73330283379585e-06,-1.1889337613044435e-05,-5.32860423312213e-07,1.0804245797120272e-10,8.102933269690165e-07,2.206110180604329e-07,3.704312560621547e-08,-2.180811225798689e-07,5.808844642399738e-07,-3.962007683335874e-06,5.528944157047462e-07,4.7209155605160646e-07,3.117173073989371e-07,4.817536177893478e-08,-1.1004897289971065e-07,-1.9328797009364645e-07,100mV,2,24
15.02404,0.1000003,0.0001999322326718051,-0.0001987864987154138,8.184760992234288e-06,-0.10000032262644246,3.126737798059265e-06,-1.3324543407984007e-06,2.7174224086433587e-07,-3.8211796338821543e-07,4.8758327125849266e-05,-7.329935185040488e-05,-7.228555959996557e-07,-2.2439591759216848e-06,2.7168368358401884e-06,1.9589067547558576e-06,-3.704931279055086e-07,1.5657410213096443e-07,1.597619383743356e-05,-2.9256543071593408e-05,-5.082009582018086e-07,-1.4683514253076903e-06,1.6064582185081878e-06,8.636950254531357e-07,-3.4733074043339765e-08,-6.173855372556924e-11,4.4105785476510905e-06,-1.0793322102205286e-05,1.769323692739325e-07,1.1258465781704561e-06,7.471837152918137e-07,2.8335193984250794e-07,-8.892924014175233e-08,-2.3503610688207303e-07,9.637764885827193e-07,-3.694632931699711e-06,8.327501544560248e-08,6.283389527525758e-07,2.9663217859123317e-07,8.283866427034965e-08,2.3475569484915875e-07,-2.08763775397956e-07,100mV,2,23
11.95791,0.1000002,0.00017879194962301854,-0.0001759093846353378,0.0005070883698757853,-0.09999895260705391,2.8715164442247453e-06,-7.828843213341423e-07,-3.17233292719365e-07,-2.726760637572403e-07,4.6559666978097345e-05,-6.49499675606756e-05,-7.732239168779193e-07,-2.915710618048905e-06,2.4262601429463412e-06,1.8539455919234796e-06,-2.479162778722551e-07,5.885226537874378e-08,1.6031436554713758e-05,-2.6025948965047363e-05,-1.4600650177156603e-07,-9.346393802658858e-07,1.4418349210131947e-06,8.796229371556664e-07,2.963604949076492e-07,-1.1504340067775273e-07,4.816060092487751e-06,-9.72271824131503e-06,1.1494683640794694e-07,6.32766104115411e-07,6.803136213639128e-07,3.224733959096956e-07,-2.0469415490135827e-07,1.1359637294131519e-07,1.2374368670764583e-06,-3.398531967077844e-06,-5.90164025403267e-07,6.331288277970727e-07,2.766408335764402e-07,1.0882994290603197e-07,2.473246283701842e-07,-1.3168317003515603e-08,100mV,2,22
9.52744,0.0999996,0.00015987463351758722,-0.000155935827775509,0.0009007336101079908,-0.09999557175275636,2.616295090390226e-06,-3.7684162097534905e-07,-2.432499255435967e-08,-2.4167882266414783e-07,4.392900878121427e-05,-5.759826674502672e-05,-4.086475049639891e-07,-1.80975141809932e-06,2.1621999543469903e-06,1.7401455943262696e-06,-1.3322145874054046e-07,4.666405361667001e-09,1.5706609377106188e-05,-2.313675485129296e-05,-1.4645418875240477e-07,-4.1922416512902137e-07,1.2871553126286374e-06,8.716349507223842e-07,-2.0498230091469177e-07,-1.2955444716748084e-07,5.00719989427724e-06,-8.719510495506614e-06,-3.8597920835523223e-07,3.818734591215332e-07,6.143212237281598e-07,3.452253299924147e-07,5.063486698914035e-07,-1.0811964309578662e-08,1.4197378341011152e-06,-3.0946970220367496e-06,3.8370508665567555e-08,2.760536034917517e-07,2.5473963733983615e-07,1.247651245501567e-07,-3.8025816206826024e-08,-5.541293114068278e-08,100mV,2,21
7.524077,0.1000006,0.0001420555426316862,-0.00013773777184906583,0.0012280367663040595,-0.0999930747819353,2.3599688822101025e-06,-5.1388808546037046e-08,-2.457966148102139e-07,-1.8359883942443778e-07,4.098899136756207e-05,-5.086417950857045e-05,-5.86732347805821e-07,-2.109166945757999e-06,1.916922289622906e-06,1.6186116163098316e-06,-7.137491655123187e-08,-3.1795354726726424e-08,1.5115512302208058e-05,-2.0457483063203303e-05,-3.9561552698672103e-07,-1.3556562820560842e-06,1.141314539008912e-06,8.481981174308251e-07,-2.867550017124027e-07,-1.1256090344861514e-07,5.045869796373379e-06,-7.76049692352236e-06,-1.881533804933211e-07,4.7298670904241483e-07,5.473332418415832e-07,3.5412504223168926e-07,-1.2007634367828254e-07,-8.906815347862513e-08,1.531328123007117e-06,-2.785337805267635e-06,-3.1548916964939457e-07,7.831277207464787e-07,2.299209627182303e-07,1.345208779364053e-07,5.138705182762754e-08,9.995470319051246e-08,100mV,2,20
5.98659,0.0999999,0.000126672655577842,-0.00012224881877804364,0.0014788298639213985,-0.0999889536752262,2.1301591783244745e-06,1.734722969198045e-07,1.7155603754278894e-07,-1.1050940989969767e-07,3.803461084741703e-05,-4.512004176577536e-05,-5.361068168359011e-07,-2.3776465517397663e-06,1.708104818303754e-06,1.5014970556758096e-06,-2.676468772614856e-07,-9.904085606417651e-08,1.4366421055888558e-05,-1.8153861752619005e-05,-1.6993024437323273e-07,-1.4186329797555112e-06,1.0145321713945514e-06,8.131656168112832e-07,3.541734348520268e-08,1.0623532505790248e-07,4.965215429144288e-06,-6.916388203480919e-06,3.224810194046802e-08,-8.327245218352069e-08,4.894819634514131e-07,3.528716954620361e-07,4.0603386152402833e-08,-8.501913851557293e-08,1.5832562772505041e-06,-2.504704801484224e-06,-1.7945850824972144e-07,4.2079449461042837e-07,2.0860633365370742e-07,1.4020303335041201e-07,1.0610797954602819e-07,-5.199673255261873e-08,100mV,2,19
4.76372,0.0999996,0.00011291832382941803,-0.00010858839964899602,0.0016776097335107385,-0.09998555072384173,1.91802714396851e-06,3.299667390524509e-07,-1.2227831838907126e-07,-1.3617175129960676e-07,3.50835448903088e-05,-4.0049865173798694e-05,-5.964458957560677e-08,-2.554423247036403e-06,1.5191747252054734e-06,1.3843824950417877e-06,-3.6891362813303316e-07,-2.199146283663987e-07,1.351457835542789e-05,-1.610877635890604e-05,3.6667552468514315e-08,-1.2109203627819627e-06,9.006740584587627e-07,7.686927987211628e-07,-1.7271359344067825e-08,-1.1777018120270336e-07,4.801696985994899e-06,-6.154038705014172e-06,1.2271561973906133e-07,5.909858160655273e-07,4.3591354244654235e-07,3.443108420505582e-07,-2.4643975052478997e-09,-2.55371282569218e-07,1.5876756946329202e-06,-2.2406446128848727e-06,-8.523522592848615e-08,2.5318466533383313e-07,1.8757719895208863e-07,1.3984892753264592e-07,1.1731354490166521e-07,2.464577596506233e-07,100mV,2,18
3.76506,0.1,0.00010026332215487003,-9.618088534786332e-05,0.001840516087352663,-0.09998305375302068,1.71804850741419e-06,4.39537575185558e-07,-1.723688788848498e-07,1.2299503740306457e-07,3.212805951581815e-05,-3.544262255263009e-05,3.922969864742649e-08,-2.4141067451446975e-06,1.3479223016368563e-06,1.2672679344077658e-06,-1.7568730891187137e-07,-2.5128553119917446e-07,1.2583186142083734e-05,-1.4243782223526516e-05,7.944722546817059e-08,-1.0247674315667923e-06,7.958164204785677e-07,7.187996756969436e-07,-2.2705894802137773e-07,-4.9304677599750437e-08,4.5740969908004794e-06,-5.448036778173228e-06,-1.477558176569608e-07,4.0073199697577846e-07,3.8643197766606073e-07,3.290924678087745e-07,-1.2985165298644832e-07,-1.3117902499725693e-07,1.5567397729560087e-06,-1.990947530778373e-06,-2.1526429642575156e-07,4.706110512284971e-07,1.6783654538831316e-07,1.3747083903916794e-07,-4.4315420540045805e-08,2.8570284891908404e-07,100mV,2,17
3.008665,0.1000001,8.950093597434166e-05,-8.572343896672165e-05,0.001963707346887507,-0.09998084404432946,1.544586375154365e-06,5.066446603705907e-07,2.2497011039557885e-07,-5.439707281261719e-07,2.9425585786470814e-05,-3.1560164382177706e-05,-3.5855705495364513e-07,-2.7057882923841484e-06,1.2020815280171308e-06,1.1623067715753875e-06,-1.2481473251027433e-07,1.4071502285416489e-07,1.1681624996070885e-05,-1.2671574489732053e-05,6.518562194404948e-08,-8.707567020030636e-07,7.078946528203978e-07,6.702042041016364e-07,9.955340904364566e-09,1.7084473231508914e-07,4.324399908693981e-06,-4.850310577201475e-06,-1.5169418145730076e-07,3.0608045101310015e-07,3.445726925304664e-07,3.131103077578746e-07,1.1193710268508713e-07,3.4186944540307717e-07,1.5070213274038296e-06,-1.777710642076805e-06,6.304534229991927e-08,-1.7114569463883163e-07,1.5104574244186578e-07,1.3380902028153265e-07,-1.9823219329022426e-08,-6.964623934501298e-08,100mV,2,16
2.38186,0.1000002,7.950421385531684e-05,-7.60758508209077e-05,0.0020657075000736665,-0.09997884425796391,1.3799630776593717e-06,5.463675991435252e-07,-8.573427758785201e-08,9.089296406145503e-08,2.6761781959219615e-05,-2.798154115676641e-05,-4.925194290183476e-08,-2.506914510175432e-06,1.0661844435078412e-06,1.0562407543974056e-06,-1.7964887465346902e-07,-4.385688388953324e-08,1.0750232782726731e-05,-1.1222005588299631e-05,9.654365322369893e-09,-1.1877184215242792e-06,6.264490993944202e-07,6.175666228829369e-07,-5.854616548229419e-08,1.1449925991254277e-08,4.042662050564965e-06,-4.294568841362673e-06,-1.0361786987044937e-08,9.556355903080055e-08,3.058946145121696e-07,2.9333010040852657e-07,1.1408770166880528e-08,4.00361649799132e-08,1.435205794939571e-06,-1.5755222968312762e-06,4.3939836353801184e-08,-3.6464336608727375e-09,1.3497265287832278e-07,1.274858283762065e-07,-1.4315630901621145e-08,-7.59512895419843e-08,100mV,2,15
1.890121,0.1000002,7.070183928388992e-05,-6.762813449441965e-05,0.002146151944977092,-0.09997719802498896,1.2341223040396464e-06,5.62045924249384e-07,-2.17654096375293e-08,3.384011971267917e-08,2.429132764244912e-05,-2.4851488795670338e-05,-1.7958203096555996e-07,-2.5698912078748585e-06,9.47544852420582e-07,9.59437062654925e-07,-1.822599769284349e-07,-6.25006491075365e-08,9.855300762787506e-06,-9.951423090855053e-06,8.294573570498213e-08,-1.1280562868616643e-06,5.557467076833574e-07,5.671559860832369e-07,6.391482952427924e-08,5.5108079729643725e-08,3.7553999207079304e-06,-3.8051183662601095e-06,2.4265827604152574e-08,3.3558116689507204e-07,2.716053494109155e-07,2.7326484063801267e-07,3.907792480597087e-08,-1.516993742727251e-07,1.3534465733648763e-06,-1.3976407471890356e-06,-2.7679451881591373e-09,-8.082348728377219e-08,1.1977957980105329e-07,1.2065197279234222e-07,1.1418802244338612e-07,7.187781310372044e-08,100mV,2,14
1.502404,0.1,6.291924527345549e-05,-6.0193569602850466e-05,0.002209262330052337,-0.09997562913181822,1.1059591999495845e-06,5.638474997453258e-07,-2.1277671686662419e-07,-4.9337149268967734e-08,2.2012013127468102e-05,-2.2098191766425213e-05,-5.3048863248850485e-08,-2.624029070809454e-06,8.444947561497953e-07,8.704982765716268e-07,-2.2854320934926213e-07,1.434591495923415e-07,9.006772625363649e-06,-8.836625056140637e-06,-3.725151218433984e-08,-1.0326222830514292e-06,4.931139511417171e-07,5.192763496184465e-07,-1.7495677921855802e-07,-6.458624951010277e-08,3.470347499542103e-06,-3.3764348801657646e-06,-3.046797166737435e-08,3.9463275904630627e-07,2.416872195571744e-07,2.5417837133226936e-07,1.0754598062246212e-07,4.6127702074596556e-08,1.2661630800621616e-06,-1.2396465757676662e-06,-6.28858676236748e-08,1.2345266807301374e-07,1.0674675108593911e-07,1.1349936672977116e-07,-1.1054034582137458e-07,-4.3673599602141e-08,100mV,2,13
1.195791,0.1000001,5.603047842861467e-05,-5.3629629935617216e-05,0.002259117777543371,-0.09997461266582025,9.90497280445717e-07,5.522927120281303e-07,-3.473822266459028e-08,-1.2155519121987346e-07,1.991831414254856e-05,-1.9670826769133268e-05,2.787753016867125e-08,-2.6936348945825046e-06,7.51527339666121e-07,7.876065792926881e-07,-8.852537168426026e-08,-3.1519461548085656e-08,8.21017264218318e-06,-7.855514397244303e-06,5.817829317938189e-08,-1.0982252195303568e-06,4.3844984608231083e-07,4.727107164268829e-07,-9.776300362513785e-08,-8.927395469758077e-08,3.1919242044498994e-06,-2.9974698396235993e-06,-6.740050135359487e-08,5.627751281174826e-07,2.1386035800879256e-07,2.3368939992021637e-07,-2.957533774447398e-08,4.7300725933324306e-08,1.1788795867594473e-06,-1.1004349282215647e-06,-1.1928405262704992e-08,1.873688234225077e-07,9.534972552075236e-08,1.0535864523175263e-07,-2.448447827914761e-08,-3.271370965879245e-08,100mV,2,12
0.9486946,0.1000004,4.980351933679063e-05,-4.767998928453978e-05,0.002299330056305974,-0.09997398289884327,8.830932846552085e-07,5.603195893343778e-07,2.8298380237455266e-07,6.632166632782986e-08,1.7961617096483914e-05,-1.747216662138135e-05,5.8775102351246797e-08,-2.7212562532226046e-06,6.682903754041812e-07,7.228506241551007e-07,-2.3844712370325616e-07,-1.1852446526444717e-07,7.451137706753245e-06,-6.9638969403418894e-06,-8.316698278768933e-09,-1.3048329821583011e-06,3.8869118383195176e-07,4.380564074498413e-07,-1.470689297102988e-07,8.524164513223411e-08,2.92013003543132e-06,-2.6527552837951576e-06,-2.394400563036505e-07,4.5812321401643904e-07,1.9016697753818433e-07,2.20567265828347e-07,3.0269893380294464e-07,1.3805121902691367e-07,1.0882815304199208e-06,-9.699159432103716e-07,-4.4220248386715476e-09,-1.5879154480259161e-07,8.370693615492945e-08,1.0240905977946751e-07,-1.1785635984166044e-07,-7.308945162182704e-08,100mV,2,11
0.7515633,0.0999995,4.42704087740059e-05,-4.24661816276346e-05,0.0023315266167912192,-0.09997231456878139,7.948372985574934e-07,4.996645220713685e-07,-1.203130034791109e-08,-7.771469232028554e-08,1.6169543347914256e-05,-1.5547510351339214e-05,7.97456245298313e-10,-2.671537807670425e-06,5.964502046880155e-07,6.358507469629027e-07,-9.133190059587658e-08,6.403445210427778e-09,6.745135779912302e-06,-6.191603752764707e-06,-8.770733752677505e-08,-1.2761067691725976e-06,3.462116334667353e-07,3.856992382640562e-07,-1.8106883345843924e-07,-5.6110061087128516e-08,2.663803827251197e-06,-2.358864027864499e-06,-1.2036448969161607e-08,4.6258119081551647e-07,1.6911696108943359e-07,1.9394193338080944e-07,-5.4528009101114727e-08,1.6734355937930467e-07,1.0016835992386536e-06,-8.653154048363984e-07,8.278624998019419e-08,-7.962987998858584e-08,7.522986384847871e-08,8.816734363356728e-08,6.002530028601498e-08,1.7987780047387815e-08,100mV,2,10
0.5978954,0.0999999,3.942341275984124e-05,-3.786667298688523e-05,0.0023566631580080556,-0.09997214884062956,7.1091510363041e-07,4.721600570210339e-07,-3.244000409175598e-07,-5.957739233430712e-08,1.4561980275060464e-05,-1.3851558930837104e-05,-2.51142121105115e-07,-2.5709960622204627e-06,5.324719565242985e-07,5.723380844204233e-07,-2.0935542490002692e-07,8.08774925641853e-09,6.105425113807597e-06,-5.509908621527051e-06,1.9228211069740858e-07,-1.3600756994385002e-06,3.0747941758550396e-07,3.49178167384682e-07,8.635679672033913e-09,4.668977462583567e-09,2.4251552886007375e-06,-2.095908693610751e-06,-1.0902771183389508e-07,3.1791620319038285e-07,1.5062390905271417e-07,1.7559461163227518e-07,5.715960642419156e-08,2.6501268353069656e-08,9.180465672181706e-07,-7.680442492202933e-07,-3.425203150980724e-08,1.7907656010244612e-07,6.719589337733246e-08,8.131509222484867e-08,1.791447296155699e-08,-2.3085069765005605e-08,100mV,2,9
0.4763719,0.0999973,3.514431187931702e-05,-3.377318763642248e-05,0.0023731265926119002,-0.09996918783098334,6.376286785758487e-07,4.6195650616851204e-07,1.2334848030822328e-08,4.690522122322845e-08,1.3102467684517604e-05,-1.2341223040396462e-05,-1.045969475973498e-06,-1.5335378316983252e-06,4.749985383203251e-07,5.27721193323636e-07,-1.0208727095131036e-07,-8.568410615201813e-08,5.514328038909468e-06,-4.900029022753654e-06,-4.015193161824559e-07,-9.995954245254622e-07,2.7431290547025266e-07,3.2366210870013086e-07,-1.9537680771944535e-08,-1.0168210981423393e-07,2.2008698564431294e-06,-1.8594698636514992e-06,-3.6624606780100683e-07,4.282751319282092e-07,1.335376680542523e-07,1.6577709688810734e-07,1.8086819190927755e-08,1.1750523713062752e-07,8.378254133779912e-07,-6.784798946065138e-07,1.1411344477505785e-08,9.299754586167877e-08,5.879981794295796e-08,7.819098398013194e-08,-5.15542715328347e-08,5.2353003884902186e-08,100mV,2,8
0.3780242,0.1000004,3.126406341755584e-05,-3.010175664598045e-05,0.0023898717650738745,-0.09997189472413007,5.713837112366906e-07,4.2890832395367487e-07,5.05278618457686e-08,-2.5977810461209403e-07,1.1761174508954372e-05,-1.0987776467031586e-05,-1.069499006544653e-06,-1.869413552761935e-06,4.234417256224955e-07,4.731713302035652e-07,-1.535463592822713e-07,-4.855480190684556e-10,4.9685299921811e-06,-4.3586503934077035e-06,-3.4321482653971907e-07,-8.101957683302999e-07,2.440992270790625e-07,2.9094681909962425e-07,-3.881298073389503e-08,-1.0011935963363782e-07,1.993157239469581e-06,-1.652862101023555e-06,-2.541004791009043e-07,3.294445848887184e-07,1.1885934661659976e-07,1.4986133858337833e-07,-2.687942684993953e-08,5.009568701994215e-08,7.627954176806324e-07,-6.021765542758463e-07,-1.2924707668853382e-07,6.151731769140551e-08,5.2535647356773975e-08,7.095310525916718e-08,6.200350884618854e-08,-1.36986249923186e-07,100mV,2,7
0.3004808,0.0999999,2.7837910091837894e-05,-2.686011399597837e-05,0.0024029377725649868,-0.09997106608337088,5.125734192745363e-07,3.9638141201909365e-07,9.848326922158054e-08,-5.4960183926941184e-09,1.0556883272246034e-05,-9.793428919433683e-06,-8.22897726314536e-07,-1.9003494744388466e-06,3.78237272984716e-07,4.2426406871192855e-07,-1.4398461831911076e-07,-1.7453107883919682e-07,4.474660099696121e-06,-3.88024846176118e-06,-4.0589763298321535e-07,-9.655414933998218e-07,2.1767221598656088e-07,2.6168033233892037e-07,-1.0498127118146816e-07,-9.811543006429862e-08,1.8020174376800924e-06,-1.4694562796532943e-06,-2.1869078120777317e-07,3.520036114026951e-07,1.0571431994268947e-07,1.3532532238543954e-07,7.308557358307397e-08,-7.07691028164503e-08,6.932230709942534e-07,-5.350080391891979e-07,-1.1608130085001311e-07,5.1340747382003275e-08,4.6477344280806394e-08,6.425057266282138e-08,2.6431817208904986e-08,7.646833927864004e-08,100mV,2,6
0.238186,0.0999733,2.305278592102705e-05,-2.55641198485849e-05,-0.0044171435921726695,-0.09987566191062797,5.024605769637885e-07,3.012852726677443e-07,-3.5523343211119917e-07,1.0773633597766622e-07,7.476549356702137e-06,-1.045302696375926e-05,-1.020723554176447e-06,-1.7688718073119728e-06,4.248887533589331e-07,2.736687753867655e-07,-1.4687602214155636e-07,3.950495101054681e-08,2.607456255625394e-06,-4.597298932058163e-06,-3.468060451046703e-07,-8.253364713115875e-07,2.6894817470973794e-07,1.354640920912474e-07,-7.579436707927816e-08,7.776741596965774e-08,8.096853256226307e-07,-1.9036640374756583e-06,-6.06890083885062e-08,5.222360334394505e-07,1.4090958770442576e-07,5.2035402454714866e-08,9.641503712932718e-09,3.192397082109819e-08,2.1172191242287608e-07,-7.425783509230325e-07,-1.350118752075917e-07,7.45338608534655e-08,6.547928118056756e-08,1.613064142640554e-08,-1.1284783412216849e-07,-1.5659465242179267e-07,100mV,2,5
0.1890121,0.1000077,2.0829818977671846e-05,-2.2513617000372312e-05,-0.0030024880880613327,-0.09996259185054007,4.440775321770793e-07,2.907197715316026e-07,-1.1567747658669485e-07,1.5848538966342475e-07,7.098689170505574e-06,-9.032184275312541e-06,-1.0480222953476302e-06,-1.94012423088059e-06,3.6565972159979483e-07,2.673131007636786e-07,-3.295911990603801e-07,1.3500160006217758e-08,2.6472310120671376e-06,-3.925547489930943e-06,-3.607898551006762e-07,-7.306218381657753e-07,2.2958574990977402e-07,1.4363382706438147e-07,-3.05297109282067e-08,2.12493763668715e-07,9.168960823880932e-07,-1.6208213250010393e-06,2.3006868174423753e-07,5.779757142043021e-07,1.2068169337423895e-07,6.323998448998432e-08,-1.0564495718687246e-07,6.790211627504252e-08,2.917637484027638e-07,-6.381100636142283e-07,-1.5463453032725666e-07,1.621872041483709e-07,5.706471048444764e-08,2.475970854518101e-08,1.0929780452722144e-07,-5.189126315678737e-08,100mV,2,4
0.1502404,0.1000066,1.8770370477466025e-05,-1.9896217055636482e-05,-0.0018853543912603094,-0.09998881004416126,3.935469081954467e-07,2.7729236618404287e-07,-1.524942064889526e-07,1.6817971314805776e-08,6.630230927969487e-06,-7.845570708133865e-06,-5.957874025660877e-07,-1.9555921917190455e-06,3.16454922832887e-07,2.5511418296299593e-07,-1.3044330248851925e-07,-1.5333544258769547e-07,2.5787300426396906e-06,-3.3653863367097247e-06,-3.4051898193644537e-07,-9.22062712764441e-07,1.9638200420307584e-07,1.4375701832391632e-07,-3.42751892568911e-08,-1.7213995306444067e-07,9.464827559381531e-07,-1.3777533689681637e-06,8.068198858773068e-08,4.498296248711627e-07,1.0268746097747282e-07,6.780755179160228e-08,1.010968684673675e-07,-9.697069047681831e-08,3.278113891950466e-07,-5.410121491595137e-07,3.9101082553054727e-10,-1.4513709188701028e-07,4.862939062371729e-08,2.913687629742104e-08,-1.3191474750599462e-08,4.712194945166212e-08,100mV,2,3
0.1193355,0.1000042,1.686228702260795e-05,-1.7601434579817014e-05,-0.000994560050845372,-0.0999992840633576,3.487268343845028e-07,2.698379139142528e-07,9.67648782093192e-08,-9.810642550138195e-08,6.119788220300448e-06,-6.834628981906223e-06,-8.530827889781749e-07,-2.0837552958091075e-06,2.742339083845419e-07,2.43223961466475e-07,-2.098699555687747e-07,-9.473009005810728e-08,2.447252375512817e-06,-2.8925086767912215e-06,-2.502983438413773e-07,-9.901217404536462e-07,1.6798194422019464e-07,1.4163569798035667e-07,-1.657680370824734e-07,-8.312067834206507e-08,9.303379613275802e-07,-1.1711456063402194e-06,-1.8356933981341018e-08,3.128523242681761e-07,8.686754878722493e-08,7.021139443987633e-08,-6.544287622987991e-09,1.1437065486671445e-08,3.368893144402672e-07,-4.555037148484465e-07,-3.3791561364189874e-08,2.61900087868261e-08,4.0633427142059804e-08,3.2446180227547906e-08,8.228204969957783e-08,-4.8228107525393915e-08,100mV,2,2
0.0946587,0.1000039,1.5108883176134435e-05,-1.559059967081777e-05,-0.0002829918678112756,-0.10000347146132742,3.092266342476421e-07,2.6020921877774866e-07,2.2319516188936605e-07,-1.1130943493134951e-07,5.599401823520973e-06,-5.972842592335119e-06,-5.100068426296983e-07,-2.3754368430485584e-06,2.387656532110938e-07,2.2940543768057144e-07,-1.4074330712541237e-07,-8.051736529023569e-08,2.283733932363428e-06,-2.495865966719392e-06,-1.8973796259578632e-07,-9.462295233221406e-07,1.4431496976844634e-07,1.3661070993111522e-07,1.1864091691247384e-07,-8.152319154084319e-08,8.880052461048947e-07,-9.987297711456814e-07,-5.7910763748137346e-08,4.2294509359414655e-07,7.363680751318271e-08,7.013587764535429e-08,4.354110546901617e-08,1.9949272161312385e-08,3.3015401186403075e-07,-3.837503856838453e-07,-1.4086682984125088e-08,-9.399437859791304e-08,3.391466423537707e-08,3.3948097127875044e-08,-3.430091026605676e-08,2.691800836368802e-08,100mV,2,1
1500059,0.1056348,-0.006781077796629145,-0.019494105316553913,-0.056898971284063585,-0.08900127664508571,-3.3480401234837426e-05,-7.509915957939376e-05,-0.0006237112703260135,-0.00020282916076597876,3.0111700335090884e-05,1.1856191982676316e-05,0.00020483557625759557,-0.00023246466887811434,-1.352341719019272e-06,-1.2285980323116264e-06,-6.25347559611853e-06,-8.901811462531272e-06,-4.956577677870357e-08,-9.527159022143126e-07,1.7576022929868124e-05,-2.87560440530348e-05,1.4142135623730952e-06,7.035544534945617e-07,1.9379145221893822e-06,-7.050075579298999e-06,-1.3534465733648763e-06,-2.815638435695824e-07,5.138677561404113e-06,5.744137742795095e-06,6.231477946097554e-08,4.246325376361875e-07,3.4548795387036475e-06,2.408582473416678e-06,1.2407514301132702e-06,-1.0217267619222555e-06,4.788438733847652e-06,-2.9786873157483314e-06,-7.702914124738172e-08,3.1987776159556814e-07,8.341289021939041e-07,4.517749419174677e-06,100mV,1,73
1191504,0.1501952,-0.023420923388982298,0.020066000022925447,-0.09533539555988986,0.11605920376310101,0.00018402343494945342,4.254241657748127e-05,0.0012201160655004246,-0.0004596061495191087,0.00017026799834668385,7.18630412011197e-05,0.001082947293639345,-0.0006365949768501016,-1.25179997356931e-06,-2.3102504366579234e-06,-1.30450152585462e-05,1.1287191994690265e-05,-5.704362986353352e-06,-6.25164595732221e-07,-2.1887164586414856e-05,6.283748605188079e-05,-9.922003029340311e-07,5.8015901687665025e-06,-8.325077494125994e-06,2.2023061670924144e-05,-7.128745628123386e-08,4.641493105882322e-06,4.939803779195398e-06,6.741821216875489e-06,-1.7702506655352866e-07,-3.9833722518168184e-07,-2.907976637629677e-06,-7.363854213450531e-06,2.40637276472547e-06,-4.227172726280829e-06,8.97362699499553e-06,-1.0956840545354676e-05,3.956618203838018e-07,1.0344911441770183e-06,2.1146912174860187e-06,5.2900426067518586e-06,100mV,1,72
946464.9,0.1423304,0.0171508528805928,0.02489408093069337,0.0959098535283432,0.10516290923588544,-0.00016769921199315458,-4.97118164261055e-05,-0.0010583510261975091,9.627258825854846e-05,-0.00012898953514057355,0.000387366352986138,0.0008172044118716387,0.0025043103684828437,-1.5633688990296325e-06,-4.139889232978115e-06,-4.764242423678925e-05,-9.255364853124545e-06,-1.0595553174342175e-06,1.2283770614425056e-05,0.00011051416077338376,3.0660812944856067e-05,7.161260386660165e-07,-1.0573456087430093e-06,-3.7995940945320896e-06,2.724570816259416e-06,2.1887164586414853e-06,3.1167941089488296e-06,2.6842436326448704e-05,2.6531972255333992e-05,1.0038687801633891e-06,-9.649324976845247e-07,1.6793786053180507e-06,-5.081225135432707e-06,3.783021279348029e-06,8.731888178740416e-07,1.8462116115042515e-05,6.49764840649701e-06,1.140209684663308e-06,1.0006069186788625e-06,6.338549380730037e-06,3.2145206855261926e-08,100mV,1,71
751816.4,0.1361148,-0.027275019948383036,-0.011533022086587151,-0.13043788870222578,-0.03889955712041657,-0.00010022133768973707,0.0001329835835999319,-0.0003406729986322226,0.0008448147219682821,-0.0006247277363239692,-9.369606792459998e-05,-0.003567625505255151,0.001017437164925448,-3.948749431188627e-06,7.698625080168537e-06,1.549005792536781e-05,6.488146659124816e-05,-3.252691193458119e-06,2.4071461627673926e-05,0.0001368660417703843,0.00011729796645539221,3.335527648019777e-07,7.667362121605327e-07,4.7464542687147e-06,-4.735405725258661e-06,-1.6031436554713758e-06,2.8814601333351815e-06,1.6804834596636545e-05,1.0882815304199208e-06,5.516338873818466e-07,5.069557873543128e-07,-1.758928118201537e-06,2.8637824638055178e-06,2.5575190489127854e-08,4.984975749115417e-07,-5.00719989427724e-06,-6.9152833491353145e-06,2.065153968046519e-08,7.371685421052172e-07,-1.8926154940196185e-06,2.0207785981096805e-06,100mV,1,70
597246.1,0.1338534,0.002809487711553847,-0.02944968265974844,-8.156034779248585e-05,-0.13385343542622594,-2.296992184510676e-06,-0.00016342342567566718,-0.000169366437200671,-0.0008054443422170298,0.0005976588048566717,0.0006805604458247208,0.004154590424900722,0.0025684968816907065,7.398104698164254e-06,9.573562904658491e-06,7.85485148463694e-05,3.15877857408178e-05,-2.0550290828234037e-06,4.1456344755752555e-05,0.00016583311300342947,0.00022144043221767782,5.085918556692833e-07,9.273129806147513e-07,8.059912451181039e-06,6.905339660024879e-06,-2.172143643457426e-06,-5.9540600684598515e-06,-4.100335447405493e-05,3.811747492333733e-06,-8.845077191884508e-07,-1.62526725888775e-07,-5.496650369379804e-06,-1.986528113395957e-06,1.777710642076805e-06,-1.086071821728713e-06,-1.0086215321018739e-05,-8.809003697500537e-06,-1.8414552135464266e-07,-4.801202011248069e-08,-1.4407300666675907e-06,-1.3910116211154114e-06,100mV,1,69
474433.6,0.1299559,0.0008342037008331015,-0.028974628436769095,-0.007839263094674814,-0.1297191809504104,-2.1644096630381978e-05,-0.0001508512880770395,-0.00021698897405923937,-0.0006984646104952332,0.0008574984498558157,0.0007969270200667688,0.005083361923737105,0.0029990597250269236,1.0828677441264615e-05,1.1184440540549095e-05,8.47666351034286e-05,3.945766324455496e-05,9.888446393155625e-06,5.591999299405427e-05,0.00020890917422983744,0.0002751694990443994,2.5428045987380315e-07,8.300747496581449e-07,6.338549380730037e-06,2.468244608079293e-06,-1.3573135635744901e-05,-6.786015390699648e-06,-9.175925825675618e-05,3.403724782502183e-05,-5.62644092392094e-08,-4.2502884888995565e-07,-8.575897108247628e-07,9.934144273744153e-07,-5.105367307738499e-07,-4.194027095912711e-06,-3.0238758584835346e-05,-4.917706692283317e-06,-2.2485178049516466e-07,-3.1684228476645576e-07,-2.2682659715249722e-06,-8.076226730448226e-07,100mV,1,68
376816.4,0.124906,0.02567974285585236,-0.011152797512090997,0.10976131302228921,-0.059615178352926776,0.00010716866181489491,7.61620294598648e-05,0.000546217891379696,0.00027628319222476816,-0.0005950977524835616,-0.0012658647693888486,-0.003820113449438646,-0.005539457951000229,1.3945471550213442e-05,-1.235448129254371e-05,5.017806495995038e-05,-8.356234386672027e-05,2.1201050037794786e-05,5.844900459114178e-05,0.00021591395078096668,0.00026517277692537455,1.29352590278539e-07,5.450870729569702e-07,2.340081503989231e-06,4.229382434972037e-06,1.503264822628776e-05,-2.3574277172152134e-05,-9.486746764743968e-07,-0.0001744708642773614,8.297146776269125e-07,8.075556083860445e-07,5.203863967794749e-06,1.1214271607880403e-06,-3.5819377884481052e-06,6.321976565545977e-06,2.3150013103440205e-05,4.5392940789139546e-05,9.28650627770974e-08,1.134445659542292e-08,-6.245472031238975e-07,7.292145851857796e-07,100mV,1,67
299355.5,0.1195117,-0.026810086191209427,-0.001294903656154358,-0.11940083573138026,0.005146504349588373,-7.89086973630363e-06,0.00010193165221673204,3.4866993438570415e-05,0.0004738189958209583,-0.0013917098890618331,0.0007219074100002585,-0.005990400937595458,0.004185784882494505,6.144095015903736e-06,1.7937310300880624e-05,4.752972909353764e-05,7.981025850904914e-05,2.859363046423102e-05,6.835512865382707e-05,0.0002187191759644552,0.0003000916985181884,-8.403029387625737e-07,6.869648445244487e-07,-2.2108135455535652e-06,4.007306711505637e-06,3.192587117057262e-05,-3.161651195380351e-05,9.799726589203626e-05,-0.00023278618149268507,-3.30486462536623e-07,-1.0277616973288135e-06,-4.0062018571600335e-06,-4.87130280976795e-06,-8.786906610588457e-06,2.815689258995722e-07,-4.232034085401487e-05,3.876050015247885e-05,-2.2581908047474094e-07,2.6685458621025295e-07,3.354461536940393e-07,2.155570828273366e-06,100mV,1,66
237832,0.1140433,-0.012848638447158545,0.02214907030904028,-0.0471219052574883,0.10385275085578133,6.522286658403979e-05,-2.693634894582505e-05,0.0002698153748856025,-0.00018575916112639727,0.0015020947818767812,-0.0006936341872962527,0.006469388442045152,-0.003905092216576431,-1.5673463746738067e-05,-1.2772116235182016e-06,-7.461744308471044e-05,5.47897269985014e-06,-0.00010638090066647927,4.4656002940621685e-05,-0.0004668020658720274,0.00029671084422064017,-1.1081689086407926e-06,2.4328892690199654e-06,-9.257182338523064e-07,1.3134508460540122e-05,-2.0825399560289428e-05,-5.415112118674229e-05,-0.00018438693202915712,-0.00024069251918982715,-1.2959941473934693e-06,3.4326631275222424e-08,-5.443617360790812e-06,4.030508652763321e-06,8.866456123471945e-06,-9.6252468860915e-07,4.1670686498799734e-05,-2.843342658411844e-05,-3.2250156969550845e-07,-4.5089735611075436e-08,-1.5523203555735927e-06,1.9748100282064814e-07,100mV,1,65
188847.7,0.1106038,-0.00988769619705496,0.02271583849124821,-0.03243640226658931,0.10574063757320178,6.288278508005056e-05,-1.921783648743564e-05,0.0002703876894366254,-0.0001492149987912,0.0014396086395068028,-0.0009222506484886282,0.006053055017825968,-0.00477460595744069,-1.8715127760185826e-05,2.121320343559643e-06,-8.352919823635214e-05,2.1176743242191495e-05,-0.00015135952107601732,7.115482956558756e-05,-0.000655386339560134,0.0004212279289702088,5.368372360437799e-07,-1.6056141097881463e-07,5.042555233336567e-06,-1.1081689086407926e-06,-5.297224159998285e-05,-3.8991414710710075e-05,-0.00029686110441164235,-0.00013377797387442117,-5.47621056398613e-07,6.327995812020828e-07,-2.4489626900398116e-07,4.856939703275099e-06,7.309716350515936e-06,-2.7621358640099516e-06,2.7169473212747487e-05,-2.282408107148703e-05,2.2954387593007566e-07,-2.4818895592475015e-07,2.0246124426889263e-07,-1.8009125833344884e-06,100mV,1,64
150058.6,0.1071759,-0.0045286609606918615,-0.023462819465767604,-0.03392375718664139,-0.10166543756215876,1.4648158914017575e-05,-5.0484109613682687e-05,-6.924122183900146e-06,-0.0002445053715365065,0.0009106441535880585,0.00138724959206863,0.004629821424575362,0.005808462362796159,6.4368814174887905e-06,1.4966356965551521e-05,3.983552343075152e-05,6.211712101854699e-05,-0.000197290525931466,-3.728220503806072e-05,-0.0009181516388664375,-6.959808979263155e-05,-2.4118970364534896e-06,3.6375318494102064e-07,-1.1517001698575893e-05,2.04287568502176e-06,-5.717510753066039e-05,1.8436704465093625e-05,-0.00025357512085956956,0.0001286448205847451,-1.8804620962179748e-06,3.454889482392758e-07,-7.3086114961703315e-06,2.909081491975281e-06,3.233401541438219e-07,-5.409366876077088e-06,-3.7051367819633684e-07,-2.6652401379004823e-05,-9.10746573585896e-08,-6.762481993138284e-07,-8.837257032826322e-07,-1.6429184119131193e-06,100mV,1,63
119238.3,0.104135,0.007728938968848873,-0.02171124967750779,0.01930456755356555,-0.10233007374230028,4.509794467886328e-05,-4.891190187988822e-06,0.00017788596905962329,-0.00011276585392972467,-0.0014998342498856755,0.0004808215626633963,-0.006463300694600874,0.0027400509304956735,-8.116260022806841e-06,-6.1949183158015196e-06,-4.1384529223288296e-05,-2.064751801064719e-05,0.00023280164945352355,3.095359934644112e-05,0.0010628135328994035,3.739821474434914e-05,1.5831822520093487e-07,1.6473378292955349e-06,3.6228173992354523e-06,6.246846470044906e-06,4.9949360110410355e-05,1.675401129673876e-05,0.00023684873092147092,4.754077763699368e-05,8.37092342519683e-07,1.6031436554713758e-06,5.6502251234187565e-06,6.842362962325452e-06,-2.8925086767912215e-06,-7.94942701662064e-06,-1.805221515282344e-05,-3.784789046300996e-05,3.976785110208327e-07,-3.323771997782551e-07,3.515804521883288e-07,-2.5345358688155315e-06,100mV,1,62
94746.09,0.1025144,0.014165889992161436,0.01739789831226985,0.07829871832737179,0.06617040071937322,-1.1283877431653453e-05,-4.265179715769606e-05,-0.0001469401036936014,-0.00010725263074516081,-0.001388359970685962,-1.982108696013541e-05,-0.006158981823356405,0.0004995864088691343,1.1654003637430788e-05,2.984211587476352e-06,5.277115810908292e-05,3.5090174016382424e-06,5.286507072845926e-05,-0.0002212956962984037,0.00014419675035346672,-0.001013366881516243,-1.5070213274038296e-06,3.1941339131411078e-06,-3.7675533185095738e-06,1.5013865702412491e-05,-4.816943975964234e-05,3.822906521224333e-05,-0.0001988461608500764,0.00019514710850099427,-9.030292764672868e-08,-4.6668174723379113e-07,-6.00921992166413e-07,-2.4870271319545603e-06,3.1576737197361766e-06,-1.0784483267440455e-05,7.641172654197129e-06,-5.2507097920483575e-05,-2.1322440384746293e-07,2.535396550350757e-08,-1.0448632958026794e-06,-9.576884096821376e-07,100mV,1,61
75292.97,0.10139,-0.0011201521588732133,0.02181652019955694,0.01726992303341854,0.09990835455071438,4.56868320450702e-05,-2.957695083181856e-06,7.506269938598884e-05,-0.0001346165583227346,0.0008843784512300151,-0.0007274416254173888,0.0035755473109131317,-0.0036373639115496745,-9.901704645302874e-06,-6.499858115188218e-06,-4.6529835910766036e-05,-1.8335057865298056e-05,-0.00019055422898631852,6.650118306190359e-05,-0.0008215034001303838,0.000373988776569565,2.995260130932391e-06,2.449462084204025e-06,1.4770797746379617e-05,7.781489156088836e-06,8.300770698522706e-06,7.534443724411785e-05,6.864901990975773e-05,0.00033182311532393467,6.23996654203483e-08,9.188754289482427e-08,8.247240505478193e-07,-1.1832990041418631e-06,9.08190272086472e-06,-8.519531858952295e-06,3.670436621530984e-05,-4.5444868943382926e-05,-5.454756502303191e-07,4.955033091495203e-08,-2.608561109970998e-06,1.0606601717798214e-06,100mV,1,60
59824.22,0.1009159,0.018814266340616875,0.009950049756903468,0.09847539161009639,0.022059499767242165,-3.291250610119698e-05,-5.228502219701717e-05,-0.00016212743152827373,1.7342898662945685e-05,-0.0006588113880315064,0.0006184101791758056,-0.002587028603629522,0.003099494299605362,1.1152399764526579e-05,-4.62712999938947e-06,4.264406317727684e-05,-2.9631088694753156e-05,-0.00013154395838760994,-9.56483455532822e-05,-0.0006247597770999917,-0.00036757951651071634,2.904662074592865e-06,2.608561109970998e-06,1.2224108479762442e-05,1.1322547333749593e-05,8.221663127377461e-05,7.5085901327246525e-06,0.0003666160835213496,1.763347535583953e-06,-1.0309206968737645e-06,-1.6086679271993955e-06,-4.1432037960149275e-06,-5.3718018283265535e-06,-5.345285324032058e-06,1.2867133708903959e-05,-1.7704186033958185e-05,6.021345698107133e-05,-1.9369698717238904e-07,-3.7248937873714587e-07,-2.753641743800948e-07,-1.868308698416331e-06,100mV,1,59
47519.53,0.1002623,0.008977811078402332,-0.018482566968979645,0.013508733675939646,-0.09934807186351514,3.364281482364121e-05,7.190281595756145e-05,0.00015375926471466916,-3.416320122042068e-05,-0.00042640748614240033,-0.0005210957132693526,-0.002235398764451945,-0.0020364332793325435,1.2607492937687022e-05,-3.1753513892658403e-06,4.694084172733072e-05,-2.271801505430905e-05,-7.267731885382984e-05,9.802378239633077e-05,-0.00027475296895610666,0.0004698481493028576,-2.1776679151854457e-06,-2.5201727623226794e-06,-8.965893014576303e-06,-1.081099977173495e-05,-1.0161345416519809e-05,7.25303732258645e-05,-1.6489951108139408e-05,0.0003251785212894724,-2.0793358784266912e-06,-2.3511300474452705e-06,-1.0325968714014802e-05,-9.363640578993734e-06,1.1442976457420427e-05,6.8302095645238075e-06,5.3529088190167255e-05,2.5033789762694992e-05,-2.0270828970056967e-08,-3.33285279564907e-07,-4.6098125123764735e-07,-2.2008698564431294e-06,100mV,1,58
37792.97,0.0999132,-0.012267938051652553,-0.015434527945957751,-0.0864913900767206,-0.050018833351661934,6.094045114047876e-05,-9.069417866759394e-05,-0.00012307856439159223,-0.00011371934322998091,0.0003319811094953561,0.00034645912084015063,0.0017608074754434093,0.001266915485871518,-3.848207685738664e-06,1.1919168680375742e-05,-2.795281494378071e-06,5.045759310938818e-05,-8.790773600798071e-05,2.4338836379310085e-05,-0.0003790898890832186,0.00015229201814370708,-2.217442671627189e-06,-2.0373514132937404e-06,-9.18133961196908e-06,-6.560625104196437e-06,5.236788627293747e-05,1.9427758813100396e-05,0.00024132560072985824,6.193261034283113e-05,1.3247203603791728e-06,3.9354911790413785e-06,7.911861968870105e-06,1.1379999759721001e-05,-1.103307549520135e-05,-2.3809611147765784e-06,-4.8344006746247776e-05,-6.7705474298611934e-06,-6.33025965857497e-08,-1.1159028890600203e-06,-2.1135863631404145e-06,-8.02455711212171e-06,100mV,1,57
29941.41,0.099636,-0.01601761482685025,0.009651181132145862,-0.05528946366756153,0.08288790762853322,-0.00012388731777257436,8.48229826750544e-05,8.081457110920316e-05,0.00015753565686794357,-0.0003156193214913067,7.004776551129236e-05,-0.0013135900577015583,0.0006526142600070137,-1.1547937620252806e-05,5.028192126843716e-06,-3.879806520022938e-05,3.0477407123485806e-05,-1.7809147196790565e-05,6.813526263905189e-05,-3.946097780759177e-05,0.00031444817588496647,1.7146853307861714e-07,1.6208213250010393e-06,3.5057028386014307e-06,7.698625080168537e-06,-3.7276680766332703e-05,7.17492412035225e-06,-0.0001611275383455021,4.5306762150182425e-05,-1.9589067547558576e-06,2.3025164562386955e-06,-7.898603716722857e-06,8.809003697500537e-06,-9.12057262296086e-06,1.0672892978534454e-06,-3.9080907912704e-05,1.0598867737378985e-05,-2.453901388964662e-07,5.936264179515208e-07,-2.157780536964574e-06,8.038358952606996e-08,100mV,1,56
23847.66,0.0995495,0.002982301294312802,-0.017296141227039725,-0.03302156627365155,-0.09391314970642424,0.00011420326943335546,0.00016005030535853822,0.00015831126461855757,-9.785915909883578e-05,-0.00017915986612010467,-0.00010613562300175519,-0.0009174909359677664,-0.0001684516178025109,1.08529842368679e-05,-5.95626977715106e-06,3.26396070778328e-05,-3.578844196280414e-05,4.606911164864918e-05,2.6947397489281088e-05,0.00022900647477637386,8.98489650932069e-05,-2.1898213129870894e-06,-1.4971593975149684e-08,-6.1363610354845075e-06,-8.923278782466357e-08,2.111708110752888e-05,3.5686795363008573e-06,9.409823490639981e-05,5.91759987505492e-06,1.0308691001758246e-06,1.425262105829135e-06,3.840473705319436e-06,3.9575882659534585e-06,-1.310357253886321e-06,-6.3993163697382556e-06,-1.4682409398731298e-05,-2.9199090645621996e-05,1.7036854009213381e-06,1.268109833419116e-07,5.59277269744735e-06,2.5798348969852948e-06,100mV,1,55
18925.78,0.0994076,0.01276939829349183,0.009953744389835168,0.09908029936431456,0.008059783183222603,0.0001176581489720591,-0.0002164962090211,-0.00016046683544683094,-8.834304862014868e-05,-9.56196193402965e-05,-8.725587194407436e-05,-0.0005259029345270755,-8.773427387572089e-05,-3.462613519122875e-06,1.2013081299752082e-05,7.182658100771478e-06,4.1696098148748625e-05,-1.2673784198423262e-05,-3.623038370104573e-05,-8.176253613773137e-05,-0.0001591200179995397,-1.4860290948373538e-06,2.523254201092569e-07,-7.142883344329735e-06,4.139889232978115e-06,-2.163304808692594e-06,8.034500801232147e-06,-3.650438757875552e-06,4.111052534557851e-05,-1.1247417238248522e-06,-4.5425180438944263e-07,-3.532219342895926e-06,-3.082543624235106e-06,-4.031613507108925e-06,-3.985209624593558e-06,-1.979567531018652e-05,-1.725009089791495e-05,5.481713843481583e-07,6.190112199398142e-07,7.299772661405499e-06,3.4670329365052908e-06,100mV,1,54
15058.59,0.0994388,-0.014652169535292118,0.001539625579142603,-0.07235789441397228,0.06820853657925233,-0.0002350688105707029,-0.00018405768543416714,-0.00011412151021178077,0.000147605226009655,4.576306699491687e-05,-8.137141769938756e-05,-0.00011842160332487145,-0.0002496672510391683,7.204755187683557e-06,-8.817842532265369e-06,1.1523630824649517e-06,-2.817599552159271e-05,-2.2762209228133208e-05,-2.8019106204516945e-06,-0.0001157732674584587,-3.08364847858071e-06,3.218224157292657e-07,-9.309247494705306e-07,2.313564999694735e-06,-5.482287262886952e-06,1.2816310409006174e-06,-2.158885391310178e-06,1.450443946074141e-07,-8.270939631191399e-06,-2.0970135479563554e-06,-4.5648460453647376e-07,-1.0831992004301425e-05,1.413108708027491e-06,3.20849701963396e-06,-1.69595142050211e-06,1.406369096519307e-05,-7.068858103174268e-06,5.79848442320101e-07,-1.2341223040396464e-06,1.7445650117086852e-06,-3.907869820401279e-06,100mV,1,53
11863.43,0.0993994,0.0016585399475056138,0.013014642812585546,0.07445133928239232,0.06585764959976309,0.00024530860064576063,0.00023810495031242264,0.00010524511039919838,-0.0001282537021464013,5.082992902385673e-05,8.045659830122747e-05,0.00013208091759957344,-2.1551288865351246e-05,1.0518213370149896e-05,-8.153825070557377e-06,1.2860504582830334e-06,-2.2553391756814054e-05,1.1359007527154526e-05,1.0293927937992287e-05,4.6926478620837866e-05,5.047085136153544e-05,-1.761137826892745e-06,4.3859060452594084e-07,-5.0038853312404285e-06,4.452563012784041e-06,7.396663968097587e-07,-2.8914038224456173e-06,3.173141680574632e-06,-1.1981040523729564e-05,-1.4363106492851747e-06,1.5026019100214136e-06,-7.09426975312316e-06,1.0771225015293206e-05,-3.1930290587955036e-06,-8.634342798275731e-07,-1.528565987143107e-05,-2.673747516361633e-06,7.471598504379486e-07,8.707154909359725e-07,4.090170787425936e-06,2.282629078017824e-06,100mV,1,52
9432.87,0.0995159,0.0108392619458955,-0.004106159134661172,0.0416042184613682,-0.09040185630483406,-0.00033361960848988674,-0.00016337812664749741,-4.688228444701371e-05,0.0001334266301925191,-7.114709558516832e-05,9.263761746151137e-05,2.222745972486088e-05,8.342865649090218e-05,3.98852418763037e-06,-1.5813780248629774e-05,-1.1572244415856092e-05,-9.268623105271793e-06,-1.8001391852925656e-05,-1.0699409482828949e-05,-5.922129777871896e-05,-3.574203808028877e-05,1.007238696402916e-06,-2.3500251930996667e-06,-8.405498737088162e-07,-5.415996002150713e-06,-1.595409675052148e-06,-3.482500897343747e-06,-6.238007635280074e-06,-1.4325541445101212e-05,2.4130018907990937e-06,2.42472991967768e-07,1.1781061887175246e-05,-2.389693883524232e-07,1.6263455967290595e-06,-2.5732057709116706e-06,6.252370741772926e-06,-1.2554459929098032e-05,5.781358075989802e-07,1.0650795891622372e-06,4.991731933438784e-06,4.224963017589622e-06,100mV,1,51
7558.594,0.099597,-0.009705300212556583,0.003026937409875203,-0.04273300395209796,0.08996364897428061,-0.00028658706385187093,-0.00025525118490185084,-6.166744529988618e-05,9.937280955231323e-05,0.00012591030607937522,-6.335345303127784e-05,2.7521921748995157e-05,-8.655318458027023e-05,1.445259969484567e-05,-1.4986244343772393e-05,-7.543945471783979e-06,-8.289722155066665e-06,2.1754582064942376e-05,1.5815989957320983e-05,6.877607815950219e-05,3.3063871146544724e-05,3.179770806648256e-06,-2.1820873325678615e-06,3.0615513916686304e-06,-6.677739664830458e-06,1.3291397777615886e-06,4.175244572037443e-06,6.0546018139098135e-06,1.3826147280888212e-05,2.278209660635408e-06,9.728040324697804e-07,1.216555119944543e-05,1.5202795795510773e-06,-1.6871125857372784e-06,2.5831494600221064e-06,-6.238007635280074e-06,1.3793001650520093e-05,7.983513982891214e-07,9.57086374549218e-07,4.2956736957082764e-06,3.389693132313012e-06,100mV,1,50
5960.648,0.0996836,0.003278215538550262,-0.008120046358649225,-0.04615786459823155,-0.08835313594032405,-0.00024255861817955228,0.0002910738773493687,7.814082359284153e-05,3.882347685017827e-05,0.00015764061803077593,5.028413097712836e-05,9.046326410936272e-05,-5.3764422165780906e-05,-1.694846566156506e-05,2.019231802025835e-05,5.59277269744735e-06,8.676421176028059e-06,2.663251400078395e-05,-2.0383457822047838e-05,4.079011758535336e-05,-7.303750137049674e-05,3.5244853624766982e-06,2.8582581920774978e-06,9.170291068513039e-06,-1.634836402375026e-07,-1.7810252051136166e-06,-5.537529980167151e-06,-8.563726032776453e-06,-1.3910116211154114e-05,2.17324849780303e-06,-1.882671804909183e-06,7.87429692111957e-06,-9.850881345405091e-06,-3.353232938908081e-06,-8.752880411306892e-07,-1.52657724932102e-05,8.124792812917941e-08,-1.590384797488341e-07,-1.2009766736715269e-06,-3.1024310024559775e-06,-5.919809583746128e-06,100mV,1,49
4746.094,0.0997592,0.0025335956377674222,0.007108103634384467,0.09420233428284264,0.03283012816118874,0.0002031175277501814,0.0002975516383776448,3.753632153754964e-05,-5.0304018355349235e-05,2.222966943355209e-06,0.00018555918248984294,9.787020764229181e-05,5.9898573492574205e-05,2.89217722048754e-05,-9.621071641519463e-06,6.468553172159874e-07,-8.807898843154933e-06,2.009177627480839e-05,-3.3016362409683755e-05,-9.243211455322901e-06,-8.72105729159046e-05,-5.101112513653578e-06,8.03866720696942e-07,-1.6307650141114755e-06,7.69972993451414e-06,-5.5275862910567145e-06,3.4581941017404596e-06,-5.688895025514896e-06,1.3995189995765622e-05,2.5433747035803636e-06,-5.363743020729718e-07,9.39015708328823e-06,-7.682052264984477e-06,3.5300096342047182e-06,-2.7941843740128863e-07,1.2902489047963287e-05,-5.874510555576364e-06,-1.2893650213198453e-06,4.237321918299548e-08,-6.4214134566503355e-06,1.586570840287316e-06,100mV,1,48
3761.574,0.0998393,-0.00615451931665451,0.001981095544578622,-0.034041965553077556,0.09385647067849476,-0.0001226852362445572,-0.0003076787333094509,-2.780365960712417e-05,3.155022069306727e-05,0.00018834120573207378,7.524500035301349e-05,8.086649926344654e-05,-8.452467200174133e-05,3.275672163846682e-05,3.7752872989288017e-06,4.159776611198987e-06,-7.870982358082757e-06,2.6741894580998746e-05,3.27246808624443e-05,9.006330683625409e-05,-2.1489417021997424e-06,5.48449697157816e-06,1.7213630704510017e-06,2.431784414674361e-06,-8.31071438763314e-06,1.3910116211154114e-06,7.045656161916584e-06,1.3799630776593716e-05,8.230060020404051e-06,2.4848174232633524e-06,-6.312819532729611e-07,1.0169079396939038e-05,-7.81905420383937e-06,-6.376203921682565e-07,3.7101008925381667e-06,3.1477300306257403e-06,1.5761852094386387e-05,1.133580558589684e-06,2.9660488868889676e-07,6.381638700208592e-06,-2.5886969336913843e-07,100mV,1,47
2993.223,0.0998754,-0.0002336468630279106,0.00554339344217927,0.0768823171533944,0.06375111220734764,-0.00013616003984354334,0.0002638005478281344,2.5527659655179972e-05,-6.27557268303061e-06,-0.00021259717803546357,-3.623590797277375e-05,-3.913946519302101e-05,0.00010776859772455787,-9.49511824612061e-06,3.2084970196339594e-05,4.643702814573531e-06,2.027407724183304e-06,1.1079479377716718e-05,4.4183125280703184e-05,9.04577398376347e-05,1.515197249561299e-05,5.170718337426629e-06,-1.930180541770154e-06,-4.8039066946861075e-06,-6.3440736524580565e-06,6.187184335382291e-06,-4.727671744839433e-06,-3.0759144981614817e-06,-1.8166015150420647e-05,-2.1423125761261182e-06,8.579368560601516e-07,-7.287619263603856e-06,1.0184547357777492e-05,-3.3687008997465367e-06,-6.674272631893953e-07,-1.4418349210131947e-05,6.073384337785081e-06,9.342817389142137e-07,4.9512511750702e-07,5.715411529809392e-06,1.0478678367101147e-06,100mV,1,46
2372.685,0.0999963,0.002090644062653948,0.004276823775717927,0.09815343705378739,0.01910927349943659,9.518430672812853e-05,0.00024321711136953225,1.1730238587277462e-05,-2.070828499965541e-05,-0.00011635884026162882,0.00019557358227839742,0.00010970209282936483,6.094928997524359e-05,3.3203082794090825e-05,5.725355218919827e-06,5.023772709461299e-06,-6.2059668592575596e-06,3.0151475091532633e-05,-3.735733513356179e-05,-6.679617917217986e-05,-6.815404516292715e-05,-5.786122207928046e-06,-8.141347950432471e-07,1.7445650117086852e-06,7.288724117949461e-06,-6.356227050259701e-06,5.534215417130339e-06,7.741714399647091e-06,1.805442486151465e-05,4.455645556408277e-07,-2.1456271391629303e-06,-4.865778538039931e-06,-1.2574347307318903e-05,1.7975980202976764e-06,-3.123423235022453e-06,-3.411790219225092e-06,-1.7735121955635097e-05,-3.578354745805311e-07,1.0683941521990493e-06,4.77825529134422e-07,5.351914450105682e-06,100mV,1,45
1886.433,0.0999073,0.003596347298823472,-0.0019525516325599433,0.01527737346383904,-0.09873236968234042,-7.10012548115486e-05,-0.000213059007151926,-1.5876756946329202e-06,1.3391939523065848e-05,-0.00018088564860793812,-0.00014901722986333687,-5.107410183423522e-05,0.00010150738814802012,2.979681684659375e-05,8.585823119688533e-06,4.0172504006160735e-06,-5.859042594737909e-06,-3.643478175498247e-05,-3.339422259588031e-05,-5.339540081434917e-05,7.418765474427048e-05,5.162984357007401e-06,1.3169863799599449e-06,-3.532219342895926e-06,-4.856939703275099e-06,-5.687790171169292e-06,-6.25347559611853e-06,-1.4377469599344599e-05,1.1554566746326428e-05,-1.7889514301889794e-07,-1.7434601573630812e-06,-8.626702730475881e-06,-9.259784270506962e-06,-2.7665552813923675e-06,-9.358253309204571e-07,-1.3069322054149485e-05,8.480861956856155e-06,-5.4422539705283366e-08,-1.2418562844588741e-06,-1.8296387963201917e-06,-5.692209588551707e-06,100mV,1,44
1506.696,0.0999351,0.003138924341491277,-0.0016429835983195098,0.017546479124666673,-0.09838268328195676,-3.1640818749406796e-05,-0.00018900190863074495,4.602823203786183e-06,9.596764845916176e-06,-0.00013057610598086084,-0.00020001288703903422,-5.5850387170281216e-05,8.701059427935028e-05,2.3259393683655e-05,1.6185011308752713e-05,5.555207649696814e-06,-1.994262093815185e-06,-2.382286939991303e-05,-4.4054962176613126e-05,-6.11161229814298e-05,6.976602765316335e-05,4.030508652763321e-06,2.8394756682022303e-06,-3.5598407015360257e-06,-3.6791649708612555e-06,-2.6549649924863655e-06,-8.483071665547364e-06,-1.4696772505224148e-05,7.0224542206589015e-06,5.092336655586446e-07,-1.761137826892745e-06,-5.894397933797237e-06,-1.1004349282215645e-05,-1.995366948160789e-06,-1.6771688966268425e-06,-1.4367525910234163e-05,5.714306675463787e-06,4.253463840288822e-08,-1.1103786173320005e-06,-2.952170811453836e-06,-6.271153265648194e-06,100mV,1,43
1185.994,0.0999473,0.0016535692078047414,0.0025629140526823697,0.09947793644329744,0.009675329933577729,3.532440313765047e-05,0.0001561026607816952,-1.0274040559771415e-05,-4.33544845215002e-06,-0.0001989544365759456,0.00013596558547871707,8.979482723027232e-05,2.910738773493687e-05,2.2205362637948802e-05,1.1328071605477614e-05,4.011726128888053e-06,-3.3642814823641205e-06,3.9623391396395556e-05,-3.099558381157407e-05,-8.67144933147284e-05,-2.0867384025422382e-05,-4.2989882587450885e-06,-1.310357253886321e-06,5.624813473469864e-06,1.4429397753587987e-06,-7.1152619856896355e-06,5.054708631138211e-06,1.426366960174739e-05,3.734407688141454e-06,-6.302272593146475e-07,-1.4650368622708782e-06,-1.2757753128689165e-05,-3.082543624235106e-06,-3.082297241716036e-08,-2.222966943355209e-06,-1.5180698708598693e-05,-5.688895025514896e-06,1.639235932379221e-07,7.768586667040873e-07,4.441514469328002e-06,3.0206717808812826e-06,100mV,1,42
948.6607,0.0999737,0.0014639784118077896,0.0022192999317821494,0.09948515114217422,0.009871198511966403,1.7837873409776268e-05,0.00013260903797677218,-1.5234836571533288e-05,-2.917920326740113e-06,-0.0002203278438916546,9.937170469796762e-05,8.367945842735429e-05,2.911291200666489e-05,1.7915213213968545e-05,1.2997506521685228e-05,5.06244261155744e-06,-8.559227065881154e-07,4.576417184926248e-05,-2.436314317491338e-05,-8.518979431779493e-05,-1.9671931623478874e-05,-3.8006989488776933e-06,-1.713629090031774e-06,5.990520261864782e-06,7.374052019060456e-07,-8.468708559054511e-06,4.291254278325861e-06,1.3305760884108738e-05,5.970632883643911e-06,-4.846116550105562e-07,-1.3324543407984007e-06,-1.2185438577666301e-05,-2.4163164538359054e-06,5.556957738980251e-07,-1.6639106444795949e-06,-1.3447182240346047e-05,-1.805332000716904e-06,4.7083876170912614e-07,5.323895343901165e-07,4.913287274900902e-06,3.8788276190727326e-07,100mV,1,41
752.3148,0.099948,0.0023055238697674294,0.00020442678014972212,0.07056120237423799,-0.07078642693258937,0.0001069156501697516,-2.8148374162952614e-05,2.358864027864499e-06,1.6434708390859212e-05,0.00023218735043736773,5.304516198679271e-05,-6.781706458751793e-05,-5.113044940586101e-05,-1.843559961074802e-05,-6.4103649131942955e-06,-4.543161069123569e-06,2.4107921821078854e-06,-2.714953059180933e-08,5.363183964430843e-05,2.233021117900205e-05,-7.439978677862645e-05,-7.032150422395921e-07,-4.0691785548594605e-06,1.3766485146225598e-06,3.5863572058305206e-06,-8.413465841774312e-06,2.0936989849195433e-06,1.8621215140809488e-05,2.504704801484224e-06,-1.2065009453995469e-06,-4.545090144810993e-07,-8.088638664166741e-06,8.846568745251073e-06,-1.2418562844588741e-06,1.3600745945841545e-07,1.4650368622708782e-06,1.7035749154867775e-05,5.174976446074587e-08,-6.248128101085808e-07,-4.152042630779759e-06,-1.9246562700421343e-06,100mV,1,40
599.564,0.0999758,0.0006355343166783217,-0.001924687205963811,-0.051749919140354254,-0.08554009943661213,-8.679735739064872e-05,-2.694518778058988e-05,7.047865870607792e-06,-2.1859543227774753e-05,-0.00020867384025422382,0.00011002029088089879,7.741382943343411e-05,-1.3187541469129112e-05,-3.1035358568015812e-06,-1.626787538467301e-05,-4.048186322292985e-06,-9.352156722925528e-07,1.2522419153075516e-05,5.179667657626021e-05,-7.135149363910506e-06,-8.27414370879365e-05,-3.5377436146239457e-06,1.9645006323076505e-07,4.3586503934077035e-06,-5.061337757211835e-06,1.0948001710589845e-05,-3.126446116512026e-08,-1.0085110466673134e-05,-5.270155228530987e-06,8.350154373208167e-07,-3.6629744352807743e-07,-7.1163668400352384e-06,-1.0006665808135252e-05,-4.129803017657097e-07,-1.2098155084363587e-06,-6.104320259461993e-06,1.4684619107422506e-05,-3.25360822256497e-07,-2.5788029630265005e-07,-5.116580474492034e-06,2.5400601405435515e-06,100mV,1,39
474.0168,0.0999807,0.0010387442809804209,0.0014356134861930987,0.09952689253935115,0.00951484763017006,-5.153040667896965e-06,7.373466446257285e-05,-2.046742675231374e-05,6.178794071481775e-07,-0.00022966938738373628,2.8726212985703494e-06,7.682273235853597e-05,-8.231807899978797e-07,9.582401739423323e-06,1.0909331808493704e-05,3.0173572178444713e-06,-1.3269300690703807e-06,5.4639466807499254e-05,-2.8041203291429024e-06,-7.810657310812781e-05,1.7603644288508223e-05,-2.9355979962697764e-06,-1.9036640374756583e-06,5.031506689880528e-06,-1.3412931755632323e-06,-1.0780063850058038e-05,8.614605680245862e-07,1.290911817403691e-05,-4.805011549031711e-06,-1.958989618831778e-07,-6.068726271864015e-07,-1.1325861896786403e-05,5.880034827304385e-06,8.488085494567713e-07,-4.048236040738537e-07,-1.3029547297707744e-05,7.587034791262535e-06,4.1108868064060105e-07,2.192361373127633e-07,4.144308650360531e-06,-3.5068076929470345e-06,100mV,1,38
377.1552,0.0999408,0.0012028162561569576,0.0009900699227848374,0.09882693416578067,-0.014879305491661384,2.103311217726298e-05,5.625807842380909e-05,-1.7796993798988917e-05,1.1979935669383963e-05,-0.00017925598844817223,0.0001326156671028458,4.707563395749441e-05,-5.816505702432156e-05,1.26848327418793e-05,-1.2020815280171308e-06,2.1388289703744289e-07,-3.1775610979570482e-06,2.2689288841323346e-05,-5.051946495274201e-05,6.709780440852974e-06,7.951857696180969e-05,-2.204184419479941e-06,2.515753344940264e-06,-2.0307222872201163e-06,-4.614976601587827e-06,1.0188133714983324e-06,1.1584397813657735e-05,-8.613444478328633e-06,-1.0576770650466907e-05,-2.922895485858367e-07,1.4901502015464567e-07,1.1558986163708845e-05,5.191710569993105e-06,-6.883977301252626e-07,-1.1501533737737438e-06,1.4251516203945746e-05,1.248485410532498e-06,-2.162701558219894e-07,-2.490462124115043e-07,-5.562941630116043e-06,1.7832349138048245e-06,100mV,1,37
298.2954,0.0999449,-0.0013333150223336261,0.00030976911773133363,-0.04915787560285004,0.08702008497817902,4.15502573751289e-05,-2.498517617148842e-05,1.547679967322056e-05,1.2955522056552277e-05,-0.00021357386927697746,2.4948715978083484e-05,6.051066280003881e-05,-4.422952916321855e-05,-9.547046400363996e-06,5.9507455054230394e-06,9.245656497989723e-07,3.1455203219345324e-06,-4.228056609757313e-05,-3.667122058494172e-05,7.739394205521324e-05,-1.3075951180223111e-05,-3.2769979890614064e-06,-8.794014138593729e-08,2.868886890882208e-07,-5.617079493050637e-06,-3.938765967321749e-07,-1.2513580318310686e-05,1.320632399300438e-05,6.235797926588866e-06,-1.4593446526823266e-07,-1.074443782168404e-07,6.801483351538104e-06,-1.0692780356755325e-05,1.6694349162076144e-06,-1.077232986963881e-06,9.954737653891865e-06,1.0743603656653107e-05,1.9992615597290429e-07,7.126428748560655e-08,5.958479485842268e-06,-2.8659921724967257e-06,100mV,1,36
236.7424,0.0999033,0.0005687779122625836,0.0010632676280354467,0.09654610600034617,0.025681035535436714,-2.13723024613634e-05,3.265728474736246e-05,-2.1656250028183627e-05,-1.6628057901339907e-06,-0.0001466417930202883,-0.0001446320629656347,7.482294599299277e-05,-1.5799417142136922e-06,-2.170109606607169e-08,1.0075166777562698e-05,2.0086252003080367e-06,-5.066677518264139e-07,2.4452636376907295e-05,5.0323905733570114e-05,-7.73011342901825e-05,1.3905696793771699e-05,3.027464425398056e-07,-3.2328038152372473e-06,5.010514457314052e-06,-1.6605960814427828e-06,-1.8793572418723708e-06,-1.3274824962431828e-05,1.2845036621991879e-05,-3.7255688533766226e-06,-2.4042083550624315e-07,4.799632013222965e-07,-1.1554566746326428e-05,3.914498946474903e-06,-9.174542548034924e-07,2.624029070809454e-06,-1.3236155060335687e-05,5.327607654502394e-06,2.8037015893459186e-07,-6.906937279408622e-08,4.9674251378354965e-06,-3.2272795435092273e-06,100mV,1,35
189.0121,0.0997989,0.00043686382766919637,0.0009740075503084467,0.09419867721495867,0.03296103130405591,-2.240202671146631e-05,2.2146805357631794e-05,-2.1827502451752242e-05,-2.9389125593065885e-06,-9.152171457245133e-05,-0.00017390849341544898,7.676527993256457e-05,-3.4946542951453903e-06,-2.745563048825892e-06,8.623388167439069e-06,2.6615941185599893e-06,-4.967895805786724e-07,-1.083862113037505e-06,5.5872484257193295e-05,-7.737405467699237e-05,1.4602859885847812e-05,1.656176664060367e-06,-2.671537807670425e-06,4.4326756345631705e-06,-7.915705757138461e-07,6.7407163625298856e-06,-1.2683727887533696e-05,1.4220580282268835e-05,-5.168508628735421e-06,-8.116610261634397e-07,4.864727821557261e-07,-1.1749021111152728e-05,4.911077566209694e-06,-2.95327566579944e-06,1.7854446224960326e-06,-1.3072636617186297e-05,6.508696949953049e-06,4.569694146233248e-07,-7.623329256515626e-08,5.067966883285458e-06,-3.260425173877347e-06,100mV,1,34
149.6011,0.0995643,-0.0006017655484592817,0.0007225913148401874,0.011072739766208532,0.09894666723121376,-1.0287717551715648e-06,-2.509345189735761e-05,1.3182017197401093e-05,-1.749978798002145e-05,3.46946361606562e-05,0.00018281914371274507,-7.619738479892413e-05,1.1036390058238163e-05,8.104106625005197e-06,7.343079637190139e-07,-1.6473378292955349e-06,-2.9300737245417564e-06,3.032051780641004e-05,4.692979318387468e-05,-1.2715768663556212e-05,8.093500023287399e-05,2.5743106252572748e-06,-1.60424850981698e-06,4.77959989908282e-06,-2.3677028626293305e-06,1.2719083226593025e-05,7.66326974110921e-06,1.2610807500723836e-05,5.3938989152386334e-06,4.613159116189309e-07,-1.1026446369127726e-06,-1.1203223064424363e-06,-1.2193172558085528e-05,3.8084329292969208e-06,3.2568852205540314e-07,1.0757966763145958e-05,-1.0668473561152037e-05,-1.8044945211229365e-07,-4.7287301953025217e-07,-5.367382410944138e-06,-1.198766964980319e-06,100mV,1,33
119.1737,0.0989734,-3.1037568276707024e-05,-0.0008298770912157162,-0.07351295334104051,-0.066268975824088,-1.961226948881626e-05,-3.012937800462055e-06,-1.9108455907220844e-05,-1.0390050266059832e-05,-0.00013002036424502203,0.00011639971987241616,-7.226078876553714e-05,-3.5304515759429596e-05,-6.886557136149611e-06,-2.2439591759216848e-06,3.048293139521382e-06,1.8340582137026078e-06,4.514766312441546e-05,2.974820325538718e-05,6.559409764416273e-05,4.54349252542725e-05,5.813751300548564e-07,2.7499824662083075e-06,2.6825863511264647e-06,2.5168581992858678e-06,3.4570892473948554e-06,-1.4820516191931794e-05,-1.093032404106018e-05,-1.1090527921172757e-05,6.332825130365462e-07,-9.330223154456597e-07,-8.224535748676032e-06,-1.0632013367747106e-05,-3.7101008925381667e-06,7.591229923212793e-07,8.742712436764299e-06,1.3459335638147691e-05,-3.043520168748373e-07,1.1840746118924773e-07,2.7709746987747837e-06,4.951957176997041e-06,100mV,1,32
94.69697,0.1006785,0.00017492495941340462,-0.0002514383325551715,-6.091062007314745e-06,-0.050339263208974,2.7665552813923675e-06,-3.030002275829909e-07,-4.210570080029439e-08,-3.8949573876642054e-07,2.3644987850270787e-05,-7.68304663389552e-05,4.4422944964959985e-07,-1.8384776310850238e-06,2.5997222752061664e-06,9.128084527656621e-07,-3.8369492199569594e-07,-5.2740166944688733e-08,3.0549222655950063e-06,-2.540723053150914e-05,2.0297577493764038e-07,-1.5125455991318494e-06,1.2252834692748146e-06,1.216923036441629e-07,-2.0957153441002705e-07,5.277873740989377e-07,-5.373872325370215e-07,-7.2533687788901324e-06,4.737816517440769e-07,9.761275448267916e-07,4.2386101784665223e-07,-4.6971788697551085e-08,2.486520003809928e-07,-4.729174346749455e-08,-5.085379387772178e-07,-1.8108562724449243e-06,-2.74222086443044e-08,-4.964397836928541e-07,1.0297652401991319e-07,-1.1855407536090937e-08,7.500101536787377e-07,-2.0799722745297592e-07,100mV,1,31
75,0.1000005,0.00015507293653159232,-0.00022178625162785185,4.266947482722573e-06,-0.05000028284719924,2.618504799081434e-06,5.097923904012166e-08,-5.006585595261084e-07,-3.44920390193028e-07,2.3394185913818686e-05,-6.912521213271305e-05,4.355860636185053e-07,-1.4329960862483628e-06,2.3776465517397663e-06,8.898654893665881e-07,2.6229617815116004e-07,2.1202044406705825e-08,3.7277785620678305e-06,-2.3332314070464862e-05,-1.9990947267228567e-07,6.965600625742811e-07,1.1203223064424363e-06,1.5654504446167505e-07,-1.1392816070130005e-07,7.991643501166169e-07,-1.375110557373479e-07,-6.892081407877631e-06,-1.1313586965006744e-07,3.3059959962161285e-07,4.483790616008193e-07,-1.4458720587920317e-08,-5.656898443666205e-07,-2.0517774964842913e-07,-4.0427780602712533e-07,-1.8086465637537161e-06,2.91673481802728e-07,6.205444263152088e-07,1.1509046747287545e-07,-3.272786284295964e-08,4.183558600988113e-07,-2.482609924280836e-07,100mV,1,30
54.50581,0.0999978,0.00029098327929302916,-0.0003830629453100105,-6.520850347754694e-06,-0.09999782565562139,5.1077416397272025e-06,7.266045877651592e-07,-1.1567747658669485e-07,-1.193242693252299e-06,5.350588624890958e-05,-0.00012650029829992774,1.7368310312894575e-06,-4.89892416840805e-06,4.353126121679683e-06,1.80975141809932e-06,-2.779675426746415e-07,-1.0672892978534454e-06,1.1050753164731012e-05,-4.47709077925645e-05,1.4241572514835308e-06,-4.4864002819725097e-07,2.1566756826189703e-06,3.8487744760179594e-07,-5.729390146989973e-07,-3.845283136285851e-08,8.361411734135526e-07,-1.3931108443720591e-05,6.228133551993412e-07,-6.675996204673095e-07,8.297339020925261e-07,-1.6624389784912502e-10,-1.1181125977512282e-06,4.898413725700381e-07,-5.604652091371284e-07,-3.838263996628229e-06,-4.564537791002314e-08,1.272225415856491e-07,2.147534117763443e-07,2.091007559733652e-08,-3.368558373535954e-07,1.849918397833753e-07,100mV,1,29
45.95588,0.0999902,0.0003382898278087548,-0.00037284635717621046,-0.005038648468370512,-0.0998631881050661,3.944330013806211e-06,-6.750660051640321e-06,1.1501533737737438e-06,-2.295864128223814e-07,3.209933330283245e-05,-0.00012661078373448815,-3.0151475091532634e-06,-2.603283220762048e-07,4.691211551434502e-06,1.8893009309828069e-06,1.1258465781704561e-06,5.359420830529715e-07,6.846837622425149e-08,-4.487255439236006e-05,-1.5589494816472164e-06,-8.622252377171787e-07,2.324613543150775e-06,2.975106482814229e-08,4.330959428943831e-08,-2.6013541450746235e-07,-3.939910596423794e-06,-1.3156605547452202e-05,6.590074996778511e-07,9.922001924485965e-07,7.898559522549033e-07,-3.420525197681437e-07,-9.473575796090023e-07,-4.754383808353101e-08,-2.215232962935981e-06,-3.1112698372208096e-06,5.085610302330409e-07,5.919235059486414e-07,1.8342173127283745e-07,-2.0221397786634647e-07,6.930563484735017e-07,3.37812751702323e-07,100mV,1,28
37.5,0.1000013,0.0003074743352555142,-0.00033147840076810627,-0.0036520728374527,-0.09993462798705284,4.001782439777618e-06,-5.0966930962711626e-06,-1.9617429158610232e-07,-8.975447794957086e-07,3.8960478789033166e-05,-0.00011537772960273248,-3.0604465373230263e-06,-2.4141067451446975e-06,4.234906706700058e-06,1.9511727743366297e-06,-2.636647612290597e-07,5.18423733519944e-07,4.957481448725061e-06,-4.234906706700058e-05,-1.7036854009213381e-06,-1.0483746333984434e-06,2.1876116042958815e-06,2.400636360963094e-07,-9.514014569993475e-07,3.1200346467444856e-07,-1.8042271463713005e-06,-1.329250263196149e-05,-4.118579907214451e-07,5.85183673469588e-07,8.030552051800958e-07,-2.0484982887865387e-07,-4.1826846612007395e-07,-1.0529261913605935e-06,-1.5799417142136922e-06,-3.525590216822302e-06,3.5163193840083396e-07,1.0171065925052435e-06,2.161617696106857e-07,-1.4657285010912263e-07,-4.906157649808719e-08,2.4602808179561794e-08,100mV,1,27
30.04808,0.1000013,0.0002752092738008411,-0.00029217431227759026,-0.002436745210686123,-0.09997157431636984,3.931071761658963e-06,-3.4537746843580433e-06,-1.2208640518923985e-06,2.052228277057298e-07,4.3456131121295766e-05,-0.00010357788519168199,-1.2087106540907548e-06,-2.907976637629677e-06,3.8040135119145054e-06,2.011939763344849e-06,-9.014343087339728e-07,9.121947061766791e-07,8.8266813670302e-06,-3.9045552573644674e-05,-1.3335591951440046e-06,-1.134685412935288e-06,2.04839995674978e-06,4.501169974864543e-07,-1.3247203603791728e-06,1.1534679368105557e-06,1.3082723937361663e-07,-1.2903593902308888e-05,-3.4045722057852614e-07,1.2672679344077658e-06,8.157945072412133e-07,-5.7452713233536846e-08,-3.617982556619089e-07,1.395702832666846e-07,-8.873020063139176e-07,-3.7200445816486026e-06,-6.168196308598741e-07,9.066099989159547e-07,2.542075394869933e-07,-8.218334201234156e-08,5.577357769617483e-07,-3.3796709985440385e-08,100mV,1,26
23.91582,0.0999961,0.0002502693966575225,-0.0002570509926308397,-0.0014413520996641657,-0.09998574959762395,3.7487707946343063e-06,-2.6284484881918697e-06,-7.184515360926438e-07,1.1687359190124572e-07,4.536421457615384e-05,-9.232825824474224e-05,-7.071946171070231e-07,-2.9378077049609843e-06,3.3907979866586163e-06,2.0196737437640763e-06,1.5180477737729573e-07,2.826236198578858e-07,1.1436347331346803e-05,-3.545035653304932e-05,-4.1605621626387116e-07,-1.142419393354516e-06,1.8893009309828069e-06,6.063377671976945e-07,2.922291130531322e-07,-4.800404306410543e-07,1.6340795771482872e-06,-1.2161131782063014e-05,1.621872041483709e-07,1.1012613592720764e-07,8.018727900594303e-07,6.271945446213992e-08,-5.185421739057927e-07,4.7180860285369724e-07,-2.70599158558374e-07,-3.7310931251046426e-06,-4.247407028766221e-07,-1.66519117066615e-07,2.788141925596778e-07,-3.181577243503318e-08,-6.397143121240452e-08,5.471836445631884e-07,100mV,1,25
18.8253,0.1,0.00022333525742038862,-0.0002253195758250934,-0.000614121134606171,-0.09999815711192508,3.481396042998143e-06,-1.7456698660542891e-06,-9.631214204412108e-09,-3.209336708936619e-07,4.5832672818689926e-05,-8.169403516830393e-05,-1.6285553054202674e-06,-2.1931358760239015e-06,3.010728091770847e-06,1.9666407351750855e-06,-8.233351381499605e-08,-3.1907254374849196e-07,1.3177597780018678e-05,-3.182422457077706e-05,-5.693529889494704e-07,-1.4031650189170554e-06,1.7158387987229819e-06,7.08658880571252e-07,-5.280550803068776e-07,2.198097776890009e-07,2.790862076995655e-06,-1.1244102675211711e-05,-2.3478143795541133e-07,1.0380590503152773e-06,7.622190151685308e-07,1.5413933460955693e-07,-1.875462630304117e-07,1.4689657243238462e-07,2.5415992026469776e-07,-3.61397856447062e-06,-3.318961461961791e-08,8.606996548367688e-07,2.8460086719477863e-07,1.637823928525539e-08,-8.577543341222576e-08,1.7025429815279834e-07,100mV,1,24
15.02404,0.1000003,0.000199734463743942,-0.00019936323268381905,7.803586243000914e-06,-0.10000030052935553,3.21402129136198e-06,-1.0717087152358612e-06,-9.182066606128486e-08,-1.9194126313178976e-07,4.5170865065673143e-05,-7.270825477550676e-05,-1.0210888190231037e-06,-2.273790243252992e-06,2.6958446032737126e-06,1.8915106396740146e-06,-3.160808191514655e-07,-1.594410886723722e-07,1.4101256012943603e-05,-2.860357415334145e-05,-8.006821990166077e-07,-9.286970316534893e-07,1.5611591903384246e-06,7.664101696431449e-07,-1.8956825696830154e-07,-3.191831396684869e-07,3.564260118918441e-06,-1.0327073568360406e-05,-1.8300332293215723e-07,8.303603545064834e-07,7.119788573943575e-07,2.2007847826585178e-07,-3.4193385841142583e-07,1.4487977130991911e-08,6.428841392415831e-07,-3.432782451791568e-06,-5.212534864699049e-07,5.632896587862304e-07,2.772260749233067e-07,5.3765593311387244e-08,2.9994132784175166e-07,1.0668677959205972e-07,100mV,1,23
11.95791,0.1000004,0.00017860412438426587,-0.00017636900404310903,0.0005070485951193435,-0.09999911833520575,2.9344931419241727e-06,-5.878084759384394e-07,1.5109999079023495e-07,2.2649944978076388e-07,4.361743985575394e-05,-6.457100252013344e-05,-6.249536790376452e-07,-2.6781669337440492e-06,2.405267910379866e-06,1.7987028746432803e-06,-3.786426440441181e-07,-2.0952910800315588e-07,1.4450389986154463e-05,-2.5581797518114568e-05,-4.481190893732986e-09,-1.1302659955528722e-06,1.4053747276082633e-06,7.95622076599176e-07,3.4985179707919674e-09,-1.2456525639903696e-07,4.0724931178962726e-06,-9.389052228942626e-06,-4.01887232679542e-07,3.6573396781181943e-07,6.532210460136193e-07,2.678812168681882e-07,-5.432119141616112e-07,5.256059496789771e-07,9.41245525369121e-07,-3.2040776022515436e-06,-8.273480796186288e-08,1.4884133705151674e-07,2.618290457338387e-07,8.03572166528404e-08,9.46143234197749e-09,4.0750530654150366e-07,100mV,1,22
9.52744,0.1000002,0.0001597044859483642,-0.0001562938005834847,0.0009010495984508336,-0.09999610208284225,2.663803827251197e-06,-2.3355350283570703e-07,-3.408019351343546e-07,-9.782602451701111e-08,4.152595057952561e-05,-5.735961820637626e-05,-6.050481812055057e-07,-1.7014756922301302e-06,2.1478368478541382e-06,1.694846566156506e-06,-2.7086763816435573e-07,-3.228360091059228e-07,1.4384098725418223e-05,-2.2834024760597464e-05,1.6501684661289724e-07,-5.993746436553947e-07,1.2617436626797458e-06,8.008973141576967e-07,-1.5852914189551067e-07,-2.2518235291536936e-07,4.366384373826931e-06,-8.484176519892967e-06,-7.582008808844382e-08,6.051187813981897e-07,5.950465977273602e-07,2.9732271255723567e-07,-2.2013394195400111e-07,-5.816929966500868e-07,1.1534679368105557e-06,-2.954380520145044e-06,-9.56896118630905e-08,3.232012739525795e-07,2.4390410980162884e-07,9.929874011698394e-08,-2.1782391248821227e-07,-8.794142301697817e-08,100mV,1,21
7.524077,0.1,0.0001418887096255,-0.00013801840485284925,0.0012287792284243055,-0.09999247816058866,2.39532422126943e-06,4.681902048718442e-08,-5.947995522956831e-08,-5.552508490530503e-07,3.904665742799028e-05,-5.071833873495073e-05,-6.240018470189074e-07,-2.0185688894184725e-06,1.9058737461668664e-06,1.5821514229049004e-06,-3.196513769401539e-08,-1.3479841734802103e-07,1.4026125917442533e-05,-2.0258609280994585e-05,-2.6479149169070665e-07,-1.4230523971379268e-06,1.1225320151336443e-06,7.891068610085837e-07,1.8631667062918902e-07,1.959105628538066e-07,4.504491167027429e-06,-7.599188189064179e-06,-3.535561527291378e-08,3.4169587278538277e-07,5.348705953086048e-07,3.1451711879613216e-07,1.3855160756003774e-07,-1.1444015020505295e-07,1.2982038560846772e-06,-2.6859009141632767e-06,-1.8808653680541204e-07,8.543277388548016e-07,2.2460318826740378e-07,1.1371437138542568e-07,3.0472601007082427e-07,-3.687952982326189e-07,100mV,1,20
5.98659,0.0999999,0.00012651134684338382,-0.00012247089450151004,0.0014787039105259997,-0.0999889536752262,2.154465973927762e-06,2.3306239507908607e-07,7.517182584970415e-08,2.441688329028355e-07,3.645908855058576e-05,-4.503165341812704e-05,-4.5247674539779535e-07,-2.446147521167213e-06,1.694846566156506e-06,1.4694562796532943e-06,-4.2287824990623747e-07,-1.9042672879483582e-07,1.3467069618566918e-05,-1.8023488939837734e-05,-2.749731664271856e-07,-7.486546078821161e-07,9.996962977272158e-07,7.62302652642493e-07,-3.474850885854785e-08,3.720171639898347e-07,4.510015438755449e-06,-6.807007623266124e-06,-2.092370949996127e-07,-2.1173749086914912e-08,4.793016145401489e-07,3.1875213598826683e-07,1.075331201178793e-07,-1.166434507410564e-07,1.3810679320049758e-06,-2.436203832056777e-06,-2.8228409811748167e-07,-1.2190023723200557e-07,2.0389026287949681e-07,1.209166958935489e-07,6.588531515257703e-08,4.4973957924199607e-08,100mV,1,19
4.76372,0.0999997,0.00011276695878407028,-0.00010876296663560145,0.0016777820907886527,-0.0999856833063632,1.93459995915257e-06,3.6209137351979764e-07,-2.713512329114266e-07,-2.0524116828786683e-07,3.38085429754818e-05,-3.9995727310864095e-05,-1.002325409128015e-07,-2.5864640230589185e-06,1.5081261817494336e-06,1.3567611364016881e-06,-3.1830334415308246e-07,-1.2139344054367706e-08,1.2777640506910036e-05,-1.6024807428640134e-05,-1.5358491869893286e-07,-1.2197591975467946e-06,8.898226210179787e-07,7.268022462075878e-07,-1.1752446159624102e-07,5.391189812383212e-08,4.422731945452734e-06,-6.081118318204309e-06,-1.7522426445562872e-07,3.025201683698259e-07,4.293060715180923e-07,3.1508048402695565e-07,1.0246026977838626e-07,8.42885535795423e-08,1.416423271064303e-06,-2.1942407303695057e-06,1.2090465298118184e-09,2.0833420802838516e-07,1.8517800774060955e-07,1.2472590222088776e-07,-2.431829713702531e-07,-1.6175498512837063e-07,100mV,1,18
3.76506,0.0999999,0.00010011858623559592,-9.632009699540943e-05,0.0018404895708483686,-0.09998300955884684,1.7279921965246256e-06,4.5158225531959437e-07,-1.2320440730155653e-07,-3.021262877956181e-07,3.110275468309766e-05,-3.5410581776607576e-05,-1.4167967118331173e-07,-2.899137802864845e-06,1.3368737581808165e-06,1.244065993150082e-06,-1.2195934693949538e-07,-1.3519395520374722e-07,1.198766964980319e-05,-1.4192958923628735e-05,-2.4664547440394142e-08,-9.295446759074367e-07,7.886094555821929e-07,6.848100470942173e-07,4.954518229370151e-09,2.1963101225588215e-07,4.263632919685761e-06,-5.401632895657861e-06,-9.244319624231541e-08,4.29764586071518e-07,3.822538604727247e-07,3.0715680011658756e-07,2.8350341537329024e-07,-3.978921898512726e-08,1.4142135623730952e-06,-1.9600116091014618e-06,-1.8217755479425282e-07,6.433414384552286e-07,1.661114258130871e-07,1.2520717677383286e-07,1.5847776616844007e-07,6.554576026654254e-08,100mV,1,17
3.008665,0.1,8.936945830721479e-05,-8.583834381866446e-05,0.0019635095779596437,-0.09998072251035145,1.5501106468823848e-06,5.020949806608281e-07,-1.8092995326719682e-07,-1.0039910875394477e-07,2.859694502726783e-05,-3.154248671264804e-05,-6.466084927551795e-08,-2.4306795603287575e-06,1.192137838906695e-06,1.141314539008912e-06,-1.8989750356329152e-07,-1.002762710478005e-07,1.119438422965953e-05,-1.2640638568055143e-05,3.156383249860511e-08,-1.013542553357194e-06,7.021927205136048e-07,6.403782191003187e-07,-1.0750226153600658e-07,-2.2055323417815782e-07,4.0691785548594605e-06,-4.820479509870167e-06,-3.9520396874298355e-08,1.5267562357250077e-07,3.4099926212047944e-07,2.9324679439086804e-07,-1.4747021280862218e-07,6.035071303642571e-08,1.3876970580785996e-06,-1.757823263855933e-06,-9.298855234730555e-08,-1.1271911859090563e-07,1.4960291315194153e-07,1.228902972111013e-07,1.1100847260760699e-07,-4.9550341963495474e-08,100mV,1,16
2.38186,0.1000004,7.93826798773004e-05,-7.617528771201205e-05,0.0020656865078411,-0.09997910942300686,1.3843824950417877e-06,5.30476037148965e-07,8.294573570498213e-08,8.299171974284617e-08,2.6095554788820417e-05,-2.7971597467655977e-05,-1.7454522097482053e-07,-2.502495092793016e-06,1.0573456087430093e-06,1.0378237163396635e-06,-3.824549439636246e-07,2.1709139405707683e-07,1.0358009490037318e-05,-1.1203223064424363e-05,3.033678126237733e-08,-1.3534465733648763e-06,6.213724041618044e-07,5.940946552231877e-07,7.261996586474953e-08,1.189688376822491e-07,3.83605428793702e-06,-4.2768911718330085e-06,-1.0853638310640499e-07,4.5547101115981664e-07,3.031556805894173e-07,2.7783904811424774e-07,-5.947995522956831e-08,1.4964777023837307e-07,1.3368737581808165e-06,-1.5644737533752364e-06,-3.0974746258615977e-08,1.2268987663280875e-07,1.34047447849314e-07,1.1889901088760692e-07,2.5804138406623912e-08,-5.678017734482425e-08,100mV,1,15
1.890121,0.1000005,7.059356355802073e-05,-6.771099857033996e-05,0.002145765245956131,-0.09997745214148845,1.2352271583852502e-06,5.390240742500338e-07,-8.15283401620937e-08,2.3472000805379575e-07,2.3757682993522395e-05,-2.4845964523942316e-05,-2.1711647425072204e-07,-2.7588213009731396e-06,9.394393094849277e-07,9.415842737114833e-07,2.1742262938988893e-08,-2.7616165824675175e-07,9.539312419944768e-06,-9.942584256090222e-06,3.0169572605713625e-08,-8.826710093243187e-07,5.509282169113094e-07,5.464892436069762e-07,-2.630576437661503e-08,4.513731063919715e-08,3.587462060176125e-06,-3.7962795314952775e-06,-4.7397212863325896e-08,5.317297153749218e-07,2.6932614538136905e-07,2.5998029295733954e-07,1.7451428505314362e-08,-1.2737302274752035e-07,1.2738970604813895e-06,-1.3910116211154114e-06,-1.4306107057162037e-07,-9.855274246283213e-08,1.189799967111397e-07,1.1331551896666266e-07,-3.30815709131613e-09,-1.2995959725601382e-08,100mV,1,14
1.502404,0.0999999,6.282422779973354e-05,-6.026538513531473e-05,0.002209011528115885,-0.09997546340366636,1.1070640542951884e-06,5.367823247828033e-07,-8.044019121419525e-09,-6.275756088851979e-08,2.1584434495719367e-05,-2.2094877203388404e-05,2.05800335072177e-07,-2.562157227455631e-06,8.367347011680111e-07,8.54797080980814e-07,2.9428712524268873e-09,-2.1953842546172057e-08,8.753760980220338e-06,-8.833310493103825e-06,9.658224578599088e-08,-1.3291397777615886e-06,4.901380259618328e-07,5.024769288081034e-07,-5.79570681937616e-09,-1.6630820037203919e-09,3.3355552693784176e-06,-3.372015462783349e-06,-1.1182650676509217e-07,3.640966841570689e-07,2.395949568829042e-07,2.425115513844296e-07,3.6405160609976826e-08,-3.4484835368969455e-08,1.203186382362735e-06,-1.2363320127308543e-06,-9.133447490650182e-08,2.252852148549451e-07,1.0661097553540785e-07,1.0703957063315453e-07,3.245646642150548e-08,4.149731275488756e-08,100mV,1,13
1.195791,0.1,5.5950928915731185e-05,-5.369371148766225e-05,0.0022590050824001194,-0.0999745021803857,9.911590881987338e-07,5.235861654497786e-07,5.6748015034823724e-09,-1.2212662188741986e-08,1.9575809295411327e-05,-1.9671931623478874e-05,-3.40076487771031e-09,-2.738933922752268e-06,7.454720749396038e-07,7.74107137441795e-07,-3.754322687720966e-07,-1.2845224447230632e-07,8.006879442592047e-06,-7.855514397244303e-06,6.101311741078913e-08,-9.871384127496464e-07,4.361588201112664e-07,4.590411270067668e-07,-2.8163068725749146e-08,-1.0306480188212693e-08,3.08364847858071e-06,-2.9974698396235993e-06,-8.178558339938066e-08,5.15559288143531e-07,2.1308209860774914e-07,2.2460550846152952e-07,-4.790397640602408e-08,-2.0463371936865374e-07,1.12695143251606e-06,-1.0982252195303568e-06,-1.9748619563607247e-08,3.9471507069505376e-08,9.483033349288393e-08,1.0038611566684046e-07,2.022838046609886e-07,4.96467957478667e-08,100mV,1,12
0.9486946,0.0999997,4.973280865867198e-05,-4.773523200181998e-05,0.002299590801931536,-0.0999733199862359,8.860242422632267e-07,5.363513211025833e-07,-2.0719709193588955e-07,1.1971616116161562e-07,1.7688718073119728e-05,-1.747216662138135e-05,-1.1973682193787842e-07,-2.8107494552165266e-06,6.635832539501699e-07,7.136021093989189e-07,1.509764680743964e-08,7.669342020592649e-08,7.288724117949461e-06,-6.966106649033098e-06,3.451339585380332e-07,-1.1855087128330713e-06,3.8581900447511966e-07,4.275690195159337e-07,-1.9970617947269453e-07,2.6119264963077082e-08,2.832846542128606e-06,-2.6527552837951576e-06,-2.163396511603279e-07,3.3716188200732766e-07,1.8830949641235493e-07,2.1278577667225817e-07,-2.140732634411905e-07,9.744658438910033e-08,1.046399706255676e-06,-9.697513199128766e-07,9.285735089376507e-08,1.7204736627027904e-07,8.275754586429541e-08,9.815672951973729e-08,1.1001551791012578e-07,1.0831128008203164e-07,100mV,1,11
0.7515633,0.1000002,4.42151660567257e-05,-4.251700492753238e-05,0.0023316591993126916,-0.09997305482119294,7.956509132975961e-07,4.79627325601233e-07,-8.362230431205619e-08,2.453142354029232e-08,1.595409675052148e-05,-1.5548615205684817e-05,2.25253063593488e-07,-2.4295747059831533e-06,5.918680422604921e-07,6.282937642098406e-07,-5.967288489539768e-08,1.843757730002665e-07,6.616972675822239e-06,-6.1949183158015196e-06,-3.786631943349463e-09,-1.1291611412072682e-06,3.4445811913482727e-07,3.7903950772505903e-07,-5.522000147485342e-08,5.9154531430614115e-08,2.5941980034781464e-06,-2.3610737365557063e-06,-1.8338924855507673e-07,3.2848126238478633e-07,1.6893631740392736e-07,1.8818641563825464e-07,5.0530425107850405e-08,9.377957281604073e-08,9.683112527588164e-07,-8.655910659956268e-07,-1.5730474230971235e-08,3.857759151556411e-08,7.519803299478186e-08,8.56630034340171e-08,-1.6881633022199476e-07,-3.006667752050752e-08,100mV,1,10
0.5978954,0.0999999,3.9378113731671475e-05,-3.7914181723746196e-05,0.0023564675987888836,-0.0999721377920861,7.141747554062454e-07,4.5297138868832223e-07,-2.590703349183001e-08,2.2425438575049656e-07,1.4390727851491847e-05,-1.3854873493873915e-05,8.044275447627705e-08,-2.6361824686110976e-06,5.287366649526806e-07,5.656051020383126e-07,-9.476610830977398e-08,-6.987968401969564e-08,6.001568805320822e-06,-5.513223184563863e-06,2.221738345322897e-07,-1.3026232734670932e-06,3.0747555059529433e-07,3.430570533391669e-07,-5.087000209097178e-08,-4.658174196792251e-08,2.3699125713205384e-06,-2.0992232566475633e-06,-6.566667552612545e-08,3.2581237622754536e-07,1.5090432108562848e-07,1.724467711162149e-07,-1.8318341419049068e-08,1.863089366487698e-08,8.915685118549021e-07,-7.6880659871876e-07,5.476209459131784e-08,4.0440033437405284e-08,6.694460530496829e-08,7.78852265885295e-08,9.891029542615649e-09,-1.1139307240531173e-07,100mV,1,9
0.4763719,0.0999973,3.5110061394603297e-05,-3.381296239286422e-05,0.0023737475207541298,-0.0999691215397226,6.392264084450266e-07,4.4577701913148736e-07,-2.6648412854817196e-07,-3.3630462552057355e-08,1.2965465745662713e-05,-1.2344537603433276e-05,-1.1070640542951884e-06,-1.5965145293977518e-06,4.7218889371945417e-07,5.216977484022723e-07,-2.6142930943159914e-07,1.9045567597869065e-07,5.432568817334772e-06,-4.9044484401360694e-06,-5.366084207088052e-07,-7.498411109638602e-07,2.7326119461867217e-07,3.182075532813186e-07,-1.931541722323938e-07,3.259280544775301e-09,2.1566756826189703e-06,-1.8616795723427073e-06,-3.113243107082058e-07,3.8785315181081114e-07,1.33145665732432e-07,1.6213770667368782e-07,7.920541704609171e-09,-7.339428093577918e-08,8.163283728610092e-07,-6.797410858420208e-07,-2.064974981642531e-07,1.6324698043667422e-08,5.890600549411396e-08,7.608472280130289e-08,7.236787124871308e-08,4.8716861942258744e-08,100mV,1,8
0.3780242,0.1000002,3.123754691326134e-05,-3.0136007130694175e-05,0.002389814312647903,-0.0999716848018044,5.7332162575888e-07,4.1595821568341605e-07,5.240831289344312e-08,-4.739302546535606e-08,1.1652898783085183e-05,-1.0989986175722795e-05,-1.1048543456039805e-06,-1.6981611291933181e-06,4.215057998381282e-07,4.684627724389048e-07,-1.0370790445107265e-07,-3.026475580758741e-08,4.903343585790466e-06,-4.3619649564445155e-06,-4.537089894494474e-07,-6.132169218097286e-07,2.436155218465571e-07,2.868830543310582e-07,7.562972168469626e-10,-1.6463611380540212e-08,1.9578019004102535e-06,-1.653966955369159e-06,-1.937072623178032e-07,5.201575814445003e-07,1.1841386934445223e-07,1.4706152718618327e-07,-8.342680033560156e-08,-2.3932691921866066e-08,7.459052883285152e-07,-6.032754424079841e-07,-7.831793174444185e-08,9.978621290280786e-08,5.2219913130430735e-08,6.92040434902719e-08,6.817736863816284e-08,-4.175070005050837e-09,100mV,1,7
0.3004808,0.1,2.7818022713617025e-05,-2.6891049917655286e-05,0.0024030847181929524,-0.0999711323746316,5.143829497217665e-07,3.8524989400169896e-07,-1.2531379521818365e-07,-9.894310960022093e-08,1.0470704633288924e-05,-9.796743482470497e-06,-8.489436731432387e-07,-1.8086465637537161e-06,3.7643448214899394e-07,4.2031410394095973e-07,-7.304185449661842e-08,-7.905107994255428e-08,4.423836799798338e-06,-3.8835630247979915e-06,-3.75200691301258e-07,-9.341371134803741e-07,2.1698378124381502e-07,2.582294302758609e-07,-6.360614426866093e-08,-7.336726724702917e-08,1.7743960790399928e-06,-1.4716659883445022e-06,-2.670655029048287e-07,2.8184547094227686e-07,1.0545634750153442e-07,1.3294944360065274e-07,4.671035806229428e-08,-2.2872849342301992e-08,6.797532392398225e-07,-5.361509005242907e-07,2.256029709647408e-09,-8.634908483700682e-08,4.64317248448764e-08,6.291353317648871e-08,8.377406710496836e-08,-1.7009873466093733e-07,100mV,1,6
0.238186,0.0999741,2.3036213105842994e-05,-2.5589531498533795e-05,-0.00441672374752134,-0.09987652369701752,5.032615963643514e-07,2.920042751938018e-07,-1.3278935020597473e-07,-1.2749400429836397e-07,7.410258095965897e-06,-1.0441978420303221e-05,-1.0938058021479408e-06,-1.8649941353795194e-06,4.2283394524697877e-07,2.713269261158233e-07,1.0796013527391178e-07,-3.063775463466331e-08,2.567681499183651e-06,-4.586250388602123e-06,-4.915110284571148e-07,-6.53937433571309e-07,2.6767703978512053e-07,1.3342850844490663e-07,-3.346229267211297e-08,-1.1789237809332715e-07,7.894964326508437e-07,-1.8948252027108267e-06,1.1367095060964347e-07,6.588120509441138e-07,1.3983357005724205e-07,5.066859819231164e-08,1.2169694403241446e-07,7.566059131511243e-08,2.0261404562488966e-07,-7.369625972551966e-07,1.371932996275522e-07,5.565215420359295e-08,6.477695841869747e-08,1.5388046723638193e-08,-2.7216407425348743e-08,-1.3943648540543197e-07,100mV,1,5
0.1890121,0.1000078,2.0818770434215807e-05,-2.2535714087284394e-05,-0.0030026239851458423,-0.09996271338451809,4.450238399240891e-07,2.8311163402233906e-07,1.4548688877282847e-07,-4.6189452383972366e-08,7.046761016262188e-06,-9.027764857930124e-06,-1.032772874698735e-06,-1.9080834548580743e-06,3.641418726998041e-07,2.6529585769947486e-07,-3.0743743312037096e-07,-2.88077180907787e-07,2.616295090390226e-06,-3.9200232182029236e-06,-4.971497630953393e-07,-1.1766698780682394e-06,2.288158874017572e-07,1.4179811156916047e-07,-1.365965677954915e-07,-8.580630304264195e-08,9.00304816136462e-07,-1.6164019076186237e-06,2.0188506272766017e-08,4.2901085443694695e-07,1.1993602717639084e-07,6.198323476894671e-08,-3.309186815566233e-08,-4.4796474122121774e-08,2.839383965291545e-07,-6.34859913585765e-07,4.7332888243324834e-08,-9.373970967125133e-09,5.655044498074282e-08,2.4076102015925463e-08,7.349973928306708e-08,-9.033379727714485e-08,100mV,1,4
0.1502404,0.100006,1.87637413513924e-05,-1.991610443385735e-05,-0.0018851057990325484,-0.09998822447135809,3.944443813803808e-07,2.70917577580777e-07,1.386750197904417e-07,-1.9905475735052645e-07,6.5893513171821395e-06,-7.843360999442658e-06,-8.00697666977446e-07,-2.1235300522508508e-06,3.151612488796193e-07,2.532096350420438e-07,-2.2352440848435605e-07,-1.0544044864750116e-07,2.5533183926907994e-06,-3.362071773672913e-06,-4.059104492936244e-07,-9.42837730966571e-07,1.95726494119829e-07,1.4209244476682938e-07,-4.578942881960298e-08,-9.273388342064383e-08,9.330999867061558e-07,-1.3755436602769556e-06,-2.6763660211607142e-08,5.056361493239234e-07,1.0216387050309108e-07,6.670034410624216e-08,1.131873558625726e-07,4.049791675657147e-08,3.2136268583605986e-07,-5.393359746317979e-07,-8.765845877052554e-08,-6.204210140848049e-08,4.8300000397662364e-08,2.8558783358170666e-08,4.356683752672529e-08,1.5110507312022474e-08,100mV,1,3
0.1193355,0.1000044,1.6857867605225535e-05,-1.7618007395001074e-05,-0.0009943887984218034,-0.09999942769442252,3.5006779610376234e-07,2.6559107478062023e-07,-3.802066758557551e-08,-1.1305355800131995e-07,6.087747444277933e-06,-6.8335241275606205e-06,-7.289368248032947e-07,-2.2318057781200406e-06,2.7361784160143314e-07,2.42183962070958e-07,-1.8819967389040186e-07,3.925928664680176e-08,2.4284698516375496e-06,-2.8914038224456173e-06,-3.3760702782317153e-07,-8.871650043750628e-07,1.6768849490600222e-07,1.4052841295519237e-07,-2.9624216500723497e-08,-4.948345408141261e-08,9.196870549505233e-07,-1.1700407519946155e-06,2.405745207457167e-08,4.879479836779765e-07,8.655237803659794e-08,6.94990506490916e-08,1.4391766414576715e-07,6.201894366139662e-08,3.31682798822043e-07,-4.545235985584612e-07,-2.655992507027777e-07,6.469428216801593e-08,4.040958365164043e-08,3.199686911082114e-08,1.0029941774634091e-07,7.303155725411738e-08,100mV,1,2
0.0946587,0.1000034,1.5105568613097623e-05,-1.5604962777310623e-05,-0.0002829984969373492,-0.10000296322832845,3.1062825247047533e-07,2.5697917709837546e-07,-6.222218161827048e-08,1.3643581148820612e-08,5.573990173572082e-06,-5.972842592335119e-06,-4.539431080852809e-07,-2.1754582064942378e-06,2.3834901263736657e-07,2.2864043653167528e-07,-2.496449329813871e-07,-9.562144234996674e-08,2.2682659715249722e-06,-2.495865966719392e-06,-2.722927897847503e-07,-1.0341618975820283e-06,1.441570860824595e-07,1.3582526897682535e-07,-2.267347837563775e-08,-1.0518448704125509e-07,8.796375212330284e-07,-9.982002144578336e-07,-6.668793659194104e-08,3.603987366623324e-07,7.344696039097757e-08,6.954002969677006e-08,1.2805604370397272e-08,-1.5231411523061914e-08,3.2606174185334817e-07,-3.8340158316693815e-07,-1.7252322703693068e-07,-4.082719649719183e-08,3.379450027674918e-08,3.360315055263403e-08,-2.591475642370578e-08,1.1773537829081682e-07,100mV,1,1
1500059,0.0155072,-0.0017228060102263607,-0.0026317542123939167,-0.012459641329158298,-0.009232044692451882,-3.0703902264334617e-06,-6.9638969403418894e-06,-4.645028639788255e-05,-4.348706704297268e-06,7.051982557899512e-07,-3.0560271199406105e-06,-7.939483327510205e-06,-6.386058117591007e-06,3.9667022094503463e-07,3.8806539433060165e-07,1.868308698416331e-06,1.2606388083341418e-06,7.367492498810604e-07,1.4611776060416834e-07,-5.01824843773328e-06,-3.20297274790594e-06,-1.0196636674027092e-07,-2.095264563527264e-07,-6.614669054511656e-07,-2.2240717977008127e-06,5.304525037514036e-07,-6.060153706996474e-08,7.596928761927418e-07,-1.4517786101236305e-06,5.663302179453325e-07,-3.026733011821266e-08,4.068073700513857e-06,-2.0605533545514237e-06,-3.827070717252914e-07,6.399856643513255e-07,-3.0151475091532634e-06,-9.198942151403242e-07,5.729311702331435e-07,4.266121051672061e-07,2.2859436410546356e-06,-2.3523420726623983e-07,20mV,1,73
1191504,0.0203667,-0.0031974617344300675,0.0029228059926563734,-0.010813275771686894,0.017259007072483974,7.2235377115588245e-06,1.0050859981959412e-05,6.828994224743643e-05,1.0290613374955475e-05,4.290149423980257e-06,-3.0273009069549067e-06,1.426366960174739e-05,-2.2539028650321206e-05,-3.79028459181603e-07,-5.356926069417342e-07,-2.74224848578908e-06,-2.7488776118627033e-06,-7.924606463746648e-07,-2.664893213635963e-07,-1.0392039003881921e-06,3.3344504150328134e-06,-3.6869630328325284e-07,-1.714840010394556e-07,-2.9256543071593406e-06,-2.7168368358401884e-06,-3.52645531777491e-07,1.6338331946292176e-07,-3.6592775926403835e-06,-2.8317416877830024e-06,-3.439969529309722e-07,-1.6250617559794675e-07,-3.0438737221389663e-06,-2.2842233828385304e-07,7.095560222998825e-08,3.4154793278850636e-07,-4.317770782620356e-06,3.5510018667711936e-06,-3.306948380662039e-07,-2.8636399375949347e-08,-3.5057028386014307e-06,-3.592986331904145e-06,20mV,1,72
946464.9,0.0202491,0.004158100547156706,0.001545316683876809,0.02004985810093617,0.0028333348877493635,-1.136895121626496e-05,-1.7500892834367052e-06,-5.29302571348499e-05,2.278209660635408e-05,1.936809667843778e-06,-2.217442671627189e-06,9.516110478687085e-06,-1.1697092956909343e-05,-9.233772684648407e-09,2.8394071672328026e-07,1.478295114418126e-06,2.632119919182312e-07,-8.486479036349204e-08,-1.195452401943507e-06,-1.9843184047047493e-06,-2.8008057661060908e-06,3.763195772970512e-07,1.9062549209161e-07,2.6803766424352567e-06,1.472770842690106e-06,-4.2712022768074943e-07,1.0507164826693854e-06,-2.4792931515353324e-06,5.380640663091386e-06,5.3252068060093965e-08,-1.1327220867631498e-07,3.2626348825685548e-06,2.6328679055742855e-06,5.122868200572866e-07,4.566595029793829e-08,-2.723840507536972e-07,9.730406922706087e-07,6.096681296516487e-09,-1.287119957289578e-08,-1.0256728597030148e-06,1.146838810736932e-06,20mV,1,71
751816.4,0.0202904,-0.0009406475781972802,-0.004432317661755195,-0.007664834214862584,-0.018786976438280454,4.6260251450438665e-06,-7.181553246425874e-06,6.633545491006299e-06,-3.925326519061822e-05,1.9883345502510195e-07,-1.1501533737737438e-06,1.7224679247966056e-06,-3.4261533257179438e-06,9.06887869783874e-08,-3.179792903735168e-08,2.0859650045003154e-06,-2.8372659595110224e-06,5.64528310993087e-07,3.3215335628783574e-07,6.397106661047047e-06,2.8372659595110224e-06,-9.764981129743073e-08,9.393390991957813e-08,1.7478795747454972e-06,2.040665976330552e-06,2.2817794450260542e-07,-1.906486940328677e-07,1.5567397729560087e-06,-1.8597714888878493e-07,-4.812521244018782e-08,-1.5346404763352378e-07,6.278193397538383e-07,-2.512438781903452e-06,8.805460429614186e-09,-8.074373889710649e-08,-3.4536542552343725e-07,-1.6650154988251988e-06,1.982064501839717e-07,2.5842730968915855e-08,-8.791775703689534e-07,-2.2670395832013517e-07,20mV,1,70
597246.1,0.0202003,0.004299705309215385,0.0015285505191822686,0.01983813486268808,0.0038081202555171156,-6.520850347754694e-06,-2.9896375271676127e-07,-2.6178418864740712e-05,5.849098905627473e-06,-2.436203832056777e-06,-8.984168410306939e-07,-8.327287202817203e-06,2.9389125593065885e-06,1.3119957528808517e-07,-7.031249966104255e-08,-1.9943615307062893e-07,9.851928747324724e-08,-2.82947784122886e-07,-9.813342814158849e-08,2.912396055012093e-06,-2.8869844050632015e-06,5.133135612006565e-07,-3.969326238521155e-07,1.3534465733648763e-06,-2.614085381699018e-06,-2.3328424983168338e-07,6.015392742893019e-08,-2.1467319935085345e-06,4.791116900781396e-07,1.4900087801902196e-07,4.652694119238056e-07,-2.2974971029466168e-07,2.733409651024248e-06,-2.0671349718881866e-07,4.0836444128064536e-07,-2.8449999399302503e-06,2.8008057661060908e-06,-3.078644593249469e-07,-7.049514313291433e-08,-2.1279494696332666e-06,1.362285408129708e-06,20mV,1,69
474433.6,0.0201854,-0.00343294265567168,0.0030364999242364055,-0.013143866576847386,0.015319634142558393,3.010728091770847e-06,4.116687291720432e-06,1.7968246222557535e-05,1.3208533701695588e-05,-2.0287158717284994e-07,-3.9658790929628706e-07,6.671110538756835e-06,-1.594304820706544e-06,2.925275342118799e-07,-7.840539201443986e-08,-6.251029448597364e-07,3.968914127850245e-07,4.983947129719659e-07,5.876686013782859e-07,3.523380508131094e-06,-1.2219689062380027e-06,-5.605860802025374e-08,1.4079866032812712e-07,-4.846271229713947e-07,3.116716769144637e-07,-6.168068145494652e-08,4.4948236915033944e-07,-9.85151774150816e-07,-1.4329960862483628e-06,-5.867735588729121e-08,5.999700496622407e-08,-6.848863925294985e-08,-2.0826504414635033e-06,1.189624295270446e-08,1.4258001698954442e-07,1.0743536260538026e-07,2.0881747131915233e-06,-4.0083762105121826e-07,-1.4006161199417469e-07,-3.04497857648457e-06,-1.933548137815555e-07,20mV,1,68
376816.4,0.0201211,-0.0022229492656856793,0.004003861775656045,-0.007424573693721888,0.018701140304170482,3.963112537681478e-06,9.125028500536681e-07,1.6966143331094728e-05,-8.413679078663013e-07,1.7213630704510017e-06,7.170161093268351e-07,1.2650582257165577e-05,3.3709106084377447e-06,5.067191275534845e-08,-6.936417003058027e-07,-2.674852370707237e-06,-3.0593416829774225e-06,1.6605960814427828e-06,-1.2794213322094095e-06,5.324293091465582e-06,-8.309609533287538e-06,-1.0687973135497602e-07,1.1819068876664023e-07,-5.861458911191745e-07,-8.612939559892692e-07,8.87530158736285e-08,1.7395346098731505e-07,-2.436203832056777e-06,-1.0067500193258553e-07,-1.2908499455603371e-08,-6.311738985179611e-08,1.5777320055224843e-06,5.482999893939866e-07,-3.4474549175011884e-07,-1.0388026172898687e-07,-1.3368737581808165e-06,-4.1772311001508387e-07,2.465631627551939e-07,4.833974200847375e-07,2.207498982516753e-06,3.0271440176378313e-07,20mV,1,67
299355.5,0.0201114,-0.0037012631626276806,-0.0026888950694398638,-0.01763760751109209,-0.009663525669749295,-2.7135222728033763e-06,-1.1645164802665955e-06,-1.2373263816418979e-05,-2.727885379296228e-06,2.4096873277622817e-06,-6.695031740193507e-08,1.0816524043462971e-05,-2.37322713435735e-06,5.387678585272883e-07,1.1642601540584153e-07,2.0185688894184725e-06,-2.3986387843062417e-06,-8.594701729209806e-07,1.0275917707304597e-06,-2.1953455847151094e-06,2.95327566579944e-06,-3.194197994693153e-07,1.2989827783983279e-07,-1.8753079506957323e-07,1.3169863799599449e-06,-5.3604505547798184e-08,3.1164980079842075e-07,-1.3048329821583011e-06,2.3665980082837263e-06,-1.7766875469527755e-07,-1.4325917095578717e-07,-9.985696777510033e-08,1.931285396115758e-06,4.4575547447174805e-08,2.3339230458668344e-07,1.4705611339988982e-06,1.2109203627819627e-06,-2.2754000160345368e-07,1.54348925478918e-07,-2.4936562580281845e-06,-2.625945993099077e-07,20mV,1,66
237832,0.0199459,0.001793001826219964,-0.00415571185206151,0.005413468095407971,-0.0191971867597163,2.743353340134684e-06,-4.5353409100653833e-07,1.2790898759057284e-05,-3.98852418763037e-06,-1.6230310336922474e-06,-2.512438781903452e-06,-8.83772991048624e-06,-8.304085261559518e-06,5.134640423625277e-07,-2.8103903775542055e-07,1.4573028818516505e-06,-1.985423259050353e-06,-1.139104830317704e-06,3.609132673310801e-09,-3.0273009069549067e-06,1.994262093815185e-06,-7.43287225471172e-08,2.029552246468122e-07,-1.6130873445818116e-06,2.0155581613267016e-07,-1.8137244743261122e-07,-3.689522980351293e-08,-3.074809643815878e-06,2.4671397537336887e-06,9.489215009352047e-08,2.0023871926727567e-08,-1.0387408559319495e-06,-1.6351844314938911e-06,2.1272014832412925e-07,-2.83166434797881e-07,-3.774696201853903e-07,-2.5290115970875115e-06,-1.3172438110224704e-07,-1.43840545312444e-07,-6.87232440246954e-07,-1.4462543383956107e-06,20mV,1,65
188847.7,0.011194,0.0007442663473922463,-0.0024148701994975096,0.0017416327282754524,-0.011057691650021408,1.7622426812383491e-06,1.942603524032125e-07,8.162663905322208e-06,-9.017944912506398e-07,-7.11408200124853e-07,-4.957481448725061e-06,-3.0029941113516193e-06,-1.9589067547558575e-05,-4.5028957573523766e-07,3.621300434218938e-07,-4.148728067742947e-06,3.4139999279162996e-06,9.265206895635186e-07,-5.433083679459824e-07,3.304619347701506e-06,-1.92907568742455e-06,-8.93665635888293e-09,3.5331164846245564e-08,1.0146112789656968e-06,-8.75910626554437e-07,2.899780828093987e-07,1.125827795646581e-07,1.4694562796532943e-06,-1.6396038488763072e-06,8.294059813227509e-08,-8.909774147800041e-08,2.046190248058572e-06,1.3412931755632323e-06,8.724300039094808e-08,4.010741703666121e-07,7.321368144444675e-07,9.162720606536961e-07,1.74269891271896e-08,-1.6762021490744388e-08,-9.827156808041937e-07,-1.7401455943262696e-06,20mV,1,64
150058.6,0.0126338,0.0021009302566115215,-0.001900412451136546,0.007907212741783803,-0.009853306500693692,-1.6908127429407061e-07,1.4584077361972545e-06,3.4574615833093235e-07,4.365279519481328e-06,5.591667843101745e-06,2.6505455751039493e-06,2.368144804367572e-05,1.0590028902614155e-05,-8.857425044050977e-08,-5.127947215999608e-07,4.010947206574403e-08,5.2158781539488457e-08,-1.870518407107539e-06,-5.346269749253991e-07,-4.029403798417717e-06,-5.0712814463222705e-06,4.1800087039756867e-07,1.3286912068972734e-07,-2.1100176836041139e-07,-4.5478423369858926e-07,5.941666917265212e-07,1.179482837232147e-07,1.3050495336100394e-07,1.8815669505635788e-06,-5.0934315662429395e-09,2.311658021094223e-07,1.0280600080021266e-06,2.902452365901657e-06,5.003137344848454e-08,3.111443299353069e-07,2.286487229392673e-07,1.133580558589684e-06,9.324321022542382e-08,-2.379956802176424e-07,1.790417571905596e-09,-2.449462084204025e-06,20mV,1,63
119238.3,0.0142641,0.0031494690713657217,-0.00034201760637082266,0.013667843750250075,-0.004081094408976799,-2.152256265236554e-06,1.0387767636981816e-07,-8.341650309310054e-06,3.7288834164134346e-06,-7.761601777867963e-06,4.6539547580463897e-07,-3.113369060477457e-05,1.315881525614341e-06,3.662227553743146e-07,1.0295134438937686e-06,1.1225320151336443e-06,4.47134553665931e-06,9.693568869114958e-07,2.0285125785289084e-06,4.567467864726856e-06,6.307613459053126e-06,7.827676487152464e-08,2.3973074348197894e-07,-4.1255769497851616e-07,3.532219342895926e-06,9.153633179544367e-07,-3.5118182074043484e-07,1.9268659787333422e-06,8.383271277363301e-07,-3.03986420571877e-07,-3.2961959381706213e-07,-1.7545087008191212e-06,3.638046711535258e-07,-2.862019116269934e-07,-1.7732337722684175e-07,-2.2892582040914476e-06,-8.86668593317583e-07,-4.2360623843455594e-07,-2.3782045031842963e-07,-3.362071773672913e-06,-1.5821514229049004e-06,20mV,1,62
94746.09,0.0160527,0.0009665796145429512,-0.003382531466444807,0.0010684074104511964,-0.016017106593851273,7.61536325668382e-07,1.8959300570564306e-06,3.5034931299102224e-06,4.799487277303692e-06,4.4956523322625975e-06,8.497434772040215e-06,2.274674126729475e-05,3.666901087625051e-05,-4.313287283685895e-07,-8.450940291468509e-07,-1.313671816923133e-06,-3.639390214419512e-06,-1.2153397801643787e-06,-1.6628057901339907e-06,-7.307506641824728e-06,-7.534001782673544e-06,4.705635424916361e-09,3.0294586874918713e-07,-9.15274045723312e-07,-5.400477218012359e-07,7.617250347906113e-07,7.071237959434699e-07,2.273790243252992e-06,3.5510018667711936e-06,1.3916900016836124e-07,-3.781383885207844e-07,2.3610737365557063e-06,3.548062954211887e-07,-4.34442097429067e-07,-3.7640465108166265e-07,-5.456505486732283e-07,-1.2039012231243406e-09,3.8372309578150886e-07,4.609631316263795e-07,-5.416272215737114e-07,2.735619359715456e-06,20mV,1,61
75292.97,0.0176315,0.0033187007163362286,-0.0018557873841176012,0.012835026641620706,-0.012088553900100288,-1.089386384765525e-06,7.795958328598865e-07,1.136895121626496e-06,-6.953922315309777e-07,6.866895148215242e-07,-7.111947422652823e-06,1.7898640398784487e-06,-3.0281847904313896e-05,-5.475155428086078e-07,-4.500046337995064e-07,-4.9817882443283485e-06,-2.86157275511431e-06,-1.308147545195113e-06,-2.673747516361633e-06,-6.509801804298654e-06,-1.0692780356755325e-05,-3.9450592176743094e-07,3.918391348334466e-07,-1.7898640398784487e-06,2.2262815063920206e-06,-7.932800063573647e-07,-2.745230487667865e-07,-1.9688504438662934e-06,-6.052745658609198e-07,-1.5893042499383404e-07,-1.1205289142050643e-07,-2.1478368478541382e-06,7.314371101873964e-07,-1.6711087705412048e-07,1.3472383967969276e-07,-1.5733037493053036e-08,-1.2319125953484383e-06,-9.094089264296732e-08,2.733242818018062e-07,-1.312566962577529e-06,-1.8332229438173312e-07,20mV,1,60
59824.22,0.019361,0.0017773338867449538,-0.0036604233265967747,0.00306138566351679,-0.019117438373050605,1.7843397681504287e-06,9.185261844895973e-07,6.107634822498804e-06,-7.384846446017006e-06,-2.0042057829256205e-06,-2.104747528375583e-06,-9.197912427153138e-06,-9.316131842132764e-06,-3.703979999463521e-07,4.7420348513322846e-08,-6.865121856990549e-07,5.464684723452789e-07,3.1458617219273244e-07,-4.032299621657545e-07,2.163304808692594e-06,-2.963219354909876e-06,-1.406327112054174e-07,1.509661929289823e-07,-2.104747528375583e-06,5.578231709404856e-07,-3.5864444893238235e-07,4.382665507463751e-08,-1.2076057997451508e-06,1.320300942996757e-06,-1.6599309591267294e-07,1.7672664539478104e-09,-1.398867135512656e-07,-1.265640483956691e-07,-3.2704771387136516e-07,-2.434556494227482e-08,-1.0065210935054461e-06,-2.062763063242632e-06,-1.320330774064088e-07,2.6581536021277784e-07,-1.3788582233137677e-06,2.501390238447412e-06,20mV,1,59
47519.53,0.0157202,0.0028747304655161077,-0.0014010602713886797,0.010957392972527479,-0.011272143878503138,-5.236304701090372e-07,2.0251980154920967e-06,8.111840605424424e-06,4.001782439777618e-06,3.015336439246361e-07,-7.524586213940307e-07,-1.8130659811361322e-06,-3.4206290539899238e-06,1.1282209101591591e-07,-1.2817691476938179e-07,6.939412263188959e-07,-5.700732434973697e-07,-1.763085685104045e-07,2.9830525952678126e-07,2.932580639051932e-07,3.52227565378549e-06,-9.615523062995839e-08,2.1091017593516085e-07,-1.5302232686615131e-06,2.272685388907388e-06,4.36157162829748e-08,-1.5911051625216747e-07,-3.2112282195762927e-07,-1.0849669673831089e-06,2.206214036912816e-07,-1.7833431895306938e-07,6.0503779557465694e-09,-7.779058476528507e-09,1.3793929728170401e-07,4.4212514406296245e-08,1.0031690759063182e-06,-2.730027691872354e-07,4.9951625061818846e-08,8.740120448469511e-08,1.994262093815185e-06,-4.6400645292134567e-07,20mV,1,58
37792.97,0.0150245,-0.002619254995182099,-0.0013117283781292155,-0.014999193236702872,-0.0008724195077931976,-2.0649727719338396e-06,-1.4462543383956107e-06,-9.340438637736051e-06,7.1053182965791984e-06,-6.945073536855836e-07,-7.898727460409566e-07,-2.05944850020582e-06,-2.6306581968830776e-06,-8.541014646848218e-08,1.2623988413066891e-07,-1.9246562700421343e-06,1.8760426788355592e-06,-2.586755704606158e-07,1.1942812563371668e-07,7.206122997363416e-07,2.1224251979052466e-06,1.5801560559567394e-07,-1.1838370682081725e-08,1.2970990017390732e-06,1.8529799492254215e-07,-8.658639650189908e-08,1.5259706842852834e-08,-1.8026880842678737e-07,4.996089478977846e-07,-2.595976818974569e-08,-6.636380547257119e-08,4.943508355816207e-07,1.5302232686615131e-06,1.805081198780452e-07,1.4448876335700986e-07,-2.5930931491325427e-06,1.2794213322094095e-06,3.461731845355083e-08,4.497653223482486e-08,-5.016875103781694e-07,-3.9045530476557763e-07,20mV,1,57
29941.41,0.0215386,-0.0035365426379502744,0.0018040835153063717,-0.012592455870043352,0.01747397858250814,-2.6593844098687814e-06,6.1960231701471225e-06,2.5333205290353672e-05,1.3186436614783508e-05,1.1357902672808922e-06,1.9091883092036785e-06,9.534893002562353e-06,6.689893062632103e-06,-3.1785057484225394e-08,-5.1333035498670964e-09,1.5655786077208406e-06,-3.162917358460413e-07,-1.2263883236204185e-06,4.848379291805359e-07,-7.726246438808637e-06,3.08917275030873e-06,1.5745389764636888e-07,6.530008485425404e-08,1.9091883092036785e-06,7.525928611970215e-07,1.555759767151458e-07,-6.204982434035626e-08,1.936809667843778e-06,-6.244752771059987e-07,1.1944348310912055e-07,-7.038967373708298e-08,-1.3932213298066196e-06,-2.347815484408459e-06,-9.87456721286615e-08,-1.1927631864663067e-07,-5.480326146423504e-08,1.1766698780682394e-06,1.3268648826639901e-08,-1.8351785360090503e-08,-7.560503923861546e-07,1.0071821278604209e-06,20mV,1,56
23847.66,0.0206224,0.0027090686049362467,-0.00228109443533178,0.00658166042608239,-0.01954389005336683,-1.1567824998473676e-06,8.658743506498396e-06,3.3786445888569724e-05,5.99272997055599e-06,-2.150046556545346e-06,4.0525184561820983e-07,-1.0325968714014802e-05,2.38979994954141e-06,4.654121591052576e-08,-1.4365791288911565e-08,2.557737810073215e-06,1.0619030224331912e-08,-9.689609071140315e-07,-1.1711456063402194e-06,-5.835840653480226e-06,-4.319980491311564e-06,1.419587573910113e-07,8.56442319586853e-08,-2.401629625019792e-08,2.0605533545514237e-06,2.512123898414955e-08,-4.986160152973903e-08,1.7710815160031808e-06,-2.0605533545514237e-06,-1.273524724566921e-07,-6.988161751480044e-08,4.912742581708519e-07,1.1302659955528722e-06,-9.56175864083006e-09,-6.294439175836144e-08,2.18429704125907e-06,6.520722184650604e-07,-1.0302139215488815e-07,4.2885142395487626e-08,-1.595409675052148e-06,-1.8620342305876462e-07,20mV,1,55
18925.78,0.0200114,-0.00029287037051532077,0.0031269698174718422,0.01006470380690983,0.017296229615387373,9.9370599843622e-06,4.516644564829073e-06,1.2816310409006174e-05,-3.194465369444789e-05,-2.2240717977008127e-06,-2.40803888507864e-07,-1.2603073520304605e-05,1.0407987576360714e-06,-1.749648446552809e-07,-4.395496180979251e-09,1.1125883260232084e-06,-1.249590264878102e-06,-1.4374155036307787e-06,1.1457339563913278e-06,-5.231485326434848e-06,4.756397957825136e-06,-9.767393026779526e-09,-9.619751340576465e-08,1.2341223040396464e-06,-1.6893222944284863e-06,3.326327525883933e-07,1.2990590133481747e-07,2.387590240850202e-06,1.0178216542377183e-06,2.0869715268091605e-07,-5.15542715328347e-08,2.3544446104820826e-06,1.543481520808761e-06,1.586618349024177e-07,7.372820106465107e-08,1.7368310312894575e-06,1.709209672649358e-06,1.4241473077944205e-08,2.1876624275957793e-07,1.2719679847939651e-07,-1.4310990513369607e-07,20mV,1,54
15058.59,0.0197183,-0.0027788224791916085,2.1631943232580332e-05,-0.015104949894664084,0.012674855907138497,-1.1497114320355022e-05,-6.0358192900345456e-06,-1.362285408129708e-05,3.335223813074736e-05,1.3401883212176284e-06,2.0240931611464925e-06,4.7298814535306405e-06,1.175454538288075e-05,-2.1207447144455832e-07,-2.5436089327016314e-07,2.5271642806216615e-07,1.6150285736670377e-07,-1.9003494744388466e-06,4.1305278021078127e-07,-7.385951300362611e-06,4.848100868510267e-06,3.6309988456646495e-08,5.044425751743675e-08,-9.421302927290807e-08,-4.2397415493164205e-07,-3.9759630985751984e-08,-2.1132714796519177e-07,1.412003853681887e-06,-1.704790255266942e-06,-8.264477338123961e-08,-6.2381667343058414e-09,-1.412003853681887e-06,-4.5047541223616827e-07,1.5710664192554554e-07,-1.2269374362301838e-07,8.448920617724744e-07,-1.035530480659928e-06,5.731395457627244e-09,-1.788643175826556e-07,1.8307436506657957e-06,-2.7439698488595304e-07,20mV,1,53
11863.43,0.019581,-0.0008258896718824315,0.002276794342218689,0.007751663613029256,0.017981283503835665,1.2374368670764583e-06,1.4415034647095135e-05,3.0665232362238485e-05,-2.829531979091794e-06,-2.738933922752268e-06,-7.002335927879797e-07,-1.1777747324138434e-05,-2.5466892666171752e-06,6.35051716300162e-08,-1.986952377464669e-08,1.4860290948373538e-06,-2.039561121984948e-06,-1.9622213177926697e-06,1.1589922085385757e-06,-7.1053182965791984e-06,9.280776503073437e-06,-2.363429286020534e-09,-1.4875781006298906e-08,1.3379786125264205e-06,-7.088409605674076e-07,1.913806600368303e-07,3.899187874953523e-07,-7.142997144327333e-07,3.7520853576711184e-06,9.459695510946201e-08,1.3145744829234913e-07,1.4981824926389976e-06,1.0206204712660023e-06,2.492745858047406e-07,7.041088694051858e-08,5.296755701755749e-07,-1.8152756898273403e-06,1.1399124788443405e-07,1.2909626407035887e-09,7.772883445590926e-08,1.925761124387738e-06,20mV,1,52
9432.87,0.0195995,0.001960546358604734,-0.0007766772496205391,0.0074393864759334,-0.0181327258889876,-1.4206217175775982e-05,-4.88235135322399e-06,-4.207285348059958e-06,2.4670292682991283e-05,-3.292465949899862e-06,1.6175067619642276e-06,-8.992409518870798e-06,9.605603680681007e-06,1.0623788831998429e-07,-1.4513709188701026e-08,1.1004349282215647e-06,3.673444035059718e-07,-2.7488776118627033e-06,-7.885261495645344e-07,-1.421947542792323e-05,6.861416175515392e-07,-3.498711320302449e-08,-3.4962806407421195e-07,-1.510947979748106e-07,-1.9644310264838776e-06,-1.9434398987717474e-07,-4.1689225954718965e-07,-1.1678310433034073e-06,-4.4259349182006406e-07,3.2266232600279386e-07,-1.8943059211683927e-07,2.0914892762283354e-06,-1.981003841667937e-06,4.899467756746087e-08,-1.742235978748152e-07,-5.031486802502307e-07,3.541528845611985e-07,1.8124605209547412e-07,7.769024189361731e-08,5.704255815481828e-07,9.43385628236556e-07,20mV,1,51
7558.594,0.0196907,-0.0018335289884710633,-5.6820449285721516e-05,-0.01360787225637069,0.014231982379115467,-2.1953455847151094e-06,-1.4364211347197352e-05,-1.8167120004766253e-05,7.708568769278972e-06,2.903557220247261e-06,3.1631979914641966e-06,1.6210422958701604e-05,4.953062031342645e-06,1.2770613633271992e-07,2.9066640706670994e-08,-7.882573385022489e-07,-1.1225872578509245e-07,-1.6605960814427828e-06,2.4638251906968766e-06,-2.9897358592043718e-06,1.591542684842534e-05,4.844675820038894e-08,2.9536623648204013e-07,9.043462628472466e-07,9.284962796188932e-08,-4.903173438221243e-07,-3.474259788779887e-07,-2.59530285782375e-06,-1.2352271583852502e-06,-3.5184550674583916e-07,2.3448942495186816e-07,-1.1766698780682394e-06,1.4606174448884622e-06,2.5012598656346307e-07,-4.9457346373226e-07,1.978309101919009e-07,-1.995366948160789e-06,-3.336968378086445e-08,-1.5913239236821045e-07,-1.4473591927412147e-06,-1.199871819325923e-06,20mV,1,50
5960.648,0.0197652,0.0006917426766565786,-0.0014097543702342374,-0.007764938437991688,-0.0181760803735091,-1.1223110442645236e-05,7.848885271170679e-06,1.0682836667644888e-05,7.284304700567044e-06,3.2504814847669106e-06,3.313458182466338e-06,1.7394826817189072e-05,1.3324543407984007e-06,-3.59402047557163e-08,-4.652257701771542e-08,1.6234155230045177e-07,4.502798530169964e-08,2.8030154747972987e-06,-9.62141635607529e-07,1.1209852190497987e-05,-1.1837409458801046e-05,1.1677072996166998e-07,1.9930102938416154e-07,1.2672679344077658e-06,1.0562407543974056e-06,1.1018915681908089e-07,-3.8293599754570066e-07,-4.445485315846103e-07,-1.4374155036307787e-06,3.561104654907396e-07,-1.4769018930883194e-07,1.2716873517901818e-06,-1.8594698636514992e-06,-3.239703630625544e-07,-4.293041932657048e-07,-1.477190260072522e-06,-1.2330174496940422e-06,-7.01967440712536e-08,-3.2399743199402174e-07,-1.2761067691725976e-06,-1.9268659787333422e-06,20mV,1,49
4746.094,0.0198156,6.913294611313227e-05,0.0013492293443277059,0.01572496100778667,0.012057595881336465,-2.657174701177573e-06,1.1997613338913626e-05,8.927223112480162e-06,-1.7920737485696566e-06,-4.1984465132951266e-06,2.387590240850202e-06,-2.5466892666171752e-06,1.8906267561975314e-05,-2.5633073808294046e-08,1.459354596371437e-07,-7.142739713264806e-07,6.787895852795867e-07,2.896928094173637e-06,1.0320562661701761e-06,1.5512155012279888e-05,-3.9354911790413785e-06,-6.430135176854533e-08,-1.527025820185335e-07,-8.42093355229625e-07,-2.430440911790107e-08,-1.1551417911441456e-07,-5.379936870873235e-07,-1.7478795747454972e-06,-2.658279555523177e-06,-2.4579528898499915e-07,5.396225738490475e-07,-4.4295356385129637e-07,1.5059164730582257e-06,-4.785516394103529e-07,3.3609050474839555e-07,-1.764452389929557e-06,1.083862113037505e-06,2.734580796630588e-07,6.507885986863376e-08,1.2142349258187748e-06,-4.513089143544919e-08,20mV,1,48
3761.574,0.0198834,-0.0010459711332550165,0.0005111188785285487,-0.005083538700432402,0.019222587361121736,-3.599615457977769e-06,-1.017018425128464e-05,-2.1644096630381978e-06,5.0038853312404285e-06,4.571887282109271e-06,5.112228453224699e-07,1.1636325967901124e-05,-1.6740753044591513e-05,1.1915544758122161e-07,8.338498159862046e-08,8.596577771888642e-08,6.587271981303714e-07,2.730095087987436e-06,3.6024184734525664e-07,1.5306652103997546e-05,-8.066541577254663e-06,1.2327125098946556e-08,-3.100876472391713e-07,1.385001213475326e-07,-1.5622640446840285e-06,5.429738180501336e-07,8.445350833334096e-08,1.9158174352773027e-06,-3.425795352909968e-07,2.9946922357987506e-07,-4.070982782005832e-07,-9.31048272186369e-07,-2.669328098979217e-06,4.6504435309360604e-07,2.6435872024353355e-07,2.532326160124323e-06,1.2513889677527453e-07,1.284650607827153e-07,-2.2641525987962883e-07,1.5180698708598694e-06,-4.543418500186094e-07,20mV,1,47
2993.223,0.0199267,-0.00012037167124486247,0.0010039601516177706,0.013148418576751275,0.01497303028579897,-8.00466973390084e-06,4.633759125463094e-06,2.5831494600221064e-06,-5.697594648632182e-07,-3.693528077354107e-06,-2.4792931515353324e-06,-1.40725297999579e-05,1.2768801672145202e-05,-1.1951551961245395e-08,1.0796657657474664e-07,4.397508120742596e-07,7.547126347444973e-07,-6.189226106212967e-08,2.358864027864499e-06,1.2003137610641644e-05,1.3463755055530108e-05,1.1701578665552495e-07,-1.1449240981560001e-07,-4.6470615717841666e-07,-1.3412931755632323e-06,5.308473786945224e-07,-2.1048348118688857e-08,2.330137814878795e-06,-1.700370837884526e-06,-4.759480501449372e-07,-1.8958173619131793e-07,-3.16982711753782e-06,-8.990574355802749e-07,-1.8456260387010814e-07,-6.329675190626145e-07,-1.3512368646736681e-06,-2.998574693969203e-06,-1.7262421072411888e-07,1.1034478660220267e-07,-8.33601665700182e-07,1.8893009309828069e-06,20mV,1,46
2372.685,0.0199304,0.0005471072991279071,0.0006913902281203308,0.019855282202131855,0.0017283612178760573,2.0870698588459196e-06,7.5826153738801195e-06,-2.5964077121693543e-06,-1.709209672649358e-06,-6.781562827686865e-07,4.422731945452734e-06,1.877368504050284e-05,2.915710618048905e-06,1.715037779322419e-07,1.274733435221012e-07,-5.423462607818304e-07,5.038585491672812e-07,-1.1612019172297836e-06,-1.7876543311872405e-06,-1.6085574417648354e-05,-4.11337272868362e-06,1.5904842343794455e-07,1.133499904222455e-07,2.506914510175432e-06,1.4650368622708782e-06,2.8133524920547693e-07,4.5474622670910045e-07,2.884774696371993e-06,6.451986986101888e-07,-1.7867262535369332e-07,-2.7957477429119157e-07,-2.074916461044276e-06,2.7068754690602227e-07,-1.6096401990235272e-07,-5.086337296489817e-07,-2.6991591663105242e-06,-8.210096407233334e-07,1.346084928860117e-07,2.960041793811919e-07,2.344495397099919e-07,2.3285722362710743e-07,20mV,1,45
1886.433,0.0199556,0.0006744086168283978,-0.00038918936265638454,0.0051759387742096085,-0.019272670408607966,1.5070213274038296e-06,-6.62802121927828e-06,1.3169863799599449e-06,1.8384776310850238e-06,-2.6560698468319693e-06,-3.3731203171289526e-06,-1.1562300726745656e-05,1.2948892930478653e-05,1.0855308850411051e-07,-6.2207221890431e-09,7.895536641059461e-07,-4.132831423418397e-07,-1.7721863703487847e-06,-5.018142371716102e-07,-1.631759383022519e-05,6.40594549581188e-06,1.0250078478723956e-07,2.5754464155245558e-08,8.602031332938543e-07,4.695216648437316e-08,-2.3559328492856112e-07,-2.2766794373667464e-07,-3.0792290611982938e-06,-4.0512843338780584e-07,4.4661538260893166e-07,-2.5720843437508826e-07,1.1136931803688124e-06,-2.379856260430974e-06,-3.852875695348841e-07,-3.888963552839304e-07,-3.5112271103294507e-06,-1.4241572514835308e-06,2.7503426487249746e-07,8.017490463727228e-08,1.147943665082536e-06,-1.9515550539402086e-07,20mV,1,44
1506.696,0.0199917,0.0005517764135924295,-0.0004240784531818671,0.003195991173296068,-0.019734621059048444,1.0193750794476375e-06,-5.687790171169292e-06,2.2008698564431294e-06,1.8119611267905282e-06,-3.0085183830796393e-06,-3.1532543023537608e-06,-7.513009550107068e-06,1.5644737533752364e-05,1.0514428139161855e-07,1.1354621255402477e-07,5.573344938634249e-07,1.0141174090732117e-06,-1.6263455967290595e-06,1.912765827574744e-07,-1.0002246390752837e-05,1.4177490962790278e-05,-9.541259173301724e-08,-2.212300679502748e-07,-1.7401455943262696e-06,-8.989133625736082e-07,-4.886861368662745e-07,1.4904904966849028e-07,-1.6263455967290595e-06,2.9864212961675597e-06,2.3660013869371002e-08,-4.0013117718263905e-07,-2.5411649948891552e-06,-1.9566970460646497e-06,-3.7473897267023013e-07,-1.1275425295909584e-07,-2.745563048825892e-06,1.4550931731604424e-06,8.634811256518268e-08,-3.0465695667422404e-07,1.083862113037505e-06,-1.9622213177926697e-06,20mV,1,43
1185.994,0.0199726,0.0004006676944528643,0.0004747813239559793,0.01976035311675756,0.0029042720610088666,-1.6296601597658714e-06,4.614976601587827e-06,-3.525590216822302e-06,1.9521726675194014e-07,-3.6040348753601848e-06,2.2494834476497043e-06,1.6096622961104393e-05,4.64922708630155e-06,3.3882888624397494e-08,-3.835830002504863e-08,5.487322084139869e-07,-9.999588111197313e-08,-4.913498302080912e-07,-1.3026232734670932e-06,-1.5767376366114405e-05,-7.4202017850763335e-06,1.1460985583253771e-07,-1.2128571724498065e-08,8.561901918251862e-07,8.381599632738401e-07,-6.152439980776083e-08,3.342898131359302e-07,1.472770842690106e-06,1.5644737533752364e-06,2.881904284782114e-08,-4.4302305918963483e-07,-1.933495104806966e-06,-1.6926368574652984e-06,4.5839589206893406e-08,-4.097059554270777e-07,-2.215232962935981e-06,-3.61397856447062e-06,-8.774463740948265e-08,3.144119366624307e-07,5.720281727764814e-07,2.0605533545514237e-06,20mV,1,42
948.6607,0.0200881,0.00040597872929218267,0.0003947412557430446,0.0200329869750788,0.0014867693472489084,-1.4197378341011152e-06,3.981895061556746e-06,-1.1722504606858234e-06,-8.7790168457065e-07,-3.4515649756668354e-06,2.60082712955177e-06,1.945206560870368e-05,1.7069999639581498e-06,-3.968310877377545e-08,7.71792909529493e-08,-5.812067502525865e-07,1.0883991974077278e-07,-7.020827875062171e-07,-8.565452920118633e-07,-1.7971560785594347e-05,-1.1222005588299631e-07,4.75476829766537e-08,5.388424361956165e-08,1.0089570763666337e-06,1.0372693004290396e-06,1.4429718161348212e-07,1.0844311130254911e-07,3.2736834260245944e-06,1.0046610712146219e-06,-2.602086663505759e-07,-1.72050901804185e-07,-1.421947542792323e-06,-9.176098182953533e-07,-3.9690632831869016e-07,-1.7186020394413373e-07,-5.101112513653578e-06,3.490697811733783e-07,1.8441013397041478e-07,6.441517386322945e-08,1.1214271607880403e-06,3.6413391774851575e-07,20mV,1,41
752.3148,0.0199544,0.0005086760455704183,-5.0510626117977176e-05,0.014295555698161521,-0.013921816618674062,3.406265947497072e-06,1.199871819325923e-06,2.4903416949913724e-06,1.7357261769438535e-06,4.2879397152890485e-06,4.072046756740648e-07,-1.3379786125264206e-05,-1.1713665772093403e-05,-2.1273174929475814e-07,7.865876826151722e-08,-4.05385753964897e-07,7.644903747322234e-07,9.859928997641242e-07,-2.5051655257463407e-07,5.079015426741498e-06,-1.4978510363353165e-05,-8.764366477083791e-08,7.733460032831085e-08,-2.0285125785289084e-06,5.177240292628729e-07,1.6954873816769567e-07,1.769234199537331e-07,3.3200873085399614e-06,9.592729917846028e-07,-1.9155522702343576e-07,-9.202324110555135e-08,-2.447252375512817e-06,2.8980329485192406e-06,-2.5417892375944214e-07,2.655972619649556e-07,-8.409203313708972e-07,4.595089223366956e-06,9.803824493971472e-08,-5.679368971347098e-08,-1.4363106492851747e-06,-1.429681523211551e-06,20mV,1,40
599.564,0.0199563,5.4679241563941e-05,-0.0004640443494253999,-0.01020816803883216,-0.017147814531142388,-1.6583863727515746e-06,-2.683691205472069e-06,-3.47073530341741e-08,-3.352128084562477e-06,-3.6681164274052155e-06,2.547794120962779e-06,1.7266663713099007e-05,-3.6813746795524634e-06,-2.915105157867514e-08,-3.4712822063184844e-08,-1.9578019004102535e-06,3.7193363700130706e-07,5.319917868256991e-07,-6.903317776572422e-07,-2.027407724183304e-06,-1.709430643518479e-05,8.088489508830084e-08,-2.641211765592287e-08,1.4860290948373538e-06,-1.9456485026086097e-06,-7.781790781325185e-08,-1.7111221755215986e-07,-2.3411863583348347e-06,7.886893365513799e-07,1.1953949495175358e-07,-2.9027252649250214e-07,-4.0429504175491674e-07,-2.94775139407142e-06,-3.084715767878563e-07,9.685652587728707e-08,-6.599543598520337e-07,3.2107067283251678e-06,-1.2828585340785837e-07,-4.4406106984732984e-08,-1.0437108222347797e-06,1.4031650189170554e-06,20mV,1,39
474.0168,0.0199948,0.00032073921652883556,0.00028329459790197106,0.019921838627911036,0.0017061724280532926,-2.1931358760239015e-06,1.9555921917190455e-06,-3.5830426427937094e-06,1.1435242477001199e-06,-4.518854273520281e-06,8.918483714606435e-07,1.4873549200520788e-05,-3.2544445973045925e-07,1.2409823446715014e-07,7.278717452141324e-08,7.364019941602371e-07,3.154839768339702e-07,-5.808128696783786e-07,-3.534124111787747e-07,-1.6169543347914256e-05,4.9961513508212e-06,5.1176753851485276e-08,4.714220143181704e-08,1.3799630776593717e-06,1.894344591070489e-07,1.942731687136215e-07,8.143700185334262e-09,2.677062079398445e-06,-2.8825649876807852e-06,-1.5579727904057027e-07,-2.374989377038589e-08,-1.3777533689681637e-06,1.4650368622708782e-06,-1.6779411898144197e-07,2.641348767531142e-08,-2.8339513964742103e-06,1.6804834596636546e-06,1.1327486032674442e-07,-2.5514743907879858e-08,1.4142135623730952e-06,-2.1279494696332666e-06,20mV,1,38
377.1552,0.0199765,0.0003492919673822792,0.00017874775544919437,0.019737372146369,-0.0030814608669764137,-1.3799630776593717e-06,2.3201941257683593e-06,-2.8637824638055178e-06,2.8582581920774978e-06,-3.2350135239284552e-06,3.3156678911575456e-06,1.0123780368769275e-05,-1.120211821007876e-05,4.5663055579552805e-08,-4.565566410398071e-08,2.8421858759119966e-07,-8.535973196469227e-07,-3.6490941501369515e-07,4.3798547580085347e-07,2.687005768508881e-06,1.633748120844606e-05,3.8643186718062616e-08,-5.552740509943081e-08,5.0255172744730086e-08,3.3639279289735277e-07,3.0830684300492677e-09,-2.0930427014382546e-07,-2.3677028626293305e-06,-2.1986601477519215e-06,-4.11654697521854e-09,1.308080149080031e-07,2.7588213009731396e-06,1.7456698660542891e-06,1.2270799624407665e-07,1.4208349544662998e-07,2.403058201688658e-06,1.1556776455017636e-06,-8.709445272418162e-08,-3.447872552443827e-09,-1.6650154988251988e-06,4.667999666487707e-07,20mV,1,37
298.2954,0.0199879,-0.0003285008183067035,0.00014658544544866251,-0.010097535658643797,0.01724983678141546,2.2030795651343373e-06,1.2142349258187748e-06,3.43057274310036e-06,3.2681591542965744e-06,-4.5553144669252115e-06,9.941073920199782e-07,1.288702108712483e-05,-8.212382350874388e-06,-1.045535931128283e-09,9.007750421459509e-08,7.743158444276797e-07,5.045325103180997e-07,4.182441593244707e-07,3.1318488542620293e-07,1.6335271499754853e-05,-2.105852382721187e-06,2.1904322974402087e-09,-2.8805861935478085e-08,-4.3578681565310163e-07,-6.525405662221618e-07,8.429080748240732e-08,1.1660478083896026e-07,2.6781669337440492e-06,7.591860795044133e-07,1.1877504623003016e-07,-2.2403054226007723e-08,1.5699980251032566e-06,-1.8506310288866675e-06,-7.879094198688182e-08,1.481190937657954e-07,1.9677455895206893e-06,2.462720336351273e-06,4.356008686667364e-08,4.738610907715258e-08,1.203186382362735e-06,-3.393870586593741e-07,20mV,1,36
236.7424,0.0199618,0.00021229555279911368,0.00025215538302546844,0.019330332756905034,0.004981256809388113,-2.336766940952419e-06,-1.791885923330904e-07,-4.2360115610456615e-06,1.57299549494288e-07,-3.833844579245812e-06,-2.74224848578908e-06,1.414765989545897e-05,4.982711902561274e-07,9.557946893337726e-08,4.164811432451904e-08,1.940647931840406e-08,9.087091116871676e-07,-3.538276154418527e-07,-2.0615852885102178e-07,-1.580936083124736e-05,3.1576737197361766e-06,4.8771165533345184e-08,-3.890493776107966e-09,1.2330174496940422e-06,-5.076968131639095e-07,1.0190132396494522e-07,2.7134736592121697e-08,3.3311358519960014e-06,-1.7235727791422098e-06,-1.0103546066283884e-07,-1.9672406710847486e-08,-2.0815455871178996e-06,1.0562407543974056e-06,-1.227823529415358e-07,-2.2963524738445706e-08,-2.218547525972793e-06,1.870518407107539e-06,4.0265433305169486e-08,-1.3414467503172713e-08,8.216577482824646e-07,-1.3545514277104802e-06,20mV,1,35
189.0121,0.0199471,0.00017354499633574525,0.00024795804136651893,0.018797152146803466,0.006674764292077747,-2.1257397609420587e-06,-8.165684577103091e-07,-3.7465610859430984e-06,7.197376970363613e-07,-2.683691205472069e-06,-3.970846518100706e-06,1.5122141428281682e-05,-6.784656419854555e-07,2.2985875941857278e-08,1.2810333146996459e-07,7.12668617962318e-08,1.2860504582830334e-06,-3.596659972603278e-07,-1.6505385923347498e-07,-1.5492267634059015e-05,3.61397856447062e-06,8.159363705391889e-08,4.408582075848585e-08,1.645128120604327e-06,-1.416693960378976e-07,1.439492629800514e-07,2.8230277015592236e-08,3.0670756633966504e-06,-1.5059164730582257e-06,-1.0377061598372913e-08,-6.579594348456111e-08,-3.0792290611982938e-06,8.099480599860154e-07,-1.224640444045673e-07,-4.287293375496871e-08,-2.7621358640099516e-06,1.0032513875550657e-06,5.2189330762144415e-08,2.2099340814944643e-08,7.814453590344276e-07,-2.3182827277504646e-07,20mV,1,34
149.6011,0.0199158,-0.0001348982961808636,0.00024129024539079892,0.002222550413266916,0.019791388475325578,1.936809667843778e-06,-8.88438680464675e-07,2.342291212680439e-06,-4.494547477916993e-06,1.4064795819538672e-06,4.5519999038883995e-06,-1.4814991920203775e-05,1.7290970508702298e-06,4.979785143399769e-08,-1.320802546869661e-08,-9.596538350775326e-07,-1.5042602963941652e-07,-2.4441742513059643e-07,3.423487312182002e-07,-2.392009658232618e-06,1.4944259878639441e-05,-5.0934315662429395e-09,-3.762193670079049e-10,6.346671165024572e-07,4.2711757603031994e-07,3.552337635675029e-08,8.373667883391311e-08,2.9411222679977964e-06,2.1401028674349103e-06,5.509843435120661e-08,-6.446606345438797e-08,-3.405060551406018e-07,-2.261636845451348e-06,1.1905070738925835e-07,-1.4086837663733472e-08,2.326823251841983e-06,-1.7103145269949619e-06,-2.2563103426511918e-08,-3.736807431780106e-08,-1.3501320103280642e-06,4.1623619703677e-07,20mV,1,33
119.1737,0.0198026,-5.107520668858081e-05,-0.0002465615054736755,-0.014613101885631561,-0.01336409719355663,-4.308834720673111e-07,-1.92907568742455e-06,-2.85604848338629e-06,-2.279314514981012e-06,-3.2869416781718427e-06,3.406265947497072e-06,-1.3104677393208814e-05,-7.317450330935163e-06,-7.08580988339887e-08,3.363899202760542e-08,7.024612001195866e-07,-5.296139193030902e-08,7.027687915694028e-08,4.0862297719751666e-07,1.330023661238072e-05,1.0034287166775352e-05,5.111685969741009e-08,-2.4788832505731136e-08,1.6351844314938911e-06,-1.4318912319027589e-06,3.362596579487075e-08,-1.002426724271507e-07,-1.936809667843778e-06,-2.213023254244773e-06,-1.2615370549171179e-08,-6.58272108625417e-08,-2.6516504294495534e-06,-1.935704813498174e-06,-8.181886161227027e-09,8.572590279191233e-08,1.764452389929557e-06,1.935704813498174e-06,-5.201373626099757e-09,1.3400480047157369e-07,5.047126015764331e-07,1.5026019100214136e-06,20mV,1,32
94.69697,0.0201243,5.313355033444103e-05,-9.239896892286091e-05,2.6394970316479097e-06,-0.01006213281084761,9.577889514275875e-07,2.68691296074385e-07,1.0393426700939998e-06,-2.2356363081362497e-07,3.3262943802535647e-07,-2.3555494648276867e-06,1.8076787113469672e-07,6.135499249094937e-07,3.73183779693358e-08,5.033580501487226e-09,4.801200906393723e-08,-3.399542908804072e-07,6.885374941999815e-09,-1.3912237531497675e-08,2.8916535195277237e-07,7.634447405795439e-07,-5.838482360220565e-08,6.016678793351303e-08,5.866191002353967e-08,4.037571986594768e-07,-4.212884749883479e-08,3.2722879949860966e-08,-2.0962810295252196e-08,-4.6869081437583745e-07,3.8538844273663774e-08,4.871895011697194e-08,3.47149433835284e-07,4.305698039185941e-07,-1.555031668137705e-08,4.934839668620599e-08,3.4584128629008886e-07,3.2734547211750546e-07,-2.9468498329254074e-08,1.67406315106135e-08,-4.1198792159248817e-07,-2.1370545742953891e-07,20mV,1,31
75,0.0200005,4.874506887370202e-05,-8.294473028752763e-05,3.249376630421307e-06,-0.010000230031572108,8.934754904554145e-07,3.1353236211789536e-07,4.836443550309799e-08,-1.13731386142348e-07,3.8763903103863304e-07,-2.2395397585392685e-06,5.041364200352006e-07,-6.266656508461586e-08,4.438342432501773e-08,7.052081994790617e-08,3.5871383378528625e-07,1.0236508657651249e-07,-1.5602333223968084e-08,-3.7661612020341124e-08,-7.067470406116189e-07,1.7148521637923575e-07,-3.0181151479255555e-09,3.635845841678815e-08,-4.2308927708624784e-07,-1.2415237233008473e-07,-1.9769998495194682e-08,8.33398041044287e-09,1.0878074374202222e-07,-6.343507967033107e-07,4.703947207476279e-08,-4.07956860512552e-09,7.879510728776475e-07,-6.702917085658082e-07,-1.9885919813135454e-08,5.048910355532482e-08,-2.3019607145028568e-07,8.39934911780053e-07,-7.681707550428649e-09,-8.405125296319347e-09,-4.01605494821413e-07,-3.091712810449273e-07,20mV,1,30
54.50581,0.0199998,9.436892422107279e-05,-0.00014606505905188306,1.0285641530400258e-06,-0.019999852393254136,1.7114193813405658e-06,6.961623150098636e-07,1.3691034642964302e-07,3.5654666198638407e-07,9.971298315678124e-07,-4.257003793612137e-06,7.662268743072093e-07,1.1733553150314275e-06,6.728456898711064e-08,1.283395493290547e-07,3.332788714097025e-07,7.824557483334824e-07,-1.611046678605481e-08,-2.410838585990401e-08,-2.0246257009410735e-07,7.568548368351889e-07,-1.8981629676888964e-08,5.8596314821041164e-08,-1.0431371818585424e-07,1.7172740045179214e-07,-2.29324120400735e-08,1.6243027210440377e-08,-2.79908440303564e-07,-1.2263883236204185e-06,-2.3008867960789295e-09,-9.37179992833602e-09,-8.248116654974257e-07,5.874223293446508e-07,-6.758217255364252e-08,8.427525113322123e-08,4.0507308018509106e-07,1.3114621082319249e-06,-4.421220504707948e-08,-1.7831675176897427e-08,-9.421740449611666e-07,-2.592453438466438e-07,20mV,1,29
45.95588,0.0199991,9.816741346125927e-05,-0.00014165889992161438,-0.0010098523398428766,-0.01997359000545913,1.6440232662587232e-06,3.0518341976990435e-07,3.866377015452122e-08,-2.4522971404548445e-07,4.348796197499261e-07,-4.244850395810493e-06,-2.3009961766591445e-07,8.532299555770093e-08,6.631797611431554e-08,6.402938082283145e-08,1.136895121626496e-06,-2.567050627352311e-07,-4.203415043287307e-08,-3.523704230454356e-08,1.4506737557780264e-06,1.2053960910539427e-06,-8.470884017261006e-09,4.1332987768065875e-08,2.3669272548787165e-07,1.4970776382933936e-06,-5.820065543133692e-09,2.7668160270179298e-08,-5.475078088281886e-07,-4.994964737254021e-07,-7.047922218179419e-09,3.1853436919674824e-08,-4.960435829245206e-08,-1.0489315904740622e-06,-7.950768309796203e-09,4.185407022308308e-08,-1.19240300394964e-07,9.510424898224606e-07,-1.1435861195434737e-08,2.984246942815411e-08,3.3767641267607544e-07,3.543664529062038e-08,20mV,1,28
37.5,0.0199994,9.261662522894488e-05,-0.0001279830128317283,-0.0007324609787094677,-0.01998597542267335,1.545691229499969e-06,4.118932355750699e-07,5.287161146618524e-07,-1.6693509472773487e-07,7.527613514847261e-07,-4.02719408972651e-06,-6.815859716283103e-07,-2.958366834623983e-07,6.982725868099673e-08,5.9238334632728183e-08,5.23429718074441e-07,1.3537205772425862e-07,-2.4070157899546115e-08,-4.3740001348311797e-08,-6.873354126719643e-07,2.8548165707909415e-07,-8.180036635052486e-09,3.556908418102792e-08,-2.2956453670633842e-08,3.265609150466921e-07,-4.3565876303444605e-09,2.0836845851309888e-08,-3.7372670511878775e-07,5.687573619717553e-07,-5.762988767639789e-09,2.7451586721354007e-08,3.343116892519731e-07,-8.10363595705397e-08,-8.350943239210928e-09,2.937637557391761e-08,1.5136504534774534e-06,3.5939298775152906e-07,-1.4081700091026414e-08,1.974211197151164e-08,-9.453227693607035e-07,-6.024628220367923e-07,20mV,1,27
30.04808,0.0199988,8.618416322883851e-05,-0.00011453141117399984,-0.0004884892518218879,-0.01999284761670301,1.4329960862483628e-06,5.25374261722704e-07,8.179843285542005e-07,3.2158078408388213e-07,1.014684088867072e-06,-3.7465610859430984e-06,-3.895909772110116e-07,-7.090387294952707e-07,6.057652316758026e-08,7.364586731881665e-08,3.1135524662988273e-07,9.886357113588089e-07,-2.0114469983067092e-08,-4.4159293572468504e-08,-1.0715497266955288e-07,1.4230523971379268e-06,-7.257094347743509e-09,4.642818931097047e-08,-3.5078053764211144e-07,1.142419393354516e-06,-5.46426487880146e-09,2.4471374706608743e-08,-2.0476232441448205e-07,-7.416723703596371e-07,-3.0471352521671897e-09,3.683459539702618e-08,8.77677730594796e-08,5.069763376451411e-08,-8.3188682127037e-09,4.023729266498695e-08,8.912165052603927e-07,1.169090577257396e-07,-1.1783625149257045e-08,2.590229366668737e-08,-3.119083367152921e-08,2.421984356628854e-07,20mV,1,26
23.91582,0.0199989,8.043229150562418e-05,-0.00010216588133800008,-0.0002901612676598998,-0.01999682509234718,1.3191960886511528e-06,5.656501800956132e-07,7.785307532707242e-07,5.902113131692589e-07,1.193242693252299e-06,-3.4592989560860633e-06,-8.869746379713153e-07,1.9997178645737775e-08,6.477877037982426e-08,6.990431122305914e-08,1.1753352140187498e-07,1.8512685298440812e-07,-3.194889633513501e-09,-5.163527945345438e-08,-2.4800886466641674e-07,-4.031624555652381e-07,-7.606383000562751e-09,3.602963166644949e-08,-3.439634758443004e-07,2.3693126354108753e-07,-6.564383818680181e-09,2.7229709871669817e-08,-2.830004856751713e-07,-8.70033243377562e-07,-6.297172585487167e-09,2.975187137181458e-08,1.5130836631981584e-07,-2.1687141755686708e-07,-8.915433211758223e-09,2.8942311447160176e-08,-7.987554435233088e-08,-5.172134760697693e-07,-1.3376769872900707e-08,2.1569386379532237e-08,-2.7171263076787364e-07,6.890548974900278e-07,20mV,1,25
18.8253,0.02,7.392027999263433e-05,-9.06499844937698e-05,-0.0001242088303871451,-0.019999609325298102,1.2009766736715269e-06,5.918617445907222e-07,9.918143773111115e-07,4.697750079451786e-07,1.3214057973423607e-06,-3.1643028458098007e-06,-1.5896644324550074e-07,-4.1669515353193395e-07,6.105757674965624e-08,6.811978362966997e-08,2.675787077483618e-07,4.76145377131062e-07,9.68587797801521e-09,-5.439633256020565e-08,-4.6627151481526836e-07,-7.748995389784622e-07,-7.81161521953042e-09,3.437598511884055e-08,-6.637255591898838e-07,7.28751540729537e-07,-4.856203870280927e-09,3.10208849760884e-08,-1.488568050123552e-07,-2.036780203597063e-07,-6.032853860970945e-09,2.833577955705396e-08,4.1824007136339197e-07,-8.345637728643338e-08,-3.6901660055804345e-09,1.8750063254593824e-08,-1.3997156636500798e-07,-4.2930364083853195e-07,-8.505128977703001e-09,1.828449973044322e-08,-4.290547171544674e-07,-5.266363368416875e-08,20mV,1,24
15.02404,0.0199992,6.790434808082066e-05,-8.106868760869208e-05,6.372254067397031e-07,-0.019999222626277142,1.1026446369127726e-06,5.587732351922704e-07,1.8634749606543138e-08,-4.074005663495404e-08,1.3888019124242035e-06,-2.916815472394509e-06,-2.926908316841601e-07,-1.6468207574617925e-07,6.101794562427941e-08,4.577132025687854e-08,1.2880844951332903e-07,-2.8517450757101625e-07,1.912665285829294e-08,-6.824152753001207e-08,5.749402373751898e-10,2.1257419706507498e-07,-2.0290926270603502e-09,1.7635364656770513e-08,-3.3826419518793674e-07,-9.542497715023145e-08,-4.6074006153400204e-09,1.5569043962535037e-08,4.921333929099936e-07,2.384587246738851e-07,-8.635359264273687e-10,1.3327846922477362e-08,2.8754983392863026e-07,3.7116830439610717e-07,5.257422887052247e-10,7.229197880371354e-09,3.053575448147715e-07,-4.936963198672849e-08,-4.060194984175355e-09,7.965880507535374e-09,1.2953522270186732e-07,1.0765402432891874e-07,20mV,1,23
11.95791,0.0200009,6.213700839676786e-05,-7.232818488061898e-05,0.00010057599593467595,-0.02000066998546988,9.999615732555954e-07,5.609565378646185e-07,1.6761502209201958e-07,1.3902503764712906e-07,1.416423271064303e-06,-2.6505455751039493e-06,3.858659607848078e-08,3.0262612390156934e-07,5.4804211638972264e-08,4.6110797803108816e-08,-1.3559844237967287e-07,5.502126027516616e-09,2.2397264789236756e-08,-6.804523910697206e-08,1.025554419317166e-07,-4.6555148123823824e-07,-1.4975615644967683e-09,1.4851540501956355e-08,-2.541930658950659e-07,3.5527541657633216e-07,-3.934145466448433e-09,1.2661122567622638e-08,7.939834671192107e-08,3.7597972410034335e-07,-1.552386646834329e-09,1.1144776269541913e-08,3.1205229923652423e-07,5.6553151873889545e-08,-3.157830609053252e-09,1.0250367950562504e-08,-4.131648124414255e-07,-4.1177181208248803e-07,-3.245936113989096e-09,7.851085036172776e-09,1.3586471227696344e-07,1.4364310784088455e-07,20mV,1,22
9.52744,0.0199995,5.670554443377869e-05,-6.455663941364059e-05,0.00017959738844096386,-0.019998681247647795,9.051365651606572e-07,5.520399213538561e-07,1.9870164590167143e-07,1.1722946548596475e-07,1.4075844362994714e-06,-2.4008484929974496e-06,-2.5913850443142385e-07,2.787609385802197e-07,5.1249983597511914e-08,4.4319486404037625e-08,3.6218661196438874e-08,3.016812524652088e-08,2.5630256429712755e-08,-6.097796094551201e-08,-2.935925033156075e-07,-5.714354184200648e-08,-1.3034231880133105e-09,1.3445016725828664e-08,-4.4325463666047345e-07,-6.695546602318557e-08,-3.4711054296231875e-09,9.470315370916145e-09,-3.524886424604152e-08,-1.5906355994247933e-08,-1.3639559479002612e-09,1.0796689698250688e-08,3.0577042888372375e-07,-7.108197547003844e-08,8.633749491492143e-10,6.585123039601514e-09,2.5675909011273115e-07,-3.6417203522343907e-07,-3.7157290205746735e-09,6.000456216994799e-09,1.2596599073839366e-07,-6.316755023908652e-08,20mV,1,21
7.524077,0.0200009,5.140003386618839e-05,-5.737398131286911e-05,0.00024522463171549474,-0.019999432548602807,8.147223565842393e-07,5.333232467975864e-07,9.410884150811763e-08,4.9848807316416946e-08,1.3777533689681637e-06,-2.161095100001386e-06,-2.1143266155519696e-07,-4.0769313178025636e-08,4.861396685705265e-08,4.254711220845009e-08,3.514080949104145e-08,-9.863215939319414e-08,2.6640259029746638e-08,-5.550927443961945e-08,-1.0575557520395433e-07,3.7927053276872486e-07,-2.0415520695157265e-09,1.233766540940362e-08,-1.680233762581548e-07,1.879463307889549e-07,-2.094045909184063e-09,7.48270339540715e-09,3.2730116745824675e-07,2.579279155249456e-07,-8.965757117491792e-10,1.0079118841556924e-08,4.412698763140305e-08,-1.8433776601077773e-08,-5.696668780690566e-09,1.029490241952511e-08,-1.7899678961869354e-08,1.3451159715990222e-07,-3.88366135683475e-09,5.2326631011672624e-09,-2.9529674114370167e-07,2.3109475997499995e-07,20mV,1,20
5.98659,0.0199997,4.662816794752479e-05,-5.117906299706759e-05,0.00029494970639374745,-0.019997543247671824,7.342657582830119e-07,5.117803548252618e-07,1.270991293552451e-07,2.6127065234757045e-08,1.3280349234159846e-06,-1.944543648263006e-06,1.497288665473404e-08,9.221487809179636e-08,4.383436695796983e-08,4.119177633415423e-08,2.823290656893477e-07,-1.9824346280454945e-07,2.9212260509421596e-08,-5.268642682931856e-08,3.7140242303194065e-08,2.38519049721155e-07,2.0282076387295217e-10,1.0632756934721697e-08,-5.432156706663862e-08,-8.867103568118469e-08,-1.3558363733144177e-09,8.887958798746089e-09,8.338048484143385e-08,1.089556753305617e-08,-6.628454322181756e-10,8.868464748672252e-09,2.1943556352214484e-07,-7.412292132816154e-08,9.674784135531001e-11,6.000718067474708e-09,-6.082791067683553e-08,-3.0046480783069887e-07,-3.3538185117112515e-09,5.793214267972478e-09,-2.644230227664477e-07,-1.5586025573826967e-07,20mV,1,19
4.76372,0.0199999,4.2215379691182495e-05,-4.565258156035648e-05,0.0003351354686520554,-0.01999705711175976,6.608582411921723e-07,4.850151478175707e-07,6.301255022294174e-08,8.104462388104482e-08,1.2683727887533697e-06,-1.7489844290911012e-06,1.4823874949142432e-07,2.604981381891241e-08,4.041478751560823e-08,3.958469939721251e-08,3.1171531866111507e-09,1.0365323625805217e-07,3.04725568129086e-08,-4.837272191069002e-08,-7.572619756615439e-08,1.293372328031351e-07,-2.4816000874089534e-10,9.460970512861027e-09,-4.1887746183537084e-07,1.0655173324539656e-07,-7.696016519058565e-10,5.7497238863664686e-09,1.1948016427339462e-07,-2.2359964906529168e-08,-1.5251751891564486e-09,7.726865157242174e-09,1.6090546262203572e-07,4.554183096075313e-09,-1.0941309607818521e-09,6.862846961892949e-09,2.0181368913693415e-07,-1.8030747832888353e-07,-2.9440368737614996e-09,4.569235631679822e-09,-2.3078904677757135e-07,-5.576020895859303e-08,20mV,1,18
3.76506,0.0200001,3.8041239973490654e-05,-4.059124380314464e-05,0.0003677353009734465,-0.01999671460691262,5.912386067398015e-07,4.549678604908286e-07,3.050379104525883e-07,-1.9800746591632842e-07,1.195452401943507e-06,-1.5633688990296325e-06,1.2424882611445597e-09,1.6436907051006963e-07,3.6722817282881425e-08,3.670294095320401e-08,2.449701837597021e-07,-9.198272609669804e-08,2.984451340869348e-08,-4.208213425710265e-08,1.0513110047927551e-07,4.88320098621576e-07,-3.206304988612281e-10,8.894531577248087e-09,-7.413128507555777e-08,3.0040757637559656e-07,-2.2886671070165498e-10,4.687547854424478e-09,-1.630277773345064e-07,-1.1905534777750989e-07,-1.962690880889551e-10,7.399059292318856e-09,3.934225015961317e-08,-4.977446166750125e-08,-1.7902573680254833e-09,4.849490775277037e-09,1.233001981733204e-07,-8.074181645054514e-08,-2.2322742363625767e-09,3.3046005651776307e-09,-3.9227787249408594e-08,-5.94674151327457e-08,20mV,1,17
3.008665,0.0199971,3.4397430341688726e-05,-3.629998952481878e-05,0.00038889436654610833,-0.019993333752615073,5.325378058432966e-07,4.2512463976171945e-07,1.7140876045851998e-07,1.4374619075132942e-07,1.1214271607880403e-06,-1.4053747276082633e-06,-1.997305967537324e-08,1.8503967997653997e-07,3.331039729667934e-08,3.456908051282177e-08,4.4966632739888247e-07,1.2380279641513563e-07,3.0565077315809475e-08,-4.050392716421156e-08,4.045161231094721e-09,3.0210242294175305e-08,-3.68703042894761e-10,7.75704093912931e-09,-1.411028267294719e-07,3.530929977874606e-08,-1.3606601673873247e-09,5.025381377388499e-09,-6.28453526148215e-08,-5.767893216079926e-08,-9.45411820620959e-10,5.966089722574788e-09,-4.5449873933568516e-08,3.426296956782872e-08,-2.462789942175046e-09,5.413015105126273e-09,-2.186187447044398e-08,1.0731799392824674e-07,-2.1996368389934354e-09,3.4262284558134448e-09,-3.557865221966086e-07,3.289024328613306e-08,20mV,1,16
2.38186,0.0200005,3.093039740518344e-05,-3.231036048284281e-05,0.00041002581076013004,-0.019996283713717835,4.760593089775395e-07,3.9376677421022183e-07,2.3639750840672625e-07,-1.2648361499930913e-08,1.044125474070685e-06,-1.256219390951726e-06,-1.5668469805095937e-07,2.243469725446582e-07,2.9668830519198987e-08,3.190586225837373e-08,1.3619915168737775e-07,2.6840105083779483e-07,2.989480637850537e-08,-3.637782651346658e-08,8.279332104800606e-08,7.98554360032409e-08,2.1065871108610134e-10,6.804655388364334e-09,-3.920270705576338e-08,-2.3893624272205507e-08,-2.094207217918521e-09,5.169869809289205e-09,-1.054314440845845e-08,3.057202684964333e-07,-5.564509418432455e-10,5.464846032187247e-09,2.096042380986569e-07,-1.0244740927380343e-09,-1.1047825300715163e-09,4.411452487438463e-09,1.0837108584775917e-07,4.864739974955063e-08,-1.7981758591204273e-09,2.655642268200221e-09,-2.1690169056593665e-07,4.203719983086694e-08,20mV,1,15
1.890121,0.0200003,2.780365960712417e-05,-2.8792504246439733e-05,0.00042616773274940415,-0.019995786529262313,4.262681640094196e-07,3.6363297678821893e-07,1.5897804421612957e-07,-7.18413308132286e-08,9.67226285791433e-07,-1.1225320151336443e-06,-1.4679691457041112e-07,-1.178450903273353e-07,2.6858644539698717e-08,2.9614747898981673e-08,2.4367883000056017e-07,1.112913153200816e-07,2.8711242209320565e-08,-3.289388930547355e-08,2.774632871513078e-08,5.968928093388644e-08,4.714799086858801e-11,6.230448221847452e-09,-1.1283369198654476e-08,-2.704823754540436e-08,-1.5662536737260043e-09,4.233802957208799e-09,-6.193792469223349e-08,2.330697976032016e-07,-6.248215384579109e-10,4.229100697113909e-09,1.4664124059311552e-07,1.8868525737529483e-08,-9.481047926029342e-10,3.9013058807340466e-09,-9.79700864751344e-08,-6.784649790728482e-08,-1.4704307611861168e-09,2.367770258744412e-09,-1.1625951385595902e-07,-3.7856353647297286e-08,20mV,1,14
1.502404,0.0200003,2.4987385880179623e-05,-2.568233926356453e-05,0.00043917960237758227,-0.019995510315675914,3.81285897580541e-07,3.3402475857841977e-07,1.1031649128241176e-07,2.3508958183240026e-08,8.919078126244371e-07,-1.0032123861966658e-06,1.8884280960497797e-08,1.7037207562603974e-07,2.4478125366660386e-08,2.7349221966233796e-08,2.4853112931558376e-07,4.357005265287099e-08,2.6778807764685373e-08,-2.9498738192693253e-08,-6.622231782507315e-08,1.483210611401718e-07,-4.8876358715590136e-11,5.166142030727137e-09,-1.4213630748434985e-07,1.8135233908352121e-07,-7.952858694218086e-10,3.5073104016742844e-09,-4.828084222330959e-08,1.8462723784932597e-08,-5.119155889971637e-10,3.872858091043435e-09,1.576075828858424e-07,-4.439420770343082e-08,-1.228741663376555e-09,3.4704624043940462e-09,-2.942420471853881e-08,1.6110477834598268e-07,-1.4445053539665194e-09,1.8773386729829524e-09,-2.52615444374978e-07,-1.8790125273165425e-07,20mV,1,13
1.195791,0.02,2.2448430593981677e-05,-2.2925727671282596e-05,0.0004495718623523333,-0.01999495788850311,3.4141269861660444e-07,3.0566403141024205e-07,2.2747890315814183e-07,-5.1805327585786296e-08,8.192719258085674e-07,-8.967819880555036e-07,-1.488542638473603e-07,2.2133867513244766e-07,2.184720200473436e-08,2.475846005977048e-08,1.3839847474773701e-07,-4.242323593922098e-08,2.544486187052041e-08,-2.6676343572674062e-08,-1.991776171537576e-08,3.1113306042098177e-07,-7.383706236332343e-11,4.503366425303604e-09,-1.8316418972487717e-07,-1.2791296506621702e-08,-5.061476968859381e-10,3.1656485584027464e-09,-1.2241985023074312e-07,3.128623784427211e-07,-3.390394714822471e-10,3.4456716825873835e-09,1.685860785763709e-07,2.759584755325952e-09,-9.980060915493108e-10,2.8786902634907523e-09,-9.288308295147419e-08,1.0907625913384092e-07,-1.0833186351849023e-09,1.5804930365321488e-09,-1.3067675821174537e-07,1.9433493007154078e-08,20mV,1,12
0.9486946,0.0200003,2.0118292779102882e-05,-2.0418813161107165e-05,0.0004576406136382792,-0.01999510151956804,3.040594514441214e-07,2.8773622285673366e-07,2.8155544667655585e-07,1.1274419878455083e-07,7.484199368191099e-07,-7.945440702141701e-07,-5.758792530835186e-08,1.785136368133609e-07,1.898523150205563e-08,2.7136084514423334e-08,3.74062912296155e-07,6.957033585146998e-08,2.3264674887426985e-08,-2.0762500202394193e-08,1.1954325145652861e-07,3.3283681918602634e-07,-6.556506207196025e-10,6.7587033912763184e-09,-2.0016922392893718e-07,-6.733201143271087e-09,-8.364247895240693e-10,4.683246656457043e-09,-1.1246190849924902e-07,1.0321205686930904e-07,-8.047918152405162e-10,5.08531088680275e-09,9.752504009618167e-08,-5.063847986285047e-08,-1.159869462888985e-09,3.768262634999451e-09,3.110143990642639e-08,1.7074894144332527e-08,-1.3810579883158654e-09,3.021410928438492e-09,-2.96465345585047e-07,-1.7477160563023478e-08,20mV,1,11
0.7515633,0.0200006,1.8009125833344883e-05,-1.819142680036954e-05,0.0004645503727156865,-0.019995245150632966,2.717052282437581e-07,2.6074739332949234e-07,1.3029149550143327e-07,-4.3994670274973515e-08,6.823336265639806e-07,-7.0871091921093e-07,-1.0067242762196028e-08,6.374569842105417e-08,1.6980009253132057e-08,2.4396907523715032e-08,2.4837998524110507e-07,5.5223039824303824e-08,2.1780060006152003e-08,-1.8893141892349542e-08,-9.652244002026333e-08,1.8110761384596996e-07,-4.5956239728702275e-10,5.796655889259034e-09,-1.909187204349333e-07,-9.570568749381904e-08,-6.350911596002999e-10,4.212129029511086e-09,-5.832107350646429e-08,2.1715260298782332e-07,-6.747429457533775e-10,4.36607280490147e-09,-5.051114539951961e-08,-6.7278945278491515e-09,-8.087107336043734e-10,3.597003582304761e-09,7.250355841089671e-08,4.228254378685176e-08,-1.1751827441190564e-09,2.671036203797521e-09,-1.7256631635640922e-07,-8.787712049406403e-08,20mV,1,10
0.5978954,0.0199996,1.6141921989274156e-05,-1.6242463734724118e-05,0.0004699597395917636,-0.0199940298108528,2.432487102038165e-07,2.3616681481936415e-07,2.3382772768428595e-07,2.3298660207097765e-08,6.21013878926656e-07,-6.335810446807284e-07,-2.405134223004048e-07,5.92715796999874e-08,1.5342615112946957e-08,2.1444018556936553e-08,1.158915973588729e-07,7.530977796329626e-08,2.014497501154922e-08,-1.7366774565354185e-08,3.55086707454103e-08,3.094553390971821e-07,-2.675940652237657e-10,4.795464502631348e-09,-1.9880075133647206e-07,-1.5474026488813093e-07,-5.501002390647137e-10,3.458122286207995e-09,4.0810469002399386e-08,1.8456768620009794e-07,-5.385644548422626e-10,3.4734466159815223e-09,1.6465611166905756e-07,5.473540131032805e-08,-1.0224844710324707e-09,3.1014178510210585e-09,7.106492756748576e-08,1.5258557794333407e-07,-1.1514681504450126e-09,1.9991068801206582e-09,-3.2431518810381744e-07,-8.59117724384733e-08,20mV,1,9
0.4763719,0.0200005,1.4472487073066541e-05,-1.4517786101236306e-05,0.00047405543465091755,-0.019994858451612006,2.1815603170450085e-07,2.1342294617336796e-07,1.3976772073824403e-07,-5.618321349335096e-08,5.644093181800655e-07,-5.666805672583235e-07,-3.7124818536529434e-08,1.2369253195144436e-07,1.382169471787543e-08,1.9141568391958595e-08,2.2705508103116813e-07,3.088824721189865e-08,1.8783595583982906e-08,-1.6023039661687166e-08,-7.481748801252548e-08,3.125129130132066e-07,-3.7521450198057806e-11,4.060249122038289e-09,-1.9909718375739762e-07,-4.8357055076069356e-09,-1.1288584111165727e-10,2.6348411754355345e-09,1.5713105920658338e-08,4.785139638771678e-08,-3.2780520201071125e-10,2.9769350167562038e-09,4.625503653792742e-08,7.145529470487456e-08,-6.846910542811959e-10,2.6442468004796614e-09,1.5830154190031626e-07,-3.301211976899663e-08,-1.030824795516566e-09,1.7542733668435074e-09,-2.693884591664611e-07,1.3924291492408214e-08,20mV,1,8
0.3780242,0.0200004,1.2943368658750633e-05,-1.2952207493515465e-05,0.0004773224889508685,-0.019994670626373254,1.9502016073668436e-07,1.9250230816848747e-07,1.0624882637800577e-07,1.001484504485576e-07,5.108939301837838e-07,-5.05964512035437e-07,-1.265376423768092e-07,8.003341698977424e-08,1.2485395483954327e-08,1.6958199428349835e-08,1.7309554158795353e-07,4.766409043050654e-09,1.7167735054993628e-08,-1.452385175159367e-08,-9.312874731521924e-09,3.468721153945374e-07,1.975553595181073e-11,3.258150278779748e-09,-1.0997694744492074e-07,-2.1171020096681265e-08,-2.365638994711742e-10,1.9397949842856e-09,-7.534740930230754e-08,1.52257104746386e-07,-3.614078001361725e-10,2.43720593494824e-09,2.475806231220606e-07,3.879464015175801e-08,-8.85984467506785e-10,2.0323475279624998e-09,-2.1241852308777938e-07,9.282937598173439e-08,-9.11688793371827e-10,1.2149552908521085e-09,-3.5443141834172526e-07,-5.447367236439792e-08,20mV,1,7
0.3004808,0.02,1.157997839627532e-05,-1.1566720144128072e-05,0.00047997524423466363,-0.019994217636091553,1.7458864175060277e-07,1.7345031031832697e-07,2.1412596499347578e-07,1.6606667921209017e-07,4.622576894631237e-07,-4.519067510408982e-07,-1.0770226226964781e-07,5.112377608561357e-08,1.1171513744705528e-08,1.5104949894664084e-08,2.0028236101392703e-07,1.2740870954288335e-07,1.5753311570294868e-08,-1.3105362402903088e-08,-1.1780034372633833e-07,4.2170047517382365e-07,-9.526066321195323e-12,2.9171259364656234e-09,-1.240392352450949e-07,-1.6737736792228016e-08,-3.4768131071725774e-12,1.659906652331126e-09,-3.564308732509648e-08,2.5398502182178868e-08,-2.769693067733883e-10,2.099422130429772e-09,2.577513598005181e-07,1.1925510544319508e-08,-6.823698657865163e-10,1.791854987409227e-09,-5.862333955833463e-08,8.947234234387744e-08,-6.076284580442291e-10,8.941538710236154e-10,-1.764056852073831e-07,-9.443490612259227e-08,20mV,1,6
0.238186,0.0200092,9.612232806754632e-06,-1.0995510447450813e-05,-0.000884501090062377,-0.01998962144201384,1.7517653474789866e-07,1.3291287292181326e-07,-3.388674456606366e-08,4.9411417578079236e-08,3.2504240323409395e-07,-4.791680376497654e-07,-2.9930338494259996e-08,1.8118009229104155e-07,1.2357298671125001e-08,1.0084779010369453e-08,1.3375653970011645e-07,-1.1463117952140788e-07,8.793120311428134e-09,-1.6054406476558864e-08,6.36910302280337e-08,3.924506717137384e-07,1.466691934080593e-10,2.148841160454292e-09,-1.822599769284349e-07,6.669693010631424e-08,-1.7115762706576418e-10,1.1630890084520753e-09,3.3827579615856565e-09,6.491679983322056e-08,-2.96533957039909e-11,1.5699615649098514e-09,2.707312991381082e-07,1.604044111763043e-08,-3.330504980164662e-10,1.4510217848968915e-09,-3.3863597867523255e-08,8.386667599621687e-08,-7.332961381093098e-10,1.0427825236136033e-09,-1.4433187403993407e-07,5.922141931269698e-08,20mV,1,5
0.1890121,0.0200017,8.720615349852219e-06,-9.691782319638117e-06,-0.0006009811018739029,-0.019992715034181534,1.5341974297426508e-07,1.243326845592873e-07,3.0937700492407877e-07,2.288799689538022e-07,3.114303767253838e-07,-4.1496318385976513e-07,-2.5240264942801463e-07,-9.805561325002761e-08,1.0730117804510664e-08,9.866642092645132e-09,3.260052837962878e-07,-1.6183608143733796e-07,9.13502411780136e-09,-1.3889477531978233e-08,8.189875363000089e-08,3.037408114508492e-07,1.36922168371141e-10,1.9556849994840762e-09,-1.3144651023432766e-07,1.580628933616658e-07,-1.284410854434157e-10,1.0533134428087277e-09,-1.4920151956818363e-10,1.9504236830903104e-08,-1.9716346768172153e-10,1.4504141150068095e-09,1.496825731502596e-07,2.5042694888720564e-08,-4.898589397541332e-10,1.2905306426544576e-09,4.3767490124430425e-08,4.397006516869691e-08,-5.966654303145391e-10,8.52497437145874e-10,-1.640843495452075e-07,2.6254322358283708e-08,20mV,1,4
0.1502404,0.0200016,7.889764881958025e-06,-8.574774576232494e-06,-0.0003776690463947719,-0.019998007286496977,1.3522014025173805e-07,1.1477679932415847e-07,4.6789333050918046e-07,-1.6265267928417383e-07,2.9326911244864925e-07,-3.6117964771380525e-07,-8.904371410050037e-08,8.917071710752754e-08,9.299580019181272e-09,9.239270439872132e-09,2.247141156437024e-07,-1.6081508553656532e-07,9.264540668464786e-09,-1.1938569922684547e-08,7.369781757014696e-08,1.78366580699961e-07,3.2155493049219496e-12,1.642980283756473e-09,-2.2160406114626174e-07,1.1201687316883973e-08,-1.7675470869515936e-11,1.0238132793539287e-09,3.693251863767706e-08,1.0275930965556745e-07,-1.3054130306897433e-10,1.2371628631987486e-09,7.178649689205626e-08,-3.535883039905949e-08,-3.1496303801001796e-10,1.1043653370706163e-09,-9.735398654639527e-09,3.8297831346713725e-08,-5.511252124411306e-10,6.919058636434243e-10,-2.3305013119584986e-07,9.891415136782263e-08,20mV,1,3
0.1193355,0.0200004,7.111947422652823e-06,-7.59145420864495e-06,-0.000198964380265056,-0.01999936625734207,1.1867052700893602e-07,1.0969313246062199e-07,1.9621539216775877e-07,1.1777780469768802e-07,2.7219976104885045e-07,-3.1270504718390714e-07,-1.2996865706164776e-07,1.258057868582811e-07,7.883009802489003e-09,1.0737066233490169e-08,2.473966648735176e-07,-6.272862475320842e-08,8.638231885572258e-09,-8.602055639734148e-09,9.834822287491738e-08,3.988004906087936e-07,-8.708110608368673e-11,3.0085029151188005e-09,-8.273610064144724e-08,4.45398606518118e-08,-3.6671342118919735e-10,2.091757755834317e-09,-9.04984316231833e-08,2.3980476872313437e-07,-3.3477893215472903e-10,2.093440449002672e-09,1.2774348040960137e-07,-1.5591560894098446e-08,-4.940492103452708e-10,1.9189894721035316e-09,6.72988768508862e-08,6.342799755397575e-08,-5.883652120431892e-10,1.3579411208427932e-09,-2.6342810142823134e-07,-8.108458646272532e-08,20mV,1,2
0.0946587,0.0200012,6.392687243664631e-06,-6.7296678190738456e-06,-5.681492501399349e-05,-0.0200010677330343,1.0446387893996527e-07,1.040535691816383e-07,2.5625350876418275e-07,-5.288310195137952e-08,2.500459951088414e-07,-2.711625237891974e-07,-8.484163261640819e-08,9.090615602234153e-08,6.558705972198123e-09,1.1972334271486206e-08,1.8784855117936893e-07,-1.5485439634203184e-08,7.964714886200762e-09,-5.858280245239443e-09,2.0456035704010563e-08,3.239360020924061e-07,-4.0857579991695934e-10,4.051330737760574e-09,-1.5107038069377276e-07,-3.1708535272248867e-08,-5.566720231978007e-10,3.0097392471315314e-09,-2.2011074001274343e-08,1.3113206868756877e-07,-4.330642335746643e-10,2.8768816169269983e-09,1.133287772188099e-07,-2.934960495312363e-08,-6.532489988285631e-10,2.536430694018242e-09,-1.7567195143646746e-08,3.4289972208035284e-08,-7.723247864114667e-10,2.034226885204372e-09,-1.84533988142557e-07,7.767223276778397e-08,20mV,1,1
1500059,0.0154691,-0.0006014738669120422,-0.0030938495987536713,-0.00801515259193193,-0.013230652885694581,2.8162737269445466e-06,-6.17282122888944e-06,-2.8415748914588776e-05,-2.8920667350529795e-05,2.8361611051654182e-06,-1.1623067715753875e-06,1.950067919991026e-06,-1.2027444406244931e-05,-5.82194600522991e-08,-5.41729862542418e-07,2.390904803887014e-06,-2.9333882875785685e-06,1.0279918384890028e-07,4.5200320482526944e-07,1.819695107209756e-06,-1.590744980005008e-07,1.2419800281455817e-07,5.905645351035485e-07,-3.083223109657652e-07,-7.86399967861854e-07,-1.648554273930045e-07,-4.138773330089055e-07,2.0303753629555969e-07,2.562157227455631e-06,-4.6715705557326996e-07,-2.553075324734766e-07,-2.572100916566067e-06,-2.7997009117604866e-06,-2.1674800532646314e-07,-1.2421667485299888e-07,-2.3190892714227555e-06,1.704790255266942e-06,4.162470246093569e-07,-2.2538719291104433e-07,-7.82340732996105e-07,-1.6119824902362076e-06,20mV,2,73
1191504,0.0203917,0.002895878482545313,0.003244493174213737,0.017161470530854053,0.011013795786870562,-7.2080697507203696e-06,-1.0759071617491563e-05,-7.04466179300554e-05,-1.2437345368464011e-05,2.8947183854824294e-06,3.6471241948387397e-06,2.0952457810033886e-05,1.2579871579046924e-05,-1.0094446485893488e-07,-5.906455209270812e-07,3.222860126126811e-06,-2.6626989729055934e-06,6.287942632283991e-08,1.3965358928434316e-06,2.7212562532226046e-06,5.9209144380917315e-06,7.935991987778097e-07,-3.01633964699217e-07,4.9044484401360694e-06,-8.90192747223756e-07,3.756745633300876e-07,7.04237474451014e-09,4.2028659306775415e-06,-5.832698447721328e-07,3.1657723020894535e-08,-2.3197687568453016e-07,9.251058130885381e-07,-2.0185688894184725e-06,-1.78584237006045e-07,-3.418135397731896e-07,-2.450566938549629e-06,-6.712010036922403e-07,-8.835976506639767e-08,2.025314025198385e-07,-3.5395489466246625e-07,-2.5462009209964184e-08,20mV,2,72
946464.9,0.0202678,0.0024997042307160202,-0.0036756581631683083,0.007499487237771221,-0.01882922606845635,8.910650297296104e-06,6.584931899799724e-06,5.323961635161902e-05,2.6461261577215334e-06,4.993593613011127e-07,3.2537960478037227e-06,2.558842664418819e-06,1.2440659931500822e-05,6.131730590922082e-08,1.7817234730600384e-07,-2.5345358688155315e-06,2.909325664785659e-07,3.2364630928298875e-07,-1.7710815160031808e-06,-1.2164446345099827e-06,-7.712988186661389e-06,-1.6188237483441877e-07,4.447567966287566e-07,-2.6417067403391176e-06,1.2098155084363587e-06,6.139023734457413e-07,3.7766495843369314e-07,4.0945902048083525e-06,1.6175067619642276e-06,1.8338659690464727e-07,-3.825064301761298e-07,9.378908561195637e-07,-1.2418562844588741e-06,1.4928847160518267e-07,1.7148134938902613e-07,-4.2993197150487694e-07,1.4694562796532943e-06,2.6795557356564734e-07,7.040767181437287e-08,1.4329960862483628e-06,1.1236368694792482e-06,20mV,2,71
751816.4,0.0202506,-0.004407130297238461,0.0010186911746077087,-0.018583650093058953,0.008045700709733533,-4.4625067018944775e-06,7.280990137530232e-06,-4.833737762017415e-06,3.7513119596291954e-05,1.252904827914914e-06,1.4153184167186991e-06,3.0527125569037984e-06,7.6091318781746145e-06,-2.2464340496558372e-07,1.747670757274178e-07,-4.712298801474699e-07,2.322403834459567e-06,4.0936455543428603e-07,-4.587934186624824e-07,4.870197955422347e-06,-4.0581300114034205e-06,-3.538249637914232e-07,3.411552675540787e-07,-1.1877184215242792e-06,1.8462116115042515e-06,-1.3047346501215423e-07,4.794718725948065e-07,-2.5864640230589185e-06,5.388952482333365e-07,2.8958077718671946e-07,6.473222286624397e-08,1.1159028890600203e-06,-4.79844981907317e-07,-3.1980373635441266e-07,1.0168596575590008e-07,-2.3831708234677863e-06,-4.774139708906845e-07,-1.6135116086505235e-07,6.698696542057875e-08,-5.102074841788599e-07,1.0303082761099962e-06,20mV,2,70
597246.1,0.0202061,-0.0008090958858292511,0.004492586361453546,-0.00045700863695259376,0.02020093588415406,5.7916464796560654e-06,-1.5633688990296325e-06,2.1384455859165043e-05,-1.5430395790705192e-05,-2.7223611075682084e-06,2.4690014333060316e-07,-1.4118933682473268e-05,2.322403834459567e-06,-1.3160339955140342e-07,-1.8632628286199577e-07,2.3710174256661425e-06,-8.948746779986875e-07,-3.7715318990080936e-07,-2.4827646038892203e-07,7.313650736840631e-07,-1.374711704954716e-07,1.747522706791867e-07,3.418514362772438e-08,2.18429704125907e-06,-1.2783164778638055e-06,3.855855487518935e-07,-1.7969395271076965e-07,2.337871795298023e-06,-1.6009339467801678e-06,-3.033035101008592e-07,1.8374037126610967e-07,-5.125535318963154e-07,4.0343049322948166e-07,-2.243745939032983e-07,2.06031802057581e-07,-3.359862064981705e-06,1.0313013191958251e-06,8.244668404561627e-09,-1.0666364394206279e-07,2.641998421886357e-07,1.5918255275550087e-07,20mV,2,69
474433.6,0.0201986,0.00020079622877006742,0.004580698495515463,0.0037271686824690573,0.01985172457113901,3.4604038104316675e-06,-4.000677585432014e-06,1.1692673539526928e-05,-2.099223256647563e-05,2.5761888776448015e-07,4.317582957381603e-08,-3.520065945094282e-06,-1.930180541770154e-06,9.830834868158452e-08,2.819033653099865e-07,1.6871125857372784e-06,3.6659067187140076e-06,-7.538200229186839e-07,3.081937059199369e-07,-1.2230737605836064e-06,2.8041203291429024e-06,5.709786716335921e-08,2.963076828699293e-07,1.3346640494896086e-06,2.905766928938469e-06,7.444125196221696e-08,-1.3701331885465333e-07,1.204291236708339e-06,-2.5444795579259673e-06,2.04261935881358e-07,2.1536461720033237e-08,-1.5081261817494336e-06,-4.945978810132977e-07,2.427404772048387e-07,6.021051806851203e-08,3.2162310000531873e-06,3.319476324086843e-07,-1.8562724151753212e-08,-5.477239183381887e-08,-1.0562407543974056e-06,1.303918162760141e-07,20mV,2,68
376816.4,0.0201436,0.0014969726771305615,-0.004330686529920467,0.003982959036291563,-0.019745912670460518,4.165300882927007e-06,-7.427469516961716e-07,1.6246883152106533e-05,-5.794961042692878e-06,-2.8817043061455596e-07,1.7698385548643765e-07,-2.8936135311368252e-06,3.3499183758712693e-06,-6.157238363199041e-07,-1.369759747777719e-07,-5.52095716498309e-06,1.5158601621686613e-06,-6.58978110552258e-07,-1.3348386164762139e-07,-5.217122219941996e-06,-2.715731981494584e-06,-1.0968368595596708e-07,-2.549660219952504e-07,-1.2551145366061218e-06,-1.595409675052148e-06,-8.896113728670991e-07,3.092123816265838e-07,-2.701368875001732e-06,-1.8915106396740146e-06,-1.59727908860491e-07,2.899859272752524e-07,3.864626926168685e-07,1.756718409510329e-06,-1.484940813306934e-07,-5.051963068089385e-07,-3.490388452517014e-07,-2.431784414674361e-06,4.0335845672614824e-09,3.051917061774963e-07,1.3799630776593717e-06,1.3921164754610156e-06,20mV,2,67
299355.5,0.0200491,0.004498228852596545,-0.0007303595457441289,0.019191728779249014,-0.0058004764755861336,-1.370019388548936e-06,3.025091198263699e-06,-4.982893098673952e-06,1.39333181524118e-05,1.9125028722404906e-06,1.5788368598680883e-06,1.0193386192542325e-05,3.852627103121081e-06,-7.348508891444437e-07,-2.883190335240397e-08,-1.8561553006146873e-06,-5.099605492326175e-07,3.194660928663961e-07,1.410898999336283e-06,7.307580667065884e-07,1.5291184143159092e-06,3.874917539543641e-07,2.350367697946804e-07,-2.515640649797012e-07,4.70787275496621e-07,-1.1192174520968322e-06,2.471497299272751e-07,-2.2030795651343373e-06,3.2339086695828515e-06,7.02327402258334e-08,2.5364251697465145e-09,1.410898999336283e-06,-4.021238924803704e-07,1.8147464645957958e-07,-1.9274780680408068e-07,1.4429397753587987e-06,-2.531074360150754e-07,4.181242826279727e-08,-2.986087630155187e-07,-1.2948892930478653e-06,-1.5059164730582257e-06,20mV,2,66
237832,0.0199438,0.004151975234664677,0.0017816395041297724,0.019241204156845163,0.005246942238729848,-2.612980527353414e-06,4.215327582841609e-07,-1.1459549272604488e-05,3.480291188652539e-06,-2.449462084204025e-06,1.9191319983141143e-06,-8.344964872346864e-06,9.373584268104172e-06,5.599789627396281e-07,-8.604811146472083e-09,1.4573028818516505e-06,-2.0185688894184725e-06,3.812124247665584e-07,-1.314776671268737e-06,2.9628326558889144e-07,-4.782914462119632e-06,-1.0731832538455043e-07,-2.100911474087646e-07,1.3269300690703807e-06,1.416591208924835e-07,-9.149139736920797e-08,8.07750504692609e-07,-7.757037624566273e-07,3.1488348849713445e-06,8.539212629410537e-09,1.9656529953901155e-07,1.3998504558802433e-06,-6.451679836593811e-09,3.188821773447444e-07,-1.2822840098188694e-07,8.979254018177691e-07,-2.6538601381407614e-06,3.233196038529936e-07,-2.8425460584286634e-09,2.0716018980074637e-06,-2.7113512340142644e-08,20mV,2,65
188847.7,0.0112225,-0.00021422462848653823,0.0025187099351690998,0.0007405352542671417,0.011198063394630392,1.941229085226194e-06,-4.783915460156749e-07,7.707463914933369e-06,-6.919246461672995e-07,3.779706716311218e-06,3.701262057773335e-06,1.55994385055826e-05,1.6254617132525764e-05,-5.369968874967197e-10,4.2140669440332753e-07,1.242961138804478e-06,3.296885367282278e-06,-3.795120539286738e-08,8.459171456343258e-07,-1.3932213298066196e-06,4.22164845455281e-06,8.404931946808868e-08,3.537618766082893e-08,-2.105852382721187e-06,-1.71804850741419e-06,-3.364516816339735e-07,5.651135523399534e-07,-1.531939107460236e-07,1.1302659955528722e-06,3.572861409998968e-08,1.5742682871490159e-07,-5.871233557587304e-07,-4.273851717528253e-08,-3.290382194604053e-07,-7.52515852849133e-08,-6.234874268355942e-07,-2.553506217929552e-07,-2.1543024554846128e-07,-9.252037031835587e-08,-7.117992080777623e-07,5.956637693648146e-07,20mV,2,64
150058.6,0.012681,0.0005899822768634152,-0.002773224182222433,0.0005141052998247162,-0.012670546975190641,1.5931999663609401e-06,4.957210759410388e-07,6.4700270478569105e-06,8.439168068416098e-07,9.87504230023476e-07,-6.574988210689288e-06,1.4584077361972545e-06,-2.6621465457327915e-05,-1.0443140727074795e-07,5.433870335753894e-07,-1.9511727743366297e-06,2.5422698492347594e-06,1.9213417070053222e-06,4.3413085995991033e-07,6.456768795709662e-06,9.448136524782491e-08,-4.7107685782060376e-07,1.5096553001637494e-07,-2.2461688846128927e-06,2.864887318151122e-06,1.2061716988045568e-07,6.065690132122295e-07,1.645128120604327e-06,2.1876116042958815e-06,4.3835659637554185e-08,-1.6406534605046312e-07,9.196921372805132e-07,-4.153051362797295e-07,-4.0626488656769406e-07,9.240395181595956e-08,-1.6871125857372784e-06,9.06348258921481e-07,8.76629444791687e-08,1.1890586098454967e-07,2.824007707363774e-06,7.388889108067571e-07,20mV,2,63
119238.3,0.0143331,0.0023475812552871908,-0.0021317711608147107,0.008557935491151143,-0.011497832475679664,-5.322738561401318e-07,1.6274504510746634e-06,7.611745963556313e-07,5.149726104860153e-06,2.7687649900835754e-06,7.4345648915691856e-06,1.167941528737968e-05,3.109170613964162e-05,6.765773354233838e-08,-9.859339005420688e-07,2.0108349089992446e-06,-4.7033649492361455e-06,-1.2319125953484383e-06,-2.343396067026043e-06,-2.5378504318523436e-06,-7.891974590649232e-06,-3.682911531947198e-07,-1.1703059170375605e-07,-3.3786445888569726e-06,-1.076128132618277e-06,1.8337897340966259e-07,8.563702830835195e-07,9.31984525758834e-07,3.5775183710656894e-06,2.728779206461822e-07,-2.608608618707859e-07,8.049523505769325e-07,-1.9147125809316985e-06,1.4169513914415019e-07,-6.561471422625169e-07,3.736617396832662e-06,-4.559733884307628e-06,-2.2854586099969159e-07,1.6389972838405706e-08,-1.5335378316983252e-06,-2.0240931611464925e-06,20mV,2,62
94746.09,0.0161417,0.0035210415314814504,3.19468634031391e-05,0.015764956735097535,-0.003466927975342459,-1.3921164754610156e-06,-1.47939996876373e-06,-4.374118354246158e-06,-4.222753308898414e-06,2.6052465469341864e-06,-9.11504835123284e-06,9.951423090855053e-06,-3.855831180723332e-05,-9.73624718277695e-07,2.4052303453321153e-09,-3.952063994225439e-06,-8.361895660338901e-07,-1.1379999759720999e-06,-2.159990245655782e-06,-3.753190212016722e-06,-1.0915960934567328e-05,-3.5112204812033765e-07,-2.574239914579156e-07,1.4716659883445022e-06,3.0622319819455225e-07,-8.64126250104225e-07,-3.866056607691897e-07,-2.9344931419241727e-06,-1.7876543311872405e-06,-2.620852614565842e-07,3.9230472045468417e-07,-1.36559997116652e-06,1.3258252147247767e-06,-4.357302471106066e-07,2.6616769826359096e-07,-2.0117508332517503e-07,-4.226415901054091e-07,1.7019772961030343e-07,8.496510008952945e-08,2.2428543215760806e-06,3.783749378361782e-07,20mV,2,61
75292.97,0.0177687,0.0025544144082016384,-0.002825411977237037,0.008099202176565061,-0.01581549277286546,-3.702436517942712e-07,1.2407514301132702e-06,3.088067895963126e-06,-1.7556135551647254e-06,-5.52095716498309e-06,-4.572992136454876e-06,-2.627675090149947e-05,-1.8196951072097562e-05,-6.524710708838234e-07,1.4154587332205908e-07,-2.4837125689177482e-06,-1.3048329821583011e-06,-2.1434174304717224e-06,1.5368523947351369e-06,-7.055599851027021e-06,6.063440648674645e-06,6.011829587628446e-07,4.2766547330030495e-07,2.4174213081815096e-06,1.372756112762997e-07,1.4412349851035316e-07,7.880642099626374e-07,-5.4159507031225434e-08,1.872728115798747e-06,3.545567088245168e-07,-1.3634444003382467e-07,1.1556776455017636e-06,-4.750268225915725e-07,6.336471149705955e-07,3.2994110643163287e-08,3.592986331904145e-06,1.6119824902362076e-06,1.100052317161682e-07,-1.4988962285462578e-07,-9.220138782023654e-08,2.1030460526833527e-07,20mV,2,60
59824.22,0.0195379,0.0007470549997605507,-0.004005661583385034,-0.002498790516172206,-0.019377476891831957,2.0517145197865917e-06,-3.472408052896654e-08,2.3964290756150338e-06,-9.01782116881969e-06,-2.788652368304447e-06,5.833649727312893e-08,-1.1763384217645581e-05,2.525927948608931e-07,-5.349646184134158e-08,1.5559652700597404e-07,5.215807443270727e-07,1.975479569939917e-06,-7.314861657203413e-08,-3.80373840318245e-07,-1.2750019148269937e-06,-3.2714737173333864e-06,1.0737747928621407e-07,1.1527740882815163e-07,1.5103358904406413e-06,-3.6440449657775414e-07,6.4683995974058354e-09,4.2578887819429656e-07,-6.960443165657532e-08,1.5655786077208406e-06,2.544270740454648e-07,1.6669920832494843e-07,-6.782648899508593e-07,1.60424850981698e-06,7.331484190833026e-08,2.4370910300962974e-07,2.956590228836252e-06,5.356532741270306e-07,-3.231739840502431e-08,8.022924137398908e-08,1.5965145293977518e-06,2.0738116066986716e-06,20mV,2,59
47519.53,0.0157355,-0.00152946754828912,-0.002777328716116352,-0.012049408910635538,-0.010120143188263545,4.077650577981552e-07,-2.102537819684375e-06,-9.680733776182079e-06,-2.376541697394162e-06,7.3418455148861e-07,-1.4601821322762942e-07,4.5884600972933315e-06,-2.9300737245417564e-06,-5.6135782096294183e-08,-2.635541653090647e-07,-2.0699645038672782e-07,-2.730095087987436e-06,6.39844795422261e-07,7.577377259427611e-08,3.6780601165156514e-06,-1.7158387987229819e-06,1.6249844161752753e-07,-6.770773925002043e-08,1.6031436554713758e-06,2.9704285295149415e-08,1.8810443544581082e-07,-9.64844993220353e-08,6.55321263639178e-07,-2.2240717977008127e-06,1.3711231380401944e-07,-8.172126982792307e-08,-1.3684869555715833e-07,4.0964043756438335e-07,-5.5250871105269584e-08,-6.667763934944e-09,-9.189295668111773e-07,7.295811758576509e-07,1.436912794903529e-07,-2.138764888822384e-07,3.16492377395203e-07,-6.567155898233302e-07,20mV,2,58
37792.97,0.0150313,-0.002703552067188646,-0.0010350385995052652,-0.01499696143092475,0.0010158152387461014,-2.388695095195806e-06,-1.2142349258187748e-06,-6.190498898419104e-06,7.98257264698876e-06,-1.1214271607880403e-06,-5.988999982285231e-07,-7.808005660383331e-06,-1.534642686043929e-06,2.7285869618056865e-08,-5.232342693407037e-08,-4.5378875993320006e-07,5.1263573305962834e-08,-3.0494090424104427e-07,5.54134283251383e-07,1.663751545453828e-07,4.073597972241876e-06,-5.420966741851585e-08,2.2374560032434594e-07,1.6097727815449997e-06,-8.268232738044669e-07,-2.7840031412181454e-07,-1.1003868670575309e-07,1.7964931659520724e-06,5.845611985312747e-07,-3.148061486929422e-07,6.600879367424172e-09,5.732836187693912e-07,-2.9411222679977964e-06,4.4310271918795294e-08,-3.112059808077916e-07,6.597895155836695e-07,-1.7920737485696566e-06,-1.710029474573796e-07,-9.07685353650531e-08,-1.4374155036307787e-06,1.3843824950417877e-06,20mV,2,57
29941.41,0.0215244,-0.0022965933320919125,0.003159475737173857,-0.0026223949912323056,0.021364005005227914,3.646019340493136e-06,6.186079481036687e-06,2.9615620733914702e-05,-1.821131417859041e-05,1.8009125833344884e-06,-1.140209684663308e-06,7.73839983661028e-06,-7.705254206242161e-06,2.065926261234096e-08,9.139877742941599e-08,-1.481609677454938e-06,-6.658374882715058e-07,1.2882601669742414e-06,2.524617591355044e-07,5.780597936200027e-06,-9.832919728308608e-07,6.916003714168648e-08,-7.101477822873879e-08,9.10129070492138e-07,-1.94012423088059e-06,4.8956096053712373e-08,1.6135370203004723e-07,1.78084842841832e-07,-1.3662231090174405e-07,-3.771454559203901e-08,6.897224504856418e-08,8.071388573268827e-07,2.4163164538359054e-06,-6.693745689735224e-08,2.0056409887205603e-07,-1.0518213370149896e-06,-3.872834889102177e-07,-1.1704340801416505e-07,-3.6136868829233814e-07,-1.6274504510746634e-06,-1.6882174400828823e-06,20mV,2,56
23847.66,0.0205137,-0.0016158218590871815,-0.0030509436850964865,-0.017997071872434343,-0.009844591409615567,4.8812464988783866e-06,-7.833417310332223e-06,-3.1209925554621245e-05,-2.18164539082962e-05,7.645495949251478e-07,-2.2008698564431294e-06,9.174553596578379e-07,-1.4289081251696282e-05,3.4927937204273936e-08,9.528315804642972e-09,3.936038081942453e-07,2.3124601453491314e-06,-1.4318912319027589e-06,-2.1657365931072685e-08,-6.1319416181020926e-06,3.6415999231107197e-06,2.0064519518102338e-07,-6.165109345557124e-08,1.3876970580785996e-06,1.592095112015336e-06,3.025799409899231e-07,1.1858943069996871e-07,6.96313017142604e-07,-1.1357902672808922e-06,1.5823072073676305e-07,2.3575503560475752e-07,-7.341949371194586e-07,8.425253532787562e-07,1.9472085569446028e-07,5.134589600325379e-09,9.939495083339914e-07,1.045212982203063e-06,-2.2894714409801493e-07,3.261338888421161e-07,-1.3954310384978275e-06,2.0539242284778e-06,20mV,2,55
18925.78,0.0199547,-0.0009153375748481843,0.0029107829676675114,0.00699221656692841,0.01868950618791127,7.79143284519927e-06,8.392473609207836e-06,2.751750233161274e-05,-2.594860916085509e-05,-1.5699980251032566e-06,-1.2540096822605178e-06,-8.720615349852219e-06,-6.101005696425181e-06,-9.86852255474135e-09,-4.032299621657545e-10,1.3368737581808165e-06,-4.139931217443248e-07,-1.6760640422812386e-06,-4.010601387164229e-07,-6.11757851160924e-06,-6.381297300215801e-07,-9.62423704921962e-08,1.7292517304786143e-07,-7.702708621829888e-07,2.3500251930996667e-06,-1.7465228136090955e-07,-1.1712704548812727e-07,-1.6119824902362076e-06,3.0637611003598384e-06,2.9900109679364266e-08,-2.018882668052624e-07,-1.59872423808896e-06,-5.099605492326174e-08,-1.783729888551655e-07,1.807640041444871e-07,-2.0196737437640763e-06,1.6826931683548623e-06,3.7669058738630497e-07,3.867663065910405e-08,2.727885379296228e-06,1.6119824902362076e-06,20mV,2,54
15058.59,0.0196301,-0.0020269801455515555,-0.001748173466001428,-0.019623306983728845,0.0005163779852136236,4.522168836557092e-06,-1.2713558954865003e-05,-3.2303731356769185e-05,-9.823259986764992e-06,-1.986528113395957e-06,1.2293946322948068e-07,-8.926118258134558e-06,4.466926119276893e-06,1.500195537256688e-07,-2.0499776887553026e-07,1.59872423808896e-06,-8.728802320553144e-07,1.977689278631125e-06,-1.1563692843221118e-07,9.231058057521258e-06,-1.6583863727515746e-06,7.932117263588063e-08,-1.5483517187641832e-08,3.2449572130388906e-06,7.106312665490244e-07,-3.002911247275699e-07,-6.060153706996474e-08,-1.1026446369127726e-06,2.433994123365569e-06,1.2604951772692133e-09,-9.583881139392087e-08,-2.2627416997969522e-06,-1.2805261865550134e-06,4.0156295792910725e-07,2.9350245768644078e-08,1.7369116856566863e-07,3.085589707665936e-07,8.874658562133708e-08,3.4329205585847686e-09,-1.372229097240144e-06,8.326574571764287e-07,20mV,2,53
11863.43,0.0195475,-0.0013174990323763052,0.001908397233492226,0.003948340635080753,0.019144551498691726,-6.222539674441619e-06,1.3407407483904304e-05,3.0196774119702392e-05,8.005774588246444e-06,-1.8660989897251234e-06,-1.8130659811361322e-06,-8.298560989831499e-06,-7.883135755884403e-06,3.744482854919017e-08,-3.1960287383438184e-07,1.3589708450928963e-06,-9.600345678850277e-07,-2.1257397609420587e-06,-1.1733553150314275e-06,-9.669685232726038e-06,-3.3211921628855655e-06,2.357071954115929e-07,2.914838887970223e-07,-6.677024824068853e-07,1.888196076637203e-06,-3.162493094391701e-07,-1.2212684285828896e-07,-2.0649727719338396e-06,-1.1103786173320005e-06,1.1979029688820566e-07,1.8688920615108098e-07,-2.944928491218402e-08,-5.772555701418375e-08,-3.109683266380522e-07,-4.4886387168767023e-08,-1.249590264878102e-06,2.2870484954002397e-06,1.264184285929185e-07,2.574792341751958e-07,-3.1762430067227426e-07,1.476085405726918e-06,20mV,2,52
9432.87,0.0195766,0.001958373110106931,-0.0004086204360325218,0.009460081105112816,-0.017139086181812115,-1.17965298480137e-05,-9.280776503073437e-06,-1.0765700743565187e-05,2.169160536724295e-05,-3.474766916924519e-06,3.678537413592952e-07,-1.3347745349241688e-05,6.3175571481635615e-06,2.6288407114845592e-08,1.3140982907005362e-07,-4.008273459058041e-07,3.6606840722223374e-07,-1.7324116139070414e-06,-1.996471802506393e-06,-1.1786586158903264e-05,-6.824685292795788e-06,1.4445528627033804e-07,2.379056345884757e-08,1.6075630728537918e-06,7.39627837393097e-08,1.738216518638845e-07,-4.705996712287374e-07,1.5342029540143786e-07,-3.4869203147261624e-06,2.801358193278893e-07,9.047527387609943e-08,2.626238779500662e-06,-3.2371580462132727e-07,1.1612704181992111e-07,-1.621860992940253e-07,-1.4313056590995886e-07,-4.488805549882889e-07,3.547924847418687e-08,1.0688164275299391e-07,5.2148495345530885e-08,-2.5965170927495693e-07,20mV,2,51
7558.594,0.0196857,-0.0017237473461288151,3.354779734991927e-05,-0.011960468135814419,0.015635644582488045,-3.6040348753601848e-06,-1.3967568637125522e-05,-1.52657724932102e-05,1.0585609485231738e-05,3.380854297548181e-06,1.8318485050113996e-06,1.5712133648834205e-05,-5.446164050057429e-07,-7.253251664329498e-08,2.2462152884954077e-07,-4.2989595325321027e-07,8.991704621798303e-07,-9.392235314312311e-08,2.9775824614027276e-06,5.880034827304385e-06,1.604911422424342e-05,4.187416752362962e-08,1.1903711768080743e-07,1.0573456087430093e-06,-9.48818638995629e-08,-4.1174993596644505e-07,1.1900043651653337e-07,-2.1975552934063173e-06,1.8086465637537161e-06,-1.2252017100532397e-07,4.838263245417009e-07,-2.1596145951782767e-07,1.7810252051136166e-06,-3.6357839698354605e-07,-1.5635677728118414e-07,-2.1898213129870894e-06,-7.530406586632948e-07,-1.3620810100757713e-07,-2.3376011059833497e-07,3.001522445363275e-07,5.53378010451817e-07,20mV,2,50
5960.648,0.0197519,0.00031811629231237175,-0.00142266459326262,-0.012745080449345086,-0.01508975814741203,-6.285516372141045e-06,1.167941528737968e-05,1.2596444394230983e-05,2.0782310240810875e-06,4.0614445744402326e-06,-6.507887091717721e-07,1.2373263816418979e-05,-1.330355117541753e-05,-1.6613783183194704e-08,2.096795891650271e-08,-1.534408456922661e-07,7.996171194274453e-07,-7.243810683946313e-07,-2.911291200666489e-06,-1.0873976469434376e-05,-1.2510265755273872e-05,1.6935395234656568e-07,-1.2483539328653713e-07,6.401309526977726e-07,-1.3777533689681637e-06,-4.935805311318656e-07,1.08176222686825e-07,-2.1898213129870894e-06,2.092594130573939e-06,-3.7254075446421647e-07,-2.11869962905187e-07,-8.294060918081853e-07,-5.591403782913147e-07,3.4524919484627976e-07,5.742379919531239e-07,2.998574693969203e-06,2.230700923774437e-06,-6.551232737404458e-08,1.8139432354865418e-07,-1.7898010631807492e-07,1.3876970580785996e-06,20mV,2,49
4746.094,0.019803,0.0002397058842592028,0.001215603840352978,0.01783864680781819,0.008598841618442784,8.647549122268736e-07,1.1669471598269243e-05,6.049077542181794e-06,-4.788438733847652e-06,-1.539062103426345e-06,3.887982442180407e-06,8.953739616774657e-06,1.6829141392239833e-05,3.612477067414945e-08,1.714566006516846e-07,1.798855344542974e-07,9.273335309055794e-07,2.263846554142556e-06,-1.694846566156506e-06,5.128733872293678e-06,-1.6630267610031115e-05,-1.62473692880186e-07,-1.2206231936450567e-08,-3.9154601697555784e-07,-1.7043958222655614e-07,-5.180945974103885e-07,-2.776948646221464e-09,-2.3212989801139634e-06,8.791671847381048e-07,4.579894161551864e-07,-1.5028063080753504e-07,2.6096659643166022e-06,-1.4694562796532943e-06,4.316714541865959e-07,3.694061722003034e-07,2.2550077193777243e-06,1.2407514301132702e-06,-8.496253682744764e-08,-7.237945012225501e-08,-9.821987194558854e-07,-8.070463810181556e-07,20mV,2,48
3761.574,0.0199021,-0.0010250076269015264,0.0002521841092384542,-0.007969488961828117,0.018236781071256584,8.611266810413446e-07,-1.0228741531601652e-05,-2.625133925155058e-06,2.2561125737233285e-06,3.484710606034955e-06,2.009730054653641e-06,1.56270598642227e-05,-9.513900769995875e-06,-3.147507954902274e-08,-1.187679751622183e-07,-5.513047512722911e-07,4.695834262016509e-07,1.5600543359928204e-06,2.2561125737233285e-06,1.6027017137331343e-05,4.730986307876245e-06,1.58163877048854e-07,-1.4483800781565526e-07,7.949969500104333e-07,-1.194347547597903e-06,-4.713996962603892e-09,3.721651039867111e-07,2.3212989801139634e-06,1.5213844338966815e-06,3.366602781344235e-07,2.0946856198501676e-07,2.468244608079293e-06,-1.47187259610713e-07,-1.2481859950048395e-07,5.007336896216095e-07,4.90708241289599e-07,4.08575137004352e-06,1.7610405997103317e-07,2.2774837713303462e-07,1.8119611267905282e-06,1.430786377557155e-06,20mV,2,47
2993.223,0.0199161,-0.00024099524928052266,0.000871807418485733,0.011669913540007485,0.016138883639823746,-8.447716326488036e-06,1.869413552761935e-06,1.979898987322333e-06,-4.76552294986548e-07,-2.6925300402369005e-06,-2.7566115922819317e-06,-1.6938521972454625e-05,7.042341598879772e-06,5.739819972012475e-08,-4.499840835086782e-09,1.498111781960879e-07,-1.1247417238248522e-06,-1.2407514301132702e-06,2.0174640350728684e-06,4.532112525667529e-06,1.7257824878334177e-05,1.0137148001496737e-07,-5.259530949143659e-08,-7.425861953888864e-07,-7.478027651816555e-07,4.6347711720436675e-07,2.8559479416408397e-07,4.542056214777964e-06,1.034242883405561e-06,5.805224034709193e-08,-5.60076742349214e-07,-1.6164019076186237e-06,-2.445042666821609e-06,4.0873511991359546e-07,-3.0041917734622537e-07,4.606419504681124e-07,-2.1301591783244745e-06,-3.116272617697704e-07,3.521476844093618e-08,-7.979618266468614e-07,2.3093300929880355e-07,20mV,2,46
2372.685,0.0199217,0.00037247954553346996,0.0006855079835843353,0.019488481607934788,0.0041320359282895625,-5.337240879541716e-07,7.222432857213221e-06,-1.714733944377378e-06,-1.761137826892745e-06,-1.3512368646736681e-06,3.31124847377513e-06,1.4486850179559394e-05,8.468708559054511e-06,6.990202417456374e-08,-4.742936412478298e-09,7.700455823819203e-07,2.4322418243734413e-07,3.151566084913678e-07,-2.0738116066986716e-06,-1.1588817231040152e-05,-1.3739968641931103e-05,-5.176778463512267e-08,3.6228306574876e-08,9.535004592851258e-07,7.664660752730325e-07,-1.575271494894824e-07,3.880936786018491e-07,-3.371507229784371e-07,3.383064006239389e-06,7.180964359059667e-09,-3.420451172440281e-07,-1.7887591855328447e-06,-2.1876116042958815e-06,-2.1398520654984586e-08,-5.430417665923882e-07,-1.9732698612487093e-06,-3.651543612221156e-06,-2.4375440203779946e-07,1.0034700382300608e-07,-3.835122895723677e-08,1.7909688942240526e-06,20mV,2,45
1886.433,0.0199802,0.0006244360547767297,-0.00027816475917533177,0.006384481490439831,-0.018932717775009076,2.7632407183555554e-06,-5.633652308234697e-06,1.6594912270971788e-06,7.36445746392323e-07,-1.6871125857372784e-06,-2.85604848338629e-06,-1.257103274428209e-05,1.1668366743923639e-05,-1.1848435905170175e-07,1.4452909054062438e-07,-2.6724559416316223e-07,-3.762193670079048e-07,-1.196557256289111e-06,-1.0993300738759607e-06,-1.6281133636820257e-05,2.4671397537336887e-06,8.437890856792579e-08,-3.2310029026539127e-07,-2.857671514419982e-07,-1.91802714396851e-06,-1.4186992710162472e-07,-3.0520485394420905e-07,-2.9820018787851435e-06,-1.2639533713709539e-06,2.820934002574304e-07,-3.181641325055364e-08,1.1103786173320005e-06,-8.63218170317573e-07,-2.9120822763779415e-08,-4.827666587388321e-07,-3.0759144981614817e-06,-1.8638892810339152e-06,2.630933305615133e-07,2.2670915113555954e-08,4.6201009160427376e-08,1.059742148304059e-07,20mV,2,44
1506.696,0.0199558,0.0004869236732141671,-0.00035838270893790884,0.002973165253729003,-0.019733063214421143,1.4617222992340661e-06,-4.9961513508212e-06,3.341079541106437e-06,-6.50518572284272e-08,-2.7510873205539112e-06,-1.9268659787333422e-06,-6.595980443255764e-06,1.5933104517955005e-05,5.638353463475242e-08,3.769620500990199e-08,5.977834324268557e-07,-3.693613151138719e-07,-1.4329960862483628e-06,1.539168169443523e-07,-8.446611472142431e-06,1.449679386866983e-05,-2.1879198586583052e-08,1.7533684911344578e-07,-5.309825023809898e-07,7.812807357369326e-07,-4.2789417814984496e-07,-1.0450323385175566e-07,-2.6461261577215334e-06,1.0143335185832118e-06,-5.240285491297584e-08,-1.201992034815137e-07,-1.7456698660542891e-06,-7.379609436418843e-07,-3.4835560332437986e-07,4.7662477343161955e-09,-1.986528113395957e-06,3.2714737173333864e-06,-3.956316578601668e-08,-2.689059692737359e-07,-4.048609481507351e-07,-2.04839995674978e-06,20mV,2,43
1185.994,0.0201246,0.00034314455780333865,0.0004198247639512918,0.019924589715231592,0.0028299672917039623,-1.9655358808294814e-06,4.044871759256173e-06,-3.4111582425394066e-07,3.210403998234472e-08,-2.4251552886007375e-06,2.4306795603287575e-06,1.8532826793161168e-05,7.2975629527142915e-06,-3.302433945805901e-08,2.9342533885311763e-08,1.823653800330055e-07,-1.4285766688659468e-06,-4.003572303817496e-07,-1.25732424529733e-06,-1.8282024856709067e-05,-6.661166849646398e-06,-1.7252709402714028e-08,1.2132593394316063e-07,1.0595553174342175e-06,2.5218786574322924e-07,1.1401312400047701e-07,2.0472442791042782e-07,3.5189610907486782e-06,1.314776671268737e-06,-1.411356409035363e-07,-3.9281350588083474e-07,-4.964110574798685e-06,-1.4694562796532943e-06,-1.5544670875671012e-07,-3.676473545675364e-07,-3.263739736914159e-06,-7.885865850972388e-07,8.958939061325071e-08,1.5646218038575475e-07,1.8307436506657957e-06,3.448921059217805e-07,20mV,2,42
948.6607,0.0199478,0.00034732532664710417,0.000340565827760699,0.019901233094365523,0.001361967210078174,-1.6086679271993955e-06,3.4780814799613308e-06,-6.77040490365061e-07,4.791116900781396e-07,-2.2052892738255452e-06,2.436203832056777e-06,1.8256613206760176e-05,-9.334869066979862e-08,1.2449123115788148e-07,-2.9179501578074438e-09,1.4992873469846015e-06,-1.653966955369159e-06,-6.633254914313405e-07,-8.70425577155686e-07,-1.9047688918212627e-05,7.032020049583139e-07,2.0680486864320013e-08,3.767337871912181e-09,1.309252399540717e-06,4.819722684643429e-07,2.43503931557651e-07,2.593404718058003e-07,3.7587144837447417e-06,-1.1832990041418631e-06,-1.1588585211627575e-07,-8.138234470886559e-08,-2.3058310192755076e-06,-3.195484045151436e-07,-1.9689355176509048e-07,-1.9414522658040058e-07,-3.918918363857319e-06,-5.119566895788202e-07,3.2791844958113566e-08,1.8496101434713296e-07,1.4838193861461461e-06,7.525928611970216e-08,20mV,2,41
752.3148,0.0199742,0.00044192074600902576,-2.8678704248842523e-05,0.01477135017355242,-0.01344533713358889,2.7267805249506238e-06,1.8031222920256964e-06,-4.2230726118042934e-07,2.4141067451446975e-06,3.249376630421307e-06,2.3281026731741924e-07,-1.1852877419639504e-05,-1.3410722046941115e-05,-4.834869132867313e-08,-3.478484751797476e-08,2.1235300522508508e-06,-1.139104830317704e-06,8.297737873344023e-07,-3.695155527805181e-08,8.359327978839717e-06,-1.3904591939426096e-05,-5.080858323789966e-08,1.044281810960588e-08,4.018459111270164e-07,2.7801129490672735e-07,2.28623421774753e-07,1.734033540086388e-07,3.0239863439180947e-06,1.2197591975467946e-06,-1.3104555859230796e-07,-1.0499477250157143e-07,-1.6130873445818116e-06,-4.2645908284034e-08,-3.358339575693463e-07,1.4992530964998878e-07,-2.3986387843062417e-06,3.258215465186139e-06,-2.2033270525077527e-08,-2.6195952903205452e-08,-2.3710174256661425e-06,-4.0233989150493594e-07,20mV,2,40
599.564,0.0199469,3.248824203248505e-05,-0.0004039844671983675,-0.010677665949307462,-0.016848354809309886,-1.413108708027491e-06,-2.60082712955177e-06,8.440996602358072e-07,-4.459192138857665e-06,-2.313564999694735e-06,2.4704543167705003e-06,1.405264242173703e-05,-4.148728067742947e-06,-3.4873114331645064e-08,-1.6149136688150952e-08,4.092854478631408e-07,2.7280201715263917e-07,4.2323489688899844e-07,-4.451695702122742e-07,-4.15535719381657e-06,-1.5753013259621557e-05,6.05426814789744e-08,-7.708113569288584e-08,-8.221517286603842e-08,-1.1214271607880403e-06,-4.8344990066615367e-08,-7.018403824627916e-08,-2.8251125617093782e-06,1.410898999336283e-06,-2.9697125838989907e-08,-9.578817591926184e-08,-2.8626776094599136e-06,3.1437271433316175e-07,-1.1511444281217505e-07,3.7095120051719597e-07,4.714329523761919e-07,5.47344842812212e-06,-1.8022350939861763e-07,6.823862176308314e-08,-5.324950479801216e-07,2.9889690902885224e-07,20mV,2,39
474.0168,0.0199898,0.00028252451442308506,0.00024340272689959372,0.019908016900047534,0.0018067926181617926,-2.2605319911057443e-06,1.4672465709620863e-06,-4.5774115538372915e-06,8.515186466811033e-07,-3.2383280869652673e-06,9.60391656809527e-07,1.5393935597300263e-05,-2.5376603969048994e-07,6.093771110170167e-08,2.067276393244424e-08,6.614719877811553e-07,-5.852610132737803e-07,-5.082386337349937e-07,-3.797086075167568e-07,-1.5934209372300608e-05,3.5576309928448178e-06,6.689629002443503e-08,1.01222280484137e-08,5.268356525656344e-08,-1.4186329797555112e-06,9.25357940850205e-08,3.8893380984624633e-08,2.7223611075682084e-06,-1.252904827914914e-06,-1.0112838996184759e-07,-5.023701998783181e-08,-2.4074776190710737e-06,1.584361131596108e-06,-1.466767064176094e-07,-6.68323079092811e-08,-2.8604679007687057e-06,1.252904827914914e-06,1.1899159768176854e-07,6.949637690157525e-08,9.206606525998697e-07,-7.1542644489438e-07,20mV,2,38
377.1552,0.0199709,0.00030663575080720073,0.00015573142972157228,0.019792415989866988,-0.0026639640311313098,-1.5965145293977518e-06,1.9136077265860943e-06,-3.6239222535810564e-06,3.0958018763823533e-06,-2.3190892714227555e-06,2.5919882947869385e-06,9.95363279954626e-06,-1.0757966763145958e-05,1.620934020144291e-08,-5.594381365374549e-08,-7.616943198398034e-07,-4.4523796069626716e-07,-3.651563499599377e-07,3.6064213607466897e-07,1.199871819325923e-06,1.6140817134928553e-05,-2.8663567744307748e-08,-4.789272898878583e-08,-1.932390250461362e-06,-2.277741202392872e-07,4.918954072839505e-08,-1.0936823899175368e-07,-8.239628059036982e-07,-2.0472951024041763e-06,4.45710506899882e-08,1.460984256531203e-07,1.5235941425878892e-06,1.6053533641625839e-06,5.192693890360692e-08,1.6129591814777216e-07,3.1930290587955036e-06,1.1766698780682394e-06,-4.191019682383976e-08,-2.47335234971902e-08,-1.0617650261254254e-06,1.193242693252299e-06,20mV,2,37
298.2954,0.0199844,-0.00028715937840289376,0.00013546177189712166,-0.010240972269207489,0.01716095124931162,1.925761124387738e-06,1.3545514277104802e-06,4.138784378632512e-06,2.3610737365557063e-06,-3.4206290539899238e-06,1.0650795891622372e-06,1.2498112357472228e-05,-7.479863919738948e-06,3.4662816355502803e-08,5.897993129837832e-08,4.15387226957608e-07,7.183897747347246e-07,3.1246131631526687e-07,2.7362005131012434e-07,1.574969869658474e-05,-1.410898999336283e-06,2.4122572189701568e-08,-3.628652135034587e-08,3.2628304417877267e-07,-9.148830377704027e-07,3.326244661808013e-08,1.2319059662223646e-07,2.637287322956702e-06,5.27913437979771e-07,1.361553994552918e-07,-4.0696889975671296e-08,2.274895097598596e-06,-1.8075417094081122e-06,-4.7841596329671274e-08,1.0393658720352575e-07,2.2550077193777243e-06,2.2428543215760806e-06,5.8588912296925614e-08,-2.6520249750727134e-09,5.526320127976652e-07,-2.0436104131615865e-07,20mV,2,36
236.7424,0.0199879,0.00019720876670989128,0.00021737346337150957,0.019371599066713343,0.004925240694065991,-2.171038789111822e-06,-3.5372055505576364e-07,-4.430465925871962e-06,5.250143001769063e-07,-3.1609882827729887e-06,-1.8296387963201917e-06,1.492437250041857e-05,-9.281979689455799e-07,6.593291227778564e-08,4.1867737271338204e-08,-1.3253214011431812e-07,-1.7313067595614375e-06,-3.57984298460884e-07,-1.7757583644481225e-07,-1.5972879274396747e-05,5.425939691261148e-06,6.505498396622527e-08,2.256479385366069e-08,3.9692997220168606e-07,-6.123436449349633e-07,1.206675512386152e-07,6.516825363373659e-08,2.2362251955024564e-06,-5.964150703198253e-07,-4.024277274254114e-08,-2.6318304473437636e-08,-1.192137838906695e-06,1.9688504438662934e-06,-1.4084738440476825e-07,-6.287364793461241e-08,-2.3257183974963793e-06,1.2838407495918255e-06,-7.29093824605805e-09,2.8306478819808543e-08,5.238721017544209e-07,-5.5647016630885896e-08,20mV,2,35
189.0121,0.0199446,0.00016252628394703675,0.0002170199099809163,0.0187636419145013,0.0067609992786064835,-1.9544873373734414e-06,-9.257738080258904e-07,-4.187397969839087e-06,-3.49008019815459e-07,-2.3058310192755076e-06,-2.8925086767912215e-06,1.5558558894795257e-05,5.080670498551213e-07,-5.410645192554953e-09,1.0230286117976806e-07,-2.388768015582616e-07,-5.224729142111479e-07,-3.0123389694067377e-07,-1.9859845250579197e-07,-1.56270598642227e-05,1.6296601597658714e-06,-1.3205561643505914e-08,-1.6297043539396954e-08,2.703633826410221e-07,1.2907471941061957e-07,4.953316147842134e-08,5.3409951746080775e-08,1.9025591831300548e-06,-5.809804760826068e-07,-3.6581141810144626e-08,-3.746277138376278e-08,-2.7002640206561284e-06,3.353226309782008e-07,-7.472856933479129e-08,-3.655132179135678e-08,-3.4283630344091517e-06,9.123310452029266e-07,5.9400847658423067e-08,9.448730936420426e-09,8.986045557840119e-07,-5.303136235601612e-07,20mV,2,34
149.6011,0.0199151,-0.00011297246169235263,0.00022263809432831251,0.0022479852651570652,0.01978783084433273,1.932390250461362e-06,-7.611049905318583e-07,2.3544446104820826e-06,-3.351023230216873e-06,1.4584077361972545e-06,3.4637183734684787e-06,-1.4771902600725221e-05,-1.350478934592584e-07,3.759845854594641e-08,-1.181835072133938e-08,-8.809886476122675e-07,-1.4628271535796703e-06,-2.187428198474511e-07,2.650879241116322e-07,-2.279314514981012e-06,1.5815989957320983e-05,1.916435048856495e-08,2.3260962576825755e-08,1.0783378413094851e-06,-3.4004046951936426e-07,-6.345526535922526e-09,1.3417583192427319e-07,2.607456255625394e-06,1.6064582185081878e-06,4.496757186608201e-08,-4.9613362855368736e-08,-2.4475219599731447e-07,-3.1808756609938603e-06,2.0212945650890775e-08,2.90294181637676e-08,1.081652404346297e-06,-1.7158387987229819e-06,2.2966883495656346e-08,-2.7420595556959812e-09,5.178159531444272e-07,-2.6801214210814225e-07,20mV,2,33
119.1737,0.019801,-5.604263182641632e-05,-0.00022216853123143082,-0.0146510425838596,-0.013320101893514678,-3.367015996869491e-07,-1.8992446200932427e-06,-3.480291188652539e-06,-2.945541685380212e-06,-2.3489203387540626e-06,2.994155276586787e-06,-1.4053747276082631e-05,-6.909759077407295e-06,-7.698862623852842e-08,3.345642589553782e-08,5.165252622978926e-07,6.068899733996275e-08,7.85753296613372e-08,3.178267099883889e-07,1.2569927889936486e-05,9.438770674494806e-06,1.3730555282906557e-08,-1.9440652463313592e-08,7.745100778216369e-07,-1.804206154138734e-07,-5.181215558564213e-09,-1.1571868765378587e-07,-1.756718409510329e-06,-4.047081467947381e-06,4.029429210067666e-08,-3.544436822249615e-08,-1.1821941497962592e-06,-1.2164446345099827e-06,1.872929199289647e-08,1.3006754152557934e-07,2.86157275511431e-06,3.039454304756551e-06,5.4920884257868046e-08,3.245437824679229e-08,4.0106643638619283e-07,1.005041804022117e-06,20mV,2,32
94.69697,0.020129,4.547138544767742e-05,-8.731553407873698e-05,1.998681511197601e-06,-0.010064524820505842,9.293713242606114e-07,2.9478066367887003e-07,4.983124013232184e-07,-1.2461022397090304e-07,9.570986384324543e-08,-1.9533824830278376e-06,-2.675825747385714e-07,-4.923560210606327e-07,5.5444916673988015e-09,3.333837220871003e-08,-3.253878911879643e-08,-2.2856895245551468e-07,-3.290736852848992e-08,6.788587491616215e-09,-8.584385704184902e-07,6.699262227482824e-07,8.111303646212461e-09,-9.462397984675546e-09,-1.0659933037060518e-07,-8.474003021078645e-07,6.520008448743343e-09,1.0059766212839326e-08,2.0020778334559876e-07,-1.9470538773362182e-07,-5.465590704016184e-08,5.3421685299231093e-08,-1.36362449159658e-07,8.087119489441537e-07,-2.2245004811869076e-08,2.5190690128314213e-08,-2.247669276814223e-07,9.558002136055005e-07,1.4070960906787144e-08,4.543651624453016e-09,-5.706468838736072e-07,-3.0257032875711634e-07,20mV,2,31
75,0.0199981,4.233470396050772e-05,-7.899377114764781e-05,2.045085393712968e-06,-0.009999048942276658,8.851536170388908e-07,3.0285803282871163e-07,3.3298166559073503e-07,-4.2707459719627593e-07,1.6430996080257982e-07,-1.8318485050113996e-06,2.286898235209238e-07,-7.099162048165494e-08,6.706269213742644e-09,8.202753545252449e-08,4.3485034110976766e-07,2.460113984949993e-07,-4.505082264102327e-08,1.681056879069023e-08,-6.816991087133001e-07,7.038515488280946e-07,-2.456261357846872e-08,1.9229868351259264e-08,-5.85747149185846e-07,-4.6504954590903035e-07,1.4276231795656907e-09,4.7455482881513056e-08,3.6457387074893525e-07,-8.046205628169476e-08,-1.7993889891919003e-08,1.3673401167608462e-08,1.9105251829618594e-07,-4.0014565077456646e-07,-3.463339408427937e-08,-1.5453122644594265e-09,-9.857975615158215e-08,8.398731504221338e-07,-6.011048455606105e-08,3.374453876324097e-08,-2.3341672186772128e-07,-1.2601869229067898e-07,20mV,2,30
54.50581,0.0200003,8.311377300240505e-05,-0.00014027120286353576,1.9872098085271947e-08,-0.020000261189362007,1.6119824902362076e-06,6.631404283284519e-07,2.6458444198634045e-07,-7.89929425068886e-07,5.526472597876346e-07,-3.6327610883458885e-06,2.4435599522898084e-08,4.113391511207495e-07,1.023189368104966e-07,9.338236663025264e-08,-9.122141516131618e-07,9.080705058754086e-07,-2.4773552370131428e-08,-3.9783948829898725e-08,1.241008861175796e-07,1.1059591999495845e-06,-6.40859935595002e-08,9.027586976380483e-08,-7.31576211349508e-07,5.40400059852049e-07,2.125654687157447e-08,4.228813434984051e-08,3.6534174451913e-07,-4.4429607236663977e-07,4.020931775295626e-08,1.5922398479346102e-08,1.035493026097612e-06,1.5437853557538018e-07,-1.92580089914418e-08,1.0997259431879906e-08,-1.7926173369076936e-07,-4.789966747407622e-07,2.7367783519239946e-08,3.8379712102266435e-08,7.368083595885503e-07,7.639547413454746e-07,20mV,2,29
45.95588,0.0199982,8.685149525358331e-05,-0.00013615783013485217,-0.001010838974773501,-0.019972606685091543,1.592095112015336e-06,3.2107188817229695e-07,1.1656213346121996e-06,1.01726955852122e-06,6.569600940900124e-08,-3.644914486147532e-06,5.282658865160188e-07,1.1081689086407926e-06,5.942889991025795e-08,5.9236953564796174e-08,2.6170718029951855e-07,2.506044989805442e-07,-4.1482043667831306e-08,-9.708629138699887e-09,-1.9283785243324741e-07,2.1754582064942378e-06,-2.045330671377692e-09,4.260454253733458e-08,7.657611782005371e-07,-7.290268704324613e-07,-1.0696044096492237e-08,2.7432008702349906e-08,-9.83006367982522e-08,-1.5004717508430891e-07,-1.2463475173737543e-09,2.7122273835103286e-08,1.4174397370622588e-07,-9.089330656630217e-07,-8.949437313952876e-09,4.269474284610969e-08,5.692370897286166e-07,1.080547550000693e-06,-1.3812469184089635e-08,2.8870573254500112e-08,-7.292197780012038e-07,3.419414819064105e-07,20mV,2,28
37.5,0.0199996,8.275690504877496e-05,-0.00012371717020335133,-0.0007338652485827305,-0.019986163247912102,1.4937630752565817e-06,4.1363536990721826e-07,3.3544350204360985e-07,4.890887457898126e-07,3.697195088927167e-07,-3.528904779859114e-06,-1.6256274414044168e-07,-1.3633029789820093e-07,5.726081108224889e-08,5.620668059965159e-08,-2.2171090056148168e-07,-1.7167469889950685e-07,-2.8533581630547444e-08,-2.8843382789054798e-08,1.0417762222756271e-06,5.05769947185176e-07,-1.258774919053108e-08,3.207502650722916e-08,-5.343472258050921e-07,-9.930967817500541e-08,-3.0216517866858336e-09,2.4040050618628404e-08,-2.1210275571580577e-07,-1.0268825647260164e-06,-8.764945420760887e-09,2.7160623329439197e-08,3.0827082475326007e-07,5.739993434144734e-07,-1.2505592221391966e-08,3.191773944258898e-08,-2.0605246283384383e-07,1.372229097240144e-06,-9.477189774654493e-09,2.4570491189952878e-08,-3.701304042238468e-07,9.614081228074827e-07,20mV,2,27
30.04808,0.02,7.778727020224825e-05,-0.00011132954328043949,-0.0004892350285051706,-0.019994018762309346,1.3932213298066196e-06,5.14371017294834e-07,5.45341741883632e-07,-3.78505200163525e-07,6.280505857683731e-07,-3.3344504150328134e-06,8.895238684029272e-08,2.247543323418824e-07,5.893410194012267e-08,6.866347140459823e-08,7.903460656426132e-07,7.540829782529376e-07,-2.432112556415006e-08,-2.1744693618549223e-08,7.288801457753653e-07,3.8789038540225794e-07,-7.546734124152284e-09,4.132535322453775e-08,8.64056644280452e-08,-1.7398052991878234e-07,-5.819502067417434e-09,3.7249324572735544e-08,3.037047931991825e-07,6.769181829890027e-08,-5.817010620868097e-09,3.276069911411099e-08,7.329921926788342e-07,-1.5032891294243792e-07,-4.929277831844828e-09,2.5481299966838427e-08,-1.702761742688413e-07,-1.197837782475666e-07,-1.2159198286958206e-08,2.500166059832483e-08,7.916026164898686e-07,4.344438651960199e-07,20mV,2,26
23.91582,0.019999,7.334133631553784e-05,-9.978823478626031e-05,-0.00028979224630846807,-0.01999691348069483,1.2849456039374293e-06,5.519931860150371e-07,3.5688739906656836e-08,-2.0990630527674506e-07,8.27667713980812e-07,-3.135576632824097e-06,3.0374721960605374e-07,-4.426574628866745e-07,5.6359415664387887e-08,6.905812537684797e-08,8.129938119605419e-08,-3.9540560466105623e-07,-1.0670077809661854e-08,-3.636006045558927e-08,8.878903412529518e-08,-3.7706281281533893e-07,-6.2537617533940414e-09,3.972630857868857e-08,-6.734583316057438e-07,1.467191328244806e-07,-2.910153200690517e-09,2.7300740957548695e-08,-2.2486724845600312e-07,2.704322150667532e-07,-4.700972939577913e-09,3.014682365473764e-08,-4.2446548365913215e-08,-4.874001968934261e-08,-9.08754521200772e-09,3.365112332832015e-08,4.034318190546964e-07,-4.48858678872246e-08,-9.813053342320301e-09,2.0380673589096917e-08,-5.141638571050332e-07,7.171299093244322e-07,20mV,2,25
18.8253,0.0199992,6.804024516532994e-05,-8.892530686028197e-05,-0.00012447289057574445,-0.019998813830169267,1.1744601693770313e-06,5.76678394231694e-07,2.4270965176859636e-07,-7.683653198931257e-08,9.77670142464124e-07,-2.903557220247261e-06,-4.688619563139715e-07,4.451559805038233e-07,5.591470074173882e-08,6.714472757258755e-08,7.494326463122905e-07,-2.1616464223198422e-07,-3.4366991604467337e-09,-3.596957178422246e-08,1.0918204893743249e-07,-3.7356981580171197e-07,-3.4118587201945197e-09,3.442306296250674e-08,-5.650968690393348e-07,2.0512084964963055e-07,-6.6245950659525625e-09,2.9628072442389657e-08,4.6420698398507276e-07,-1.3713673108505727e-08,-3.5935387590769465e-09,2.7329555558882044e-08,-1.999724493699851e-07,2.0925897111565566e-07,-1.3816413514103442e-09,2.1265794502447176e-08,6.015199393382539e-07,9.008039893298058e-09,-8.146916416334316e-09,1.8656703062390287e-08,-3.0742837331473703e-07,6.688477744215384e-07,20mV,2,24
15.02404,0.02,6.298553653419172e-05,-7.972518472443764e-05,4.561823163875165e-07,-0.019999996024319063,1.077232986963881e-06,5.873007953666343e-07,2.900772987296339e-07,4.712966133499444e-08,1.081652404346297e-06,-2.6914251858912967e-06,2.4521778161855197e-07,-1.891512849382706e-07,5.475711169821917e-08,6.34505034369957e-08,2.013409219624502e-07,-5.196756439789478e-07,5.275993278893159e-09,-3.8418912334448464e-08,2.0624150341237664e-07,-1.8153673927380253e-07,-5.19552452719413e-09,3.0350967592174886e-08,1.7623785783228583e-08,3.1349965842926547e-07,-8.874113868941326e-09,2.9090571851796774e-08,-1.6616677901580187e-08,6.520143240973507e-07,-3.5067988541122692e-09,2.2960994621994277e-08,3.3199392580576507e-07,2.4293349525901573e-07,-2.9793679060252233e-09,2.025972518388365e-08,-2.3295500323669337e-07,-2.63864739865614e-07,-7.846343001321442e-09,1.6049777136850785e-08,-6.499964181205395e-07,2.4090575607852876e-07,20mV,2,23
11.95791,0.0200002,5.808882207447489e-05,-7.141115577376769e-05,0.00010050086583917488,-0.019999918684514874,9.826323747865351e-07,5.424989516523929e-07,5.380141268927172e-07,1.824893446905823e-07,1.1457339563913278e-06,-2.501390238447412e-06,4.0417273437885837e-07,-3.5702185984042834e-07,5.293686416383661e-08,4.234767495052511e-08,1.2337168224948097e-07,9.636551755755721e-08,1.204818252231192e-08,-5.637002226610568e-08,1.416244284660315e-07,-1.4827543065569836e-07,-1.1223077297014867e-09,1.3944068385194527e-08,-2.1305204656954871e-07,-4.759657278144668e-09,-4.979519978356824e-09,1.3460473638123662e-08,2.1304044559891988e-07,4.0242662257106587e-07,-7.939995979926565e-10,1.243432911610051e-08,4.173834777892452e-07,1.0664015473867524e-07,-3.411135040598149e-09,1.0729283639479735e-08,2.1059915943687332e-07,-2.118931648464447e-07,-3.988649036171423e-09,7.788462996718287e-09,-2.6813953181419037e-07,-9.428634740728236e-08,20mV,2,22
9.52744,0.0199999,5.3375513436128306e-05,-6.389925107800621e-05,0.00017929355349592278,-0.01999912318938604,8.940169795701951e-07,5.363457968308552e-07,4.341943890847826e-07,7.732367331883283e-08,1.1711456063402194e-06,-2.2870484954002397e-06,1.1400152302984816e-07,2.393506735870911e-07,5.001537515756019e-08,4.159748989840347e-08,8.87131527288391e-08,2.4300774147104033e-07,1.6302589908211886e-08,-5.403057052909345e-08,-3.764765770995615e-08,3.827340301713242e-08,-7.595128954198429e-10,1.4056697237185396e-08,4.1905677969566245e-07,-3.612702457701448e-08,-1.9067410568281657e-09,1.1521498455762501e-08,1.0137341351007218e-07,4.3027911674026575e-08,-2.3250035567347735e-09,1.07000624517472e-08,1.2989916172330927e-07,3.3160711629936914e-07,5.606310477744035e-10,6.7965457574676e-09,-1.5169550728251547e-07,-3.963438469713431e-07,-4.569538361770518e-09,6.409835687962751e-09,-1.2099723977534344e-07,-1.9924191967667176e-08,20mV,2,21
7.524077,0.0200003,4.868982615642182e-05,-5.690662792467862e-05,0.0002450025559920283,-0.019998846975799636,8.060225124960845e-07,5.202015546474553e-07,3.339708416863543e-07,3.7198921117489094e-08,1.1733553150314275e-06,-2.0760213153898796e-06,-4.9790868754533465e-08,-7.030800290385592e-09,4.5079349980226766e-08,4.011649893938207e-08,2.646551526644591e-07,1.0155348267131872e-08,1.8853168262125586e-08,-4.877245821292954e-08,2.483677213578689e-07,1.0201008582672647e-07,-1.6931473001729672e-09,1.3007074560318158e-08,1.1223552384383475e-08,-1.0518802257516102e-07,-1.6812502285795038e-09,8.69464464360445e-09,5.7973784640010595e-08,-4.475981505493464e-08,-7.751082459643469e-10,1.0346814000953313e-08,4.0586857531392596e-07,3.3570656786329814e-08,-4.843100297742063e-09,1.024580490211516e-08,-1.3281829738982956e-07,1.0560796666338164e-07,-4.525525384059037e-09,5.333029174776273e-09,-1.185321992448664e-07,2.2290867315755094e-07,20mV,2,20
5.98659,0.0200002,4.442177381935365e-05,-5.084539698469519e-05,0.00029530657434737755,-0.01999797414086661,7.277185019163972e-07,4.975963452218324e-07,3.2918925304944935e-07,-5.088455302270339e-08,1.1545727911561598e-06,-1.8815669505635788e-06,4.6829969593749353e-08,2.647424361577618e-07,4.252077248085089e-08,3.8868378130783617e-08,3.6371274727197146e-07,1.2560359851303556e-07,2.2360484188071598e-08,-4.725117321592396e-08,1.167508425834491e-07,6.580477127078249e-08,-3.6596985421460587e-10,1.0799924711774615e-08,-8.30152089462337e-08,1.648342141895689e-07,-9.708950651314457e-10,7.622600052647528e-09,-1.420571999132046e-07,2.0465040266927237e-08,-6.046440254858837e-10,8.993871241170033e-09,2.1726441424759845e-07,-9.357282142234785e-08,-2.416083329568983e-10,5.526041704681561e-09,6.92899459156426e-08,-4.391605988828379e-08,-3.2110879030744013e-09,3.5131285646582346e-09,-1.4041151936542749e-07,-1.3214908711269723e-07,20mV,2,19
4.76372,0.0199996,4.042220108826723e-05,-4.5418352439088437e-05,0.00033505481428482636,-0.019996814043803726,6.564461158484374e-07,4.7432634493645963e-07,1.7525199629970342e-07,9.36291579454302e-08,1.1214271607880403e-06,-1.7025805465757342e-06,-1.864375416945981e-08,-6.649420038243937e-08,3.9241476394750626e-08,3.7416323307073587e-08,4.1142952820621995e-08,7.02079804399484e-08,2.4279373118429683e-08,-4.513910050323703e-08,-6.861339940565545e-09,-2.0282849785337137e-07,1.3521384258196811e-10,9.519734400940665e-09,-1.1514946669493072e-07,-8.162834052891432e-08,-1.1974709708329254e-09,6.391547033979968e-09,7.945623003108725e-08,-1.89280110954968e-08,-1.0579560407689557e-09,7.729698003784303e-09,2.03590626380969e-07,-4.491416320701551e-08,-9.198883594122924e-10,6.53602662704591e-09,-1.1774952042644055e-07,-1.2732286236022992e-08,-1.9265963942730147e-09,4.750893573475337e-09,-2.7709415531444154e-07,-1.356415316991514e-07,20mV,2,18
3.76506,0.0199968,3.660713903289669e-05,-4.043545934041448e-05,0.00036405282143954845,-0.019993488432223455,5.906328151021068e-07,4.4634723445925353e-07,2.2421516342122767e-07,-1.6409528760322896e-07,1.0706038608902572e-06,-1.531328123007117e-06,-2.0600285487372618e-07,3.8262398667850206e-07,3.5705622081057666e-08,3.4776936760860236e-08,2.1119080893894422e-07,3.0473418599298174e-07,2.3802297011997883e-08,-3.985648251768763e-08,-1.7950679038462432e-07,4.783428219390338e-07,-5.226876978959334e-10,7.876176278361442e-09,-5.070407506534898e-08,-1.2122207763467386e-07,-8.123684644009301e-10,5.112884736705989e-09,1.0893316944754175e-07,-1.7368564429394065e-07,-1.028734742550987e-09,6.776489336531851e-09,1.3663059730933608e-07,7.328848008364414e-08,-1.7310106585968157e-09,5.169276502505616e-09,-1.4028998538741105e-07,9.997786093759633e-09,-2.0096383517429556e-09,3.8224645794860915e-09,-2.2029469826128647e-07,-1.5452327149465431e-07,20mV,2,17
3.008665,0.0200005,3.323401871576773e-05,-3.618950409025839e-05,0.0003893042675083274,-0.019996670412738796,5.315807810091344e-07,4.181766527239543e-07,1.1331143100558391e-07,9.393978774469674e-08,1.0199735790466511e-06,-1.3821727863505798e-06,-3.0369639630615593e-07,7.307906599097836e-08,3.262090189376172e-08,3.3059727942748704e-08,2.0228634582598354e-07,7.65114285981186e-08,2.509439102355137e-08,-3.7773091823812574e-08,8.078810984762594e-08,-3.9301580471151484e-08,-1.6849481760742402e-10,7.431064713002312e-09,-1.322490764309744e-08,-1.8294222448684535e-08,-2.391443972807669e-09,6.576140573771753e-09,-9.164381202618403e-08,4.404498534187232e-07,-9.840788500958e-10,5.914741616862843e-09,1.9635371993182838e-07,1.1598805114324412e-07,-8.41750518926184e-10,4.674966877991086e-09,-4.9300169794020373e-08,-3.048658846309777e-07,-2.0568266808437014e-09,3.497874945562826e-09,-1.6619506328704933e-07,-1.1816439323321485e-07,20mV,2,16
2.38186,0.0200005,2.999237606576566e-05,-3.223081096995932e-05,0.0004099075913451504,-0.01999630581080475,4.7651472993879745e-07,3.884991601466857e-07,8.143829453292698e-08,1.2318573526311582e-07,9.602010694349104e-07,-1.2385417214220622e-06,-1.7818262245141796e-07,3.134373446441734e-07,2.9335054021392024e-08,3.083765593141344e-08,1.547643507128651e-08,4.0447756369281054e-08,2.5221206205339796e-08,-3.473199128608107e-08,-1.3299518457056076e-09,2.0805456939351278e-07,-2.2822357498707889e-10,6.950812150326902e-09,-5.8643911946249775e-08,-8.237981826062033e-08,-1.9332686096661173e-09,5.5744055988060295e-09,-1.1100460561739737e-07,4.267812583675181e-07,-8.278834920345085e-10,5.163489275443342e-09,4.213655938216711e-08,1.8437345280614077e-07,-9.034086834495671e-10,4.354998849795482e-09,1.2749201556054188e-07,5.315849794556477e-08,-2.0159481749106997e-09,2.8555888639785187e-09,-2.4689307226279127e-07,-1.297442611440556e-08,20mV,2,15
1.890121,0.0200001,2.705125379776786e-05,-2.8738366383505137e-05,0.00042626385507747174,-0.019995565558393193,4.267449086595477e-07,3.58856912423042e-07,2.6965981139374146e-07,1.9685432943582156e-08,8.987797856832247e-07,-1.1114834716776045e-06,-1.7319011711993725e-07,-1.1774808411579126e-07,2.685666685042009e-08,2.861741797829187e-08,1.6653392211484606e-07,-3.6787506504816535e-08,2.461820984913951e-08,-3.16730142050377e-08,-1.0830100493661752e-07,2.1688765891574747e-07,-1.1081589649516821e-10,6.0324815250564765e-09,-1.454823588700115e-07,6.157599650570053e-08,-1.7503842795469815e-09,4.351150642109743e-09,-2.8413240895224256e-08,3.844639006202364e-07,-2.4289460438605044e-10,4.477099618091215e-09,2.471830965285123e-07,-4.8963178170067696e-08,-8.378114922132366e-10,4.025988693635455e-09,-8.043440177742429e-08,-1.1180142657144696e-08,-1.4615875070039026e-09,2.4802941495724498e-09,-2.661619530209938e-07,-1.0769422997855526e-07,20mV,2,14
1.502404,0.0200004,2.4384135407479855e-05,-2.5645879070159594e-05,0.00043945581596398323,-0.01999554346130628,3.825245497873977e-07,3.3020627147457786e-07,1.123171725799749e-07,2.0174110020642793e-08,8.358328085656945e-07,-9.951468389883224e-07,-2.7505812972636248e-08,1.1421144535551291e-07,2.4178599353567142e-08,2.6309576124107363e-08,3.199767565449342e-07,-4.1080904200572874e-08,2.3751208547057154e-08,-2.8502767242848547e-08,1.738968924448201e-08,3.7234165971113863e-07,7.8218240736838e-11,5.3390274290185575e-09,-1.2322562050499212e-07,8.361441565202857e-08,-1.1754037149881771e-09,3.925271276344542e-09,5.683804961544699e-08,3.4343712323405464e-07,-4.554827226158801e-10,4.195005996862915e-09,2.1328030947735047e-07,-3.096895682184502e-09,-1.1375414614186744e-09,3.6218241351787547e-09,7.714810091477289e-08,4.749109233707187e-08,-1.676688284986505e-09,2.2155743629287728e-09,-3.6338162242459403e-07,3.828883783234051e-08,20mV,2,13
1.195791,0.0200003,2.196560924495274e-05,-2.2900316021333703e-05,0.00044956191866322293,-0.019995200956459142,3.430642348924133e-07,3.0343078932147273e-07,7.739312446299748e-08,-3.536880723380029e-08,7.73819875311938e-07,-8.913666549659602e-07,-1.8263551692050566e-07,1.814117802473147e-07,2.1878701402127533e-08,2.4113589723871804e-08,1.8309535729914605e-07,9.1197959103559e-08,2.2914623885109278e-08,-2.622290030069473e-08,-3.04692643469587e-08,3.7605706390453567e-07,9.491899805411865e-11,4.382401447275153e-09,-9.508509080789329e-08,-4.421028260051813e-08,-6.157577553483142e-10,3.1912414044643168e-09,2.7308375501076818e-08,2.657960252617298e-07,-3.610861770361672e-10,3.2758213191833383e-09,1.3516688627227995e-07,-4.954970114797503e-08,-1.0457369041337485e-09,3.244519690718032e-09,3.1763192416725894e-09,6.499975229748852e-08,-1.137862974033245e-09,1.6053224282409068e-09,-2.486964155256861e-07,-1.7736967062392254e-09,20mV,2,12
0.9486946,0.0200002,1.9732698612487094e-05,-2.04011354915775e-05,0.0004578107612075022,-0.01999492474287274,3.0587251742525755e-07,2.859892271654646e-07,2.246299257425674e-07,-1.1546423969799328e-07,7.117056269146897e-07,-7.910005813569491e-07,-4.3002190664860914e-08,9.918868557561832e-08,1.915171095485124e-08,2.6331883133345108e-08,2.6888033665291784e-07,-7.154067784870283e-08,2.1031841594765533e-08,-2.0428281762848993e-08,-8.884242068727476e-08,3.662258489664823e-07,-4.044358001985467e-10,6.693607582942023e-09,-1.6936422749197977e-07,-1.3545215966431487e-07,-1.0384014446769797e-09,4.893594351044856e-09,1.5669375785659335e-08,8.431797585076573e-08,-8.82226305450213e-10,4.954176829377359e-09,2.1611381893208644e-07,5.100215371924947e-08,-1.2002242678621705e-09,4.210309334403876e-09,-5.5084303264126326e-08,5.3711245526126984e-08,-1.687902556594385e-09,3.0691616284011502e-09,-2.875646389768613e-07,3.9779882965906906e-08,20mV,2,11
0.7515633,0.0200006,1.7703081179612582e-05,-1.8179273402567895e-05,0.00046473819795443916,-0.019995245150632966,2.735729845150016e-07,2.5964850519735466e-07,2.7147210397683565e-07,-1.706539239696033e-07,6.526701656369012e-07,-7.063643190663017e-07,-4.05255823093854e-08,2.750660846776509e-09,1.6957116671091143e-08,2.3866853651411526e-08,2.601507719828662e-07,6.67194359893342e-08,2.0162564292731235e-08,-1.8576170229139212e-08,9.050163570078555e-08,1.5976226983063925e-07,-3.0413071454941285e-10,5.745000634039011e-09,-2.1454083780025008e-07,-1.5563353962655175e-07,-5.943742938580601e-10,4.241962306551085e-09,-1.9552474771632173e-08,2.671598574659433e-07,-5.952385109271916e-10,4.0646453374794474e-09,1.622611189040918e-07,-2.190464338216231e-08,-7.620451110945326e-10,3.4652673792610157e-09,4.622802284917739e-08,-4.452058094348101e-08,-1.2507680396105158e-09,2.5542718819910554e-09,-1.4316459542380347e-07,-1.4620007225291585e-07,20mV,2,10
0.5978954,0.0199997,1.5897749178895675e-05,-1.623472975430489e-05,0.00046971335707269386,-0.019994195539004642,2.450013406522481e-07,2.3554909075473695e-07,2.2267234481302624e-07,7.707246258627285e-08,5.971885788471826e-07,-6.316952792836516e-07,-1.2469132027987034e-07,1.7987746901757448e-07,1.5291482453832404e-08,2.128704085151314e-08,1.3403242183021377e-07,1.0692392552880016e-07,1.884816327194e-08,-1.7270939499416495e-08,-1.0497612256021763e-07,5.214537965627629e-07,-1.1296627450801723e-10,4.897779539306004e-09,-1.2683993052576643e-07,-4.6139932812202396e-08,-7.172685685448057e-10,3.5348930904122874e-09,-1.4976355897379238e-07,2.6907898946425744e-07,-4.479261818045562e-10,3.4682317034702715e-09,9.808454938533898e-08,6.351609863949421e-08,-8.541505202177666e-10,3.292812874164382e-09,9.826397773106508e-08,1.188499553546621e-08,-1.377621891301037e-09,2.2484625622343664e-09,-2.414942015029974e-07,6.905584937689603e-08,20mV,2,9
0.4763719,0.0200002,1.427803270824024e-05,-1.4512261829508284e-05,0.00047382893951006873,-0.019994615383655972,2.1976602545691498e-07,2.1327091821541286e-07,2.859967401750147e-07,-6.006236814930999e-08,5.450872939278394e-07,-5.654141832073923e-07,3.78759537633883e-08,3.35347711171846e-07,1.3949714190900562e-08,1.8842351738082127e-08,2.3061856775204463e-07,2.3594418666872497e-08,1.7673018092868697e-08,-1.5714730056546376e-08,5.095231373971928e-08,2.586276197820166e-07,-1.5181416863923336e-10,4.004579930980687e-09,-2.1057286390344793e-07,-6.657442385647368e-08,-3.868307195993892e-10,2.7915846517376796e-09,-1.6457181128248795e-09,1.6498359049709458e-07,-4.3616931622754963e-10,2.8470671224108747e-09,1.546293375118323e-07,8.084566171048845e-08,-6.102711591534793e-10,2.6692573883010985e-09,-1.7760124809476117e-08,5.869406128499674e-08,-8.852810067449389e-10,1.7427674136883878e-09,-2.0248831320035993e-07,-1.6278879733955226e-07,20mV,2,8
0.3780242,0.0200002,1.2788689050366075e-05,-1.2947788076133048e-05,0.0004772329957488746,-0.0199944828011345,1.965445282773142e-07,1.923816580739475e-07,2.765802875583011e-07,2.405978331724089e-08,4.959843627315962e-07,-5.053092229230593e-07,-6.842046973982608e-09,-9.508533387584934e-08,1.2550769715583713e-08,1.6838764673590044e-08,3.0393891183501596e-07,5.159654326009751e-08,1.6303805247992052e-08,-1.4413786161684603e-08,-2.2666407307825885e-08,3.829187618179092e-07,-4.150069360918511e-11,3.4360251992959153e-09,-6.473930498259929e-08,4.022732687878961e-08,-1.147951399062955e-10,2.1445554304476945e-09,2.234678399418611e-08,1.710230558064696e-07,-3.575893130323306e-10,2.4849721028717368e-09,4.804738650008348e-08,1.0268503029791248e-07,-6.427281338079838e-10,2.131085046266091e-09,-3.910109360159819e-09,3.691289642449913e-08,-7.911859759161413e-10,1.2367507525278382e-09,-2.9712383877502694e-07,-1.4704318660404626e-07,20mV,2,7
0.3004808,0.0200002,1.1457339563913279e-05,-1.1564510435436865e-05,0.0004801343432604306,-0.01999446070404759,1.7585944521891645e-07,1.7321133032337283e-07,1.9521085859673564e-07,-8.877449424210703e-08,4.499234270051045e-07,-4.5153054813622005e-07,-1.3042330462486382e-07,1.674288541347853e-07,1.1349936672977115e-08,1.491968791799321e-08,2.5229139059541234e-07,5.912012626629201e-08,1.5223832222251073e-08,-1.3159069372642897e-08,-2.7674303260340858e-08,3.3331665742832213e-07,2.58248765226909e-11,2.8579852930541335e-09,-1.3389553037679343e-07,-2.0637883680753522e-08,6.207015366031537e-11,1.7708682791144793e-09,2.6599025865568695e-08,1.5461000256078424e-07,-1.3153611392175614e-10,2.007015427526492e-09,2.657387938066275e-07,2.651863666338255e-08,-6.032472686221711e-10,1.7570366075618632e-09,-5.256073859896265e-08,1.0841031922557157e-07,-7.478966778010318e-10,1.0787414446019343e-09,-2.1395559645338363e-07,-6.194339372124422e-08,20mV,2,6
0.238186,0.0200097,9.516110478687085e-06,-1.0987776467031586e-05,-0.0008846347774381952,-0.019990151772099733,1.7589822560644716e-07,1.3254959681297867e-07,7.596413899802367e-09,-2.3098095997740273e-07,3.157340053723804e-07,-4.770273823551577e-07,3.445782168021944e-08,-8.032571725544722e-08,1.247623624142927e-08,1.0015830574932038e-08,3.3967001185728333e-07,-8.404933051663214e-08,8.209850024714263e-09,-1.5923536479322073e-08,2.2455601098684648e-07,3.684517990165706e-07,-5.225268311032135e-11,2.0383966055046815e-09,-2.3242246344211226e-07,1.372331848694285e-08,-2.3433319854739975e-10,1.1595777813417458e-09,5.209446796803085e-08,9.905885414146639e-08,-1.6138043950521087e-11,1.5240449231608956e-09,1.394184762795986e-07,-3.281404148191675e-08,-4.1294693516447235e-10,1.5929635275309807e-09,7.925428475379776e-08,-4.009148503699759e-08,-6.578914863033565e-10,1.0418379836335467e-09,-1.892003404712154e-07,1.2040437493349236e-07,20mV,2,5
0.1890121,0.0200014,8.644380400005544e-06,-9.686258047910099e-06,-0.000601078329056316,-0.019992339383704028,1.5443642994308983e-07,1.2422009990147027e-07,2.790839979908743e-07,1.220896092668421e-07,3.039054347483442e-07,-4.1359670000512216e-07,7.070092225478308e-08,2.2819794236626088e-08,1.0843214009889725e-08,9.59982971187088e-09,1.6518920389081145e-07,-1.2269794206953167e-07,8.671733279039663e-09,-1.3597365091543995e-08,3.936347441159222e-08,3.643635064815322e-07,1.4706108524444503e-10,1.9361500697994524e-09,-1.388371019229418e-07,8.679153480824739e-08,-1.6381211343445066e-10,1.11683538612771e-09,5.126099899533758e-08,8.911444687570593e-08,-9.594396038199201e-11,1.4631398273594762e-09,2.3680851422329096e-07,-4.19886525309211e-08,-3.270515808615748e-10,1.2619624238401755e-09,3.0017798764258e-08,8.799222421978907e-08,-6.868514864685898e-10,8.78638843390037e-10,-2.280776237280246e-07,1.3543890141216766e-09,20mV,2,4
0.1502404,0.0200014,7.828997892949806e-06,-8.571460013195682e-06,-0.0003775585609602115,-0.019997786315627857,1.3603938974900342e-07,1.1510759271523231e-07,3.1423504948169946e-07,3.0882943911039744e-08,2.8728698907981105e-07,-3.603592933621943e-07,9.305028055959445e-08,1.1086152697964165e-07,9.428984979555793e-09,9.28142947199169e-09,4.052080933861239e-07,6.822559553034846e-08,8.778671026296326e-09,-1.1819411381511159e-08,1.8073958686344924e-08,3.135942339612492e-07,8.849794919940236e-11,1.6545790446766235e-09,-1.0438574364064414e-07,-9.858874966595536e-09,-9.84561119017656e-11,1.030588577657476e-09,8.666162603429127e-08,-3.488292543823403e-08,-4.8886412890135134e-11,1.2811150739212203e-09,2.263978031809683e-07,-1.0081970470622928e-07,-2.7666790250790754e-10,1.1988873941039898e-09,8.872343892279668e-08,1.1388893837203112e-07,-4.72324127891356e-10,6.621368891263397e-10,-2.3126877453443258e-07,-6.552454706310696e-08,20mV,2,3
0.1193355,0.0200012,7.064438685791852e-06,-7.589244499953743e-06,-0.00019907928511699884,-0.02000017280101436,1.194740875744938e-07,1.098523972145408e-07,3.2006160935867667e-07,-1.9116068353662056e-07,2.6739938988807024e-07,-3.122257613687841e-07,-3.7809728793912796e-08,9.07772084716661e-08,7.884467105370854e-09,1.0667748776701319e-08,1.993589237518712e-07,-1.1479867544020144e-07,8.358057396342273e-09,-8.648836277581365e-09,2.4656835557061826e-08,2.685334123883982e-07,-9.301981972528614e-11,2.943486656297389e-09,-1.0458254029668313e-07,7.739859349200823e-08,-2.707593624384865e-10,2.0668145641279616e-09,3.562571901478358e-08,1.513874738909611e-07,-3.1588758012641936e-10,2.21931981916037e-09,1.919259056563859e-07,-4.605117986262003e-08,-6.298961344672701e-10,1.9111019169302645e-09,-2.4550073481646113e-08,4.934710400662163e-08,-7.214890016595782e-10,1.3736123748808402e-09,-2.395584966894993e-07,7.451714440721651e-09,20mV,2,2
0.0946587,0.0200009,6.3551221959140964e-06,-6.727458110382638e-06,-5.712759879379942e-05,-0.020000769422360988,1.0485952728112605e-07,1.0438540113579701e-07,1.9882903560771952e-07,-1.9625306770094384e-08,2.463799779046928e-07,-2.710509335002914e-07,-9.267471847043674e-08,-6.666043676727894e-08,6.491601538663519e-09,1.1947839650644165e-08,2.0381181822095895e-07,1.0731220449147577e-07,7.740178652106702e-09,-5.761813202616068e-09,-2.5110864401844324e-08,4.488232130477521e-07,-3.9181482803784334e-10,3.920224301693823e-09,-1.326619604999266e-07,-6.254405883477529e-08,-5.679264010184266e-10,3.0035089734766706e-09,-3.193940563630627e-08,1.0872576618978497e-07,-5.234413190450699e-10,2.887202061369285e-09,1.2839048311438704e-07,2.1529390652221374e-08,-6.509278103338837e-10,2.5805508426012462e-09,-6.701592365297703e-08,-5.605860802025374e-08,-8.395197075169751e-10,2.0324734813578988e-09,-2.577803069843729e-07,4.796313030768771e-09,20mV,2,1
